id,ra1,dec1,ra2,dec2
And,344.465300,35.168200,344.460438,36.115561
And,344.460438,36.115561,344.455457,37.062921
And,344.455457,37.062921,344.450350,38.010281
And,344.450350,38.010281,344.445109,38.957641
And,344.445109,38.957641,344.439727,39.905001
And,344.439727,39.905001,344.434193,40.852360
And,344.434193,40.852360,344.428499,41.799719
And,344.428499,41.799719,344.422634,42.747078
And,344.422634,42.747078,344.416587,43.694437
And,344.416587,43.694437,344.410346,44.641795
And,344.410346,44.641795,344.403897,45.589153
And,344.403897,45.589153,344.397227,46.536510
And,344.397227,46.536510,344.390320,47.483867
And,344.390320,47.483867,344.383160,48.431224
And,344.383160,48.431224,344.375727,49.378580
And,344.375727,49.378580,344.368002,50.325936
And,344.368002,50.325936,344.359963,51.273291
And,344.359963,51.273291,344.351585,52.220646
And,344.351585,52.220646,344.342842,53.168000
And,344.342900,53.168000,345.358404,53.171338
And,345.358404,53.171338,346.373987,53.174469
And,346.373987,53.174469,347.389643,53.177391
And,347.389643,53.177391,348.405368,53.180104
And,348.405368,53.180104,349.421155,53.182607
And,349.421155,53.182607,350.437001,53.184898
And,350.437001,53.184898,351.452900,53.186977
And,351.452900,53.187000,351.457322,52.353667
And,351.457322,52.353667,351.461581,51.520333
And,351.461581,51.520333,351.465687,50.687000
And,351.465700,50.687000,352.416877,50.688754
And,352.416877,50.688754,353.368089,50.690321
And,353.368089,50.690321,354.319331,50.691701
And,354.319331,50.691701,355.270600,50.692892
And,355.270600,50.692900,355.272490,50.026233
And,355.272490,50.026233,355.274328,49.359567
And,355.274328,49.359567,355.276117,48.692900
And,355.276100,48.692900,356.261652,48.693936
And,356.261652,48.693936,357.247223,48.694769
And,357.247223,48.694769,358.232808,48.695400
And,358.232808,48.695400,359.218404,48.695828
And,359.218404,48.695828,0.204006,48.696052
And,0.204006,48.696052,1.189611,48.696074
And,1.189611,48.696074,2.175214,48.695892
And,2.175214,48.695892,3.160812,48.695507
And,3.160812,48.695507,4.146400,48.694919
And,4.146400,48.694900,4.145344,48.028233
And,4.145344,48.028233,4.144314,47.361567
And,4.144314,47.361567,4.143311,46.694900
And,4.143300,46.694900,5.110051,46.694126
And,5.110051,46.694126,6.076787,46.693157
And,6.076787,46.693157,7.043503,46.691994
And,7.043503,46.691994,8.010195,46.690635
And,8.010195,46.690635,8.976861,46.689083
And,8.976861,46.689083,9.943497,46.687337
And,9.943497,46.687337,10.910099,46.685398
And,10.910099,46.685398,11.876664,46.683266
And,11.876664,46.683266,12.843188,46.680942
And,12.843188,46.680942,13.809668,46.678427
And,13.809668,46.678427,14.776100,46.675722
And,14.776100,46.675800,14.782372,47.675750
And,14.782372,47.675750,14.788890,48.675700
And,14.788900,48.675700,15.738863,48.672855
And,15.738863,48.672855,16.688770,48.669828
And,16.688770,48.669828,17.638617,48.666620
And,17.638617,48.666620,18.588399,48.663230
And,18.588400,48.663300,18.596968,49.663250
And,18.596968,49.663250,18.605896,50.663200
And,18.605900,50.663200,19.556517,50.659628
And,19.556517,50.659628,20.507059,50.655876
And,20.507059,50.655876,21.457521,50.651947
And,21.457521,50.651947,22.407899,50.647841
And,22.407900,50.647900,23.320193,50.643793
And,23.320193,50.643793,24.232402,50.639525
And,24.232402,50.639525,25.144526,50.635097
And,25.144526,50.635097,26.056559,50.630511
And,26.056559,50.630511,26.968501,50.625767
And,26.968500,50.625700,26.955633,49.625735
And,26.955633,49.625735,26.943285,48.625768
And,26.943285,48.625768,26.931416,47.625800
And,26.931400,47.625800,27.880000,47.620699
And,27.880000,47.620699,28.828504,47.615431
And,28.828504,47.615431,29.776909,47.609996
And,29.776909,47.609996,30.725212,47.604396
And,30.725212,47.604396,31.673409,47.598633
And,31.673409,47.598633,32.621499,47.592708
And,32.621500,47.592800,32.633894,48.467752
And,32.633894,48.467752,32.646724,49.342703
And,32.646724,49.342703,32.660018,50.217652
And,32.660018,50.217652,32.673808,51.092600
And,32.673800,51.092600,33.575690,51.086814
And,33.575690,51.086814,34.477462,51.080886
And,34.477462,51.080886,35.379116,51.074815
And,35.379116,51.074815,36.280648,51.068605
And,36.280648,51.068605,37.182054,51.062255
And,37.182054,51.062255,38.083334,51.055769
And,38.083334,51.055769,38.984483,51.049147
And,38.984483,51.049147,39.885500,51.042392
And,39.885500,51.042400,39.867079,50.060328
And,39.867079,50.060328,39.849396,49.078254
And,39.849396,49.078254,39.832400,48.096177
And,39.832400,48.096177,39.816041,47.114097
And,39.816041,47.114097,39.800274,46.132015
And,39.800274,46.132015,39.785060,45.149931
And,39.785060,45.149931,39.770362,44.167845
And,39.770362,44.167845,39.756145,43.185758
And,39.756145,43.185758,39.742378,42.203668
And,39.742378,42.203668,39.729033,41.221577
And,39.729033,41.221577,39.716083,40.239485
And,39.716083,40.239485,39.703503,39.257391
And,39.703503,39.257391,39.691271,38.275296
And,39.691271,38.275296,39.679365,37.293200
And,39.679300,37.293200,38.703595,37.300509
And,38.703595,37.300509,37.727795,37.307660
And,37.727795,37.307660,36.751901,37.314650
And,36.751901,37.314650,35.775915,37.321478
And,35.775915,37.321478,34.799840,37.328142
And,34.799840,37.328142,33.823678,37.334640
And,33.823678,37.334640,32.847431,37.340969
And,32.847431,37.340969,31.871100,37.347129
And,31.871100,37.347100,31.862585,36.472100
And,31.862585,36.472100,31.854261,35.597100
And,31.854300,35.597100,30.860861,35.603191
And,30.860861,35.603191,29.867346,35.609102
And,29.867346,35.609102,28.873757,35.614831
And,28.873757,35.614831,27.880096,35.620377
And,27.880096,35.620377,26.886366,35.625738
And,26.886366,35.625738,25.892569,35.630912
And,25.892569,35.630912,24.898707,35.635898
And,24.898707,35.635898,23.904784,35.640695
And,23.904784,35.640695,22.910800,35.645300
And,22.910800,35.645300,22.904015,34.645350
And,22.904015,34.645350,22.897392,33.645400
And,22.897400,33.645400,21.947212,33.649622
And,21.947212,33.649622,20.996978,33.653667
And,20.996978,33.653667,20.046699,33.657534
And,20.046699,33.657534,19.096377,33.661221
And,19.096377,33.661221,18.146015,33.664727
And,18.146015,33.664727,17.195614,33.668053
And,17.195614,33.668053,16.245176,33.671195
And,16.245176,33.671195,15.294704,33.674155
And,15.294704,33.674155,14.344199,33.676931
And,14.344199,33.676931,13.393664,33.679522
And,13.393664,33.679522,12.443100,33.681927
And,12.443100,33.681900,12.439885,32.756900
And,12.439885,32.756900,12.436736,31.831901
And,12.436736,31.831901,12.433649,30.906901
And,12.433649,30.906901,12.430621,29.981901
And,12.430621,29.981901,12.427650,29.056901
And,12.427650,29.056901,12.424731,28.131901
And,12.424731,28.131901,12.421862,27.206901
And,12.421862,27.206901,12.419040,26.281900
And,12.419040,26.281900,12.416263,25.356900
And,12.416263,25.356900,12.413529,24.431900
And,12.413500,24.431900,13.418811,24.429350
And,13.418811,24.429350,14.424100,24.426592
And,14.424100,24.426600,14.420975,23.509933
And,14.420975,23.509933,14.417893,22.593267
And,14.417893,22.593267,14.414852,21.676600
And,14.414800,21.676600,13.444424,21.679265
And,13.444424,21.679265,12.474029,21.681737
And,12.474029,21.681737,11.503618,21.684014
And,11.503618,21.684014,10.533192,21.686095
And,10.533192,21.686095,9.562753,21.687981
And,9.562753,21.687981,8.592300,21.689670
And,8.592300,21.689670,7.621837,21.691163
And,7.621837,21.691163,6.651364,21.692458
And,6.651364,21.692458,5.680882,21.693555
And,5.680882,21.693555,4.710394,21.694454
And,4.710394,21.694454,3.739900,21.695155
And,3.739900,21.695200,3.740260,22.195200
And,3.740260,22.195200,3.740623,22.695200
And,3.740600,22.695200,3.175301,22.695517
And,3.175301,22.695517,2.610000,22.695766
And,2.610000,22.695800,2.610387,23.552943
And,2.610387,23.552943,2.610779,24.410086
And,2.610779,24.410086,2.611176,25.267229
And,2.611176,25.267229,2.611579,26.124371
And,2.611579,26.124371,2.611988,26.981514
And,2.611988,26.981514,2.612403,27.838657
And,2.612403,27.838657,2.612825,28.695800
And,2.612800,28.695800,2.109500,28.695965
And,2.109500,28.695965,1.606200,28.696078
And,1.606200,28.696000,1.606385,29.529350
And,1.606385,29.529350,1.606574,30.362700
And,1.606574,30.362700,1.606765,31.196050
And,1.606765,31.196050,1.606960,32.029400
And,1.607000,32.029400,0.662423,32.029466
And,0.662423,32.029466,359.717845,32.029345
And,359.717845,32.029345,358.773271,32.029036
And,358.773271,32.029036,357.828700,32.028539
And,357.828700,32.028500,357.828042,32.778500
And,357.828100,32.778500,356.883360,32.777816
And,356.883360,32.777816,355.938629,32.776944
And,355.938629,32.776944,354.993908,32.775885
And,354.993908,32.775885,354.049200,32.774639
And,354.049200,32.774600,354.047570,33.580167
And,354.047570,33.580167,354.045909,34.385733
And,354.045909,34.385733,354.044217,35.191300
And,354.044200,35.191300,353.086198,35.189846
And,353.086198,35.189846,352.128215,35.188202
And,352.128215,35.188202,351.170253,35.186366
And,351.170253,35.186366,350.212314,35.184340
And,350.212314,35.184340,349.254401,35.182125
And,349.254401,35.182125,348.296516,35.179720
And,348.296516,35.179720,347.338661,35.177127
And,347.338661,35.177127,346.380839,35.174347
And,346.380839,35.174347,345.423051,35.171379
And,345.423051,35.171379,344.465300,35.168226
Ant,141.904300,-24.542500,141.895225,-25.523235
Ant,141.895225,-25.523235,141.886000,-26.503970
Ant,141.886000,-26.503970,141.876617,-27.484703
Ant,141.876617,-27.484703,141.867065,-28.465437
Ant,141.867065,-28.465437,141.857334,-29.446169
Ant,141.857334,-29.446169,141.847413,-30.426901
Ant,141.847413,-30.426901,141.837290,-31.407632
Ant,141.837290,-31.407632,141.826954,-32.388362
Ant,141.826954,-32.388362,141.816391,-33.369092
Ant,141.816391,-33.369092,141.805587,-34.349820
Ant,141.805587,-34.349820,141.794527,-35.330548
Ant,141.794527,-35.330548,141.783195,-36.311274
Ant,141.783195,-36.311274,141.771575,-37.292000
Ant,141.771600,-37.292000,141.762508,-38.041976
Ant,141.762508,-38.041976,141.753227,-38.791951
Ant,141.753227,-38.791951,141.743749,-39.541926
Ant,141.743749,-39.541926,141.734064,-40.291900
Ant,141.734100,-40.291900,142.721917,-40.299323
Ant,142.721917,-40.299323,143.709843,-40.306585
Ant,143.709843,-40.306585,144.697876,-40.313683
Ant,144.697876,-40.313683,145.686014,-40.320615
Ant,145.686014,-40.320615,146.674254,-40.327379
Ant,146.674254,-40.327379,147.662593,-40.333973
Ant,147.662593,-40.333973,148.651031,-40.340395
Ant,148.651031,-40.340395,149.639562,-40.346643
Ant,149.639562,-40.346643,150.628186,-40.352716
Ant,150.628186,-40.352716,151.616900,-40.358611
Ant,151.616900,-40.358611,152.605700,-40.364326
Ant,152.605700,-40.364326,153.594585,-40.369861
Ant,153.594585,-40.369861,154.583552,-40.375212
Ant,154.583552,-40.375212,155.572597,-40.380379
Ant,155.572597,-40.380379,156.561719,-40.385361
Ant,156.561719,-40.385361,157.550913,-40.390155
Ant,157.550913,-40.390155,158.540179,-40.394760
Ant,158.540179,-40.394760,159.529512,-40.399174
Ant,159.529512,-40.399174,160.518910,-40.403398
Ant,160.518910,-40.403398,161.508370,-40.407428
Ant,161.508370,-40.407428,162.497889,-40.411264
Ant,162.497889,-40.411264,163.487465,-40.414905
Ant,163.487465,-40.414905,164.477094,-40.418350
Ant,164.477094,-40.418350,165.466773,-40.421598
Ant,165.466773,-40.421598,166.456500,-40.424647
Ant,166.456500,-40.424600,166.461318,-39.474620
Ant,166.461318,-39.474620,166.466006,-38.524640
Ant,166.466006,-38.524640,166.470571,-37.574660
Ant,166.470571,-37.574660,166.475022,-36.624680
Ant,166.475022,-36.624680,166.479364,-35.674700
Ant,166.479400,-35.674700,165.639071,-35.672124
Ant,165.639071,-35.672124,164.798770,-35.669404
Ant,164.798770,-35.669404,163.958500,-35.666542
Ant,163.958500,-35.666500,163.963509,-34.708175
Ant,163.963509,-34.708175,163.968404,-33.749850
Ant,163.968404,-33.749850,163.973190,-32.791525
Ant,163.973190,-32.791525,163.977874,-31.833200
Ant,163.977900,-31.833200,163.033718,-31.829814
Ant,163.033718,-31.829814,162.089573,-31.826249
Ant,162.089573,-31.826249,161.145467,-31.822507
Ant,161.145467,-31.822507,160.201400,-31.818588
Ant,160.201400,-31.818600,160.205291,-31.151933
Ant,160.205291,-31.151933,160.209128,-30.485267
Ant,160.209128,-30.485267,160.212913,-29.818600
Ant,160.212900,-29.818600,159.206484,-29.814228
Ant,159.206484,-29.814228,158.200114,-29.809658
Ant,158.200114,-29.809658,157.193792,-29.804891
Ant,157.193792,-29.804891,156.187520,-29.799929
Ant,156.187520,-29.799929,155.181300,-29.794772
Ant,155.181300,-29.794800,155.187408,-28.905934
Ant,155.187408,-28.905934,155.193412,-28.017067
Ant,155.193412,-28.017067,155.199319,-27.128200
Ant,155.199300,-27.128200,154.256636,-27.123194
Ant,154.256636,-27.123194,153.314016,-27.118021
Ant,153.314016,-27.118021,152.371442,-27.112681
Ant,152.371442,-27.112681,151.428914,-27.107177
Ant,151.428914,-27.107177,150.486435,-27.101509
Ant,150.486435,-27.101509,149.544005,-27.095680
Ant,149.544005,-27.095680,148.601626,-27.089691
Ant,148.601626,-27.089691,147.659300,-27.083543
Ant,147.659300,-27.083500,147.666196,-26.250200
Ant,147.666196,-26.250200,147.672993,-25.416900
Ant,147.672993,-25.416900,147.679697,-24.583600
Ant,147.679700,-24.583600,146.717001,-24.577157
Ant,146.717001,-24.577157,145.754353,-24.570551
Ant,145.754353,-24.570551,144.791757,-24.563786
Ant,144.791757,-24.563786,143.829216,-24.556862
Ant,143.829216,-24.556862,142.866730,-24.549782
Ant,142.866730,-24.549782,141.904300,-24.542548
Aps,209.111100,-83.120100,210.199175,-83.114237
Aps,210.199175,-83.114237,211.286236,-83.108173
Aps,211.286236,-83.108173,212.372252,-83.101911
Aps,212.372252,-83.101911,213.457192,-83.095453
Aps,213.457192,-83.095453,214.541027,-83.088801
Aps,214.541027,-83.088801,215.623727,-83.081958
Aps,215.623727,-83.081958,216.705264,-83.074927
Aps,216.705264,-83.074927,217.785610,-83.067710
Aps,217.785610,-83.067710,218.864738,-83.060310
Aps,218.864738,-83.060310,219.942623,-83.052730
Aps,219.942623,-83.052730,221.019238,-83.044973
Aps,221.019238,-83.044973,222.094559,-83.037042
Aps,222.094559,-83.037042,223.168561,-83.028940
Aps,223.168561,-83.028940,224.241223,-83.020669
Aps,224.241223,-83.020669,225.312520,-83.012234
Aps,225.312520,-83.012234,226.382433,-83.003636
Aps,226.382433,-83.003636,227.450939,-82.994880
Aps,227.450939,-82.994880,228.518018,-82.985968
Aps,228.518018,-82.985968,229.583652,-82.976905
Aps,229.583652,-82.976905,230.647822,-82.967692
Aps,230.647822,-82.967692,231.710511,-82.958334
Aps,231.710511,-82.958334,232.771700,-82.948835
Aps,232.771700,-82.948835,233.831375,-82.939196
Aps,233.831375,-82.939196,234.889520,-82.929423
Aps,234.889520,-82.929423,235.946120,-82.919518
Aps,235.946120,-82.919518,237.001161,-82.909485
Aps,237.001161,-82.909485,238.054631,-82.899328
Aps,238.054631,-82.899328,239.106517,-82.889050
Aps,239.106517,-82.889050,240.156808,-82.878655
Aps,240.156808,-82.878655,241.205493,-82.868147
Aps,241.205493,-82.868147,242.252563,-82.857529
Aps,242.252563,-82.857529,243.298007,-82.846805
Aps,243.298007,-82.846805,244.341818,-82.835978
Aps,244.341818,-82.835978,245.383987,-82.825053
Aps,245.383987,-82.825053,246.424509,-82.814033
Aps,246.424509,-82.814033,247.463376,-82.802923
Aps,247.463376,-82.802923,248.500583,-82.791725
Aps,248.500583,-82.791725,249.536125,-82.780443
Aps,249.536125,-82.780443,250.569997,-82.769083
Aps,250.569997,-82.769083,251.602198,-82.757646
Aps,251.602198,-82.757646,252.632723,-82.746137
Aps,252.632723,-82.746137,253.661570,-82.734561
Aps,253.661570,-82.734561,254.688738,-82.722920
Aps,254.688738,-82.722920,255.714226,-82.711219
Aps,255.714226,-82.711219,256.738034,-82.699461
Aps,256.738034,-82.699461,257.760162,-82.687651
Aps,257.760162,-82.687651,258.780610,-82.675791
Aps,258.780610,-82.675791,259.799382,-82.663887
Aps,259.799382,-82.663887,260.816478,-82.651941
Aps,260.816478,-82.651941,261.831902,-82.639958
Aps,261.831902,-82.639958,262.845657,-82.627942
Aps,262.845657,-82.627942,263.857746,-82.615896
Aps,263.857746,-82.615896,264.868173,-82.603824
Aps,264.868173,-82.603824,265.876945,-82.591729
Aps,265.876945,-82.591729,266.884066,-82.579617
Aps,266.884066,-82.579617,267.889542,-82.567490
Aps,267.889542,-82.567490,268.893379,-82.555352
Aps,268.893379,-82.555352,269.895584,-82.543207
Aps,269.895584,-82.543207,270.896165,-82.531058
Aps,270.896165,-82.531058,271.895130,-82.518910
Aps,271.895130,-82.518910,272.892486,-82.506766
Aps,272.892486,-82.506766,273.888242,-82.494630
Aps,273.888242,-82.494630,274.882407,-82.482505
Aps,274.882407,-82.482505,275.874990,-82.470395
Aps,275.874990,-82.470395,276.866003,-82.458304
Aps,276.866000,-82.458300,276.277292,-81.524377
Aps,276.277292,-81.524377,275.804724,-80.589747
Aps,275.804724,-80.589747,275.416874,-79.654600
Aps,275.416874,-79.654600,275.092702,-78.719066
Aps,275.092702,-78.719066,274.817597,-77.783233
Aps,274.817597,-77.783233,274.581094,-76.847165
Aps,274.581094,-76.847165,274.375506,-75.910909
Aps,274.375506,-75.910909,274.195056,-74.974501
Aps,274.195100,-74.974500,274.035367,-74.037976
Aps,274.035367,-74.037976,273.892906,-73.101346
Aps,273.892906,-73.101346,273.764996,-72.164629
Aps,273.764996,-72.164629,273.649458,-71.227836
Aps,273.649458,-71.227836,273.544526,-70.290978
Aps,273.544526,-70.290978,273.448757,-69.354065
Aps,273.448757,-69.354065,273.360955,-68.417104
Aps,273.360955,-68.417104,273.280125,-67.480100
Aps,273.280100,-67.480100,272.343626,-67.491483
Aps,272.343626,-67.491483,271.406703,-67.502870
Aps,271.406703,-67.502870,270.469331,-67.514260
Aps,270.469331,-67.514260,269.531508,-67.525648
Aps,269.531508,-67.525648,268.593234,-67.537032
Aps,268.593234,-67.537032,267.654509,-67.548409
Aps,267.654509,-67.548409,266.715332,-67.559776
Aps,266.715332,-67.559776,265.775702,-67.571130
Aps,265.775700,-67.571100,264.835631,-67.582437
Aps,264.835631,-67.582437,263.895109,-67.593755
Aps,263.895109,-67.593755,262.954136,-67.605050
Aps,262.954136,-67.605050,262.012710,-67.616319
Aps,262.012710,-67.616319,261.070833,-67.627560
Aps,261.070833,-67.627560,260.128505,-67.638770
Aps,260.128505,-67.638770,259.185727,-67.649944
Aps,259.185727,-67.649944,258.242498,-67.661081
Aps,258.242500,-67.661100,258.312934,-68.494000
Aps,258.312934,-68.494000,258.388765,-69.326868
Aps,258.388765,-69.326868,258.470672,-70.159700
Aps,258.470700,-70.159700,257.470700,-70.171458
Aps,257.470700,-70.171458,256.470127,-70.183168
Aps,256.470127,-70.183168,255.468982,-70.194826
Aps,255.468982,-70.194826,254.467267,-70.206428
Aps,254.467267,-70.206428,253.464983,-70.217970
Aps,253.464983,-70.217970,252.462133,-70.229450
Aps,252.462133,-70.229450,251.458720,-70.240863
Aps,251.458720,-70.240863,250.454744,-70.252207
Aps,250.454744,-70.252207,249.450209,-70.263477
Aps,249.450209,-70.263477,248.445117,-70.274669
Aps,248.445117,-70.274669,247.439472,-70.285782
Aps,247.439472,-70.285782,246.433276,-70.296810
Aps,246.433276,-70.296810,245.426533,-70.307751
Aps,245.426533,-70.307751,244.419246,-70.318601
Aps,244.419246,-70.318601,243.411420,-70.329357
Aps,243.411420,-70.329357,242.403057,-70.340016
Aps,242.403057,-70.340016,241.394162,-70.350573
Aps,241.394162,-70.350573,240.384739,-70.361026
Aps,240.384739,-70.361026,239.374793,-70.371372
Aps,239.374793,-70.371372,238.364328,-70.381606
Aps,238.364328,-70.381606,237.353349,-70.391727
Aps,237.353349,-70.391727,236.341861,-70.401730
Aps,236.341861,-70.401730,235.329870,-70.411613
Aps,235.329870,-70.411613,234.317380,-70.421372
Aps,234.317380,-70.421372,233.304398,-70.431004
Aps,233.304398,-70.431004,232.290929,-70.440507
Aps,232.290929,-70.440507,231.276979,-70.449877
Aps,231.276979,-70.449877,230.262554,-70.459110
Aps,230.262554,-70.459110,229.247660,-70.468206
Aps,229.247660,-70.468206,228.232305,-70.477159
Aps,228.232305,-70.477159,227.216494,-70.485968
Aps,227.216494,-70.485968,226.200235,-70.494629
Aps,226.200235,-70.494629,225.183535,-70.503140
Aps,225.183535,-70.503140,224.166400,-70.511498
Aps,224.166400,-70.511500,223.186542,-70.519401
Aps,223.186542,-70.519401,222.206295,-70.527156
Aps,222.206295,-70.527156,221.225666,-70.534762
Aps,221.225666,-70.534762,220.244661,-70.542216
Aps,220.244661,-70.542216,219.263289,-70.549517
Aps,219.263289,-70.549517,218.281556,-70.556662
Aps,218.281556,-70.556662,217.299469,-70.563649
Aps,217.299469,-70.563649,216.317037,-70.570476
Aps,216.317037,-70.570476,215.334267,-70.577141
Aps,215.334267,-70.577141,214.351167,-70.583642
Aps,214.351167,-70.583642,213.367744,-70.589976
Aps,213.367744,-70.589976,212.384007,-70.596143
Aps,212.384007,-70.596143,211.399964,-70.602140
Aps,211.399964,-70.602140,210.415623,-70.607965
Aps,210.415623,-70.607965,209.430993,-70.613617
Aps,209.430993,-70.613617,208.446082,-70.619093
Aps,208.446082,-70.619093,207.460900,-70.624393
Aps,207.460900,-70.624400,207.502665,-71.457631
Aps,207.502665,-71.457631,207.548216,-72.290852
Aps,207.548216,-72.290852,207.598114,-73.124061
Aps,207.598114,-73.124061,207.653037,-73.957257
Aps,207.653037,-73.957257,207.713812,-74.790437
Aps,207.713812,-74.790437,207.781455,-75.623600
Aps,207.781400,-75.623600,207.867300,-76.560875
Aps,207.867300,-76.560875,207.965827,-77.498116
Aps,207.965827,-77.498116,208.080050,-78.435317
Aps,208.080050,-78.435317,208.214123,-79.372464
Aps,208.214123,-79.372464,208.373802,-80.309544
Aps,208.373802,-80.309544,208.567310,-81.246534
Aps,208.567310,-81.246534,208.806808,-82.183403
Aps,208.806808,-82.183403,209.111074,-83.120100
Aqr,309.598800,0.436200,309.589329,1.436150
Aqr,309.589329,1.436150,309.579850,2.436100
Aqr,309.579900,2.436100,310.480127,2.444570
Aqr,310.480127,2.444570,311.380360,2.452929
Aqr,311.380360,2.452929,312.280600,2.461178
Aqr,312.280600,2.461178,313.180847,2.469312
Aqr,313.180847,2.469312,314.081100,2.477331
Aqr,314.081100,2.477300,315.018876,2.485527
Aqr,315.018876,2.485527,315.956660,2.493625
Aqr,315.956660,2.493625,316.894450,2.501590
Aqr,316.894450,2.501590,317.832247,2.509421
Aqr,317.832247,2.509421,318.770050,2.517116
Aqr,318.770050,2.517116,319.707860,2.524672
Aqr,319.707860,2.524672,320.645677,2.532087
Aqr,320.645677,2.532087,321.583500,2.539360
Aqr,321.583500,2.539400,322.250430,2.544484
Aqr,322.250430,2.544484,322.917363,2.549495
Aqr,322.917363,2.549495,323.584300,2.554431
Aqr,323.584300,2.554400,323.578776,3.304401
Aqr,323.578700,3.304400,324.329068,3.309864
Aqr,324.329068,3.309864,325.079441,3.315232
Aqr,325.079441,3.315232,325.829818,3.320503
Aqr,325.829818,3.320503,326.580200,3.325677
Aqr,326.580200,3.325700,326.583624,2.825700
Aqr,326.583624,2.825700,326.587046,2.325700
Aqr,326.587100,2.325700,327.587428,2.332443
Aqr,327.587428,2.332443,328.587763,2.339008
Aqr,328.587763,2.339008,329.588103,2.345394
Aqr,329.588103,2.345394,330.588449,2.351599
Aqr,330.588449,2.351599,331.588800,2.357620
Aqr,331.588800,2.357600,331.587315,2.607600
Aqr,331.587300,2.607600,332.525184,2.613077
Aqr,332.525184,2.613077,333.463072,2.618390
Aqr,333.463072,2.618390,334.400965,2.623538
Aqr,334.400965,2.623538,335.338864,2.628518
Aqr,335.338864,2.628518,336.276766,2.633330
Aqr,336.276766,2.633330,337.214673,2.637973
Aqr,337.214673,2.637973,338.152585,2.642444
Aqr,338.152585,2.642444,339.090500,2.646744
Aqr,339.090500,2.646744,340.028419,2.650870
Aqr,340.028419,2.650870,340.966343,2.654822
Aqr,340.966343,2.654822,341.904270,2.658599
Aqr,341.904270,2.658599,342.842200,2.662199
Aqr,342.842200,2.662200,342.844700,1.995533
Aqr,342.844700,1.995533,342.847198,1.328867
Aqr,342.847198,1.328867,342.849695,0.662200
Aqr,342.849700,0.662200,342.852695,-0.137800
Aqr,342.852695,-0.137800,342.855691,-0.937800
Aqr,342.855691,-0.937800,342.858688,-1.737800
Aqr,342.858688,-1.737800,342.861687,-2.537800
Aqr,342.861687,-2.537800,342.864691,-3.337800
Aqr,342.864700,-3.337800,343.819862,-3.334316
Aqr,343.819862,-3.334316,344.775022,-3.331017
Aqr,344.775022,-3.331017,345.730179,-3.327904
Aqr,345.730179,-3.327904,346.685333,-3.324979
Aqr,346.685333,-3.324979,347.640486,-3.322241
Aqr,347.640486,-3.322241,348.595636,-3.319691
Aqr,348.595636,-3.319691,349.550785,-3.317331
Aqr,349.550785,-3.317331,350.505932,-3.315160
Aqr,350.505932,-3.315160,351.461077,-3.313180
Aqr,351.461077,-3.313180,352.416221,-3.311391
Aqr,352.416221,-3.311391,353.371364,-3.309794
Aqr,353.371364,-3.309794,354.326505,-3.308388
Aqr,354.326505,-3.308388,355.281645,-3.307175
Aqr,355.281645,-3.307175,356.236785,-3.306155
Aqr,356.236785,-3.306155,357.191924,-3.305327
Aqr,357.191924,-3.305327,358.147062,-3.304693
Aqr,358.147062,-3.304693,359.102200,-3.304252
Aqr,359.102200,-3.304200,359.102471,-4.054200
Aqr,359.102471,-4.054200,359.102743,-4.804200
Aqr,359.102743,-4.804200,359.103016,-5.554200
Aqr,359.103016,-5.554200,359.103289,-6.304200
Aqr,359.103300,-6.304200,359.103656,-7.277884
Aqr,359.103656,-7.277884,359.104013,-8.251568
Aqr,359.104013,-8.251568,359.104372,-9.225253
Aqr,359.104372,-9.225253,359.104734,-10.198937
Aqr,359.104734,-10.198937,359.105097,-11.172621
Aqr,359.105097,-11.172621,359.105463,-12.146305
Aqr,359.105463,-12.146305,359.105831,-13.119990
Aqr,359.105831,-13.119990,359.106203,-14.093674
Aqr,359.106203,-14.093674,359.106577,-15.067358
Aqr,359.106577,-15.067358,359.106955,-16.041042
Aqr,359.106955,-16.041042,359.107337,-17.014726
Aqr,359.107337,-17.014726,359.107723,-17.988411
Aqr,359.107723,-17.988411,359.108113,-18.962095
Aqr,359.108113,-18.962095,359.108508,-19.935779
Aqr,359.108508,-19.935779,359.108907,-20.909463
Aqr,359.108907,-20.909463,359.109312,-21.883147
Aqr,359.109312,-21.883147,359.109722,-22.856832
Aqr,359.109722,-22.856832,359.110139,-23.830516
Aqr,359.110139,-23.830516,359.110561,-24.804200
Aqr,359.110600,-24.804200,358.154533,-24.804642
Aqr,358.154533,-24.804642,357.198462,-24.805279
Aqr,357.198462,-24.805279,356.242385,-24.806110
Aqr,356.242385,-24.806110,355.286302,-24.807135
Aqr,355.286302,-24.807135,354.330210,-24.808355
Aqr,354.330210,-24.808355,353.374108,-24.809768
Aqr,353.374108,-24.809768,352.417995,-24.811374
Aqr,352.417995,-24.811374,351.461870,-24.813174
Aqr,351.461870,-24.813174,350.505730,-24.815165
Aqr,350.505730,-24.815165,349.549574,-24.817349
Aqr,349.549574,-24.817349,348.593402,-24.819723
Aqr,348.593402,-24.819723,347.637211,-24.822289
Aqr,347.637211,-24.822289,346.681000,-24.825044
Aqr,346.681000,-24.825000,345.686513,-24.828066
Aqr,345.686513,-24.828066,344.692001,-24.831335
Aqr,344.692001,-24.831335,343.697463,-24.834807
Aqr,343.697463,-24.834807,342.702897,-24.838481
Aqr,342.702897,-24.838481,341.708301,-24.842355
Aqr,341.708301,-24.842355,340.713675,-24.846428
Aqr,340.713675,-24.846428,339.719016,-24.850699
Aqr,339.719016,-24.850699,338.724323,-24.855167
Aqr,338.724323,-24.855167,337.729594,-24.859831
Aqr,337.729594,-24.859831,336.734828,-24.864688
Aqr,336.734828,-24.864688,335.740024,-24.869738
Aqr,335.740024,-24.869738,334.745179,-24.874980
Aqr,334.745179,-24.874980,333.750293,-24.880410
Aqr,333.750293,-24.880410,332.755363,-24.886029
Aqr,332.755363,-24.886029,331.760389,-24.891834
Aqr,331.760389,-24.891834,330.765368,-24.897823
Aqr,330.765368,-24.897823,329.770300,-24.903995
Aqr,329.770300,-24.904000,329.762932,-23.933437
Aqr,329.762932,-23.933437,329.755675,-22.962874
Aqr,329.755675,-22.962874,329.748520,-21.992311
Aqr,329.748520,-21.992311,329.741464,-21.021747
Aqr,329.741464,-21.021747,329.734498,-20.051184
Aqr,329.734498,-20.051184,329.727618,-19.080619
Aqr,329.727618,-19.080619,329.720818,-18.110055
Aqr,329.720818,-18.110055,329.714093,-17.139490
Aqr,329.714093,-17.139490,329.707438,-16.168925
Aqr,329.707438,-16.168925,329.700848,-15.198360
Aqr,329.700848,-15.198360,329.694318,-14.227795
Aqr,329.694318,-14.227795,329.687844,-13.257230
Aqr,329.687844,-13.257230,329.681422,-12.286664
Aqr,329.681422,-12.286664,329.675047,-11.316098
Aqr,329.675047,-11.316098,329.668715,-10.345532
Aqr,329.668715,-10.345532,329.662422,-9.374966
Aqr,329.662422,-9.374966,329.656164,-8.404400
Aqr,329.656200,-8.404400,328.768718,-8.410057
Aqr,328.768718,-8.410057,327.881225,-8.415855
Aqr,327.881225,-8.415855,326.993718,-8.421794
Aqr,326.993718,-8.421794,326.106199,-8.427872
Aqr,326.106199,-8.427872,325.218667,-8.434087
Aqr,325.218667,-8.434087,324.331121,-8.440439
Aqr,324.331121,-8.440439,323.443561,-8.446925
Aqr,323.443561,-8.446925,322.555988,-8.453544
Aqr,322.555988,-8.453544,321.668400,-8.460294
Aqr,321.668400,-8.460300,321.676269,-9.460267
Aqr,321.676269,-9.460267,321.684185,-10.460234
Aqr,321.684185,-10.460234,321.692151,-11.460201
Aqr,321.692151,-11.460201,321.700175,-12.460168
Aqr,321.700175,-12.460168,321.708260,-13.460134
Aqr,321.708260,-13.460134,321.716413,-14.460101
Aqr,321.716500,-14.460100,320.795716,-14.467240
Aqr,320.795716,-14.467240,319.874903,-14.474518
Aqr,319.874903,-14.474518,318.954060,-14.481932
Aqr,318.954060,-14.481932,318.033188,-14.489480
Aqr,318.033188,-14.489480,317.112285,-14.497161
Aqr,317.112285,-14.497161,316.191351,-14.504972
Aqr,316.191351,-14.504972,315.270386,-14.512911
Aqr,315.270386,-14.512911,314.349388,-14.520977
Aqr,314.349388,-14.520977,313.428358,-14.529167
Aqr,313.428358,-14.529167,312.507295,-14.537479
Aqr,312.507295,-14.537479,311.586198,-14.545911
Aqr,311.586198,-14.545911,310.665066,-14.554460
Aqr,310.665066,-14.554460,309.743900,-14.563125
Aqr,309.743900,-14.563100,309.733838,-13.563151
Aqr,309.733838,-13.563151,309.723860,-12.563201
Aqr,309.723860,-12.563201,309.713959,-11.563251
Aqr,309.713959,-11.563251,309.704129,-10.563301
Aqr,309.704129,-10.563301,309.694362,-9.563350
Aqr,309.694362,-9.563350,309.684653,-8.563399
Aqr,309.684600,-8.563400,309.675905,-7.663441
Aqr,309.675905,-7.663441,309.667247,-6.763481
Aqr,309.667247,-6.763481,309.658622,-5.863521
Aqr,309.658622,-5.863521,309.650024,-4.963561
Aqr,309.650024,-4.963561,309.641449,-4.063601
Aqr,309.641449,-4.063601,309.632894,-3.163641
Aqr,309.632894,-3.163641,309.624353,-2.263681
Aqr,309.624353,-2.263681,309.615823,-1.363721
Aqr,309.615823,-1.363721,309.607300,-0.463760
Aqr,309.607300,-0.463760,309.598778,0.436200
Aql,280.350200,0.115500,280.338218,1.115400
Aql,280.338218,1.115400,280.326228,2.115300
Aql,280.326200,2.115300,281.176228,2.125471
Aql,281.176228,2.125471,282.026262,2.135615
Aql,282.026262,2.135615,282.876302,2.145729
Aql,282.876302,2.145729,283.726348,2.155811
Aql,283.726348,2.155811,284.576400,2.165859
Aql,284.576400,2.165900,284.566351,3.015840
Aql,284.566351,3.015840,284.556286,3.865780
Aql,284.556286,3.865780,284.546201,4.715720
Aql,284.546201,4.715720,284.536091,5.565660
Aql,284.536091,5.565660,284.525952,6.415599
Aql,284.526000,6.415600,283.759129,6.406537
Aql,283.759129,6.406537,282.992272,6.397446
Aql,282.992272,6.397446,282.225429,6.388329
Aql,282.225429,6.388329,281.458600,6.379187
Aql,281.458600,6.379200,281.446995,7.337468
Aql,281.446995,7.337468,281.435340,8.295735
Aql,281.435340,8.295735,281.423629,9.254002
Aql,281.423629,9.254002,281.411853,10.212269
Aql,281.411853,10.212269,281.400006,11.170535
Aql,281.400006,11.170535,281.388080,12.128801
Aql,281.388000,12.128800,282.155035,12.137944
Aql,282.155035,12.137944,282.922097,12.147064
Aql,282.922097,12.147064,283.689185,12.156158
Aql,283.689185,12.156158,284.456300,12.165224
Aql,284.456300,12.165200,284.444794,13.093702
Aql,284.444794,13.093702,284.433201,14.022203
Aql,284.433201,14.022203,284.421514,14.950704
Aql,284.421514,14.950704,284.409726,15.879204
Aql,284.409726,15.879204,284.397828,16.807704
Aql,284.397828,16.807704,284.385813,17.736203
Aql,284.385813,17.736203,284.373673,18.664701
Aql,284.373600,18.664700,285.374515,18.676484
Aql,285.374515,18.676484,286.375500,18.688215
Aql,286.375500,18.688200,286.385586,17.910501
Aql,286.385586,17.910501,286.395585,17.132800
Aql,286.395585,17.132800,286.405500,16.355100
Aql,286.405500,16.355100,287.367916,16.366324
Aql,287.367916,16.366324,288.330388,16.377492
Aql,288.330388,16.377492,289.292915,16.388601
Aql,289.292915,16.388601,290.255498,16.399648
Aql,290.255498,16.399648,291.218137,16.410629
Aql,291.218137,16.410629,292.180830,16.421542
Aql,292.180830,16.421542,293.143578,16.432384
Aql,293.143578,16.432384,294.106381,16.443151
Aql,294.106381,16.443151,295.069238,16.453840
Aql,295.069238,16.453840,296.032148,16.464448
Aql,296.032148,16.464448,296.995112,16.474973
Aql,296.995112,16.474973,297.958129,16.485411
Aql,297.958129,16.485411,298.921199,16.495759
Aql,298.921200,16.495700,298.926037,16.079100
Aql,298.926000,16.079100,299.852507,16.088968
Aql,299.852507,16.088968,300.779061,16.098747
Aql,300.779061,16.098747,301.705661,16.108436
Aql,301.705661,16.108436,302.632308,16.118031
Aql,302.632308,16.118031,303.559000,16.127531
Aql,303.559000,16.127500,303.568969,15.221301
Aql,303.568969,15.221301,303.578853,14.315102
Aql,303.578853,14.315102,303.588658,13.408903
Aql,303.588658,13.408903,303.598389,12.502703
Aql,303.598389,12.502703,303.608052,11.596502
Aql,303.608052,11.596502,303.617652,10.690302
Aql,303.617652,10.690302,303.627195,9.784101
Aql,303.627195,9.784101,303.636686,8.877900
Aql,303.636700,8.877900,304.429115,8.885945
Aql,304.429115,8.885945,305.221549,8.893916
Aql,305.221549,8.893916,306.014000,8.901812
Aql,306.014000,8.901800,306.023410,7.973272
Aql,306.023410,7.973272,306.032777,7.044744
Aql,306.032777,7.044744,306.042106,6.116215
Aql,306.042106,6.116215,306.051404,5.187687
Aql,306.051404,5.187687,306.060674,4.259158
Aql,306.060674,4.259158,306.069921,3.330629
Aql,306.069921,3.330629,306.079152,2.402101
Aql,306.079100,2.402100,306.954290,2.410731
Aql,306.954290,2.410731,307.829487,2.419266
Aql,307.829487,2.419266,308.704691,2.427703
Aql,308.704691,2.427703,309.579901,2.436040
Aql,309.579900,2.436100,309.589379,1.436150
Aql,309.589379,1.436150,309.598850,0.436200
Aql,309.598800,0.436200,309.607321,-0.463760
Aql,309.607321,-0.463760,309.615845,-1.363721
Aql,309.615845,-1.363721,309.624375,-2.263681
Aql,309.624375,-2.263681,309.632916,-3.163641
Aql,309.632916,-3.163641,309.641471,-4.063601
Aql,309.641471,-4.063601,309.650045,-4.963561
Aql,309.650045,-4.963561,309.658643,-5.863521
Aql,309.658643,-5.863521,309.667269,-6.763481
Aql,309.667269,-6.763481,309.675927,-7.663440
Aql,309.675927,-7.663440,309.684622,-8.563400
Aql,309.684600,-8.563400,308.685824,-8.572923
Aql,308.685824,-8.572923,307.687024,-8.582576
Aql,307.687024,-8.582576,306.688199,-8.592356
Aql,306.688199,-8.592356,305.689350,-8.602260
Aql,305.689350,-8.602260,304.690476,-8.612285
Aql,304.690476,-8.612285,303.691576,-8.622428
Aql,303.691576,-8.622428,302.692651,-8.632686
Aql,302.692651,-8.632686,301.693700,-8.643057
Aql,301.693700,-8.643100,301.701813,-9.401375
Aql,301.701813,-9.401375,301.709962,-10.159651
Aql,301.709962,-10.159651,301.718149,-10.917925
Aql,301.718149,-10.917925,301.726378,-11.676200
Aql,301.726400,-11.676200,300.727752,-11.686676
Aql,300.727752,-11.686676,299.729067,-11.697257
Aql,299.729067,-11.697257,298.730344,-11.707940
Aql,298.730344,-11.707940,297.731584,-11.718723
Aql,297.731584,-11.718723,296.732786,-11.729602
Aql,296.732786,-11.729602,295.733949,-11.740573
Aql,295.733949,-11.740573,294.735074,-11.751634
Aql,294.735074,-11.751634,293.736159,-11.762780
Aql,293.736159,-11.762780,292.737205,-11.774009
Aql,292.737205,-11.774009,291.738210,-11.785318
Aql,291.738210,-11.785318,290.739176,-11.796701
Aql,290.739176,-11.796701,289.740100,-11.808158
Aql,289.740100,-11.808158,288.740983,-11.819682
Aql,288.740983,-11.819682,287.741825,-11.831273
Aql,287.741825,-11.831273,286.742626,-11.842924
Aql,286.742626,-11.842924,285.743384,-11.854634
Aql,285.743384,-11.854634,284.744100,-11.866399
Aql,284.744100,-11.866400,284.733139,-10.973879
Aql,284.733139,-10.973879,284.722244,-10.081358
Aql,284.722244,-10.081358,284.711410,-9.188836
Aql,284.711410,-9.188836,284.700630,-8.296314
Aql,284.700630,-8.296314,284.689898,-7.403791
Aql,284.689898,-7.403791,284.679210,-6.511269
Aql,284.679210,-6.511269,284.668560,-5.618746
Aql,284.668560,-5.618746,284.657943,-4.726223
Aql,284.657943,-4.726223,284.647353,-3.833699
Aql,284.647300,-3.833700,283.797500,-3.843745
Aql,283.797500,-3.843745,282.947689,-3.853824
Aql,282.947689,-3.853824,282.097870,-3.863935
Aql,282.097870,-3.863935,281.248040,-3.874077
Aql,281.248040,-3.874077,280.398201,-3.884246
Aql,280.398200,-3.884200,280.386177,-2.884275
Aql,280.386177,-2.884275,280.374176,-1.884350
Aql,280.374176,-1.884350,280.362188,-0.884425
Aql,280.362188,-0.884425,280.350207,0.115500
Ara,249.034700,-60.264500,248.991979,-59.298073
Ara,248.991979,-59.298073,248.951618,-58.331632
Ara,248.951618,-58.331632,248.913405,-57.365179
Ara,248.913405,-57.365179,248.877155,-56.398716
Ara,248.877155,-56.398716,248.842699,-55.432242
Ara,248.842699,-55.432242,248.809891,-54.465759
Ara,248.809891,-54.465759,248.778596,-53.499268
Ara,248.778596,-53.499268,248.748697,-52.532769
Ara,248.748697,-52.532769,248.720086,-51.566262
Ara,248.720086,-51.566262,248.692665,-50.599749
Ara,248.692665,-50.599749,248.666349,-49.633230
Ara,248.666349,-49.633230,248.641056,-48.666705
Ara,248.641056,-48.666705,248.616716,-47.700175
Ara,248.616716,-47.700175,248.593262,-46.733639
Ara,248.593262,-46.733639,248.570634,-45.767100
Ara,248.570600,-45.767100,249.538051,-45.756233
Ara,249.538051,-45.756233,250.505312,-45.745294
Ara,250.505312,-45.745294,251.472380,-45.734286
Ara,251.472380,-45.734286,252.439257,-45.723213
Ara,252.439257,-45.723213,253.405939,-45.712078
Ara,253.405939,-45.712078,254.372427,-45.700884
Ara,254.372427,-45.700884,255.338720,-45.689634
Ara,255.338720,-45.689634,256.304816,-45.678331
Ara,256.304816,-45.678331,257.270716,-45.666979
Ara,257.270716,-45.666979,258.236419,-45.655581
Ara,258.236419,-45.655581,259.201923,-45.644140
Ara,259.201923,-45.644140,260.167229,-45.632660
Ara,260.167229,-45.632660,261.132336,-45.621143
Ara,261.132336,-45.621143,262.097244,-45.609593
Ara,262.097244,-45.609593,263.061952,-45.598013
Ara,263.061952,-45.598013,264.026461,-45.586407
Ara,264.026461,-45.586407,264.990769,-45.574777
Ara,264.990769,-45.574777,265.954876,-45.563128
Ara,265.954876,-45.563128,266.918784,-45.551461
Ara,266.918784,-45.551461,267.882490,-45.539782
Ara,267.882490,-45.539782,268.845997,-45.528092
Ara,268.845997,-45.528092,269.809302,-45.516396
Ara,269.809300,-45.516300,270.642683,-45.506176
Ara,270.642683,-45.506176,271.475915,-45.496052
Ara,271.475915,-45.496052,272.308998,-45.485930
Ara,272.309000,-45.486000,272.333097,-46.444188
Ara,272.333097,-46.444188,272.358057,-47.402370
Ara,272.358057,-47.402370,272.383942,-48.360547
Ara,272.383942,-48.360547,272.410819,-49.318717
Ara,272.410819,-49.318717,272.438763,-50.276881
Ara,272.438763,-50.276881,272.467855,-51.235039
Ara,272.467855,-51.235039,272.498184,-52.193188
Ara,272.498184,-52.193188,272.529850,-53.151330
Ara,272.529850,-53.151330,272.562962,-54.109463
Ara,272.562962,-54.109463,272.597640,-55.067586
Ara,272.597640,-55.067586,272.634020,-56.025699
Ara,272.634020,-56.025699,272.672251,-56.983801
Ara,272.672300,-56.983800,271.735293,-56.995186
Ara,271.735293,-56.995186,270.797999,-57.006575
Ara,270.797999,-57.006575,269.860418,-57.017964
Ara,269.860418,-57.017964,268.922550,-57.029350
Ara,268.922550,-57.029350,267.984394,-57.040730
Ara,267.984394,-57.040730,267.045950,-57.052101
Ara,267.045950,-57.052101,266.107219,-57.063460
Ara,266.107219,-57.063460,265.168200,-57.074803
Ara,265.168200,-57.074800,265.208217,-58.029101
Ara,265.208217,-58.029101,265.250428,-58.983389
Ara,265.250428,-58.983389,265.295045,-59.937662
Ara,265.295045,-59.937662,265.342306,-60.891919
Ara,265.342306,-60.891919,265.392482,-61.846158
Ara,265.392482,-61.846158,265.445881,-62.800379
Ara,265.445881,-62.800379,265.502858,-63.754577
Ara,265.502858,-63.754577,265.563818,-64.708752
Ara,265.563818,-64.708752,265.629233,-65.662899
Ara,265.629233,-65.662899,265.699650,-66.617017
Ara,265.699650,-66.617017,265.775708,-67.571100
Ara,265.775700,-67.571100,264.835631,-67.582437
Ara,264.835631,-67.582437,263.895109,-67.593755
Ara,263.895109,-67.593755,262.954136,-67.605050
Ara,262.954136,-67.605050,262.012710,-67.616319
Ara,262.012710,-67.616319,261.070833,-67.627560
Ara,261.070833,-67.627560,260.128505,-67.638770
Ara,260.128505,-67.638770,259.185727,-67.649944
Ara,259.185727,-67.649944,258.242498,-67.661081
Ara,258.242500,-67.661100,257.403687,-67.670965
Ara,257.403687,-67.670965,256.564520,-67.680797
Ara,256.564520,-67.680797,255.724999,-67.690591
Ara,255.725000,-67.690600,255.660004,-66.857624
Ara,255.660004,-66.857624,255.599284,-66.024623
Ara,255.599284,-66.024623,255.542409,-65.191600
Ara,255.542400,-65.191600,254.913034,-65.198914
Ara,254.913034,-65.198914,254.283494,-65.206206
Ara,254.283500,-65.206300,254.238157,-64.498207
Ara,254.238157,-64.498207,254.195103,-63.790100
Ara,254.195100,-63.790100,253.355790,-63.799780
Ara,253.355790,-63.799780,252.516190,-63.809416
Ara,252.516190,-63.809416,251.676300,-63.819006
Ara,251.676300,-63.819000,251.627436,-62.958182
Ara,251.627436,-62.958182,251.581366,-62.097348
Ara,251.581366,-62.097348,251.537839,-61.236500
Ara,251.537800,-61.236500,250.719311,-61.245795
Ara,250.719311,-61.245795,249.900578,-61.255041
Ara,249.900578,-61.255041,249.081602,-61.264237
Ara,249.081600,-61.264200,249.034668,-60.264500
Ari,31.665200,10.514400,30.663340,10.520541
Ari,30.663340,10.520541,29.661460,10.526498
Ari,29.661460,10.526498,28.659559,10.532268
Ari,28.659559,10.532268,27.657639,10.537851
Ari,27.657639,10.537851,26.655700,10.543244
Ari,26.655700,10.543200,26.660874,11.485895
Ari,26.660874,11.485895,26.666082,12.428589
Ari,26.666082,12.428589,26.671328,13.371284
Ari,26.671328,13.371284,26.676616,14.313979
Ari,26.676616,14.313979,26.681948,15.256673
Ari,26.681948,15.256673,26.687328,16.199367
Ari,26.687328,16.199367,26.692760,17.142061
Ari,26.692760,17.142061,26.698247,18.084755
Ari,26.698247,18.084755,26.703794,19.027449
Ari,26.703794,19.027449,26.709404,19.970143
Ari,26.709404,19.970143,26.715081,20.912836
Ari,26.715081,20.912836,26.720830,21.855529
Ari,26.720830,21.855529,26.726656,22.798222
Ari,26.726656,22.798222,26.732563,23.740915
Ari,26.732563,23.740915,26.738555,24.683608
Ari,26.738555,24.683608,26.744640,25.626300
Ari,26.744700,25.626300,27.687014,25.621233
Ari,27.687014,25.621233,28.629286,25.615999
Ari,28.629286,25.615999,29.571515,25.610600
Ari,29.571515,25.610600,30.513700,25.605036
Ari,30.513700,25.605100,30.519261,26.355067
Ari,30.519261,26.355067,30.524894,27.105034
Ari,30.524894,27.105034,30.530604,27.855000
Ari,30.530600,27.855000,31.473228,27.849271
Ari,31.473228,27.849271,32.415805,27.843380
Ari,32.415805,27.843380,33.358328,27.837330
Ari,33.358328,27.837330,34.300797,27.831122
Ari,34.300797,27.831122,35.243210,27.824758
Ari,35.243210,27.824758,36.185565,27.818239
Ari,36.185565,27.818239,37.127862,27.811568
Ari,37.127862,27.811568,38.070099,27.804746
Ari,38.070100,27.804800,38.078155,28.658926
Ari,38.078155,28.658926,38.086342,29.513051
Ari,38.086342,29.513051,38.094669,30.367176
Ari,38.094669,30.367176,38.103142,31.221300
Ari,38.103200,31.221300,39.008375,31.214605
Ari,39.008375,31.214605,39.913483,31.207775
Ari,39.913483,31.207775,40.818525,31.200810
Ari,40.818525,31.200810,41.723497,31.193714
Ari,41.723497,31.193714,42.628400,31.186487
Ari,42.628400,31.186500,43.608630,31.178525
Ari,43.608630,31.178525,44.588774,31.170402
Ari,44.588774,31.170402,45.568833,31.162133
Ari,45.568833,31.162133,46.548803,31.153719
Ari,46.548803,31.153719,47.528684,31.145165
Ari,47.528684,31.145165,48.508474,31.136471
Ari,48.508474,31.136471,49.488172,31.127641
Ari,49.488172,31.127641,50.467776,31.118678
Ari,50.467776,31.118678,51.447286,31.109583
Ari,51.447286,31.109583,52.426699,31.100360
Ari,52.426700,31.100400,52.414254,30.128230
Ari,52.414254,30.128230,52.402050,29.156059
Ari,52.402050,29.156059,52.390075,28.183887
Ari,52.390075,28.183887,52.378316,27.211714
Ari,52.378316,27.211714,52.366761,26.239540
Ari,52.366761,26.239540,52.355397,25.267365
Ari,52.355397,25.267365,52.344213,24.295190
Ari,52.344213,24.295190,52.333200,23.323013
Ari,52.333200,23.323013,52.322347,22.350836
Ari,52.322347,22.350836,52.311644,21.378658
Ari,52.311644,21.378658,52.301083,20.406479
Ari,52.301083,20.406479,52.290654,19.434299
Ari,52.290600,19.434300,51.663912,19.440216
Ari,51.663912,19.440216,51.037200,19.446080
Ari,51.037200,19.446100,51.027738,18.537812
Ari,51.027738,18.537812,51.018376,17.629523
Ari,51.018376,17.629523,51.009108,16.721234
Ari,51.009108,16.721234,50.999928,15.812944
Ari,50.999928,15.812944,50.990830,14.904655
Ari,50.990830,14.904655,50.981808,13.996364
Ari,50.981808,13.996364,50.972857,13.088074
Ari,50.972857,13.088074,50.963972,12.179783
Ari,50.963972,12.179783,50.955148,11.271492
Ari,50.955148,11.271492,50.946379,10.363200
Ari,50.946400,10.363200,49.982587,10.372113
Ari,49.982587,10.372113,49.018745,10.380898
Ari,49.018745,10.380898,48.054876,10.389551
Ari,48.054876,10.389551,47.090979,10.398071
Ari,47.090979,10.398071,46.127054,10.406456
Ari,46.127054,10.406456,45.163102,10.414701
Ari,45.163102,10.414701,44.199124,10.422807
Ari,44.199124,10.422807,43.235120,10.430769
Ari,43.235120,10.430769,42.271090,10.438586
Ari,42.271090,10.438586,41.307035,10.446255
Ari,41.307035,10.446255,40.342955,10.453775
Ari,40.342955,10.453775,39.378851,10.461144
Ari,39.378851,10.461144,38.414723,10.468358
Ari,38.414723,10.468358,37.450572,10.475417
Ari,37.450572,10.475417,36.486397,10.482318
Ari,36.486397,10.482318,35.522201,10.489059
Ari,35.522201,10.489059,34.557982,10.495638
Ari,34.557982,10.495638,33.593742,10.502053
Ari,33.593742,10.502053,32.629481,10.508303
Ari,32.629481,10.508303,31.665200,10.514386
Aur,69.486900,30.921900,69.500663,31.810704
Aur,69.500663,31.810704,69.514693,32.699507
Aur,69.514693,32.699507,69.529006,33.588308
Aur,69.529006,33.588308,69.543616,34.477107
Aur,69.543616,34.477107,69.558541,35.365904
Aur,69.558541,35.365904,69.573799,36.254700
Aur,69.573800,36.254700,70.535102,36.243812
Aur,70.535102,36.243812,71.496269,36.232857
Aur,71.496269,36.232857,72.457299,36.221837
Aur,72.457300,36.221900,72.474666,37.192383
Aur,72.474666,37.192383,72.492484,38.162863
Aur,72.492484,38.162863,72.510783,39.133340
Aur,72.510783,39.133340,72.529593,40.103814
Aur,72.529593,40.103814,72.548948,41.074286
Aur,72.548948,41.074286,72.568883,42.044753
Aur,72.568883,42.044753,72.589437,43.015218
Aur,72.589437,43.015218,72.610650,43.985678
Aur,72.610650,43.985678,72.632569,44.956135
Aur,72.632569,44.956135,72.655242,45.926587
Aur,72.655242,45.926587,72.678723,46.897034
Aur,72.678723,46.897034,72.703069,47.867477
Aur,72.703069,47.867477,72.728344,48.837914
Aur,72.728344,48.837914,72.754618,49.808346
Aur,72.754618,49.808346,72.781967,50.778771
Aur,72.781967,50.778771,72.810476,51.749189
Aur,72.810476,51.749189,72.840236,52.719601
Aur,72.840300,52.719600,73.769662,52.708882
Aur,73.769662,52.708882,74.698794,52.698111
Aur,74.698794,52.698111,75.627694,52.687290
Aur,75.627694,52.687290,76.556362,52.676421
Aur,76.556362,52.676421,77.484797,52.665506
Aur,77.484800,52.665600,77.513393,53.540411
Aur,77.513393,53.540411,77.543193,54.415215
Aur,77.543193,54.415215,77.574292,55.290012
Aur,77.574292,55.290012,77.606794,56.164800
Aur,77.606800,56.164800,78.581184,56.153297
Aur,78.581184,56.153297,79.555273,56.141752
Aur,79.555273,56.141752,80.529069,56.130168
Aur,80.529069,56.130168,81.502569,56.118548
Aur,81.502569,56.118548,82.475773,56.106896
Aur,82.475773,56.106896,83.448682,56.095215
Aur,83.448682,56.095215,84.421294,56.083508
Aur,84.421294,56.083508,85.393609,56.071779
Aur,85.393609,56.071779,86.365628,56.060031
Aur,86.365628,56.060031,87.337349,56.048268
Aur,87.337349,56.048268,88.308774,56.036492
Aur,88.308774,56.036492,89.279902,56.024708
Aur,89.279902,56.024708,90.250733,56.012919
Aur,90.250733,56.012919,91.221268,56.001127
Aur,91.221268,56.001127,92.191507,55.989337
Aur,92.191507,55.989337,93.161451,55.977552
Aur,93.161451,55.977552,94.131099,55.965775
Aur,94.131100,55.965800,94.093321,54.966056
Aur,94.093321,54.966056,94.057377,53.966300
Aur,94.057400,53.966300,95.056222,53.954178
Aur,95.056222,53.954178,96.054754,53.942071
Aur,96.054754,53.942071,97.052997,53.929983
Aur,97.052997,53.929983,98.050952,53.917919
Aur,98.050952,53.917919,99.048620,53.905881
Aur,99.048620,53.905881,100.046003,53.893874
Aur,100.046000,53.893800,100.012187,52.894013
Aur,100.012187,52.894013,99.979899,51.894217
Aur,99.979899,51.894217,99.949016,50.894413
Aur,99.949016,50.894413,99.919432,49.894601
Aur,99.919500,49.894600,100.817277,49.883818
Aur,100.817277,49.883818,101.714855,49.873066
Aur,101.714855,49.873066,102.612234,49.862347
Aur,102.612234,49.862347,103.509416,49.851662
Aur,103.509416,49.851662,104.406400,49.841015
Aur,104.406400,49.841000,104.380773,48.924479
Aur,104.380773,48.924479,104.356069,48.007953
Aur,104.356069,48.007953,104.332229,47.091421
Aur,104.332229,47.091421,104.309195,46.174885
Aur,104.309195,46.174885,104.286916,45.258344
Aur,104.286916,45.258344,104.265345,44.341799
Aur,104.265300,44.341800,105.206978,44.330664
Aur,105.206978,44.330664,106.148478,44.319575
Aur,106.148478,44.319575,107.089802,44.308535
Aur,107.089802,44.308535,108.030951,44.297549
Aur,108.030951,44.297549,108.971925,44.286618
Aur,108.971925,44.286618,109.912726,44.275746
Aur,109.912726,44.275746,110.853355,44.264936
Aur,110.853355,44.264936,111.793812,44.254191
Aur,111.793812,44.254191,112.734100,44.243512
Aur,112.734100,44.243500,112.712411,43.243625
Aur,112.712411,43.243625,112.691422,42.243746
Aur,112.691422,42.243746,112.671089,41.243863
Aur,112.671089,41.243863,112.651368,40.243977
Aur,112.651368,40.243977,112.632221,39.244087
Aur,112.632221,39.244087,112.613613,38.244194
Aur,112.613613,38.244194,112.595510,37.244299
Aur,112.595510,37.244299,112.577881,36.244401
Aur,112.577881,36.244401,112.560697,35.244500
Aur,112.560700,35.244500,111.602224,35.255385
Aur,111.602224,35.255385,110.643621,35.266339
Aur,110.643621,35.266339,109.684888,35.277360
Aur,109.684888,35.277360,108.726026,35.288444
Aur,108.726026,35.288444,107.767033,35.299588
Aur,107.767033,35.299588,106.807909,35.310790
Aur,106.807909,35.310790,105.848653,35.322045
Aur,105.848653,35.322045,104.889263,35.333351
Aur,104.889263,35.333351,103.929740,35.344704
Aur,103.929740,35.344704,102.970083,35.356102
Aur,102.970083,35.356102,102.010291,35.367541
Aur,102.010291,35.367541,101.050363,35.379019
Aur,101.050363,35.379019,100.090299,35.390531
Aur,100.090300,35.390600,100.073557,34.453195
Aur,100.073557,34.453195,100.057186,33.515787
Aur,100.057186,33.515787,100.041165,32.578377
Aur,100.041165,32.578377,100.025477,31.640965
Aur,100.025477,31.640965,100.010101,30.703552
Aur,100.010101,30.703552,99.995022,29.766136
Aur,99.995022,29.766136,99.980222,28.828719
Aur,99.980222,28.828719,99.965686,27.891300
Aur,99.965700,27.891300,98.991717,27.903009
Aur,98.991717,27.903009,98.017628,27.914748
Aur,98.017628,27.914748,97.043434,27.926511
Aur,97.043434,27.926511,96.069134,27.938296
Aur,96.069134,27.938296,95.094728,27.950100
Aur,95.094728,27.950100,94.120216,27.961919
Aur,94.120216,27.961919,93.145598,27.973749
Aur,93.145598,27.973749,92.170872,27.985588
Aur,92.170872,27.985588,91.196039,27.997432
Aur,91.196039,27.997432,90.221100,28.009277
Aur,90.221100,28.009300,90.228928,28.509200
Aur,90.228900,28.509200,89.228855,28.521347
Aur,89.228855,28.521347,88.228694,28.533487
Aur,88.228694,28.533487,87.228419,28.545618
Aur,87.228419,28.545618,86.228028,28.557736
Aur,86.228028,28.557736,85.227521,28.569838
Aur,85.227521,28.569838,84.226899,28.581918
Aur,84.226899,28.581918,83.226162,28.593974
Aur,83.226162,28.593974,82.225310,28.606002
Aur,82.225310,28.606002,81.224343,28.617999
Aur,81.224343,28.617999,80.223261,28.629960
Aur,80.223261,28.629960,79.222065,28.641882
Aur,79.222065,28.641882,78.220754,28.653762
Aur,78.220754,28.653762,77.219330,28.665596
Aur,77.219330,28.665596,76.217792,28.677379
Aur,76.217792,28.677379,75.216141,28.689109
Aur,75.216141,28.689109,74.214376,28.700782
Aur,74.214376,28.700782,73.212500,28.712395
Aur,73.212500,28.712400,73.223851,29.462350
Aur,73.223851,29.462350,73.235372,30.212299
Aur,73.235300,30.212300,72.295830,30.223130
Aur,72.295830,30.223130,71.356257,30.233900
Aur,71.356257,30.233900,70.416580,30.244608
Aur,70.416580,30.244608,69.476799,30.255251
Aur,69.476800,30.255300,69.486955,30.921899
Boo,227.781500,7.525400,226.793082,7.516681
Boo,226.793082,7.516681,225.804682,7.508107
Boo,225.804682,7.508107,224.816301,7.499679
Boo,224.816301,7.499679,223.827937,7.491400
Boo,223.827937,7.491400,222.839590,7.483273
Boo,222.839590,7.483273,221.851261,7.475300
Boo,221.851261,7.475300,220.862948,7.467483
Boo,220.862948,7.467483,219.874651,7.459825
Boo,219.874651,7.459825,218.886370,7.452328
Boo,218.886370,7.452328,217.898104,7.444994
Boo,217.898104,7.444994,216.909854,7.437825
Boo,216.909854,7.437825,215.921619,7.430824
Boo,215.921619,7.430824,214.933397,7.423993
Boo,214.933397,7.423993,213.945190,7.417333
Boo,213.945190,7.417333,212.956996,7.410847
Boo,212.956996,7.410847,211.968816,7.404537
Boo,211.968816,7.404537,210.980648,7.398404
Boo,210.980648,7.398404,209.992493,7.392450
Boo,209.992493,7.392450,209.004350,7.386677
Boo,209.004350,7.386677,208.016218,7.381086
Boo,208.016218,7.381086,207.028098,7.375681
Boo,207.028098,7.375681,206.039988,7.370461
Boo,206.039988,7.370461,205.051889,7.365428
Boo,205.051889,7.365428,204.063800,7.360585
Boo,204.063800,7.360600,204.058903,8.360586
Boo,204.058903,8.360586,204.053980,9.360572
Boo,204.053980,9.360572,204.049030,10.360558
Boo,204.049030,10.360558,204.044047,11.360543
Boo,204.044047,11.360543,204.039030,12.360529
Boo,204.039030,12.360529,204.033973,13.360514
Boo,204.033973,13.360514,204.028875,14.360500
Boo,204.028900,14.360500,204.023941,15.324772
Boo,204.023941,15.324772,204.018935,16.289045
Boo,204.018935,16.289045,204.013880,17.253317
Boo,204.013880,17.253317,204.008772,18.217589
Boo,204.008772,18.217589,204.003607,19.181861
Boo,204.003607,19.181861,203.998382,20.146132
Boo,203.998382,20.146132,203.993091,21.110404
Boo,203.993091,21.110404,203.987731,22.074675
Boo,203.987731,22.074675,203.982298,23.038947
Boo,203.982298,23.038947,203.976786,24.003218
Boo,203.976786,24.003218,203.971190,24.967489
Boo,203.971190,24.967489,203.965507,25.931759
Boo,203.965507,25.931759,203.959730,26.896030
Boo,203.959730,26.896030,203.953853,27.860300
Boo,203.953900,27.860300,204.930178,27.865085
Boo,204.930178,27.865085,205.906499,27.870055
Boo,205.906499,27.870055,206.882864,27.875209
Boo,206.882864,27.875209,207.859275,27.880546
Boo,207.859275,27.880546,208.835734,27.886064
Boo,208.835734,27.886064,209.812242,27.891762
Boo,209.812242,27.891762,210.788800,27.897637
Boo,210.788800,27.897700,210.782895,28.647667
Boo,210.782895,28.647667,210.776905,29.397633
Boo,210.776905,29.397633,210.770827,30.147600
Boo,210.770900,30.147600,211.329890,30.151042
Boo,211.329890,30.151042,211.888900,30.154542
Boo,211.888900,30.154500,211.880491,31.140585
Boo,211.880491,31.140585,211.871904,32.126669
Boo,211.871904,32.126669,211.863130,33.112752
Boo,211.863130,33.112752,211.854157,34.098835
Boo,211.854157,34.098835,211.844973,35.084917
Boo,211.844973,35.084917,211.835563,36.070998
Boo,211.835563,36.070998,211.825915,37.057079
Boo,211.825915,37.057079,211.816012,38.043159
Boo,211.816012,38.043159,211.805839,39.029238
Boo,211.805839,39.029238,211.795379,40.015316
Boo,211.795379,40.015316,211.784611,41.001393
Boo,211.784611,41.001393,211.773516,41.987469
Boo,211.773516,41.987469,211.762072,42.973544
Boo,211.762072,42.973544,211.750256,43.959618
Boo,211.750256,43.959618,211.738040,44.945691
Boo,211.738040,44.945691,211.725397,45.931762
Boo,211.725397,45.931762,211.712297,46.917832
Boo,211.712297,46.917832,211.698705,47.903900
Boo,211.698700,47.903900,211.686199,48.778868
Boo,211.686199,48.778868,211.673254,49.653835
Boo,211.673254,49.653835,211.659835,50.528800
Boo,211.659835,50.528800,211.645909,51.403764
Boo,211.645909,51.403764,211.631440,52.278726
Boo,211.631440,52.278726,211.616388,53.153686
Boo,211.616388,53.153686,211.600709,54.028644
Boo,211.600709,54.028644,211.584357,54.903600
Boo,211.584400,54.903600,212.528503,54.909641
Boo,212.528503,54.909641,213.472746,54.915845
Boo,213.472746,54.915845,214.417133,54.922211
Boo,214.417133,54.922211,215.361669,54.928736
Boo,215.361669,54.928736,216.306356,54.935419
Boo,216.306356,54.935419,217.251199,54.942259
Boo,217.251200,54.942200,218.199362,54.949218
Boo,218.199362,54.949218,219.147688,54.956389
Boo,219.147688,54.956389,220.096181,54.963712
Boo,220.096181,54.963712,221.044845,54.971185
Boo,221.044845,54.971185,221.993684,54.978805
Boo,221.993684,54.978805,222.942702,54.986571
Boo,222.942702,54.986571,223.891901,54.994481
Boo,223.891901,54.994481,224.841285,55.002532
Boo,224.841285,55.002532,225.790858,55.010722
Boo,225.790858,55.010722,226.740623,55.019048
Boo,226.740623,55.019048,227.690583,55.027510
Boo,227.690583,55.027510,228.640742,55.036104
Boo,228.640742,55.036104,229.591102,55.044828
Boo,229.591100,55.044900,229.614093,54.211671
Boo,229.614093,54.211671,229.636178,53.378437
Boo,229.636178,53.378437,229.657414,52.545200
Boo,229.657400,52.545200,230.585137,52.553837
Boo,230.585137,52.553837,231.513054,52.562594
Boo,231.513054,52.562594,232.441155,52.571467
Boo,232.441155,52.571467,233.369442,52.580455
Boo,233.369442,52.580455,234.297917,52.589555
Boo,234.297917,52.589555,235.226584,52.598765
Boo,235.226584,52.598765,236.155444,52.608082
Boo,236.155444,52.608082,237.084500,52.617504
Boo,237.084500,52.617500,237.104895,51.867602
Boo,237.104895,51.867602,237.124620,51.117700
Boo,237.124600,51.117700,237.148893,50.159488
Boo,237.148893,50.159488,237.172231,49.201272
Boo,237.172231,49.201272,237.194682,48.243050
Boo,237.194682,48.243050,237.216307,47.284825
Boo,237.216307,47.284825,237.237163,46.326596
Boo,237.237163,46.326596,237.257300,45.368363
Boo,237.257300,45.368363,237.276767,44.410126
Boo,237.276767,44.410126,237.295606,43.451887
Boo,237.295606,43.451887,237.313857,42.493644
Boo,237.313857,42.493644,237.331557,41.535399
Boo,237.331557,41.535399,237.348740,40.577151
Boo,237.348740,40.577151,237.365438,39.618900
Boo,237.365400,39.618900,236.420807,39.609322
Boo,236.420807,39.609322,235.476342,39.599850
Boo,235.476342,39.599850,234.532003,39.590489
Boo,234.532003,39.590489,233.587790,39.581241
Boo,233.587790,39.581241,232.643700,39.572107
Boo,232.643700,39.572100,232.659650,38.572177
Boo,232.659650,38.572177,232.675161,37.572252
Boo,232.675161,37.572252,232.690262,36.572325
Boo,232.690262,36.572325,232.704977,35.572397
Boo,232.704977,35.572397,232.719328,34.572466
Boo,232.719328,34.572466,232.733339,33.572534
Boo,232.733339,33.572534,232.747029,32.572600
Boo,232.747000,32.572600,231.814091,32.563689
Boo,231.814091,32.563689,230.881272,32.554895
Boo,230.881272,32.554895,229.948542,32.546219
Boo,229.948542,32.546219,229.015900,32.537665
Boo,229.015900,32.537700,229.028573,31.537760
Boo,229.028573,31.537760,229.040977,30.537820
Boo,229.040977,30.537820,229.053128,29.537878
Boo,229.053128,29.537878,229.065041,28.537935
Boo,229.065041,28.537935,229.076730,27.537991
Boo,229.076730,27.537991,229.088209,26.538046
Boo,229.088209,26.538046,229.099489,25.538100
Boo,229.099500,25.538100,228.352479,25.531337
Boo,228.352479,25.531337,227.605499,25.524654
Boo,227.605500,25.524600,227.616331,24.524649
Boo,227.616331,24.524649,227.626990,23.524697
Boo,227.626990,23.524697,227.637489,22.524745
Boo,227.637489,22.524745,227.647837,21.524792
Boo,227.647837,21.524792,227.658044,20.524838
Boo,227.658044,20.524838,227.668118,19.524884
Boo,227.668118,19.524884,227.678068,18.524929
Boo,227.678068,18.524929,227.687902,17.524974
Boo,227.687902,17.524974,227.697628,16.525018
Boo,227.697628,16.525018,227.707255,15.525062
Boo,227.707255,15.525062,227.716788,14.525105
Boo,227.716788,14.525105,227.726235,13.525148
Boo,227.726235,13.525148,227.735604,12.525191
Boo,227.735604,12.525191,227.744900,11.525233
Boo,227.744900,11.525233,227.754130,10.525275
Boo,227.754130,10.525275,227.763301,9.525317
Boo,227.763301,9.525317,227.772418,8.525359
Boo,227.772418,8.525359,227.781487,7.525400
Cae,65.076400,-39.700700,65.059465,-40.600614
Cae,65.059465,-40.600614,65.042067,-41.500525
Cae,65.042067,-41.500525,65.024180,-42.400433
Cae,65.024180,-42.400433,65.005771,-43.300338
Cae,65.005771,-43.300338,64.986810,-44.200241
Cae,64.986810,-44.200241,64.967260,-45.100140
Cae,64.967260,-45.100140,64.947084,-46.000036
Cae,64.947084,-46.000036,64.926241,-46.899928
Cae,64.926241,-46.899928,64.904686,-47.799816
Cae,64.904686,-47.799816,64.882371,-48.699700
Cae,64.882400,-48.699700,65.752101,-48.709296
Cae,65.752101,-48.709296,66.621967,-48.718960
Cae,66.621967,-48.718960,67.491999,-48.728690
Cae,67.491999,-48.728690,68.362198,-48.738484
Cae,68.362200,-48.738400,68.383476,-47.905204
Cae,68.383476,-47.905204,68.404078,-47.072003
Cae,68.404078,-47.072003,68.424045,-46.238799
Cae,68.424100,-46.238800,69.419290,-46.250074
Cae,69.419290,-46.250074,70.414684,-46.261424
Cae,70.414684,-46.261424,71.410282,-46.272848
Cae,71.410282,-46.272848,72.406087,-46.284342
Cae,72.406087,-46.284342,73.402100,-46.295903
Cae,73.402100,-46.295900,73.423094,-45.421030
Cae,73.423094,-45.421030,73.443448,-44.546157
Cae,73.443448,-44.546157,73.463199,-43.671280
Cae,73.463199,-43.671280,73.482382,-42.796400
Cae,73.482400,-42.796400,74.312937,-42.806086
Cae,74.312937,-42.806086,75.143604,-42.815815
Cae,75.143604,-42.815815,75.974400,-42.825582
Cae,75.974400,-42.825600,75.995617,-41.841347
Cae,75.995617,-41.841347,76.016192,-40.857090
Cae,76.016192,-40.857090,76.036164,-39.872829
Cae,76.036164,-39.872829,76.055571,-38.888565
Cae,76.055571,-38.888565,76.074447,-37.904298
Cae,76.074447,-37.904298,76.092825,-36.920028
Cae,76.092825,-36.920028,76.110734,-35.935755
Cae,76.110734,-35.935755,76.128203,-34.951480
Cae,76.128203,-34.951480,76.145258,-33.967202
Cae,76.145258,-33.967202,76.161922,-32.982922
Cae,76.161922,-32.982922,76.178219,-31.998640
Cae,76.178219,-31.998640,76.194169,-31.014355
Cae,76.194169,-31.014355,76.209793,-30.030069
Cae,76.209793,-30.030069,76.225110,-29.045781
Cae,76.225110,-29.045781,76.240138,-28.061491
Cae,76.240138,-28.061491,76.254893,-27.077200
Cae,76.254900,-27.077200,75.422962,-27.067419
Cae,75.422962,-27.067419,74.591095,-27.057677
Cae,74.591095,-27.057677,73.759300,-27.047977
Cae,73.759300,-27.048000,72.761249,-27.036416
Cae,72.761249,-27.036416,71.763300,-27.024898
Cae,71.763300,-27.024900,71.749897,-27.941468
Cae,71.749897,-27.941468,71.736264,-28.858035
Cae,71.736264,-28.858035,71.722389,-29.774600
Cae,71.722400,-29.774600,70.849508,-29.764581
Cae,70.849508,-29.764581,69.976701,-29.754616
Cae,69.976700,-29.754700,69.961443,-30.754606
Cae,69.961443,-30.754606,69.945866,-31.754510
Cae,69.945866,-31.754510,69.929949,-32.754413
Cae,69.929949,-32.754413,69.913670,-33.754313
Cae,69.913670,-33.754313,69.897007,-34.754211
Cae,69.897007,-34.754211,69.879936,-35.754107
Cae,69.879936,-35.754107,69.862430,-36.754000
Cae,69.862400,-36.754000,68.915640,-36.743256
Cae,68.915640,-36.743256,67.969011,-36.732582
Cae,67.969011,-36.732582,67.022512,-36.721983
Cae,67.022512,-36.721983,66.076142,-36.711460
Cae,66.076142,-36.711460,65.129900,-36.701017
Cae,65.129900,-36.701000,65.112572,-37.700903
Cae,65.112572,-37.700903,65.094771,-38.700803
Cae,65.094771,-38.700803,65.076464,-39.700701
Cam,94.131100,55.965800,93.161452,55.977577
Cam,93.161452,55.977577,92.191508,55.989362
Cam,92.191508,55.989362,91.221269,56.001152
Cam,91.221269,56.001152,90.250734,56.012943
Cam,90.250734,56.012943,89.279903,56.024733
Cam,89.279903,56.024733,88.308775,56.036517
Cam,88.308775,56.036517,87.337350,56.048292
Cam,87.337350,56.048292,86.365629,56.060056
Cam,86.365629,56.060056,85.393610,56.071804
Cam,85.393610,56.071804,84.421295,56.083533
Cam,84.421295,56.083533,83.448683,56.095240
Cam,83.448683,56.095240,82.475774,56.106921
Cam,82.475774,56.106921,81.502570,56.118573
Cam,81.502570,56.118573,80.529070,56.130193
Cam,80.529070,56.130193,79.555274,56.141777
Cam,79.555274,56.141777,78.581185,56.153322
Cam,78.581185,56.153322,77.606801,56.164825
Cam,77.606800,56.164800,77.574299,55.290012
Cam,77.574299,55.290012,77.543199,54.415215
Cam,77.543199,54.415215,77.513399,53.540411
Cam,77.513399,53.540411,77.484806,52.665600
Cam,77.484800,52.665600,76.556365,52.676514
Cam,76.556365,52.676514,75.627697,52.687383
Cam,75.627697,52.687383,74.698797,52.698205
Cam,74.698797,52.698205,73.769665,52.708976
Cam,73.769665,52.708976,72.840303,52.719694
Cam,72.840300,52.719600,71.865228,52.730781
Cam,71.865228,52.730781,70.889904,52.741898
Cam,70.889904,52.741898,69.914331,52.752946
Cam,69.914331,52.752946,68.938508,52.763922
Cam,68.938508,52.763922,67.962438,52.774824
Cam,67.962438,52.774824,66.986122,52.785648
Cam,66.986122,52.785648,66.009562,52.796391
Cam,66.009562,52.796391,65.032759,52.807049
Cam,65.032759,52.807049,64.055714,52.817620
Cam,64.055714,52.817620,63.078431,52.828101
Cam,63.078431,52.828101,62.100909,52.838488
Cam,62.100909,52.838488,61.123153,52.848778
Cam,61.123153,52.848778,60.145163,52.858969
Cam,60.145163,52.858969,59.166941,52.869057
Cam,59.166941,52.869057,58.188490,52.879040
Cam,58.188490,52.879040,57.209812,52.888914
Cam,57.209812,52.888914,56.230909,52.898677
Cam,56.230909,52.898677,55.251784,52.908325
Cam,55.251784,52.908325,54.272439,52.917857
Cam,54.272439,52.917857,53.292876,52.927268
Cam,53.292876,52.927268,52.313099,52.936557
Cam,52.313100,52.936600,52.335124,53.769838
Cam,52.335124,53.769838,52.358041,54.603071
Cam,52.358041,54.603071,52.381915,55.436300
Cam,52.381900,55.436300,51.539436,55.444185
Cam,51.539436,55.444185,50.696802,55.451976
Cam,50.696802,55.451976,49.853999,55.459672
Cam,49.854000,55.459700,49.882953,56.459554
Cam,49.882953,56.459554,49.913472,57.459400
Cam,49.913500,57.459400,49.407232,57.463975
Cam,49.407232,57.463975,48.900900,57.468515
Cam,48.900900,57.468500,48.929932,58.385038
Cam,48.929932,58.385038,48.960513,59.301569
Cam,48.960513,59.301569,48.992787,60.218092
Cam,48.992787,60.218092,49.026918,61.134607
Cam,49.026918,61.134607,49.063090,62.051113
Cam,49.063090,62.051113,49.101510,62.967609
Cam,49.101510,62.967609,49.142417,63.884093
Cam,49.142417,63.884093,49.186084,64.800566
Cam,49.186084,64.800566,49.232825,65.717025
Cam,49.232825,65.717025,49.283002,66.633468
Cam,49.283002,66.633468,49.337037,67.549894
Cam,49.337037,67.549894,49.395424,68.466301
Cam,49.395500,68.466300,50.364580,68.457579
Cam,50.364580,68.457579,51.333276,68.448732
Cam,51.333276,68.448732,52.301581,68.439761
Cam,52.301581,68.439761,53.269492,68.430668
Cam,53.269492,68.430668,54.237004,68.421456
Cam,54.237000,68.421400,54.303385,69.321085
Cam,54.303385,69.321085,54.375534,70.220743
Cam,54.375534,70.220743,54.454272,71.120370
Cam,54.454272,71.120370,54.540588,72.019960
Cam,54.540588,72.019960,54.635682,72.919507
Cam,54.635682,72.919507,54.741016,73.819006
Cam,54.741016,73.819006,54.858402,74.718447
Cam,54.858402,74.718447,54.990099,75.617820
Cam,54.990099,75.617820,55.138973,76.517110
Cam,55.138973,76.517110,55.308703,77.416300
Cam,55.308700,77.416300,56.017644,77.409470
Cam,56.017644,77.409470,56.726196,77.402581
Cam,56.726200,77.402600,56.889605,78.151809
Cam,56.889605,78.151809,57.074733,78.900912
Cam,57.074733,78.900912,57.286299,79.649886
Cam,57.286299,79.649886,57.530484,80.398700
Cam,57.530500,80.398700,58.541047,80.388762
Cam,58.541047,80.388762,59.550515,80.378712
Cam,59.550515,80.378712,60.558894,80.368555
Cam,60.558894,80.368555,61.566177,80.358293
Cam,61.566177,80.358293,62.572356,80.347929
Cam,62.572356,80.347929,63.577425,80.337468
Cam,63.577425,80.337468,64.581376,80.326911
Cam,64.581376,80.326911,65.584204,80.316263
Cam,65.584204,80.316263,66.585902,80.305527
Cam,66.585902,80.305527,67.586466,80.294707
Cam,67.586466,80.294707,68.585890,80.283805
Cam,68.585890,80.283805,69.584171,80.272825
Cam,69.584171,80.272825,70.581303,80.261770
Cam,70.581303,80.261770,71.577284,80.250645
Cam,71.577284,80.250645,72.572110,80.239452
Cam,72.572110,80.239452,73.565779,80.228195
Cam,73.565779,80.228195,74.558287,80.216877
Cam,74.558287,80.216877,75.549634,80.205502
Cam,75.549634,80.205502,76.539817,80.194073
Cam,76.539817,80.194073,77.528835,80.182594
Cam,77.528835,80.182594,78.516688,80.171068
Cam,78.516688,80.171068,79.503375,80.159499
Cam,79.503375,80.159499,80.488896,80.147890
Cam,80.488900,80.147900,80.936042,81.145244
Cam,80.936042,81.145244,81.495647,82.141923
Cam,81.495647,82.141923,82.216584,83.137648
Cam,82.216584,83.137648,83.180692,84.131935
Cam,83.180692,84.131935,84.535979,85.123901
Cam,84.536100,85.123900,85.550292,85.111813
Cam,85.550292,85.111813,86.561950,85.099706
Cam,86.561950,85.099706,87.571091,85.087583
Cam,87.571091,85.087583,88.577729,85.075448
Cam,88.577729,85.075448,89.581882,85.063305
Cam,89.581882,85.063305,90.583565,85.051157
Cam,90.583565,85.051157,91.582798,85.039008
Cam,91.582798,85.039008,92.579598,85.026863
Cam,92.579598,85.026863,93.573983,85.014724
Cam,93.573983,85.014724,94.565974,85.002595
Cam,94.565974,85.002595,95.555590,84.990479
Cam,95.555590,84.990479,96.542850,84.978382
Cam,96.542850,84.978382,97.527777,84.966305
Cam,97.527777,84.966305,98.510391,84.954253
Cam,98.510391,84.954253,99.490713,84.942228
Cam,99.490713,84.942228,100.468766,84.930235
Cam,100.468766,84.930235,101.444572,84.918277
Cam,101.444572,84.918277,102.418153,84.906356
Cam,102.418153,84.906356,103.389533,84.894478
Cam,103.389533,84.894478,104.358735,84.882644
Cam,104.358735,84.882644,105.325782,84.870858
Cam,105.325782,84.870858,106.290698,84.859124
Cam,106.290698,84.859124,107.253508,84.847444
Cam,107.253508,84.847444,108.214236,84.835822
Cam,108.214236,84.835822,109.172906,84.824261
Cam,109.172906,84.824261,110.129543,84.812764
Cam,110.129543,84.812764,111.084173,84.801334
Cam,111.084173,84.801334,112.036820,84.789974
Cam,112.036820,84.789974,112.987510,84.778687
Cam,112.987510,84.778687,113.936268,84.767477
Cam,113.936268,84.767477,114.883120,84.756345
Cam,114.883120,84.756345,115.828092,84.745295
Cam,115.828092,84.745295,116.771209,84.734329
Cam,116.771209,84.734329,117.712498,84.723452
Cam,117.712498,84.723452,118.651984,84.712664
Cam,118.651984,84.712664,119.589695,84.701969
Cam,119.589695,84.701969,120.525656,84.691370
Cam,120.525656,84.691370,121.459893,84.680870
Cam,121.459893,84.680870,122.392433,84.670470
Cam,122.392433,84.670470,123.323303,84.660174
Cam,123.323303,84.660174,124.252528,84.649984
Cam,124.252528,84.649984,125.180136,84.639902
Cam,125.180136,84.639902,126.106153,84.629931
Cam,126.106153,84.629931,127.030605,84.620074
Cam,127.030605,84.620074,127.953519,84.610332
Cam,127.953600,84.610400,128.982514,85.354981
Cam,128.982514,85.354981,130.402581,86.097502
Cam,130.402800,86.097500,131.283766,86.088247
Cam,131.283766,86.088247,132.162938,86.079114
Cam,132.162938,86.079114,133.040352,86.070104
Cam,133.040352,86.070104,133.916043,86.061218
Cam,133.916043,86.061218,134.790047,86.052458
Cam,134.790047,86.052458,135.662399,86.043826
Cam,135.662399,86.043826,136.533134,86.035324
Cam,136.533134,86.035324,137.402288,86.026954
Cam,137.402288,86.026954,138.269895,86.018716
Cam,138.269895,86.018716,139.135989,86.010613
Cam,139.135989,86.010613,140.000605,86.002647
Cam,140.000605,86.002647,140.863776,85.994818
Cam,140.863776,85.994818,141.725537,85.987129
Cam,141.725537,85.987129,142.585920,85.979581
Cam,142.585920,85.979581,143.444959,85.972175
Cam,143.444959,85.972175,144.302686,85.964914
Cam,144.302686,85.964914,145.159136,85.957797
Cam,145.159136,85.957797,146.014340,85.950828
Cam,146.014340,85.950828,146.868330,85.944006
Cam,146.868330,85.944006,147.721139,85.937334
Cam,147.721139,85.937334,148.572799,85.930813
Cam,148.572799,85.930813,149.423341,85.924443
Cam,149.423341,85.924443,150.272798,85.918227
Cam,150.272798,85.918227,151.121200,85.912164
Cam,151.121200,85.912164,151.968578,85.906257
Cam,151.968578,85.906257,152.814964,85.900507
Cam,152.814964,85.900507,153.660389,85.894914
Cam,153.660389,85.894914,154.504883,85.889480
Cam,154.504883,85.889480,155.348476,85.884206
Cam,155.348476,85.884206,156.191198,85.879092
Cam,156.191198,85.879092,157.033081,85.874139
Cam,157.033081,85.874139,157.874154,85.869349
Cam,157.874154,85.869349,158.714446,85.864723
Cam,158.714446,85.864723,159.553988,85.860260
Cam,159.553988,85.860260,160.392808,85.855963
Cam,160.392808,85.855963,161.230937,85.851831
Cam,161.230937,85.851831,162.068403,85.847866
Cam,162.068403,85.847866,162.905237,85.844068
Cam,162.905237,85.844068,163.741465,85.840438
Cam,163.741465,85.840438,164.577119,85.836977
Cam,164.577119,85.836977,165.412225,85.833684
Cam,165.412225,85.833684,166.246814,85.830562
Cam,166.246814,85.830562,167.080913,85.827610
Cam,167.080913,85.827610,167.914552,85.824829
Cam,167.914552,85.824829,168.747757,85.822219
Cam,168.747757,85.822219,169.580559,85.819781
Cam,169.580559,85.819781,170.412984,85.817516
Cam,170.412984,85.817516,171.245062,85.815423
Cam,171.245062,85.815423,172.076820,85.813503
Cam,172.076820,85.813503,172.908286,85.811756
Cam,172.908286,85.811756,173.739488,85.810184
Cam,173.739488,85.810184,174.570455,85.808785
Cam,174.570455,85.808785,175.401213,85.807560
Cam,175.401213,85.807560,176.231791,85.806510
Cam,176.231791,85.806510,177.062217,85.805635
Cam,177.062217,85.805635,177.892517,85.804934
Cam,177.892517,85.804934,178.722721,85.804408
Cam,178.722721,85.804408,179.552856,85.804058
Cam,179.552856,85.804058,180.382949,85.803882
Cam,180.382949,85.803882,181.213027,85.803881
Cam,181.213027,85.803881,182.043120,85.804056
Cam,182.043120,85.804056,182.873254,85.804405
Cam,182.873254,85.804405,183.703458,85.804930
Cam,183.703458,85.804930,184.533758,85.805630
Cam,184.533758,85.805630,185.364182,85.806504
Cam,185.364182,85.806504,186.194759,85.807553
Cam,186.194759,85.807553,187.025516,85.808776
Cam,187.025516,85.808776,187.856481,85.810174
Cam,187.856481,85.810174,188.687682,85.811746
Cam,188.687682,85.811746,189.519146,85.813491
Cam,189.519146,85.813491,190.350902,85.815410
Cam,190.350902,85.815410,191.182978,85.817502
Cam,191.182978,85.817502,192.015401,85.819766
Cam,192.015401,85.819766,192.848200,85.822203
Cam,192.848200,85.822203,193.681403,85.824812
Cam,193.681403,85.824812,194.515039,85.827592
Cam,194.515039,85.827592,195.349135,85.830543
Cam,195.349135,85.830543,196.183720,85.833664
Cam,196.183720,85.833664,197.018824,85.836955
Cam,197.018824,85.836955,197.854473,85.840415
Cam,197.854473,85.840415,198.690698,85.844044
Cam,198.690698,85.844044,199.527527,85.847841
Cam,199.527527,85.847841,200.364990,85.851805
Cam,200.364990,85.851805,201.203114,85.855936
Cam,201.203114,85.855936,202.041930,85.860232
Cam,202.041930,85.860232,202.881467,85.864694
Cam,202.881467,85.864694,203.721755,85.869319
Cam,203.721755,85.869319,204.562822,85.874108
Cam,204.562822,85.874108,205.404700,85.879059
Cam,205.404700,85.879059,206.247417,85.884172
Cam,206.247417,85.884172,207.091004,85.889446
Cam,207.091004,85.889446,207.935492,85.894879
Cam,207.935492,85.894879,208.780910,85.900471
Cam,208.780910,85.900471,209.627290,85.906220
Cam,209.627290,85.906220,210.474662,85.912126
Cam,210.474662,85.912126,211.323058,85.918187
Cam,211.323058,85.918187,212.172507,85.924403
Cam,212.172507,85.924403,213.023043,85.930772
Cam,213.023000,85.930800,214.154996,85.006504
Cam,214.154996,85.006504,214.933909,84.080873
Cam,214.933909,84.080873,215.502713,83.154449
Cam,215.502713,83.154449,215.936441,82.227515
Cam,215.936441,82.227515,216.278226,81.300235
Cam,216.278226,81.300235,216.554615,80.372708
Cam,216.554615,80.372708,216.782838,79.445000
Cam,216.782900,79.445000,215.852927,79.438068
Cam,215.852927,79.438068,214.923516,79.431295
Cam,214.923516,79.431295,213.994653,79.424682
Cam,213.994653,79.424682,213.066323,79.418231
Cam,213.066323,79.418231,212.138511,79.411943
Cam,212.138511,79.411943,211.211205,79.405820
Cam,211.211205,79.405820,210.284389,79.399863
Cam,210.284389,79.399863,209.358049,79.394075
Cam,209.358049,79.394075,208.432170,79.388456
Cam,208.432170,79.388456,207.506739,79.383008
Cam,207.506739,79.383008,206.581740,79.377732
Cam,206.581740,79.377732,205.657159,79.372629
Cam,205.657159,79.372629,204.732982,79.367701
Cam,204.732982,79.367701,203.809193,79.362949
Cam,203.809200,79.362900,203.944766,78.363250
Cam,203.944766,78.363250,204.059153,77.363546
Cam,204.059153,77.363546,204.157019,76.363800
Cam,204.157000,76.363800,203.229701,76.359205
Cam,203.229701,76.359205,202.302687,76.354787
Cam,202.302687,76.354787,201.375946,76.350547
Cam,201.375946,76.350547,200.449468,76.346486
Cam,200.449468,76.346486,199.523239,76.342604
Cam,199.523239,76.342604,198.597250,76.338904
Cam,198.597250,76.338904,197.671489,76.335385
Cam,197.671489,76.335385,196.745942,76.332048
Cam,196.745942,76.332048,195.820600,76.328895
Cam,195.820600,76.328900,194.889699,76.325913
Cam,194.889699,76.325913,193.958981,76.323114
Cam,193.958981,76.323114,193.028433,76.320503
Cam,193.028433,76.320503,192.098045,76.318080
Cam,192.098045,76.318080,191.167803,76.315846
Cam,191.167803,76.315846,190.237696,76.313803
Cam,190.237696,76.313803,189.307712,76.311949
Cam,189.307712,76.311949,188.377839,76.310287
Cam,188.377839,76.310287,187.448064,76.308815
Cam,187.448064,76.308815,186.518376,76.307535
Cam,186.518376,76.307535,185.588762,76.306447
Cam,185.588762,76.306447,184.659211,76.305551
Cam,184.659211,76.305551,183.729709,76.304848
Cam,183.729709,76.304848,182.800247,76.304337
Cam,182.800247,76.304337,181.870810,76.304018
Cam,181.870810,76.304018,180.941387,76.303893
Cam,180.941387,76.303893,180.011966,76.303960
Cam,180.011966,76.303960,179.082535,76.304220
Cam,179.082535,76.304220,178.153081,76.304672
Cam,178.153081,76.304672,177.223593,76.305318
Cam,177.223593,76.305318,176.294058,76.306155
Cam,176.294058,76.306155,175.364465,76.307185
Cam,175.364465,76.307185,174.434800,76.308407
Cam,174.434800,76.308400,174.462054,77.308370
Cam,174.462054,77.308370,174.493886,78.308337
Cam,174.493886,78.308337,174.531584,79.308300
Cam,174.531600,79.308300,173.631586,79.309667
Cam,173.631586,79.309667,172.731459,79.311216
Cam,172.731459,79.311216,171.831206,79.312946
Cam,171.831206,79.312946,170.930811,79.314858
Cam,170.930811,79.314858,170.030261,79.316951
Cam,170.030261,79.316951,169.129542,79.319224
Cam,169.129542,79.319224,168.228640,79.321677
Cam,168.228640,79.321677,167.327541,79.324309
Cam,167.327541,79.324309,166.426230,79.327120
Cam,166.426230,79.327120,165.524694,79.330109
Cam,165.524694,79.330109,164.622918,79.333275
Cam,164.622918,79.333275,163.720889,79.336618
Cam,163.720889,79.336618,162.818593,79.340137
Cam,162.818600,79.340200,162.947307,80.339929
Cam,162.947307,80.339929,163.105418,81.339600
Cam,163.105400,81.339600,162.201375,81.343302
Cam,162.201375,81.343302,161.296989,81.347181
Cam,161.296989,81.347181,160.392226,81.351237
Cam,160.392226,81.351237,159.487069,81.355469
Cam,159.487069,81.355469,158.581499,81.359876
Cam,158.581499,81.359876,157.675500,81.364457
Cam,157.675500,81.364457,156.769055,81.369211
Cam,156.769055,81.369211,155.862146,81.374137
Cam,155.862146,81.374137,154.954755,81.379233
Cam,154.954755,81.379233,154.046866,81.384499
Cam,154.046866,81.384499,153.138462,81.389933
Cam,153.138462,81.389933,152.229525,81.395534
Cam,152.229525,81.395534,151.320038,81.401300
Cam,151.320038,81.401300,150.409984,81.407231
Cam,150.409984,81.407231,149.499347,81.413324
Cam,149.499347,81.413324,148.588108,81.419579
Cam,148.588108,81.419579,147.676251,81.425994
Cam,147.676251,81.425994,146.763759,81.432568
Cam,146.763759,81.432568,145.850616,81.439298
Cam,145.850616,81.439298,144.936803,81.446184
Cam,144.936803,81.446184,144.022305,81.453223
Cam,144.022305,81.453223,143.107104,81.460415
Cam,143.107104,81.460415,142.191184,81.467756
Cam,142.191200,81.467800,141.878706,80.524611
Cam,141.878706,80.524611,141.622332,79.581196
Cam,141.622332,79.581196,141.408107,78.637610
Cam,141.408107,78.637610,141.226340,77.693892
Cam,141.226340,77.693892,141.070098,76.750071
Cam,141.070098,76.750071,140.934289,75.806168
Cam,140.934289,75.806168,140.815093,74.862198
Cam,140.815093,74.862198,140.709583,73.918172
Cam,140.709583,73.918172,140.615482,72.974100
Cam,140.615500,72.974100,139.696723,72.981597
Cam,139.696723,72.981597,138.777562,72.989233
Cam,138.777562,72.989233,137.858011,72.997006
Cam,137.858011,72.997006,136.938061,73.004914
Cam,136.938061,73.004914,136.017706,73.012956
Cam,136.017706,73.012956,135.096939,73.021128
Cam,135.096939,73.021128,134.175751,73.029431
Cam,134.175751,73.029431,133.254136,73.037860
Cam,133.254136,73.037860,132.332086,73.046414
Cam,132.332086,73.046414,131.409595,73.055091
Cam,131.409595,73.055091,130.486656,73.063888
Cam,130.486656,73.063888,129.563261,73.072804
Cam,129.563261,73.072804,128.639404,73.081837
Cam,128.639404,73.081837,127.715079,73.090983
Cam,127.715079,73.090983,126.790278,73.100240
Cam,126.790278,73.100240,125.864995,73.109607
Cam,125.864995,73.109607,124.939224,73.119081
Cam,124.939224,73.119081,124.012959,73.128659
Cam,124.012959,73.128659,123.086192,73.138339
Cam,123.086200,73.138400,122.972292,72.174710
Cam,122.972292,72.174710,122.869709,71.210961
Cam,122.869709,71.210961,122.776793,70.247162
Cam,122.776793,70.247162,122.692193,69.283318
Cam,122.692193,69.283318,122.614800,68.319437
Cam,122.614800,68.319437,122.543691,67.355523
Cam,122.543691,67.355523,122.478096,66.391580
Cam,122.478096,66.391580,122.417365,65.427611
Cam,122.417365,65.427611,122.360944,64.463620
Cam,122.360944,64.463620,122.308362,63.499609
Cam,122.308362,63.499609,122.259214,62.535579
Cam,122.259214,62.535579,122.213148,61.571534
Cam,122.213148,61.571534,122.169859,60.607473
Cam,122.169859,60.607473,122.129082,59.643400
Cam,122.129100,59.643400,121.172787,59.653482
Cam,121.172787,59.653482,120.216189,59.663663
Cam,120.216189,59.663663,119.259303,59.673941
Cam,119.259303,59.673941,118.302126,59.684312
Cam,118.302126,59.684312,117.344656,59.694774
Cam,117.344656,59.694774,116.386889,59.705323
Cam,116.386889,59.705323,115.428822,59.715957
Cam,115.428822,59.715957,114.470453,59.726673
Cam,114.470453,59.726673,113.511780,59.737468
Cam,113.511780,59.737468,112.552799,59.748339
Cam,112.552799,59.748339,111.593509,59.759283
Cam,111.593509,59.759283,110.633906,59.770296
Cam,110.633906,59.770296,109.673988,59.781376
Cam,109.673988,59.781376,108.713754,59.792520
Cam,108.713754,59.792520,107.753201,59.803725
Cam,107.753200,59.803700,107.800843,60.803409
Cam,107.800843,60.803409,107.851557,61.803101
Cam,107.851600,61.803100,106.893619,61.814328
Cam,106.893619,61.814328,105.935290,61.825611
Cam,105.935290,61.825611,104.976611,61.836944
Cam,104.976611,61.836944,104.017579,61.848326
Cam,104.017579,61.848326,103.058193,61.859753
Cam,103.058193,61.859753,102.098450,61.871221
Cam,102.098450,61.871221,101.138350,61.882728
Cam,101.138350,61.882728,100.177890,61.894269
Cam,100.177890,61.894269,99.217068,61.905843
Cam,99.217068,61.905843,98.255885,61.917446
Cam,98.255885,61.917446,97.294337,61.929074
Cam,97.294337,61.929074,96.332424,61.940725
Cam,96.332424,61.940725,95.370145,61.952394
Cam,95.370145,61.952394,94.407499,61.964079
Cam,94.407500,61.964100,94.354291,60.964427
Cam,94.354291,60.964427,94.304325,59.964734
Cam,94.304325,59.964734,94.257287,58.965023
Cam,94.257287,58.965023,94.212901,57.965296
Cam,94.212901,57.965296,94.170923,56.965554
Cam,94.170923,56.965554,94.131139,55.965800
Cnc,140.404300,6.470100,139.433158,6.477831
Cnc,139.433158,6.477831,138.462003,6.485711
Cnc,138.462003,6.485711,137.490834,6.493740
Cnc,137.490834,6.493740,136.519650,6.501914
Cnc,136.519650,6.501914,135.548451,6.510232
Cnc,135.548451,6.510232,134.577237,6.518691
Cnc,134.577237,6.518691,133.606009,6.527288
Cnc,133.606009,6.527288,132.634764,6.536021
Cnc,132.634764,6.536021,131.663504,6.544888
Cnc,131.663504,6.544888,130.692227,6.553886
Cnc,130.692227,6.553886,129.720934,6.563012
Cnc,129.720934,6.563012,128.749625,6.572264
Cnc,128.749625,6.572264,127.778298,6.581639
Cnc,127.778298,6.581639,126.806954,6.591135
Cnc,126.806954,6.591135,125.835593,6.600748
Cnc,125.835593,6.600748,124.864214,6.610477
Cnc,124.864214,6.610477,123.892816,6.620317
Cnc,123.892816,6.620317,122.921401,6.630267
Cnc,122.921400,6.630200,122.130379,6.638381
Cnc,122.130379,6.638381,121.339346,6.646630
Cnc,121.339346,6.646630,120.548299,6.654948
Cnc,120.548300,6.655000,120.559022,7.654934
Cnc,120.559022,7.654934,120.569794,8.654867
Cnc,120.569794,8.654867,120.580624,9.654801
Cnc,120.580700,9.654800,119.706612,9.664067
Cnc,119.706612,9.664067,118.832500,9.673412
Cnc,118.832500,9.673400,118.842191,10.548350
Cnc,118.842191,10.548350,118.851938,11.423301
Cnc,118.851938,11.423301,118.861745,12.298250
Cnc,118.861745,12.298250,118.871618,13.173200
Cnc,118.871600,13.173200,118.882155,14.101716
Cnc,118.882155,14.101716,118.892795,15.030231
Cnc,118.892795,15.030231,118.903529,15.958746
Cnc,118.903529,15.958746,118.914363,16.887260
Cnc,118.914363,16.887260,118.925304,17.815774
Cnc,118.925304,17.815774,118.936359,18.744287
Cnc,118.936359,18.744287,118.947537,19.672800
Cnc,118.947500,19.672800,119.508810,19.666790
Cnc,119.508810,19.666790,120.070100,19.660812
Cnc,120.070100,19.660800,120.080806,20.549636
Cnc,120.080806,20.549636,120.091637,21.438472
Cnc,120.091637,21.438472,120.102600,22.327307
Cnc,120.102600,22.327307,120.113705,23.216141
Cnc,120.113705,23.216141,120.124958,24.104975
Cnc,120.124958,24.104975,120.136368,24.993807
Cnc,120.136368,24.993807,120.147945,25.882639
Cnc,120.147945,25.882639,120.159697,26.771470
Cnc,120.159697,26.771470,120.171635,27.660300
Cnc,120.171600,27.660300,121.043836,27.651075
Cnc,121.043836,27.651075,121.916000,27.641932
Cnc,121.916000,27.641900,121.928293,28.558503
Cnc,121.928293,28.558503,121.940803,29.475105
Cnc,121.940803,29.475105,121.953541,30.391705
Cnc,121.953541,30.391705,121.966520,31.308305
Cnc,121.966520,31.308305,121.979754,32.224903
Cnc,121.979754,32.224903,121.993258,33.141499
Cnc,121.993200,33.141500,122.975861,33.131298
Cnc,122.975861,33.131298,123.958410,33.121205
Cnc,123.958410,33.121205,124.940848,33.111225
Cnc,124.940848,33.111225,125.923177,33.101360
Cnc,125.923177,33.101360,126.905398,33.091614
Cnc,126.905398,33.091614,127.887513,33.081989
Cnc,127.887513,33.081989,128.869522,33.072487
Cnc,128.869522,33.072487,129.851428,33.063112
Cnc,129.851428,33.063112,130.833232,33.053867
Cnc,130.833232,33.053867,131.814935,33.044754
Cnc,131.814935,33.044754,132.796540,33.035775
Cnc,132.796540,33.035775,133.778046,33.026934
Cnc,133.778046,33.026934,134.759457,33.018233
Cnc,134.759457,33.018233,135.740773,33.009675
Cnc,135.740773,33.009675,136.721997,33.001261
Cnc,136.721997,33.001261,137.703130,32.992995
Cnc,137.703130,32.992995,138.684174,32.984879
Cnc,138.684174,32.984879,139.665130,32.976915
Cnc,139.665130,32.976915,140.646000,32.969106
Cnc,140.646000,32.969100,140.635129,31.987663
Cnc,140.635129,31.987663,140.624488,31.006225
Cnc,140.624488,31.006225,140.614064,30.024787
Cnc,140.614064,30.024787,140.603845,29.043347
Cnc,140.603845,29.043347,140.593817,28.061907
Cnc,140.593817,28.061907,140.583972,27.080466
Cnc,140.583972,27.080466,140.574297,26.099025
Cnc,140.574297,26.099025,140.564784,25.117582
Cnc,140.564784,25.117582,140.555422,24.136139
Cnc,140.555422,24.136139,140.546203,23.154696
Cnc,140.546203,23.154696,140.537118,22.173252
Cnc,140.537118,22.173252,140.528158,21.191808
Cnc,140.528158,21.191808,140.519317,20.210363
Cnc,140.519317,20.210363,140.510587,19.228918
Cnc,140.510587,19.228918,140.501961,18.247472
Cnc,140.501961,18.247472,140.493431,17.266026
Cnc,140.493431,17.266026,140.484992,16.284579
Cnc,140.484992,16.284579,140.476637,15.303132
Cnc,140.476637,15.303132,140.468360,14.321685
Cnc,140.468360,14.321685,140.460155,13.340238
Cnc,140.460155,13.340238,140.452016,12.358790
Cnc,140.452016,12.358790,140.443938,11.377342
Cnc,140.443938,11.377342,140.435916,10.395894
Cnc,140.435916,10.395894,140.427944,9.414446
Cnc,140.427944,9.414446,140.420017,8.432998
Cnc,140.420017,8.432998,140.412130,7.451549
Cnc,140.412130,7.451549,140.404278,6.470100
CVn,181.594500,33.304000,181.594275,34.220667
CVn,181.594275,34.220667,181.594045,35.137333
CVn,181.594045,35.137333,181.593810,36.054000
CVn,181.593810,36.054000,181.593569,36.970667
CVn,181.593569,36.970667,181.593322,37.887333
CVn,181.593322,37.887333,181.593069,38.804000
CVn,181.593069,38.804000,181.592810,39.720667
CVn,181.592810,39.720667,181.592543,40.637333
CVn,181.592543,40.637333,181.592269,41.554000
CVn,181.592269,41.554000,181.591988,42.470667
CVn,181.591988,42.470667,181.591697,43.387333
CVn,181.591697,43.387333,181.591398,44.304000
CVn,181.591400,44.304000,182.208899,44.304146
CVn,182.208899,44.304146,182.826400,44.304373
CVn,182.826400,44.304300,182.825634,45.193189
CVn,182.825634,45.193189,182.824844,46.082078
CVn,182.824844,46.082078,182.824027,46.970967
CVn,182.824027,46.970967,182.823184,47.859856
CVn,182.823184,47.859856,182.822310,48.748745
CVn,182.822310,48.748745,182.821406,49.637633
CVn,182.821406,49.637633,182.820467,50.526522
CVn,182.820467,50.526522,182.819493,51.415411
CVn,182.819493,51.415411,182.818480,52.304300
CVn,182.818500,52.304300,183.769170,52.304810
CVn,183.769170,52.304810,184.719853,52.305515
CVn,184.719853,52.305515,185.670553,52.306415
CVn,185.670553,52.306415,186.621274,52.307508
CVn,186.621274,52.307508,187.572020,52.308795
CVn,187.572020,52.308795,188.522794,52.310275
CVn,188.522794,52.310275,189.473602,52.311948
CVn,189.473602,52.311948,190.424446,52.313814
CVn,190.424446,52.313814,191.375332,52.315871
CVn,191.375332,52.315871,192.326263,52.318121
CVn,192.326263,52.318121,193.277243,52.320561
CVn,193.277243,52.320561,194.228276,52.323191
CVn,194.228276,52.323191,195.179366,52.326010
CVn,195.179366,52.326010,196.130518,52.329019
CVn,196.130518,52.329019,197.081734,52.332215
CVn,197.081734,52.332215,198.033019,52.335598
CVn,198.033019,52.335598,198.984378,52.339167
CVn,198.984378,52.339167,199.935813,52.342922
CVn,199.935813,52.342922,200.887329,52.346860
CVn,200.887329,52.346860,201.838930,52.350982
CVn,201.838930,52.350982,202.790619,52.355285
CVn,202.790619,52.355285,203.742400,52.359769
CVn,203.742400,52.359800,203.753766,51.459822
CVn,203.753766,51.459822,203.764692,50.559843
CVn,203.764692,50.559843,203.775209,49.659863
CVn,203.775209,49.659863,203.785344,48.759882
CVn,203.785344,48.759882,203.795122,47.859900
CVn,203.795100,47.859900,204.782703,47.864742
CVn,204.782703,47.864742,205.770398,47.869775
CVn,205.770398,47.869775,206.758189,47.874998
CVn,206.758189,47.874998,207.746079,47.880410
CVn,207.746079,47.880410,208.734071,47.886008
CVn,208.734071,47.886008,209.722170,47.891791
CVn,209.722170,47.891791,210.710378,47.897758
CVn,210.710378,47.897758,211.698700,47.903906
CVn,211.698700,47.903900,211.712292,46.917832
CVn,211.712292,46.917832,211.725392,45.931762
CVn,211.725392,45.931762,211.738035,44.945691
CVn,211.738035,44.945691,211.750251,43.959618
CVn,211.750251,43.959618,211.762068,42.973544
CVn,211.762068,42.973544,211.773511,41.987469
CVn,211.773511,41.987469,211.784606,41.001393
CVn,211.784606,41.001393,211.795374,40.015316
CVn,211.795374,40.015316,211.805834,39.029238
CVn,211.805834,39.029238,211.816007,38.043159
CVn,211.816007,38.043159,211.825910,37.057079
CVn,211.825910,37.057079,211.835558,36.070998
CVn,211.835558,36.070998,211.844968,35.084917
CVn,211.844968,35.084917,211.854152,34.098835
CVn,211.854152,34.098835,211.863126,33.112752
CVn,211.863126,33.112752,211.871899,32.126669
CVn,211.871899,32.126669,211.880486,31.140585
CVn,211.880486,31.140585,211.888895,30.154500
CVn,211.888900,30.154500,211.329891,30.151000
CVn,211.329891,30.151000,210.770900,30.147558
CVn,210.770900,30.147600,210.776979,29.397634
CVn,210.776979,29.397634,210.782969,28.647667
CVn,210.782969,28.647667,210.788873,27.897700
CVn,210.788800,27.897700,209.812241,27.891825
CVn,209.812241,27.891825,208.835733,27.886127
CVn,208.835733,27.886127,207.859274,27.880609
CVn,207.859274,27.880609,206.882863,27.875272
CVn,206.882863,27.875272,205.906498,27.870118
CVn,205.906498,27.870118,204.930178,27.865147
CVn,204.930178,27.865147,203.953900,27.860363
CVn,203.953900,27.860300,203.022022,27.855907
CVn,203.022022,27.855907,202.090181,27.851686
CVn,202.090181,27.851686,201.158374,27.847637
CVn,201.158374,27.847637,200.226600,27.843762
CVn,200.226600,27.843800,200.222013,28.718775
CVn,200.222013,28.718775,200.217348,29.593750
CVn,200.217348,29.593750,200.212602,30.468725
CVn,200.212602,30.468725,200.207770,31.343700
CVn,200.207700,31.343700,199.232504,31.339831
CVn,199.232504,31.339831,198.257346,31.336155
CVn,198.257346,31.336155,197.282224,31.332673
CVn,197.282224,31.332673,196.307137,31.329385
CVn,196.307137,31.329385,195.332081,31.326293
CVn,195.332081,31.326293,194.357056,31.323398
CVn,194.357056,31.323398,193.382059,31.320700
CVn,193.382059,31.320700,192.407088,31.318200
CVn,192.407088,31.318200,191.432141,31.315899
CVn,191.432141,31.315899,190.457217,31.313797
CVn,190.457217,31.313797,189.482312,31.311896
CVn,189.482312,31.311896,188.507426,31.310195
CVn,188.507426,31.310195,187.532556,31.308696
CVn,187.532556,31.308696,186.557700,31.307398
CVn,186.557700,31.307400,186.556571,31.974067
CVn,186.556571,31.974067,186.555425,32.640733
CVn,186.555425,32.640733,186.554262,33.307400
CVn,186.554300,33.307400,185.727651,33.306458
CVn,185.727651,33.306458,184.901010,33.305661
CVn,184.901010,33.305661,184.074376,33.305010
CVn,184.074376,33.305010,183.247747,33.304505
CVn,183.247747,33.304505,182.421122,33.304145
CVn,182.421122,33.304145,181.594500,33.303932
CMa,93.215600,-11.030200,94.202489,-11.042173
CMa,94.202489,-11.042173,95.189419,-11.054135
CMa,95.189419,-11.054135,96.176390,-11.066080
CMa,96.176390,-11.066080,97.163400,-11.078006
CMa,97.163400,-11.078006,98.150452,-11.089909
CMa,98.150452,-11.089909,99.137543,-11.101786
CMa,99.137543,-11.101786,100.124676,-11.113633
CMa,100.124676,-11.113633,101.111848,-11.125446
CMa,101.111848,-11.125446,102.099061,-11.137222
CMa,102.099061,-11.137222,103.086315,-11.148958
CMa,103.086315,-11.148958,104.073608,-11.160650
CMa,104.073608,-11.160650,105.060942,-11.172295
CMa,105.060942,-11.172295,106.048317,-11.183888
CMa,106.048317,-11.183888,107.035731,-11.195427
CMa,107.035731,-11.195427,108.023185,-11.206909
CMa,108.023185,-11.206909,109.010679,-11.218329
CMa,109.010679,-11.218329,109.998213,-11.229685
CMa,109.998213,-11.229685,110.985786,-11.240973
CMa,110.985786,-11.240973,111.973399,-11.252189
CMa,111.973400,-11.252100,111.962106,-12.208561
CMa,111.962106,-12.208561,111.950730,-13.165022
CMa,111.950730,-13.165022,111.939265,-14.121482
CMa,111.939265,-14.121482,111.927703,-15.077942
CMa,111.927703,-15.077942,111.916037,-16.034401
CMa,111.916037,-16.034401,111.904258,-16.990859
CMa,111.904258,-16.990859,111.892359,-17.947317
CMa,111.892359,-17.947317,111.880330,-18.903774
CMa,111.880330,-18.903774,111.868163,-19.860230
CMa,111.868163,-19.860230,111.855848,-20.816685
CMa,111.855848,-20.816685,111.843376,-21.773140
CMa,111.843376,-21.773140,111.830736,-22.729593
CMa,111.830736,-22.729593,111.817918,-23.686046
CMa,111.817918,-23.686046,111.804911,-24.642497
CMa,111.804911,-24.642497,111.791704,-25.598948
CMa,111.791704,-25.598948,111.778283,-26.555397
CMa,111.778283,-26.555397,111.764637,-27.511845
CMa,111.764637,-27.511845,111.750751,-28.468291
CMa,111.750751,-28.468291,111.736611,-29.424736
CMa,111.736611,-29.424736,111.722203,-30.381180
CMa,111.722203,-30.381180,111.707510,-31.337621
CMa,111.707510,-31.337621,111.692515,-32.294062
CMa,111.692515,-32.294062,111.677200,-33.250500
CMa,111.677200,-33.250500,110.695384,-33.239349
CMa,110.695384,-33.239349,109.713696,-33.228129
CMa,109.713696,-33.228129,108.732134,-33.216843
CMa,108.732134,-33.216843,107.750701,-33.205494
CMa,107.750701,-33.205494,106.769396,-33.194086
CMa,106.769396,-33.194086,105.788220,-33.182622
CMa,105.788220,-33.182622,104.807173,-33.171105
CMa,104.807173,-33.171105,103.826257,-33.159539
CMa,103.826257,-33.159539,102.845471,-33.147927
CMa,102.845471,-33.147927,101.864816,-33.136272
CMa,101.864816,-33.136272,100.884292,-33.124578
CMa,100.884292,-33.124578,99.903899,-33.112849
CMa,99.903900,-33.112800,98.902801,-33.100788
CMa,98.902801,-33.100788,97.901840,-33.088746
CMa,97.901840,-33.088746,96.901016,-33.076678
CMa,96.901016,-33.076678,95.900330,-33.064588
CMa,95.900330,-33.064588,94.899782,-33.052478
CMa,94.899782,-33.052478,93.899372,-33.040354
CMa,93.899372,-33.040354,92.899100,-33.028218
CMa,92.899100,-33.028200,92.915470,-32.069971
CMa,92.915470,-32.069971,92.931501,-31.111741
CMa,92.931501,-31.111741,92.947212,-30.153508
CMa,92.947212,-30.153508,92.962620,-29.195274
CMa,92.962620,-29.195274,92.977742,-28.237038
CMa,92.977742,-28.237038,92.992596,-27.278800
CMa,92.992600,-27.278800,93.007162,-26.323009
CMa,93.007162,-26.323009,93.021486,-25.367216
CMa,93.021486,-25.367216,93.035586,-24.411422
CMa,93.035586,-24.411422,93.049473,-23.455627
CMa,93.049473,-23.455627,93.063160,-22.499830
CMa,93.063160,-22.499830,93.076660,-21.544033
CMa,93.076660,-21.544033,93.089983,-20.588234
CMa,93.089983,-20.588234,93.103140,-19.632434
CMa,93.103140,-19.632434,93.116142,-18.676633
CMa,93.116142,-18.676633,93.128998,-17.720832
CMa,93.128998,-17.720832,93.141717,-16.765030
CMa,93.141717,-16.765030,93.154309,-15.809226
CMa,93.154309,-15.809226,93.166783,-14.853422
CMa,93.166783,-14.853422,93.179146,-13.897618
CMa,93.179146,-13.897618,93.191409,-12.941813
CMa,93.191409,-12.941813,93.203577,-11.986007
CMa,93.203577,-11.986007,93.215660,-11.030201
CMi,122.849000,-0.369400,121.902609,-0.359604
CMi,121.902609,-0.359604,120.956221,-0.349711
CMi,120.956221,-0.349711,120.009834,-0.339722
CMi,120.009834,-0.339722,119.063449,-0.329640
CMi,119.063449,-0.329640,118.117066,-0.319468
CMi,118.117066,-0.319468,117.170685,-0.309209
CMi,117.170685,-0.309209,116.224306,-0.298866
CMi,116.224306,-0.298866,115.277929,-0.288441
CMi,115.277929,-0.288441,114.331553,-0.277938
CMi,114.331553,-0.277938,113.385179,-0.267358
CMi,113.385179,-0.267358,112.438807,-0.256706
CMi,112.438807,-0.256706,111.492436,-0.245984
CMi,111.492436,-0.245984,110.546067,-0.235195
CMi,110.546067,-0.235195,109.599700,-0.224341
CMi,109.599700,-0.224300,109.608326,0.525650
CMi,109.608326,0.525650,109.616953,1.275599
CMi,109.616900,1.275600,108.700403,1.286169
CMi,108.700403,1.286169,107.783904,1.296793
CMi,107.783904,1.296793,106.867401,1.307469
CMi,106.867400,1.307400,106.876749,2.107360
CMi,106.876749,2.107360,106.886107,2.907320
CMi,106.886107,2.907320,106.895479,3.707280
CMi,106.895479,3.707280,106.904868,4.507240
CMi,106.904868,4.507240,106.914277,5.307200
CMi,106.914300,5.307200,106.664300,5.310121
CMi,106.664300,5.310100,106.674928,6.210041
CMi,106.674928,6.210041,106.685593,7.109981
CMi,106.685593,7.109981,106.696299,8.009921
CMi,106.696299,8.009921,106.707053,8.909861
CMi,106.707053,8.909861,106.717860,9.809800
CMi,106.717900,9.809800,106.727959,10.643067
CMi,106.727959,10.643067,106.738072,11.476333
CMi,106.738072,11.476333,106.748246,12.309599
CMi,106.748200,12.309600,107.684932,12.298675
CMi,107.684932,12.298675,108.621625,12.287804
CMi,108.621625,12.287804,109.558281,12.276990
CMi,109.558281,12.276990,110.494899,12.266235
CMi,110.494899,12.266235,111.431479,12.255544
CMi,111.431479,12.255544,112.368023,12.244918
CMi,112.368023,12.244918,113.304529,12.234360
CMi,113.304529,12.234360,114.241000,12.223874
CMi,114.241000,12.223900,114.252727,13.223800
CMi,114.252700,13.223800,115.176555,13.213527
CMi,115.176555,13.213527,116.100372,13.203329
CMi,116.100372,13.203329,117.024152,13.193209
CMi,117.024152,13.193209,117.947894,13.183168
CMi,117.947894,13.183168,118.871600,13.173210
CMi,118.871600,13.173200,118.861727,12.298251
CMi,118.861727,12.298251,118.851921,11.423301
CMi,118.851921,11.423301,118.842174,10.548351
CMi,118.842174,10.548351,118.832482,9.673400
CMi,118.832500,9.673400,119.706612,9.664055
CMi,119.706612,9.664055,120.580700,9.654788
CMi,120.580700,9.654800,120.569870,8.654867
CMi,120.569870,8.654867,120.559098,7.654933
CMi,120.559098,7.654933,120.548376,6.654999
CMi,120.548300,6.655000,121.339346,6.646683
CMi,121.339346,6.646683,122.130380,6.638433
CMi,122.130380,6.638433,122.921401,6.630252
CMi,122.921400,6.630200,122.910984,5.630258
CMi,122.910984,5.630258,122.900603,4.630315
CMi,122.900603,4.630315,122.890252,3.630372
CMi,122.890252,3.630372,122.879924,2.630429
CMi,122.879924,2.630429,122.869612,1.630486
CMi,122.869612,1.630486,122.859311,0.630543
CMi,122.859311,0.630543,122.849014,-0.369400
Cap,309.684600,-8.563400,308.685824,-8.572923
Cap,308.685824,-8.572923,307.687024,-8.582576
Cap,307.687024,-8.582576,306.688199,-8.592356
Cap,306.688199,-8.592356,305.689350,-8.602260
Cap,305.689350,-8.602260,304.690476,-8.612285
Cap,304.690476,-8.612285,303.691576,-8.622428
Cap,303.691576,-8.622428,302.692651,-8.632686
Cap,302.692651,-8.632686,301.693700,-8.643057
Cap,301.693700,-8.643100,301.701813,-9.401375
Cap,301.701813,-9.401375,301.709962,-10.159651
Cap,301.709962,-10.159651,301.718149,-10.917925
Cap,301.718149,-10.917925,301.726378,-11.676200
Cap,301.726400,-11.676200,301.737299,-12.674061
Cap,301.737299,-12.674061,301.748283,-13.671922
Cap,301.748283,-13.671922,301.759361,-14.669782
Cap,301.759361,-14.669782,301.770540,-15.667642
Cap,301.770540,-15.667642,301.781829,-16.665501
Cap,301.781829,-16.665501,301.793237,-17.663360
Cap,301.793237,-17.663360,301.804772,-18.661218
Cap,301.804772,-18.661218,301.816443,-19.659075
Cap,301.816443,-19.659075,301.828260,-20.656931
Cap,301.828260,-20.656931,301.840234,-21.654787
Cap,301.840234,-21.654787,301.852374,-22.652642
Cap,301.852374,-22.652642,301.864692,-23.650495
Cap,301.864692,-23.650495,301.877200,-24.648348
Cap,301.877200,-24.648348,301.889909,-25.646200
Cap,301.889909,-25.646200,301.902832,-26.644051
Cap,301.902832,-26.644051,301.915984,-27.641900
Cap,301.916000,-27.641900,302.912582,-27.631554
Cap,302.912582,-27.631554,303.909072,-27.621321
Cap,303.909072,-27.621321,304.905471,-27.611203
Cap,304.905471,-27.611203,305.901780,-27.601203
Cap,305.901780,-27.601203,306.898000,-27.591325
Cap,306.898000,-27.591300,307.894139,-27.581546
Cap,307.894139,-27.581546,308.890192,-27.571920
Cap,308.890192,-27.571920,309.886159,-27.562424
Cap,309.886159,-27.562424,310.882043,-27.553061
Cap,310.882043,-27.553061,311.877844,-27.543834
Cap,311.877844,-27.543834,312.873563,-27.534746
Cap,312.873563,-27.534746,313.869202,-27.525799
Cap,313.869202,-27.525799,314.864763,-27.516996
Cap,314.864763,-27.516996,315.860246,-27.508340
Cap,315.860246,-27.508340,316.855654,-27.499834
Cap,316.855654,-27.499834,317.850986,-27.491479
Cap,317.850986,-27.491479,318.846246,-27.483279
Cap,318.846246,-27.483279,319.841433,-27.475236
Cap,319.841433,-27.475236,320.836551,-27.467352
Cap,320.836551,-27.467352,321.831599,-27.459630
Cap,321.831600,-27.459700,321.823534,-26.626401
Cap,321.823534,-26.626401,321.815584,-25.793101
Cap,321.815584,-25.793101,321.807746,-24.959800
Cap,321.807800,-24.959800,322.692700,-24.953070
Cap,322.692700,-24.953070,323.577553,-24.946471
Cap,323.577553,-24.946471,324.462361,-24.940005
Cap,324.462361,-24.940005,325.347124,-24.933674
Cap,325.347124,-24.933674,326.231843,-24.927478
Cap,326.231843,-24.927478,327.116519,-24.921420
Cap,327.116519,-24.921420,328.001153,-24.915500
Cap,328.001153,-24.915500,328.885747,-24.909720
Cap,328.885747,-24.909720,329.770301,-24.904082
Cap,329.770300,-24.904000,329.762932,-23.933437
Cap,329.762932,-23.933437,329.755675,-22.962874
Cap,329.755675,-22.962874,329.748520,-21.992311
Cap,329.748520,-21.992311,329.741464,-21.021747
Cap,329.741464,-21.021747,329.734498,-20.051184
Cap,329.734498,-20.051184,329.727618,-19.080619
Cap,329.727618,-19.080619,329.720818,-18.110055
Cap,329.720818,-18.110055,329.714093,-17.139490
Cap,329.714093,-17.139490,329.707438,-16.168925
Cap,329.707438,-16.168925,329.700848,-15.198360
Cap,329.700848,-15.198360,329.694318,-14.227795
Cap,329.694318,-14.227795,329.687844,-13.257230
Cap,329.687844,-13.257230,329.681422,-12.286664
Cap,329.681422,-12.286664,329.675047,-11.316098
Cap,329.675047,-11.316098,329.668715,-10.345532
Cap,329.668715,-10.345532,329.662422,-9.374966
Cap,329.662422,-9.374966,329.656164,-8.404400
Cap,329.656200,-8.404400,328.768718,-8.410057
Cap,328.768718,-8.410057,327.881225,-8.415855
Cap,327.881225,-8.415855,326.993718,-8.421794
Cap,326.993718,-8.421794,326.106199,-8.427872
Cap,326.106199,-8.427872,325.218667,-8.434087
Cap,325.218667,-8.434087,324.331121,-8.440439
Cap,324.331121,-8.440439,323.443561,-8.446925
Cap,323.443561,-8.446925,322.555988,-8.453544
Cap,322.555988,-8.453544,321.668400,-8.460294
Cap,321.668400,-8.460300,321.676269,-9.460267
Cap,321.676269,-9.460267,321.684185,-10.460234
Cap,321.684185,-10.460234,321.692151,-11.460201
Cap,321.692151,-11.460201,321.700175,-12.460168
Cap,321.700175,-12.460168,321.708260,-13.460134
Cap,321.708260,-13.460134,321.716413,-14.460101
Cap,321.716500,-14.460100,320.795716,-14.467240
Cap,320.795716,-14.467240,319.874903,-14.474518
Cap,319.874903,-14.474518,318.954060,-14.481932
Cap,318.954060,-14.481932,318.033188,-14.489480
Cap,318.033188,-14.489480,317.112285,-14.497161
Cap,317.112285,-14.497161,316.191351,-14.504972
Cap,316.191351,-14.504972,315.270386,-14.512911
Cap,315.270386,-14.512911,314.349388,-14.520977
Cap,314.349388,-14.520977,313.428358,-14.529167
Cap,313.428358,-14.529167,312.507295,-14.537479
Cap,312.507295,-14.537479,311.586198,-14.545911
Cap,311.586198,-14.545911,310.665066,-14.554460
Cap,310.665066,-14.554460,309.743900,-14.563125
Cap,309.743900,-14.563100,309.733838,-13.563151
Cap,309.733838,-13.563151,309.723860,-12.563201
Cap,309.723860,-12.563201,309.713959,-11.563251
Cap,309.713959,-11.563251,309.704129,-10.563301
Cap,309.704129,-10.563301,309.694362,-9.563350
Cap,309.694362,-9.563350,309.684653,-8.563399
Car,170.155900,-57.184300,169.201154,-57.182103
Car,169.201154,-57.182103,168.246469,-57.179720
Car,168.246469,-57.179720,167.291849,-57.177152
Car,167.291849,-57.177152,166.337300,-57.174399
Car,166.337300,-57.174400,165.334606,-57.171310
Car,165.334606,-57.171310,164.332000,-57.168019
Car,164.332000,-57.168019,163.329488,-57.164527
Car,163.329488,-57.164527,162.327077,-57.160835
Car,162.327077,-57.160835,161.324771,-57.156945
Car,161.324771,-57.156945,160.322575,-57.152857
Car,160.322575,-57.152857,159.320496,-57.148574
Car,159.320496,-57.148574,158.318538,-57.144095
Car,158.318538,-57.144095,157.316707,-57.139423
Car,157.316707,-57.139423,156.315008,-57.134560
Car,156.315008,-57.134560,155.313447,-57.129506
Car,155.313447,-57.129506,154.312028,-57.124263
Car,154.312028,-57.124263,153.310757,-57.118833
Car,153.310757,-57.118833,152.309639,-57.113218
Car,152.309639,-57.113218,151.308678,-57.107419
Car,151.308678,-57.107419,150.307880,-57.101438
Car,150.307880,-57.101438,149.307250,-57.095277
Car,149.307250,-57.095277,148.306792,-57.088938
Car,148.306792,-57.088938,147.306511,-57.082423
Car,147.306511,-57.082423,146.306413,-57.075733
Car,146.306413,-57.075733,145.306501,-57.068871
Car,145.306501,-57.068871,144.306780,-57.061840
Car,144.306780,-57.061840,143.307254,-57.054640
Car,143.307254,-57.054640,142.307929,-57.047275
Car,142.307929,-57.047275,141.308808,-57.039747
Car,141.308808,-57.039747,140.309896,-57.032058
Car,140.309896,-57.032058,139.311197,-57.024210
Car,139.311197,-57.024210,138.312716,-57.016205
Car,138.312716,-57.016205,137.314455,-57.008048
Car,137.314455,-57.008048,136.316419,-56.999738
Car,136.316419,-56.999738,135.318613,-56.991281
Car,135.318613,-56.991281,134.321039,-56.982677
Car,134.321039,-56.982677,133.323702,-56.973929
Car,133.323700,-56.974000,133.343196,-56.307403
Car,133.343196,-56.307403,133.362023,-55.640803
Car,133.362023,-55.640803,133.380220,-54.974200
Car,133.380200,-54.974200,132.410806,-54.965561
Car,132.410806,-54.965561,131.441626,-54.956791
Car,131.441626,-54.956791,130.472663,-54.947893
Car,130.472663,-54.947893,129.503919,-54.938869
Car,129.503919,-54.938869,128.535398,-54.929722
Car,128.535398,-54.929722,127.567101,-54.920455
Car,127.567100,-54.920500,127.588572,-54.170602
Car,127.588572,-54.170602,127.609280,-53.420700
Car,127.609300,-53.420700,126.751114,-53.412386
Car,126.751114,-53.412386,125.893099,-53.403982
Car,125.893099,-53.403982,125.035257,-53.395488
Car,125.035257,-53.395488,124.177590,-53.386907
Car,124.177590,-53.386907,123.320099,-53.378242
Car,123.320100,-53.378200,123.341132,-52.628304
Car,123.341132,-52.628304,123.361455,-51.878404
Car,123.361455,-51.878404,123.381112,-51.128500
Car,123.381100,-51.128500,122.541141,-51.119929
Car,122.541141,-51.119929,121.701341,-51.111281
Car,121.701341,-51.111281,120.861701,-51.102556
Car,120.861700,-51.102600,119.886839,-51.092375
Car,119.886839,-51.092375,118.912196,-51.082052
Car,118.912196,-51.082052,117.937775,-51.071636
Car,117.937775,-51.071636,116.963577,-51.061128
Car,116.963577,-51.061128,115.989603,-51.050532
Car,115.989603,-51.050532,115.015855,-51.039851
Car,115.015855,-51.039851,114.042335,-51.029088
Car,114.042335,-51.029088,113.069043,-51.018246
Car,113.069043,-51.018246,112.095983,-51.007329
Car,112.095983,-51.007329,111.123154,-50.996339
Car,111.123154,-50.996339,110.150558,-50.985280
Car,110.150558,-50.985280,109.178196,-50.974154
Car,109.178196,-50.974154,108.206070,-50.962966
Car,108.206070,-50.962966,107.234180,-50.951718
Car,107.234180,-50.951718,106.262528,-50.940414
Car,106.262528,-50.940414,105.291114,-50.929056
Car,105.291114,-50.929056,104.319939,-50.917649
Car,104.319939,-50.917649,103.349004,-50.906195
Car,103.349004,-50.906195,102.378310,-50.894698
Car,102.378310,-50.894698,101.407857,-50.883161
Car,101.407857,-50.883161,100.437645,-50.871587
Car,100.437645,-50.871587,99.467676,-50.859979
Car,99.467676,-50.859979,98.497950,-50.848342
Car,98.497950,-50.848342,97.528466,-50.836679
Car,97.528466,-50.836679,96.559226,-50.824991
Car,96.559226,-50.824991,95.590229,-50.813284
Car,95.590229,-50.813284,94.621476,-50.801561
Car,94.621476,-50.801561,93.652966,-50.789824
Car,93.652966,-50.789824,92.684700,-50.778077
Car,92.684700,-50.778077,91.716677,-50.766324
Car,91.716677,-50.766324,90.748898,-50.754567
Car,90.748900,-50.754500,90.721834,-51.629353
Car,90.721834,-51.629353,90.693704,-52.504200
Car,90.693700,-52.504200,91.527075,-52.514324
Car,91.527075,-52.514324,92.360642,-52.524447
Car,92.360642,-52.524447,93.194401,-52.534565
Car,93.194400,-52.534600,93.166554,-53.367740
Car,93.166554,-53.367740,93.137597,-54.200874
Car,93.137597,-54.200874,93.107449,-55.034001
Car,93.107400,-55.034000,94.108174,-55.046134
Car,94.108174,-55.046134,95.109251,-55.058256
Car,95.109251,-55.058256,96.110632,-55.070362
Car,96.110632,-55.070362,97.112316,-55.082448
Car,97.112316,-55.082448,98.114303,-55.094511
Car,98.114300,-55.094600,98.076641,-56.094346
Car,98.076641,-56.094346,98.036975,-57.094080
Car,98.036975,-57.094080,97.995110,-58.093800
Car,97.995100,-58.093800,98.997623,-58.105839
Car,98.997623,-58.105839,100.000485,-58.117848
Car,100.000485,-58.117848,101.003686,-58.129823
Car,101.003686,-58.129823,102.007225,-58.141760
Car,102.007225,-58.141760,103.011102,-58.153655
Car,103.011100,-58.153700,102.973799,-59.010625
Car,102.973799,-59.010625,102.934593,-59.867539
Car,102.934593,-59.867539,102.893312,-60.724441
Car,102.893312,-60.724441,102.849769,-61.581329
Car,102.849769,-61.581329,102.803750,-62.438203
Car,102.803750,-62.438203,102.755016,-63.295060
Car,102.755016,-63.295060,102.703295,-64.151900
Car,102.703300,-64.151900,103.708615,-64.163765
Car,103.708615,-64.163765,104.714361,-64.175583
Car,104.714361,-64.175583,105.720539,-64.187349
Car,105.720539,-64.187349,106.727146,-64.199060
Car,106.727146,-64.199060,107.734182,-64.210712
Car,107.734182,-64.210712,108.741644,-64.222303
Car,108.741644,-64.222303,109.749531,-64.233828
Car,109.749531,-64.233828,110.757842,-64.245283
Car,110.757842,-64.245283,111.766573,-64.256665
Car,111.766573,-64.256665,112.775723,-64.267971
Car,112.775723,-64.267971,113.785289,-64.279196
Car,113.785289,-64.279196,114.795270,-64.290338
Car,114.795270,-64.290338,115.805662,-64.301393
Car,115.805662,-64.301393,116.816463,-64.312357
Car,116.816463,-64.312357,117.827670,-64.323228
Car,117.827670,-64.323228,118.839279,-64.334000
Car,118.839279,-64.334000,119.851289,-64.344672
Car,119.851289,-64.344672,120.863695,-64.355240
Car,120.863695,-64.355240,121.876494,-64.365700
Car,121.876494,-64.365700,122.889682,-64.376050
Car,122.889682,-64.376050,123.903256,-64.386285
Car,123.903256,-64.386285,124.917212,-64.396403
Car,124.917212,-64.396403,125.931546,-64.406400
Car,125.931546,-64.406400,126.946254,-64.416273
Car,126.946254,-64.416273,127.961331,-64.426020
Car,127.961331,-64.426020,128.976774,-64.435636
Car,128.976774,-64.435636,129.992577,-64.445120
Car,129.992577,-64.445120,131.008736,-64.454467
Car,131.008736,-64.454467,132.025246,-64.463675
Car,132.025246,-64.463675,133.042102,-64.472741
Car,133.042102,-64.472741,134.059300,-64.481662
Car,134.059300,-64.481662,135.076833,-64.490435
Car,135.076833,-64.490435,136.094697,-64.499058
Car,136.094700,-64.499000,136.051746,-65.415492
Car,136.051746,-65.415492,136.005679,-66.331972
Car,136.005679,-66.331972,135.956123,-67.248436
Car,135.956123,-67.248436,135.902635,-68.164885
Car,135.902635,-68.164885,135.844700,-69.081314
Car,135.844700,-69.081314,135.781704,-69.997722
Car,135.781704,-69.997722,135.712917,-70.914106
Car,135.712917,-70.914106,135.637462,-71.830462
Car,135.637462,-71.830462,135.554275,-72.746786
Car,135.554275,-72.746786,135.462056,-73.663071
Car,135.462056,-73.663071,135.359192,-74.579312
Car,135.359192,-74.579312,135.243667,-75.495500
Car,135.243700,-75.495500,136.254025,-75.503909
Car,136.254025,-75.503909,137.264938,-75.512168
Car,137.264938,-75.512168,138.276430,-75.520275
Car,138.276430,-75.520275,139.288491,-75.528228
Car,139.288491,-75.528228,140.301110,-75.536023
Car,140.301110,-75.536023,141.314277,-75.543659
Car,141.314277,-75.543659,142.327983,-75.551132
Car,142.327983,-75.551132,143.342215,-75.558441
Car,143.342215,-75.558441,144.356963,-75.565583
Car,144.356963,-75.565583,145.372216,-75.572556
Car,145.372216,-75.572556,146.387962,-75.579357
Car,146.387962,-75.579357,147.404189,-75.585984
Car,147.404189,-75.585984,148.420886,-75.592435
Car,148.420886,-75.592435,149.438041,-75.598708
Car,149.438041,-75.598708,150.455641,-75.604801
Car,150.455641,-75.604801,151.473674,-75.610712
Car,151.473674,-75.610712,152.492127,-75.616439
Car,152.492127,-75.616439,153.510987,-75.621980
Car,153.510987,-75.621980,154.530241,-75.627333
Car,154.530241,-75.627333,155.549876,-75.632496
Car,155.549876,-75.632496,156.569879,-75.637469
Car,156.569879,-75.637469,157.590236,-75.642248
Car,157.590236,-75.642248,158.610933,-75.646833
Car,158.610933,-75.646833,159.631957,-75.651222
Car,159.631957,-75.651222,160.653293,-75.655413
Car,160.653293,-75.655413,161.674928,-75.659406
Car,161.674928,-75.659406,162.696846,-75.663198
Car,162.696846,-75.663198,163.719034,-75.666789
Car,163.719034,-75.666789,164.741477,-75.670177
Car,164.741477,-75.670177,165.764160,-75.673362
Car,165.764160,-75.673362,166.787069,-75.676342
Car,166.787069,-75.676342,167.810188,-75.679116
Car,167.810188,-75.679116,168.833503,-75.681683
Car,168.833503,-75.681683,169.856998,-75.684042
Car,169.857000,-75.684000,169.890734,-74.684042
Car,169.890734,-74.684042,169.920427,-73.684079
Car,169.920427,-73.684079,169.946777,-72.684112
Car,169.946777,-72.684112,169.970333,-71.684143
Car,169.970333,-71.684143,169.991530,-70.684171
Car,169.991530,-70.684171,170.010716,-69.684196
Car,170.010716,-69.684196,170.028174,-68.684220
Car,170.028174,-68.684220,170.044137,-67.684242
Car,170.044137,-67.684242,170.058797,-66.684262
Car,170.058797,-66.684262,170.072317,-65.684282
Car,170.072317,-65.684282,170.084831,-64.684300
Car,170.084800,-64.684300,170.095721,-63.746802
Car,170.095721,-63.746802,170.105941,-62.809304
Car,170.105941,-62.809304,170.115529,-61.871804
Car,170.115529,-61.871804,170.124548,-60.934305
Car,170.124548,-60.934305,170.133052,-59.996804
Car,170.133052,-59.996804,170.141086,-59.059303
Car,170.141086,-59.059303,170.148694,-58.121802
Car,170.148694,-58.121802,170.155911,-57.184300
Cas,344.342900,53.168000,344.333860,54.105501
Cas,344.333860,54.105501,344.324401,55.043002
Cas,344.324401,55.043002,344.314489,55.980501
Cas,344.314489,55.980501,344.304084,56.918000
Cas,344.304000,56.918000,344.292976,57.862401
Cas,344.292976,57.862401,344.281359,58.806801
Cas,344.281359,58.806801,344.269091,59.751200
Cas,344.269100,59.751200,345.187064,59.754227
Cas,345.187064,59.754227,346.105110,59.757086
Cas,346.105110,59.757086,347.023235,59.759774
Cas,347.023235,59.759774,347.941434,59.762293
Cas,347.941434,59.762293,348.859701,59.764641
Cas,348.859700,59.764700,348.849898,60.743851
Cas,348.849898,60.743851,348.839480,61.723002
Cas,348.839480,61.723002,348.828378,62.702151
Cas,348.828378,62.702151,348.816515,63.681300
Cas,348.816500,63.681300,349.730764,63.683468
Cas,349.730764,63.683468,350.645096,63.685465
Cas,350.645096,63.685465,351.559493,63.687292
Cas,351.559493,63.687292,352.473947,63.688949
Cas,352.473947,63.688949,353.388453,63.690434
Cas,353.388453,63.690434,354.303006,63.691747
Cas,354.303006,63.691747,355.217600,63.692889
Cas,355.217600,63.692900,355.213074,64.442900
Cas,355.213074,64.442900,355.208293,65.192900
Cas,355.208293,65.192900,355.203234,65.942900
Cas,355.203234,65.942900,355.197869,66.692900
Cas,355.197900,66.692900,356.161662,66.693917
Cas,356.161662,66.693917,357.125462,66.694742
Cas,357.125462,66.694742,358.089290,66.695377
Cas,358.089290,66.695377,359.053141,66.695820
Cas,359.053141,66.695820,0.017005,66.696071
Cas,0.017005,66.696071,0.980876,66.696131
Cas,0.980876,66.696131,1.944746,66.696000
Cas,1.944746,66.696000,2.908606,66.695676
Cas,2.908606,66.695676,3.872449,66.695162
Cas,3.872449,66.695162,4.836268,66.694456
Cas,4.836268,66.694456,5.800054,66.693559
Cas,5.800054,66.693559,6.763801,66.692471
Cas,6.763800,66.692400,6.771975,67.692395
Cas,6.771975,67.692395,6.780876,68.692389
Cas,6.780876,68.692389,6.790611,69.692383
Cas,6.790611,69.692383,6.801310,70.692376
Cas,6.801310,70.692376,6.813131,71.692369
Cas,6.813131,71.692369,6.826268,72.692360
Cas,6.826268,72.692360,6.840965,73.692351
Cas,6.840965,73.692351,6.857526,74.692341
Cas,6.857526,74.692341,6.876344,75.692329
Cas,6.876344,75.692329,6.897927,76.692316
Cas,6.897927,76.692316,6.922949,77.692300
Cas,6.922900,77.692300,7.961296,77.690917
Cas,7.961296,77.690917,8.999561,77.689320
Cas,8.999561,77.689320,10.037677,77.687508
Cas,10.037677,77.687508,11.075624,77.685482
Cas,11.075624,77.685482,12.113386,77.683243
Cas,12.113386,77.683243,13.150942,77.680792
Cas,13.150942,77.680792,14.188275,77.678129
Cas,14.188275,77.678129,15.225366,77.675256
Cas,15.225366,77.675256,16.262197,77.672173
Cas,16.262197,77.672173,17.298750,77.668882
Cas,17.298750,77.668882,18.335008,77.665384
Cas,18.335008,77.665384,19.370952,77.661679
Cas,19.370952,77.661679,20.406564,77.657770
Cas,20.406564,77.657770,21.441829,77.653657
Cas,21.441829,77.653657,22.476727,77.649341
Cas,22.476727,77.649341,23.511242,77.644826
Cas,23.511242,77.644826,24.545358,77.640111
Cas,24.545358,77.640111,25.579057,77.635199
Cas,25.579057,77.635199,26.612324,77.630090
Cas,26.612324,77.630090,27.645141,77.624788
Cas,27.645141,77.624788,28.677492,77.619294
Cas,28.677492,77.619294,29.709363,77.613609
Cas,29.709363,77.613609,30.740737,77.607736
Cas,30.740737,77.607736,31.771599,77.601677
Cas,31.771599,77.601677,32.801933,77.595433
Cas,32.801933,77.595433,33.831726,77.589006
Cas,33.831726,77.589006,34.860962,77.582400
Cas,34.860962,77.582400,35.889626,77.575616
Cas,35.889626,77.575616,36.917706,77.568656
Cas,36.917706,77.568656,37.945186,77.561523
Cas,37.945186,77.561523,38.972054,77.554220
Cas,38.972054,77.554220,39.998296,77.546747
Cas,39.998296,77.546747,41.023899,77.539109
Cas,41.023899,77.539109,42.048850,77.531308
Cas,42.048850,77.531308,43.073138,77.523346
Cas,43.073138,77.523346,44.096749,77.515226
Cas,44.096749,77.515226,45.119673,77.506950
Cas,45.119673,77.506950,46.141897,77.498522
Cas,46.141897,77.498522,47.163410,77.489943
Cas,47.163410,77.489943,48.184202,77.481218
Cas,48.184202,77.481218,49.204262,77.472349
Cas,49.204262,77.472349,50.223580,77.463338
Cas,50.223580,77.463338,51.242145,77.454189
Cas,51.242145,77.454189,52.259948,77.444905
Cas,52.259948,77.444905,53.276980,77.435489
Cas,53.276980,77.435489,54.293232,77.425943
Cas,54.293232,77.425943,55.308694,77.416272
Cas,55.308700,77.416300,55.138970,76.517110
Cas,55.138970,76.517110,54.990097,75.617820
Cas,54.990097,75.617820,54.858399,74.718447
Cas,54.858399,74.718447,54.741014,73.819006
Cas,54.741014,73.819006,54.635679,72.919507
Cas,54.635679,72.919507,54.540585,72.019960
Cas,54.540585,72.019960,54.454269,71.120370
Cas,54.454269,71.120370,54.375531,70.220743
Cas,54.375531,70.220743,54.303382,69.321085
Cas,54.303382,69.321085,54.236997,68.421400
Cas,54.237000,68.421400,53.269488,68.430612
Cas,53.269488,68.430612,52.301577,68.439704
Cas,52.301577,68.439704,51.333272,68.448676
Cas,51.333272,68.448676,50.364576,68.457523
Cas,50.364576,68.457523,49.395496,68.466244
Cas,49.395500,68.466300,49.337113,67.549893
Cas,49.337113,67.549893,49.283077,66.633467
Cas,49.283077,66.633467,49.232900,65.717024
Cas,49.232900,65.717024,49.186160,64.800565
Cas,49.186160,64.800565,49.142493,63.884093
Cas,49.142493,63.884093,49.101585,62.967608
Cas,49.101585,62.967608,49.063165,62.051112
Cas,49.063165,62.051112,49.026994,61.134606
Cas,49.026994,61.134606,48.992863,60.218091
Cas,48.992863,60.218091,48.960588,59.301568
Cas,48.960588,59.301568,48.930007,58.385037
Cas,48.930007,58.385037,48.900975,57.468499
Cas,48.900900,57.468500,47.980202,57.476661
Cas,47.980202,57.476661,47.059297,57.484701
Cas,47.059297,57.484701,46.138186,57.492619
Cas,46.138186,57.492619,45.216874,57.500412
Cas,45.216874,57.500412,44.295363,57.508078
Cas,44.295363,57.508078,43.373656,57.515615
Cas,43.373656,57.515615,42.451756,57.523021
Cas,42.451756,57.523021,41.529668,57.530294
Cas,41.529668,57.530294,40.607393,57.537433
Cas,40.607393,57.537433,39.684936,57.544435
Cas,39.684936,57.544435,38.762300,57.551298
Cas,38.762300,57.551300,38.781885,58.301252
Cas,38.781885,58.301252,38.802318,59.051201
Cas,38.802400,59.051200,37.802265,59.058480
Cas,37.802265,59.058480,36.801916,59.065594
Cas,36.801916,59.065594,35.801358,59.072539
Cas,35.801358,59.072539,34.800595,59.079313
Cas,34.800595,59.079313,33.799633,59.085913
Cas,33.799633,59.085913,32.798477,59.092338
Cas,32.798477,59.092338,31.797131,59.098587
Cas,31.797131,59.098587,30.795601,59.104655
Cas,30.795600,59.104600,30.773602,58.104700
Cas,30.773600,58.104700,29.979156,58.109385
Cas,29.979156,58.109385,29.184606,58.113954
Cas,29.184606,58.113954,28.389954,58.118408
Cas,28.389954,58.118408,27.595201,58.122745
Cas,27.595200,58.122700,27.578715,57.247753
Cas,27.578715,57.247753,27.562995,56.372804
Cas,27.562995,56.372804,27.547981,55.497853
Cas,27.547981,55.497853,27.533619,54.622900
Cas,27.533600,54.622900,26.518339,54.628268
Cas,26.518339,54.628268,25.502944,54.633443
Cas,25.502944,54.633443,24.487419,54.638422
Cas,24.487419,54.638422,23.471769,54.643204
Cas,23.471769,54.643204,22.456000,54.647787
Cas,22.456000,54.647800,22.445657,53.847822
Cas,22.445657,53.847822,22.435702,53.047842
Cas,22.435702,53.047842,22.426110,52.247862
Cas,22.426110,52.247862,22.416857,51.447881
Cas,22.416857,51.447881,22.407924,50.647900
Cas,22.407900,50.647900,21.457521,50.652006
Cas,21.457521,50.652006,20.507059,50.655935
Cas,20.507059,50.655935,19.556518,50.659687
Cas,19.556518,50.659687,18.605901,50.663259
Cas,18.605900,50.663200,18.596972,49.663250
Cas,18.596972,49.663250,18.588404,48.663300
Cas,18.588400,48.663300,17.638617,48.666689
Cas,17.638617,48.666689,16.688771,48.669898
Cas,16.688771,48.669898,15.738864,48.672925
Cas,15.738864,48.672925,14.788900,48.675770
Cas,14.788900,48.675700,14.782383,47.675750
Cas,14.782383,47.675750,14.776110,46.675800
Cas,14.776100,46.675800,13.809668,46.678506
Cas,13.809668,46.678506,12.843188,46.681021
Cas,12.843188,46.681021,11.876664,46.683344
Cas,11.876664,46.683344,10.910100,46.685476
Cas,10.910100,46.685476,9.943497,46.687415
Cas,9.943497,46.687415,8.976862,46.689161
Cas,8.976862,46.689161,8.010195,46.690714
Cas,8.010195,46.690714,7.043503,46.692072
Cas,7.043503,46.692072,6.076787,46.693236
Cas,6.076787,46.693236,5.110051,46.694205
Cas,5.110051,46.694205,4.143300,46.694978
Cas,4.143300,46.694900,4.144304,47.361567
Cas,4.144304,47.361567,4.145333,48.028233
Cas,4.145333,48.028233,4.146389,48.694900
Cas,4.146400,48.694900,3.160812,48.695488
Cas,3.160812,48.695488,2.175214,48.695873
Cas,2.175214,48.695873,1.189611,48.696055
Cas,1.189611,48.696055,0.204006,48.696033
Cas,0.204006,48.696033,359.218404,48.695809
Cas,359.218404,48.695809,358.232808,48.695381
Cas,358.232808,48.695381,357.247223,48.694750
Cas,357.247223,48.694750,356.261652,48.693917
Cas,356.261652,48.693917,355.276100,48.692881
Cas,355.276100,48.692900,355.274311,49.359567
Cas,355.274311,49.359567,355.272473,50.026233
Cas,355.272473,50.026233,355.270583,50.692900
Cas,355.270600,50.692900,354.319331,50.691708
Cas,354.319331,50.691708,353.368089,50.690329
Cas,353.368089,50.690329,352.416877,50.688762
Cas,352.416877,50.688762,351.465700,50.687008
Cas,351.465700,50.687000,351.461594,51.520333
Cas,351.461594,51.520333,351.457336,52.353667
Cas,351.457336,52.353667,351.452913,53.187000
Cas,351.452900,53.187000,350.437001,53.184921
Cas,350.437001,53.184921,349.421155,53.182629
Cas,349.421155,53.182629,348.405367,53.180127
Cas,348.405367,53.180127,347.389643,53.177414
Cas,347.389643,53.177414,346.373987,53.174492
Cas,346.373987,53.174492,345.358404,53.171361
Cas,345.358404,53.171361,344.342900,53.168023
Cen,166.479400,-35.674700,166.475058,-36.624680
Cen,166.475058,-36.624680,166.470607,-37.574661
Cen,166.470607,-37.574661,166.466041,-38.524641
Cen,166.466041,-38.524641,166.461354,-39.474620
Cen,166.461354,-39.474620,166.456536,-40.424600
Cen,166.456500,-40.424600,166.451357,-41.409885
Cen,166.451357,-41.409885,166.446056,-42.395170
Cen,166.446056,-42.395170,166.440586,-43.380455
Cen,166.440586,-43.380455,166.434935,-44.365739
Cen,166.434935,-44.365739,166.429091,-45.351023
Cen,166.429091,-45.351023,166.423039,-46.336307
Cen,166.423039,-46.336307,166.416766,-47.321590
Cen,166.416766,-47.321590,166.410254,-48.306873
Cen,166.410254,-48.306873,166.403485,-49.292156
Cen,166.403485,-49.292156,166.396441,-50.277438
Cen,166.396441,-50.277438,166.389099,-51.262720
Cen,166.389099,-51.262720,166.381435,-52.248002
Cen,166.381435,-52.248002,166.373423,-53.233283
Cen,166.373423,-53.233283,166.365033,-54.218563
Cen,166.365033,-54.218563,166.356233,-55.203843
Cen,166.356233,-55.203843,166.346987,-56.189122
Cen,166.346987,-56.189122,166.337253,-57.174400
Cen,166.337300,-57.174400,167.291849,-57.177153
Cen,167.291849,-57.177153,168.246469,-57.179721
Cen,168.246469,-57.179721,169.201154,-57.182104
Cen,169.201154,-57.182104,170.155900,-57.184301
Cen,170.155900,-57.184300,170.148683,-58.121802
Cen,170.148683,-58.121802,170.141075,-59.059303
Cen,170.141075,-59.059303,170.133040,-59.996804
Cen,170.133040,-59.996804,170.124537,-60.934305
Cen,170.124537,-60.934305,170.115518,-61.871804
Cen,170.115518,-61.871804,170.105929,-62.809304
Cen,170.105929,-62.809304,170.095710,-63.746802
Cen,170.095710,-63.746802,170.084789,-64.684300
Cen,170.084800,-64.684300,171.081525,-64.686395
Cen,171.081525,-64.686395,172.078326,-64.688288
Cen,172.078326,-64.688288,173.075195,-64.689977
Cen,173.075195,-64.689977,174.072124,-64.691463
Cen,174.072124,-64.691463,175.069105,-64.692745
Cen,175.069105,-64.692745,176.066131,-64.693822
Cen,176.066131,-64.693822,177.063194,-64.694695
Cen,177.063194,-64.694695,178.060286,-64.695362
Cen,178.060286,-64.695362,179.057400,-64.695824
Cen,179.057400,-64.695800,179.059118,-63.795800
Cen,179.059118,-63.795800,179.060730,-62.895800
Cen,179.060730,-62.895800,179.062246,-61.995800
Cen,179.062246,-61.995800,179.063675,-61.095800
Cen,179.063675,-61.095800,179.065025,-60.195800
Cen,179.065025,-60.195800,179.066303,-59.295800
Cen,179.066303,-59.295800,179.067515,-58.395800
Cen,179.067515,-58.395800,179.068666,-57.495800
Cen,179.068666,-57.495800,179.069763,-56.595800
Cen,179.069763,-56.595800,179.070808,-55.695800
Cen,179.070800,-55.695800,180.088526,-55.696059
Cen,180.088526,-55.696059,181.106256,-55.696102
Cen,181.106256,-55.696102,182.123985,-55.695929
Cen,182.123985,-55.695929,183.141705,-55.695541
Cen,183.141705,-55.695541,184.159413,-55.694937
Cen,184.159413,-55.694937,185.177102,-55.694117
Cen,185.177102,-55.694117,186.194766,-55.693083
Cen,186.194766,-55.693083,187.212399,-55.691833
Cen,187.212399,-55.691833,188.229996,-55.690370
Cen,188.229996,-55.690370,189.247551,-55.688692
Cen,189.247551,-55.688692,190.265059,-55.686801
Cen,190.265059,-55.686801,191.282513,-55.684697
Cen,191.282513,-55.684697,192.299909,-55.682380
Cen,192.299909,-55.682380,193.317240,-55.679853
Cen,193.317240,-55.679853,194.334500,-55.677115
Cen,194.334500,-55.677100,194.342599,-56.577093
Cen,194.342599,-56.577093,194.351092,-57.477086
Cen,194.351092,-57.477086,194.360015,-58.377078
Cen,194.360015,-58.377078,194.369405,-59.277069
Cen,194.369405,-59.277069,194.379305,-60.177060
Cen,194.379305,-60.177060,194.389763,-61.077050
Cen,194.389763,-61.077050,194.400833,-61.977039
Cen,194.400833,-61.977039,194.412576,-62.877027
Cen,194.412576,-62.877027,194.425062,-63.777014
Cen,194.425062,-63.777014,194.438371,-64.677000
Cen,194.438400,-64.677000,195.370064,-64.674309
Cen,195.370064,-64.674309,196.301629,-64.671444
Cen,196.301629,-64.671444,197.233090,-64.668406
Cen,197.233090,-64.668406,198.164441,-64.665195
Cen,198.164441,-64.665195,199.095675,-64.661814
Cen,199.095675,-64.661814,200.026787,-64.658262
Cen,200.026787,-64.658262,200.957770,-64.654540
Cen,200.957770,-64.654540,201.888619,-64.650650
Cen,201.888619,-64.650650,202.819328,-64.646593
Cen,202.819328,-64.646593,203.749891,-64.642369
Cen,203.749891,-64.642369,204.680302,-64.637981
Cen,204.680300,-64.637900,205.671589,-64.633043
Cen,205.671589,-64.633043,206.662693,-64.628001
Cen,206.662693,-64.628001,207.653604,-64.622776
Cen,207.653604,-64.622776,208.644316,-64.617369
Cen,208.644316,-64.617369,209.634822,-64.611782
Cen,209.634822,-64.611782,210.625117,-64.606018
Cen,210.625117,-64.606018,211.615192,-64.600076
Cen,211.615192,-64.600076,212.605042,-64.593960
Cen,212.605042,-64.593960,213.594661,-64.587672
Cen,213.594661,-64.587672,214.584042,-64.581212
Cen,214.584042,-64.581212,215.573179,-64.574584
Cen,215.573179,-64.574584,216.562066,-64.567788
Cen,216.562066,-64.567788,217.550698,-64.560828
Cen,217.550698,-64.560828,218.539068,-64.553706
Cen,218.539068,-64.553706,219.527170,-64.546422
Cen,219.527170,-64.546422,220.514999,-64.538981
Cen,220.515000,-64.539000,220.475261,-63.539155
Cen,220.475261,-63.539155,220.438215,-62.539299
Cen,220.438215,-62.539299,220.403576,-61.539435
Cen,220.403576,-61.539435,220.371098,-60.539562
Cen,220.371098,-60.539562,220.340567,-59.539682
Cen,220.340567,-59.539682,220.311796,-58.539795
Cen,220.311796,-58.539795,220.284621,-57.539902
Cen,220.284621,-57.539902,220.258897,-56.540004
Cen,220.258897,-56.540004,220.234497,-55.540100
Cen,220.234500,-55.540100,219.305290,-55.547104
Cen,219.305290,-55.547104,218.375913,-55.553966
Cen,218.375913,-55.553966,217.446372,-55.560685
Cen,217.446372,-55.560685,216.516670,-55.567259
Cen,216.516670,-55.567259,215.586812,-55.573687
Cen,215.586812,-55.573687,214.656799,-55.579966
Cen,214.656800,-55.580000,214.637862,-54.651485
Cen,214.637862,-54.651485,214.619769,-53.722968
Cen,214.619769,-53.722968,214.602459,-52.794448
Cen,214.602459,-52.794448,214.585872,-51.865926
Cen,214.585872,-51.865926,214.569956,-50.937401
Cen,214.569956,-50.937401,214.554663,-50.008874
Cen,214.554663,-50.008874,214.539950,-49.080345
Cen,214.539950,-49.080345,214.525777,-48.151815
Cen,214.525777,-48.151815,214.512108,-47.223283
Cen,214.512108,-47.223283,214.498909,-46.294749
Cen,214.498909,-46.294749,214.486151,-45.366214
Cen,214.486151,-45.366214,214.473805,-44.437677
Cen,214.473805,-44.437677,214.461845,-43.509139
Cen,214.461845,-43.509139,214.450248,-42.580600
Cen,214.450300,-42.580600,215.396391,-42.574211
Cen,215.396391,-42.574211,216.342383,-42.567667
Cen,216.342383,-42.567667,217.288272,-42.560970
Cen,217.288272,-42.560970,218.234056,-42.554122
Cen,218.234056,-42.554122,219.179733,-42.547125
Cen,219.179733,-42.547125,220.125302,-42.539980
Cen,220.125302,-42.539980,221.070759,-42.532690
Cen,221.070759,-42.532690,222.016102,-42.525257
Cen,222.016102,-42.525257,222.961330,-42.517682
Cen,222.961330,-42.517682,223.906440,-42.509968
Cen,223.906440,-42.509968,224.851430,-42.502116
Cen,224.851430,-42.502116,225.796299,-42.494130
Cen,225.796300,-42.494200,225.781453,-41.532724
Cen,225.781453,-41.532724,225.767042,-40.571247
Cen,225.767042,-40.571247,225.753039,-39.609768
Cen,225.753039,-39.609768,225.739419,-38.648287
Cen,225.739419,-38.648287,225.726160,-37.686805
Cen,225.726160,-37.686805,225.713241,-36.725321
Cen,225.713241,-36.725321,225.700641,-35.763836
Cen,225.700641,-35.763836,225.688342,-34.802349
Cen,225.688342,-34.802349,225.676326,-33.840861
Cen,225.676326,-33.840861,225.664578,-32.879373
Cen,225.664578,-32.879373,225.653082,-31.917883
Cen,225.653082,-31.917883,225.641824,-30.956392
Cen,225.641824,-30.956392,225.630791,-29.994900
Cen,225.630800,-29.994900,224.653770,-30.003155
Cen,224.653770,-30.003155,223.676657,-30.011265
Cen,223.676657,-30.011265,222.699463,-30.019228
Cen,222.699463,-30.019228,221.722191,-30.027040
Cen,221.722191,-30.027040,220.744840,-30.034701
Cen,220.744840,-30.034701,219.767413,-30.042207
Cen,219.767413,-30.042207,218.789911,-30.049556
Cen,218.789911,-30.049556,217.812336,-30.056746
Cen,217.812336,-30.056746,216.834689,-30.063775
Cen,216.834689,-30.063775,215.856971,-30.070642
Cen,215.856971,-30.070642,214.879186,-30.077343
Cen,214.879186,-30.077343,213.901333,-30.083878
Cen,213.901333,-30.083878,212.923415,-30.090243
Cen,212.923415,-30.090243,211.945433,-30.096438
Cen,211.945433,-30.096438,210.967390,-30.102461
Cen,210.967390,-30.102461,209.989286,-30.108309
Cen,209.989286,-30.108309,209.011124,-30.113981
Cen,209.011124,-30.113981,208.032906,-30.119475
Cen,208.032906,-30.119475,207.054632,-30.124790
Cen,207.054632,-30.124790,206.076306,-30.129924
Cen,206.076306,-30.129924,205.097928,-30.134876
Cen,205.097928,-30.134876,204.119501,-30.139644
Cen,204.119501,-30.139644,203.141026,-30.144226
Cen,203.141026,-30.144226,202.162506,-30.148623
Cen,202.162506,-30.148623,201.183942,-30.152831
Cen,201.183942,-30.152831,200.205336,-30.156850
Cen,200.205336,-30.156850,199.226690,-30.160679
Cen,199.226690,-30.160679,198.248006,-30.164316
Cen,198.248006,-30.164316,197.269286,-30.167761
Cen,197.269286,-30.167761,196.290531,-30.171013
Cen,196.290531,-30.171013,195.311745,-30.174070
Cen,195.311745,-30.174070,194.332928,-30.176932
Cen,194.332928,-30.176932,193.354084,-30.179597
Cen,193.354084,-30.179597,192.375213,-30.182066
Cen,192.375213,-30.182066,191.396317,-30.184337
Cen,191.396317,-30.184337,190.417400,-30.186409
Cen,190.417400,-30.186400,190.419782,-31.061400
Cen,190.419782,-31.061400,190.422208,-31.936400
Cen,190.422208,-31.936400,190.424681,-32.811400
Cen,190.424681,-32.811400,190.427202,-33.686400
Cen,190.427200,-33.686400,189.419279,-33.688326
Cen,189.419279,-33.688326,188.411336,-33.690041
Cen,188.411336,-33.690041,187.403373,-33.691544
Cen,187.403373,-33.691544,186.395394,-33.692835
Cen,186.395394,-33.692835,185.387400,-33.693913
Cen,185.387400,-33.693900,185.388336,-34.360567
Cen,185.388336,-34.360567,185.389286,-35.027233
Cen,185.389286,-35.027233,185.390252,-35.693900
Cen,185.390300,-35.693900,184.394940,-35.694755
Cen,184.394940,-35.694755,183.399571,-35.695403
Cen,183.399571,-35.695403,182.404195,-35.695843
Cen,182.404195,-35.695843,181.408815,-35.696074
Cen,181.408815,-35.696074,180.413432,-35.696097
Cen,180.413432,-35.696097,179.418051,-35.695912
Cen,179.418051,-35.695912,178.422674,-35.695519
Cen,178.422674,-35.695519,177.427303,-35.694917
Cen,177.427303,-35.694917,176.431941,-35.694108
Cen,176.431941,-35.694108,175.436591,-35.693091
Cen,175.436591,-35.693091,174.441255,-35.691866
Cen,174.441255,-35.691866,173.445936,-35.690435
Cen,173.445936,-35.690435,172.450637,-35.688797
Cen,172.450637,-35.688797,171.455360,-35.686953
Cen,171.455360,-35.686953,170.460108,-35.684904
Cen,170.460108,-35.684904,169.464883,-35.682649
Cen,169.464883,-35.682649,168.469688,-35.680191
Cen,168.469688,-35.680191,167.474527,-35.677529
Cen,167.474527,-35.677529,166.479400,-35.674664
Cep,300.573300,59.851100,300.530647,60.850857
Cep,300.530647,60.850857,300.485238,61.850600
Cep,300.485200,61.850600,301.388189,61.859981
Cep,301.388189,61.859981,302.291457,61.869275
Cep,302.291457,61.869275,303.195002,61.878480
Cep,303.195002,61.878480,304.098822,61.887593
Cep,304.098822,61.887593,305.002913,61.896612
Cep,305.002913,61.896612,305.907274,61.905535
Cep,305.907274,61.905535,306.811902,61.914360
Cep,306.811900,61.914400,306.770556,62.830871
Cep,306.770556,62.830871,306.726552,63.747329
Cep,306.726552,63.747329,306.679598,64.663773
Cep,306.679598,64.663773,306.629361,65.580200
Cep,306.629361,65.580200,306.575454,66.496610
Cep,306.575454,66.496610,306.517431,67.413000
Cep,306.517400,67.413000,307.470993,67.422191
Cep,307.470993,67.422191,308.424960,67.431270
Cep,308.424960,67.431270,309.379295,67.440232
Cep,309.379295,67.440232,310.333995,67.449076
Cep,310.334000,67.449000,310.276257,68.337623
Cep,310.276257,68.337623,310.213821,69.226225
Cep,310.213821,69.226225,310.146062,70.114802
Cep,310.146062,70.114802,310.072232,71.003352
Cep,310.072232,71.003352,309.991435,71.891869
Cep,309.991435,71.891869,309.902594,72.780349
Cep,309.902594,72.780349,309.804393,73.668787
Cep,309.804393,73.668787,309.695218,74.557174
Cep,309.695218,74.557174,309.573058,75.445501
Cep,309.573000,75.445500,308.608406,75.436561
Cep,308.608406,75.436561,307.644412,75.427504
Cep,307.644412,75.427504,306.681025,75.418332
Cep,306.681025,75.418332,305.718251,75.409048
Cep,305.718251,75.409048,304.756097,75.399655
Cep,304.756097,75.399655,303.794568,75.390155
Cep,303.794568,75.390155,302.833670,75.380551
Cep,302.833670,75.380551,301.873409,75.370845
Cep,301.873400,75.370900,301.702798,76.370032
Cep,301.702798,76.370032,301.505756,77.369030
Cep,301.505756,77.369030,301.275464,78.367859
Cep,301.275464,78.367859,301.002559,79.366472
Cep,301.002559,79.366472,300.673804,80.364800
Cep,300.673800,80.364800,301.670071,80.374878
Cep,301.670071,80.374878,302.667407,80.384852
Cep,302.667407,80.384852,303.665802,80.394719
Cep,303.665802,80.394719,304.665247,80.404475
Cep,304.665247,80.404475,305.665733,80.414118
Cep,305.665733,80.414118,306.667250,80.423644
Cep,306.667250,80.423644,307.669790,80.433050
Cep,307.669790,80.433050,308.673342,80.442333
Cep,308.673342,80.442333,309.677895,80.451491
Cep,309.677895,80.451491,310.683439,80.460520
Cep,310.683439,80.460520,311.689962,80.469418
Cep,311.689962,80.469418,312.697452,80.478181
Cep,312.697452,80.478181,313.705898,80.486807
Cep,313.705900,80.486800,313.359806,81.485327
Cep,313.359806,81.485327,312.922531,82.483467
Cep,312.922531,82.483467,312.352255,83.481042
Cep,312.352255,83.481042,311.577047,84.477748
Cep,311.577047,84.477748,310.461943,85.473007
Cep,310.461943,85.473007,308.721104,86.465601
Cep,308.721000,86.465600,308.331415,86.630600
Cep,308.331400,86.630600,309.422397,86.639855
Cep,309.422397,86.639855,310.516720,86.648970
Cep,310.516720,86.648970,311.614345,86.657941
Cep,311.614345,86.657941,312.715244,86.666765
Cep,312.715244,86.666765,313.819388,86.675438
Cep,313.819388,86.675438,314.926745,86.683956
Cep,314.926745,86.683956,316.037282,86.692315
Cep,316.037282,86.692315,317.150961,86.700513
Cep,317.150961,86.700513,318.267744,86.708544
Cep,318.267744,86.708544,319.387589,86.716407
Cep,319.387589,86.716407,320.510451,86.724097
Cep,320.510451,86.724097,321.636284,86.731612
Cep,321.636284,86.731612,322.765039,86.738947
Cep,322.765039,86.738947,323.896662,86.746099
Cep,323.896662,86.746099,325.031101,86.753065
Cep,325.031101,86.753065,326.168298,86.759842
Cep,326.168298,86.759842,327.308193,86.766427
Cep,327.308193,86.766427,328.450725,86.772817
Cep,328.450725,86.772817,329.595827,86.779008
Cep,329.595827,86.779008,330.743434,86.784999
Cep,330.743434,86.784999,331.893475,86.790785
Cep,331.893475,86.790785,333.045878,86.796364
Cep,333.045878,86.796364,334.200568,86.801734
Cep,334.200568,86.801734,335.357469,86.806892
Cep,335.357469,86.806892,336.516502,86.811835
Cep,336.516502,86.811835,337.677584,86.816562
Cep,337.677584,86.816562,338.840633,86.821069
Cep,338.840633,86.821069,340.005561,86.825354
Cep,340.005561,86.825354,341.172282,86.829416
Cep,341.172282,86.829416,342.340705,86.833252
Cep,342.340705,86.833252,343.510738,86.836861
Cep,343.510700,86.836900,342.248653,87.751691
Cep,342.248653,87.751691,339.261001,88.663900
Cep,339.261000,88.663900,340.737700,88.668183
Cep,340.737700,88.668183,342.220508,88.672173
Cep,342.220508,88.672173,343.709042,88.675867
Cep,343.709042,88.675867,345.202900,88.679260
Cep,345.202900,88.679260,346.701668,88.682351
Cep,346.701668,88.682351,348.204914,88.685135
Cep,348.204914,88.685135,349.712196,88.687609
Cep,349.712196,88.687609,351.223057,88.689773
Cep,351.223057,88.689773,352.737030,88.691622
Cep,352.737030,88.691622,354.253636,88.693155
Cep,354.253636,88.693155,355.772392,88.694371
Cep,355.772392,88.694371,357.292804,88.695269
Cep,357.292804,88.695269,358.814375,88.695847
Cep,358.814375,88.695847,0.336603,88.696105
Cep,0.336603,88.696105,1.858984,88.696042
Cep,1.858984,88.696042,3.381016,88.695659
Cep,3.381016,88.695659,4.902194,88.694956
Cep,4.902194,88.694956,6.422018,88.693934
Cep,6.422018,88.693934,7.939993,88.692594
Cep,7.939993,88.692594,9.455628,88.690937
Cep,9.455628,88.690937,10.968442,88.688965
Cep,10.968442,88.688965,12.477961,88.686680
Cep,12.477961,88.686680,13.983721,88.684084
Cep,13.983721,88.684084,15.485272,88.681180
Cep,15.485272,88.681180,16.982173,88.677971
Cep,16.982173,88.677971,18.474001,88.674460
Cep,18.474001,88.674460,19.960346,88.670650
Cep,19.960346,88.670650,21.440815,88.666545
Cep,21.440815,88.666545,22.915030,88.662150
Cep,22.915030,88.662150,24.382631,88.657467
Cep,24.382631,88.657467,25.843278,88.652502
Cep,25.843278,88.652502,27.296647,88.647259
Cep,27.296647,88.647259,28.742435,88.641743
Cep,28.742435,88.641743,30.180357,88.635959
Cep,30.180357,88.635959,31.610148,88.629912
Cep,31.610148,88.629912,33.031561,88.623607
Cep,33.031561,88.623607,34.444370,88.617050
Cep,34.444370,88.617050,35.848367,88.610247
Cep,35.848367,88.610247,37.243365,88.603202
Cep,37.243365,88.603202,38.629194,88.595921
Cep,38.629194,88.595921,40.005702,88.588411
Cep,40.005702,88.588411,41.372756,88.580678
Cep,41.372756,88.580678,42.730240,88.572726
Cep,42.730240,88.572726,44.078057,88.564563
Cep,44.078057,88.564563,45.416123,88.556194
Cep,45.416123,88.556194,46.744373,88.547625
Cep,46.744373,88.547625,48.062754,88.538862
Cep,48.062754,88.538862,49.371230,88.529912
Cep,49.371230,88.529912,50.669778,88.520781
Cep,50.669778,88.520781,51.958389,88.511473
Cep,51.958389,88.511473,53.237065,88.501997
Cep,53.237065,88.501997,54.505821,88.492357
Cep,54.505821,88.492357,55.764682,88.482559
Cep,55.764682,88.482559,57.013685,88.472610
Cep,57.013685,88.472610,58.252876,88.462515
Cep,58.252876,88.462515,59.482310,88.452281
Cep,59.482310,88.452281,60.702050,88.441913
Cep,60.702050,88.441913,61.912167,88.431416
Cep,61.912167,88.431416,63.112740,88.420797
Cep,63.112740,88.420797,64.303855,88.410060
Cep,64.303855,88.410060,65.485601,88.399213
Cep,65.485601,88.399213,66.658078,88.388259
Cep,66.658078,88.388259,67.821384,88.377205
Cep,67.821384,88.377205,68.975628,88.366056
Cep,68.975628,88.366056,70.120920,88.354817
Cep,70.120920,88.354817,71.257372,88.343492
Cep,71.257372,88.343492,72.385103,88.332089
Cep,72.385103,88.332089,73.504231,88.320610
Cep,73.504231,88.320610,74.614878,88.309062
Cep,74.614878,88.309062,75.717170,88.297449
Cep,75.717170,88.297449,76.811230,88.285775
Cep,76.811230,88.285775,77.897188,88.274046
Cep,77.897188,88.274046,78.975169,88.262267
Cep,78.975169,88.262267,80.045304,88.250441
Cep,80.045304,88.250441,81.107721,88.238573
Cep,81.107721,88.238573,82.162550,88.226667
Cep,82.162550,88.226667,83.209921,88.214729
Cep,83.209921,88.214729,84.249964,88.202761
Cep,84.249964,88.202761,85.282807,88.190768
Cep,85.282807,88.190768,86.308580,88.178755
Cep,86.308580,88.178755,87.327410,88.166725
Cep,87.327410,88.166725,88.339426,88.154681
Cep,88.339426,88.154681,89.344753,88.142629
Cep,89.344753,88.142629,90.343517,88.130571
Cep,90.343517,88.130571,91.335842,88.118512
Cep,91.335842,88.118512,92.321852,88.106454
Cep,92.321852,88.106454,93.301668,88.094402
Cep,93.301668,88.094402,94.275410,88.082359
Cep,94.275410,88.082359,95.243198,88.070329
Cep,95.243198,88.070329,96.205150,88.058314
Cep,96.205150,88.058314,97.161381,88.046318
Cep,97.161381,88.046318,98.112005,88.034344
Cep,98.112005,88.034344,99.057137,88.022396
Cep,99.057137,88.022396,99.996885,88.010476
Cep,99.996885,88.010476,100.931361,87.998588
Cep,100.931361,87.998588,101.860672,87.986734
Cep,101.860672,87.986734,102.784924,87.974918
Cep,102.784924,87.974918,103.704221,87.963141
Cep,103.704221,87.963141,104.618666,87.951408
Cep,104.618666,87.951408,105.528361,87.939721
Cep,105.528361,87.939721,106.433404,87.928083
Cep,106.433404,87.928083,107.333893,87.916495
Cep,107.333893,87.916495,108.229923,87.904962
Cep,108.229923,87.904962,109.121590,87.893484
Cep,109.121590,87.893484,110.008985,87.882066
Cep,110.008985,87.882066,110.892199,87.870709
Cep,110.892199,87.870709,111.771322,87.859415
Cep,111.771322,87.859415,112.646440,87.848188
Cep,112.646440,87.848188,113.517641,87.837029
Cep,113.517641,87.837029,114.385007,87.825941
Cep,114.385007,87.825941,115.248622,87.814925
Cep,115.248622,87.814925,116.108568,87.803985
Cep,116.108568,87.803985,116.964923,87.793122
Cep,116.964923,87.793122,117.817766,87.782338
Cep,117.817766,87.782338,118.667174,87.771635
Cep,118.667174,87.771635,119.513222,87.761016
Cep,119.513222,87.761016,120.355984,87.750482
Cep,120.355984,87.750482,121.195532,87.740036
Cep,121.195532,87.740036,122.031937,87.729679
Cep,122.031937,87.729679,122.865270,87.719413
Cep,122.865270,87.719413,123.695598,87.709240
Cep,123.695598,87.709240,124.522988,87.699161
Cep,124.522988,87.699161,125.347507,87.689179
Cep,125.347507,87.689179,126.169218,87.679296
Cep,126.169218,87.679296,126.988186,87.669512
Cep,126.988186,87.669512,127.804473,87.659830
Cep,127.804473,87.659830,128.618139,87.650251
Cep,128.618139,87.650251,129.429245,87.640777
Cep,129.429245,87.640777,130.237849,87.631410
Cep,130.237849,87.631410,131.044009,87.622150
Cep,131.044009,87.622150,131.847782,87.613000
Cep,131.847782,87.613000,132.649223,87.603961
Cep,132.649223,87.603961,133.448387,87.595034
Cep,133.448387,87.595034,134.245328,87.586221
Cep,134.245328,87.586221,135.040098,87.577523
Cep,135.040098,87.577523,135.832748,87.568942
Cep,135.832500,87.568900,132.487148,86.836555
Cep,132.487148,86.836555,130.402868,86.097499
Cep,130.402800,86.097500,128.982737,85.354978
Cep,128.982737,85.354978,127.953828,84.610398
Cep,127.953600,84.610400,127.030687,84.620142
Cep,127.030687,84.620142,126.106236,84.629999
Cep,126.106236,84.629999,125.180220,84.639970
Cep,125.180220,84.639970,124.252613,84.650051
Cep,124.252613,84.650051,123.323389,84.660242
Cep,123.323389,84.660242,122.392520,84.670538
Cep,122.392520,84.670538,121.459981,84.680938
Cep,121.459981,84.680938,120.525745,84.691438
Cep,120.525745,84.691438,119.589785,84.702037
Cep,119.589785,84.702037,118.652076,84.712732
Cep,118.652076,84.712732,117.712590,84.723519
Cep,117.712590,84.723519,116.771302,84.734397
Cep,116.771302,84.734397,115.828186,84.745362
Cep,115.828186,84.745362,114.883215,84.756412
Cep,114.883215,84.756412,113.936364,84.767544
Cep,113.936364,84.767544,112.987606,84.778755
Cep,112.987606,84.778755,112.036918,84.790042
Cep,112.036918,84.790042,111.084271,84.801402
Cep,111.084271,84.801402,110.129643,84.812832
Cep,110.129643,84.812832,109.173006,84.824329
Cep,109.173006,84.824329,108.214337,84.835890
Cep,108.214337,84.835890,107.253610,84.847512
Cep,107.253610,84.847512,106.290800,84.859192
Cep,106.290800,84.859192,105.325885,84.870926
Cep,105.325885,84.870926,104.358838,84.882712
Cep,104.358838,84.882712,103.389637,84.894545
Cep,103.389637,84.894545,102.418258,84.906424
Cep,102.418258,84.906424,101.444677,84.918344
Cep,101.444677,84.918344,100.468872,84.930302
Cep,100.468872,84.930302,99.490820,84.942296
Cep,99.490820,84.942296,98.510498,84.954320
Cep,98.510498,84.954320,97.527885,84.966372
Cep,97.527885,84.966372,96.542958,84.978449
Cep,96.542958,84.978449,95.555698,84.990547
Cep,95.555698,84.990547,94.566083,85.002662
Cep,94.566083,85.002662,93.574093,85.014791
Cep,93.574093,85.014791,92.579707,85.026930
Cep,92.579707,85.026930,91.582908,85.039076
Cep,91.582908,85.039076,90.583676,85.051224
Cep,90.583676,85.051224,89.581992,85.063372
Cep,89.581992,85.063372,88.577840,85.075515
Cep,88.577840,85.075515,87.571202,85.087650
Cep,87.571202,85.087650,86.562061,85.099773
Cep,86.562061,85.099773,85.550403,85.111880
Cep,85.550403,85.111880,84.536211,85.123968
Cep,84.536100,85.123900,83.180813,84.131933
Cep,83.180813,84.131933,82.216705,83.137647
Cep,82.216705,83.137647,81.495767,82.141921
Cep,81.495767,82.141921,80.936163,81.145242
Cep,80.936163,81.145242,80.489021,80.147899
Cep,80.488900,80.147900,79.503379,80.159509
Cep,79.503379,80.159509,78.516692,80.171078
Cep,78.516692,80.171078,77.528839,80.182604
Cep,77.528839,80.182604,76.539821,80.194083
Cep,76.539821,80.194083,75.549638,80.205512
Cep,75.549638,80.205512,74.558291,80.216887
Cep,74.558291,80.216887,73.565783,80.228205
Cep,73.565783,80.228205,72.572114,80.239462
Cep,72.572114,80.239462,71.577288,80.250655
Cep,71.577288,80.250655,70.581307,80.261781
Cep,70.581307,80.261781,69.584175,80.272835
Cep,69.584175,80.272835,68.585894,80.283815
Cep,68.585894,80.283815,67.586470,80.294717
Cep,67.586470,80.294717,66.585906,80.305538
Cep,66.585906,80.305538,65.584208,80.316274
Cep,65.584208,80.316274,64.581380,80.326921
Cep,64.581380,80.326921,63.577429,80.337478
Cep,63.577429,80.337478,62.572360,80.347940
Cep,62.572360,80.347940,61.566181,80.358303
Cep,61.566181,80.358303,60.558898,80.368565
Cep,60.558898,80.368565,59.550518,80.378723
Cep,59.550518,80.378723,58.541051,80.388772
Cep,58.541051,80.388772,57.530504,80.398710
Cep,57.530500,80.398700,57.286316,79.649886
Cep,57.286316,79.649886,57.074750,78.900912
Cep,57.074750,78.900912,56.889621,78.151809
Cep,56.889621,78.151809,56.726216,77.402600
Cep,56.726200,77.402600,56.017648,77.409489
Cep,56.017648,77.409489,55.308704,77.416319
Cep,55.308700,77.416300,54.293237,77.425972
Cep,54.293237,77.425972,53.276986,77.435517
Cep,53.276986,77.435517,52.259954,77.444934
Cep,52.259954,77.444934,51.242150,77.454218
Cep,51.242150,77.454218,50.223585,77.463367
Cep,50.223585,77.463367,49.204267,77.472377
Cep,49.204267,77.472377,48.184207,77.481247
Cep,48.184207,77.481247,47.163415,77.489972
Cep,47.163415,77.489972,46.141902,77.498550
Cep,46.141902,77.498550,45.119678,77.506978
Cep,45.119678,77.506978,44.096754,77.515254
Cep,44.096754,77.515254,43.073142,77.523374
Cep,43.073142,77.523374,42.048855,77.531336
Cep,42.048855,77.531336,41.023903,77.539138
Cep,41.023903,77.539138,39.998300,77.546776
Cep,39.998300,77.546776,38.972058,77.554248
Cep,38.972058,77.554248,37.945190,77.561552
Cep,37.945190,77.561552,36.917710,77.568685
Cep,36.917710,77.568685,35.889630,77.575645
Cep,35.889630,77.575645,34.860966,77.582429
Cep,34.860966,77.582429,33.831730,77.589035
Cep,33.831730,77.589035,32.801937,77.595461
Cep,32.801937,77.595461,31.771603,77.601705
Cep,31.771603,77.601705,30.740741,77.607765
Cep,30.740741,77.607765,29.709367,77.613638
Cep,29.709367,77.613638,28.677496,77.619323
Cep,28.677496,77.619323,27.645144,77.624817
Cep,27.645144,77.624817,26.612327,77.630119
Cep,26.612327,77.630119,25.579060,77.635227
Cep,25.579060,77.635227,24.545361,77.640139
Cep,24.545361,77.640139,23.511245,77.644854
Cep,23.511245,77.644854,22.476730,77.649370
Cep,22.476730,77.649370,21.441831,77.653685
Cep,21.441831,77.653685,20.406567,77.657798
Cep,20.406567,77.657798,19.370954,77.661708
Cep,19.370954,77.661708,18.335010,77.665412
Cep,18.335010,77.665412,17.298752,77.668911
Cep,17.298752,77.668911,16.262199,77.672202
Cep,16.262199,77.672202,15.225368,77.675285
Cep,15.225368,77.675285,14.188276,77.678158
Cep,14.188276,77.678158,13.150944,77.680820
Cep,13.150944,77.680820,12.113387,77.683272
Cep,12.113387,77.683272,11.075626,77.685510
Cep,11.075626,77.685510,10.037678,77.687536
Cep,10.037678,77.687536,8.999562,77.689348
Cep,8.999562,77.689348,7.961297,77.690946
Cep,7.961297,77.690946,6.922901,77.692329
Cep,6.922900,77.692300,6.897878,76.692316
Cep,6.897878,76.692316,6.876296,75.692329
Cep,6.876296,75.692329,6.857478,74.692341
Cep,6.857478,74.692341,6.840916,73.692351
Cep,6.840916,73.692351,6.826220,72.692360
Cep,6.826220,72.692360,6.813082,71.692369
Cep,6.813082,71.692369,6.801262,70.692376
Cep,6.801262,70.692376,6.790563,69.692383
Cep,6.790563,69.692383,6.780828,68.692389
Cep,6.780828,68.692389,6.771927,67.692395
Cep,6.771927,67.692395,6.763752,66.692400
Cep,6.763800,66.692400,5.800054,66.693488
Cep,5.800054,66.693488,4.836267,66.694385
Cep,4.836267,66.694385,3.872449,66.695091
Cep,3.872449,66.695091,2.908606,66.695606
Cep,2.908606,66.695606,1.944746,66.695929
Cep,1.944746,66.695929,0.980876,66.696060
Cep,0.980876,66.696060,0.017006,66.696000
Cep,0.017006,66.696000,359.053141,66.695749
Cep,359.053141,66.695749,358.089291,66.695306
Cep,358.089291,66.695306,357.125462,66.694671
Cep,357.125462,66.694671,356.161663,66.693846
Cep,356.161663,66.693846,355.197901,66.692829
Cep,355.197900,66.692900,355.203265,65.942900
Cep,355.203265,65.942900,355.208324,65.192900
Cep,355.208324,65.192900,355.213105,64.442900
Cep,355.213105,64.442900,355.217631,63.692900
Cep,355.217600,63.692900,354.303006,63.691759
Cep,354.303006,63.691759,353.388453,63.690445
Cep,353.388453,63.690445,352.473947,63.688960
Cep,352.473947,63.688960,351.559493,63.687304
Cep,351.559493,63.687304,350.645096,63.685476
Cep,350.645096,63.685476,349.730764,63.683479
Cep,349.730764,63.683479,348.816500,63.681311
Cep,348.816500,63.681300,348.828363,62.702151
Cep,348.828363,62.702151,348.839465,61.723002
Cep,348.839465,61.723002,348.849884,60.743851
Cep,348.849884,60.743851,348.859685,59.764700
Cep,348.859700,59.764700,347.941433,59.762352
Cep,347.941433,59.762352,347.023234,59.759833
Cep,347.023234,59.759833,346.105110,59.757144
Cep,346.105110,59.757144,345.187063,59.754286
Cep,345.187063,59.754286,344.269099,59.751259
Cep,344.269100,59.751200,344.281368,58.806801
Cep,344.281368,58.806801,344.292986,57.862401
Cep,344.292986,57.862401,344.304009,56.918000
Cep,344.304000,56.918000,343.371051,56.914751
Cep,343.371051,56.914751,342.438187,56.911329
Cep,342.438187,56.911329,341.505414,56.907735
Cep,341.505414,56.907735,340.572734,56.903969
Cep,340.572734,56.903969,339.640153,56.900034
Cep,339.640153,56.900034,338.707675,56.895930
Cep,338.707675,56.895930,337.775304,56.891657
Cep,337.775304,56.891657,336.843044,56.887218
Cep,336.843044,56.887218,335.910900,56.882614
Cep,335.910900,56.882600,335.921256,56.257600
Cep,335.921256,56.257600,335.931279,55.632600
Cep,335.931300,55.632600,334.999947,55.627834
Cep,334.999947,55.627834,334.068713,55.622906
Cep,334.068713,55.622906,333.137600,55.617816
Cep,333.137600,55.617800,333.150416,54.867835
Cep,333.150416,54.867835,333.162764,54.117868
Cep,333.162764,54.117868,333.174672,53.367900
Cep,333.174700,53.367900,332.329435,53.363140
Cep,332.329435,53.363140,331.484268,53.358248
Cep,331.484268,53.358248,330.639201,53.353226
Cep,330.639200,53.353300,330.627272,54.047701
Cep,330.627272,54.047701,330.614939,54.742101
Cep,330.614939,54.742101,330.602176,55.436500
Cep,330.602200,55.436500,329.611280,55.430446
Cep,329.611280,55.430446,328.620517,55.424217
Cep,328.620517,55.424217,327.629916,55.417815
Cep,327.629916,55.417815,326.639481,55.411240
Cep,326.639481,55.411240,325.649217,55.404496
Cep,325.649217,55.404496,324.659127,55.397585
Cep,324.659127,55.397585,323.669217,55.390508
Cep,323.669217,55.390508,322.679489,55.383268
Cep,322.679489,55.383268,321.689948,55.375866
Cep,321.689948,55.375866,320.700597,55.368306
Cep,320.700597,55.368306,319.711442,55.360589
Cep,319.711442,55.360589,318.722485,55.352717
Cep,318.722485,55.352717,317.733730,55.344694
Cep,317.733730,55.344694,316.745181,55.336522
Cep,316.745181,55.336522,315.756842,55.328202
Cep,315.756842,55.328202,314.768716,55.319738
Cep,314.768716,55.319738,313.780806,55.311131
Cep,313.780806,55.311131,312.793116,55.302386
Cep,312.793116,55.302386,311.805650,55.293503
Cep,311.805650,55.293503,310.818410,55.284487
Cep,310.818410,55.284487,309.831399,55.275339
Cep,309.831400,55.275300,309.805840,56.144233
Cep,309.805840,56.144233,309.779099,57.013161
Cep,309.779099,57.013161,309.751077,57.882083
Cep,309.751077,57.882083,309.721668,58.750999
Cep,309.721668,58.750999,309.690751,59.619907
Cep,309.690751,59.619907,309.658192,60.488808
Cep,309.658192,60.488808,309.623840,61.357700
Cep,309.623800,61.357700,308.660798,61.348648
Cep,308.660800,61.348600,308.689307,60.640403
Cep,308.689307,60.640403,308.716589,59.932200
Cep,308.716600,59.932200,307.810803,59.923575
Cep,307.810803,59.923575,306.905246,59.914846
Cep,306.905246,59.914846,305.999933,59.906016
Cep,305.999933,59.906016,305.094866,59.897088
Cep,305.094866,59.897088,304.190047,59.888062
Cep,304.190047,59.888062,303.285479,59.878943
Cep,303.285479,59.878943,302.381164,59.869731
Cep,302.381164,59.869731,301.477105,59.860429
Cep,301.477105,59.860429,300.573303,59.851040
Cet,6.601300,0.692500,6.602119,1.359167
Cet,6.602119,1.359167,6.602938,2.025833
Cet,6.602938,2.025833,6.603758,2.692500
Cet,6.603800,2.692500,7.565816,2.691221
Cet,7.565816,2.691221,8.527831,2.689748
Cet,8.527831,2.689748,9.489844,2.688080
Cet,9.489844,2.688080,10.451856,2.686218
Cet,10.451856,2.686218,11.413865,2.684163
Cet,11.413865,2.684163,12.375873,2.681916
Cet,12.375873,2.681916,13.337878,2.679476
Cet,13.337878,2.679476,14.299880,2.676844
Cet,14.299880,2.676844,15.261880,2.674022
Cet,15.261880,2.674022,16.223877,2.671010
Cet,16.223877,2.671010,17.185871,2.667809
Cet,17.185871,2.667809,18.147862,2.664420
Cet,18.147862,2.664420,19.109849,2.660843
Cet,19.109849,2.660843,20.071833,2.657081
Cet,20.071833,2.657081,21.033813,2.653133
Cet,21.033813,2.653133,21.995789,2.649001
Cet,21.995789,2.649001,22.957761,2.644687
Cet,22.957761,2.644687,23.919729,2.640190
Cet,23.919729,2.640190,24.881693,2.635514
Cet,24.881693,2.635514,25.843651,2.630658
Cet,25.843651,2.630658,26.805605,2.625624
Cet,26.805605,2.625624,27.767555,2.620415
Cet,27.767555,2.620415,28.729499,2.615030
Cet,28.729499,2.615030,29.691438,2.609472
Cet,29.691438,2.609472,30.653371,2.603743
Cet,30.653371,2.603743,31.615300,2.597843
Cet,31.615300,2.597900,31.621474,3.587463
Cet,31.621474,3.587463,31.627662,4.577025
Cet,31.627662,4.577025,31.633866,5.566588
Cet,31.633866,5.566588,31.640092,6.556150
Cet,31.640092,6.556150,31.646342,7.545713
Cet,31.646342,7.545713,31.652621,8.535275
Cet,31.652621,8.535275,31.658933,9.524837
Cet,31.658933,9.524837,31.665281,10.514399
Cet,31.665200,10.514400,32.629481,10.508317
Cet,32.629481,10.508317,33.593742,10.502067
Cet,33.593742,10.502067,34.557982,10.495651
Cet,34.557982,10.495651,35.522201,10.489072
Cet,35.522201,10.489072,36.486398,10.482331
Cet,36.486398,10.482331,37.450572,10.475430
Cet,37.450572,10.475430,38.414723,10.468372
Cet,38.414723,10.468372,39.378851,10.461157
Cet,39.378851,10.461157,40.342955,10.453789
Cet,40.342955,10.453789,41.307035,10.446269
Cet,41.307035,10.446269,42.271090,10.438600
Cet,42.271090,10.438600,43.235120,10.430782
Cet,43.235120,10.430782,44.199124,10.422820
Cet,44.199124,10.422820,45.163102,10.414715
Cet,45.163102,10.414715,46.127054,10.406469
Cet,46.127054,10.406469,47.090979,10.398085
Cet,47.090979,10.398085,48.054876,10.389565
Cet,48.054876,10.389565,49.018746,10.380911
Cet,49.018746,10.380911,49.982587,10.372127
Cet,49.982587,10.372127,50.946400,10.363214
Cet,50.946400,10.363200,50.936885,9.371581
Cet,50.936885,9.371581,50.927423,8.379961
Cet,50.927423,8.379961,50.918010,7.388342
Cet,50.918010,7.388342,50.908639,6.396722
Cet,50.908639,6.396722,50.899304,5.405102
Cet,50.899304,5.405102,50.890000,4.413482
Cet,50.890000,4.413482,50.880721,3.421861
Cet,50.880721,3.421861,50.871461,2.430241
Cet,50.871461,2.430241,50.862214,1.438621
Cet,50.862214,1.438621,50.852976,0.447000
Cet,50.853000,0.447000,50.844850,-0.428000
Cet,50.844850,-0.428000,50.836699,-1.303000
Cet,50.836700,-1.303000,49.886941,-1.294216
Cet,49.886941,-1.294216,48.937185,-1.285557
Cet,48.937185,-1.285557,47.987430,-1.277026
Cet,47.987430,-1.277026,47.037678,-1.268625
Cet,47.037678,-1.268625,46.087927,-1.260356
Cet,46.087927,-1.260356,45.138178,-1.252222
Cet,45.138178,-1.252222,44.188431,-1.244225
Cet,44.188431,-1.244225,43.238685,-1.236367
Cet,43.238685,-1.236367,42.288942,-1.228649
Cet,42.288942,-1.228649,41.339199,-1.221076
Cet,41.339200,-1.221000,41.331421,-2.205028
Cet,41.331421,-2.205028,41.323631,-3.189056
Cet,41.323631,-3.189056,41.315826,-4.173084
Cet,41.315826,-4.173084,41.308002,-5.157112
Cet,41.308002,-5.157112,41.300154,-6.141140
Cet,41.300154,-6.141140,41.292276,-7.125167
Cet,41.292276,-7.125167,41.284365,-8.109195
Cet,41.284365,-8.109195,41.276414,-9.093222
Cet,41.276414,-9.093222,41.268420,-10.077249
Cet,41.268420,-10.077249,41.260377,-11.061276
Cet,41.260377,-11.061276,41.252280,-12.045303
Cet,41.252280,-12.045303,41.244123,-13.029330
Cet,41.244123,-13.029330,41.235901,-14.013356
Cet,41.235901,-14.013356,41.227608,-14.997382
Cet,41.227608,-14.997382,41.219239,-15.981408
Cet,41.219239,-15.981408,41.210787,-16.965433
Cet,41.210787,-16.965433,41.202245,-17.949458
Cet,41.202245,-17.949458,41.193609,-18.933483
Cet,41.193609,-18.933483,41.184870,-19.917507
Cet,41.184870,-19.917507,41.176021,-20.901531
Cet,41.176021,-20.901531,41.167055,-21.885554
Cet,41.167055,-21.885554,41.157965,-22.869577
Cet,41.157965,-22.869577,41.148743,-23.853600
Cet,41.148800,-23.853600,40.169594,-23.845944
Cet,40.169594,-23.845944,39.190444,-23.838445
Cet,39.190444,-23.838445,38.211349,-23.831107
Cet,38.211349,-23.831107,37.232306,-23.823931
Cet,37.232306,-23.823931,36.253316,-23.816918
Cet,36.253316,-23.816918,35.274377,-23.810073
Cet,35.274377,-23.810073,34.295487,-23.803395
Cet,34.295487,-23.803395,33.316646,-23.796888
Cet,33.316646,-23.796888,32.337852,-23.790553
Cet,32.337852,-23.790553,31.359103,-23.784391
Cet,31.359103,-23.784391,30.380399,-23.778406
Cet,30.380399,-23.778406,29.401738,-23.772598
Cet,29.401738,-23.772598,28.423119,-23.766969
Cet,28.423119,-23.766969,27.444540,-23.761520
Cet,27.444540,-23.761520,26.466000,-23.756255
Cet,26.466000,-23.756300,26.462461,-24.314600
Cet,26.462461,-24.314600,26.458890,-24.872900
Cet,26.458900,-24.872900,25.481833,-24.867825
Cet,25.481833,-24.867825,24.504803,-24.862936
Cet,24.504803,-24.862936,23.527811,-24.858232
Cet,23.527811,-24.858232,22.550854,-24.853716
Cet,22.550854,-24.853716,21.573931,-24.849390
Cet,21.573931,-24.849390,20.597040,-24.845253
Cet,20.597040,-24.845253,19.620181,-24.841308
Cet,19.620181,-24.841308,18.643350,-24.837555
Cet,18.643350,-24.837555,17.666548,-24.833996
Cet,17.666548,-24.833996,16.689772,-24.830632
Cet,16.689772,-24.830632,15.713021,-24.827463
Cet,15.713021,-24.827463,14.736294,-24.824491
Cet,14.736294,-24.824491,13.759588,-24.821716
Cet,13.759588,-24.821716,12.782903,-24.819140
Cet,12.782903,-24.819140,11.806237,-24.816762
Cet,11.806237,-24.816762,10.829588,-24.814584
Cet,10.829588,-24.814584,9.852955,-24.812606
Cet,9.852955,-24.812606,8.876337,-24.810830
Cet,8.876337,-24.810830,7.899731,-24.809254
Cet,7.899731,-24.809254,6.923137,-24.807880
Cet,6.923137,-24.807880,5.946552,-24.806709
Cet,5.946552,-24.806709,4.969975,-24.805740
Cet,4.969975,-24.805740,3.993405,-24.804974
Cet,3.993405,-24.804974,3.016840,-24.804411
Cet,3.016840,-24.804411,2.040279,-24.804051
Cet,2.040279,-24.804051,1.063719,-24.803895
Cet,1.063719,-24.803895,0.087160,-24.803942
Cet,0.087160,-24.803942,359.110600,-24.804192
Cet,359.110600,-24.804200,359.110177,-23.830516
Cet,359.110177,-23.830516,359.109761,-22.856832
Cet,359.109761,-22.856832,359.109351,-21.883147
Cet,359.109351,-21.883147,359.108946,-20.909463
Cet,359.108946,-20.909463,359.108547,-19.935779
Cet,359.108547,-19.935779,359.108152,-18.962095
Cet,359.108152,-18.962095,359.107762,-17.988411
Cet,359.107762,-17.988411,359.107376,-17.014726
Cet,359.107376,-17.014726,359.106994,-16.041042
Cet,359.106994,-16.041042,359.106616,-15.067358
Cet,359.106616,-15.067358,359.106242,-14.093674
Cet,359.106242,-14.093674,359.105870,-13.119989
Cet,359.105870,-13.119989,359.105502,-12.146305
Cet,359.105502,-12.146305,359.105136,-11.172621
Cet,359.105136,-11.172621,359.104773,-10.198937
Cet,359.104773,-10.198937,359.104411,-9.225253
Cet,359.104411,-9.225253,359.104052,-8.251568
Cet,359.104052,-8.251568,359.103695,-7.277884
Cet,359.103695,-7.277884,359.103339,-6.304200
Cet,359.103300,-6.304200,0.039474,-6.303956
Cet,0.039474,-6.303956,0.975647,-6.303897
Cet,0.975647,-6.303897,1.911821,-6.304025
Cet,1.911821,-6.304025,2.847995,-6.304339
Cet,2.847995,-6.304339,3.784169,-6.304839
Cet,3.784169,-6.304839,4.720345,-6.305525
Cet,4.720345,-6.305525,5.656522,-6.306396
Cet,5.656522,-6.306396,6.592700,-6.307453
Cet,6.592700,-6.307500,6.593786,-5.432500
Cet,6.593786,-5.432500,6.594868,-4.557500
Cet,6.594868,-4.557500,6.595948,-3.682500
Cet,6.595948,-3.682500,6.597026,-2.807500
Cet,6.597026,-2.807500,6.598102,-1.932500
Cet,6.598102,-1.932500,6.599177,-1.057500
Cet,6.599177,-1.057500,6.600252,-0.182500
Cet,6.600252,-0.182500,6.601326,0.692500
Cha,111.652100,-82.775900,112.675596,-82.787090
Cha,112.675596,-82.787090,113.700722,-82.798199
Cha,113.700722,-82.798199,114.727473,-82.809225
Cha,114.727473,-82.809225,115.755846,-82.820164
Cha,115.755846,-82.820164,116.785834,-82.831011
Cha,116.785834,-82.831011,117.817430,-82.841764
Cha,117.817430,-82.841764,118.850627,-82.852418
Cha,118.850627,-82.852418,119.885418,-82.862971
Cha,119.885418,-82.862971,120.921794,-82.873418
Cha,120.921794,-82.873418,121.959746,-82.883755
Cha,121.959746,-82.883755,122.999263,-82.893980
Cha,122.999263,-82.893980,124.040336,-82.904089
Cha,124.040336,-82.904089,125.082952,-82.914078
Cha,125.082952,-82.914078,126.127099,-82.923944
Cha,126.127099,-82.923944,127.172765,-82.933683
Cha,127.172765,-82.933683,128.219936,-82.943292
Cha,128.219936,-82.943292,129.268597,-82.952767
Cha,129.268597,-82.952767,130.318734,-82.962106
Cha,130.318734,-82.962106,131.370330,-82.971304
Cha,131.370330,-82.971304,132.423368,-82.980359
Cha,132.423368,-82.980359,133.477832,-82.989267
Cha,133.477832,-82.989267,134.533703,-82.998025
Cha,134.533703,-82.998025,135.590962,-83.006630
Cha,135.590962,-83.006630,136.649590,-83.015078
Cha,136.649590,-83.015078,137.709565,-83.023367
Cha,137.709565,-83.023367,138.770868,-83.031494
Cha,138.770868,-83.031494,139.833475,-83.039455
Cha,139.833475,-83.039455,140.897365,-83.047248
Cha,140.897365,-83.047248,141.962514,-83.054870
Cha,141.962514,-83.054870,143.028897,-83.062317
Cha,143.028897,-83.062317,144.096490,-83.069588
Cha,144.096490,-83.069588,145.165268,-83.076679
Cha,145.165268,-83.076679,146.235204,-83.083588
Cha,146.235204,-83.083588,147.306271,-83.090312
Cha,147.306271,-83.090312,148.378441,-83.096849
Cha,148.378441,-83.096849,149.451686,-83.103196
Cha,149.451686,-83.103196,150.525978,-83.109350
Cha,150.525978,-83.109350,151.601285,-83.115310
Cha,151.601285,-83.115310,152.677580,-83.121073
Cha,152.677580,-83.121073,153.754829,-83.126636
Cha,153.754829,-83.126636,154.833002,-83.131999
Cha,154.833002,-83.131999,155.912067,-83.137158
Cha,155.912067,-83.137158,156.991990,-83.142112
Cha,156.991990,-83.142112,158.072739,-83.146858
Cha,158.072739,-83.146858,159.154280,-83.151395
Cha,159.154280,-83.151395,160.236579,-83.155722
Cha,160.236579,-83.155722,161.319601,-83.159836
Cha,161.319601,-83.159836,162.403309,-83.163736
Cha,162.403309,-83.163736,163.487670,-83.167420
Cha,163.487670,-83.167420,164.572646,-83.170886
Cha,164.572646,-83.170886,165.658201,-83.174135
Cha,165.658201,-83.174135,166.744298,-83.177163
Cha,166.744298,-83.177163,167.830899,-83.179971
Cha,167.830899,-83.179971,168.917967,-83.182556
Cha,168.917967,-83.182556,170.005464,-83.184919
Cha,170.005464,-83.184919,171.093351,-83.187057
Cha,171.093351,-83.187057,172.181590,-83.188970
Cha,172.181590,-83.188970,173.270142,-83.190658
Cha,173.270142,-83.190658,174.358968,-83.192119
Cha,174.358968,-83.192119,175.448028,-83.193354
Cha,175.448028,-83.193354,176.537283,-83.194361
Cha,176.537283,-83.194361,177.626694,-83.195140
Cha,177.626694,-83.195140,178.716221,-83.195691
Cha,178.716221,-83.195691,179.805824,-83.196014
Cha,179.805824,-83.196014,180.895464,-83.196109
Cha,180.895464,-83.196109,181.985100,-83.195975
Cha,181.985100,-83.195975,183.074693,-83.195612
Cha,183.074693,-83.195612,184.164202,-83.195021
Cha,184.164202,-83.195021,185.253589,-83.194202
Cha,185.253589,-83.194202,186.342813,-83.193155
Cha,186.342813,-83.193155,187.431836,-83.191881
Cha,187.431836,-83.191881,188.520616,-83.190381
Cha,188.520616,-83.190381,189.609117,-83.188654
Cha,189.609117,-83.188654,190.697297,-83.186701
Cha,190.697297,-83.186701,191.785119,-83.184524
Cha,191.785119,-83.184524,192.872544,-83.182122
Cha,192.872544,-83.182122,193.959534,-83.179498
Cha,193.959534,-83.179498,195.046050,-83.176652
Cha,195.046050,-83.176652,196.132055,-83.173585
Cha,196.132055,-83.173585,197.217512,-83.170299
Cha,197.217512,-83.170299,198.302383,-83.166794
Cha,198.302383,-83.166794,199.386633,-83.163072
Cha,199.386633,-83.163072,200.470225,-83.159135
Cha,200.470225,-83.159135,201.553123,-83.154984
Cha,201.553123,-83.154984,202.635292,-83.150621
Cha,202.635292,-83.150621,203.716698,-83.146047
Cha,203.716698,-83.146047,204.797306,-83.141264
Cha,204.797306,-83.141264,205.877082,-83.136275
Cha,205.877082,-83.136275,206.955994,-83.131080
Cha,206.955994,-83.131080,208.034009,-83.125683
Cha,208.034009,-83.125683,209.111094,-83.120084
Cha,209.111100,-83.120100,208.806834,-82.183403
Cha,208.806834,-82.183403,208.567336,-81.246534
Cha,208.567336,-81.246534,208.373827,-80.309544
Cha,208.373827,-80.309544,208.214148,-79.372464
Cha,208.214148,-79.372464,208.080075,-78.435316
Cha,208.080075,-78.435316,207.965852,-77.498116
Cha,207.965852,-77.498116,207.867325,-76.560875
Cha,207.867325,-76.560875,207.781425,-75.623600
Cha,207.781400,-75.623600,206.760166,-75.628905
Cha,206.760166,-75.628905,205.738553,-75.634020
Cha,205.738553,-75.634020,204.716576,-75.638942
Cha,204.716576,-75.638942,203.694247,-75.643670
Cha,203.694247,-75.643670,202.671582,-75.648202
Cha,202.671582,-75.648202,201.648593,-75.652537
Cha,201.648593,-75.652537,200.625295,-75.656674
Cha,200.625295,-75.656674,199.601702,-75.660610
Cha,199.601702,-75.660610,198.577828,-75.664345
Cha,198.577828,-75.664345,197.553689,-75.667878
Cha,197.553689,-75.667878,196.529299,-75.671207
Cha,196.529299,-75.671207,195.504672,-75.674331
Cha,195.504672,-75.674331,194.479824,-75.677249
Cha,194.479824,-75.677249,193.454769,-75.679960
Cha,193.454769,-75.679960,192.429523,-75.682463
Cha,192.429523,-75.682463,191.404100,-75.684758
Cha,191.404100,-75.684758,190.378517,-75.686843
Cha,190.378517,-75.686843,189.352788,-75.688719
Cha,189.352788,-75.688719,188.326929,-75.690383
Cha,188.326929,-75.690383,187.300955,-75.691837
Cha,187.300955,-75.691837,186.274882,-75.693078
Cha,186.274882,-75.693078,185.248726,-75.694108
Cha,185.248726,-75.694108,184.222501,-75.694924
Cha,184.222501,-75.694924,183.196225,-75.695528
Cha,183.196225,-75.695528,182.169911,-75.695919
Cha,182.169911,-75.695919,181.143577,-75.696097
Cha,181.143577,-75.696097,180.117237,-75.696062
Cha,180.117237,-75.696062,179.090908,-75.695813
Cha,179.090908,-75.695813,178.064605,-75.695352
Cha,178.064605,-75.695352,177.038344,-75.694677
Cha,177.038344,-75.694677,176.012140,-75.693790
Cha,176.012140,-75.693790,174.986010,-75.692690
Cha,174.986010,-75.692690,173.959968,-75.691378
Cha,173.959968,-75.691378,172.934031,-75.689855
Cha,172.934031,-75.689855,171.908213,-75.688120
Cha,171.908213,-75.688120,170.882531,-75.686175
Cha,170.882531,-75.686175,169.856999,-75.684020
Cha,169.857000,-75.684000,168.833505,-75.681640
Cha,168.833505,-75.681640,167.810190,-75.679073
Cha,167.810190,-75.679073,166.787071,-75.676299
Cha,166.787071,-75.676299,165.764162,-75.673320
Cha,165.764162,-75.673320,164.741479,-75.670135
Cha,164.741479,-75.670135,163.719036,-75.666747
Cha,163.719036,-75.666747,162.696849,-75.663156
Cha,162.696849,-75.663156,161.674930,-75.659363
Cha,161.674930,-75.659363,160.653296,-75.655371
Cha,160.653296,-75.655371,159.631960,-75.651179
Cha,159.631960,-75.651179,158.610936,-75.646791
Cha,158.610936,-75.646791,157.590239,-75.642206
Cha,157.590239,-75.642206,156.569882,-75.637426
Cha,156.569882,-75.637426,155.549880,-75.632454
Cha,155.549880,-75.632454,154.530245,-75.627291
Cha,154.530245,-75.627291,153.510990,-75.621938
Cha,153.510990,-75.621938,152.492130,-75.616397
Cha,152.492130,-75.616397,151.473678,-75.610670
Cha,151.473678,-75.610670,150.455645,-75.604759
Cha,150.455645,-75.604759,149.438045,-75.598666
Cha,149.438045,-75.598666,148.420890,-75.592393
Cha,148.420890,-75.592393,147.404193,-75.585942
Cha,147.404193,-75.585942,146.387966,-75.579314
Cha,146.387966,-75.579314,145.372220,-75.572513
Cha,145.372220,-75.572513,144.356968,-75.565541
Cha,144.356968,-75.565541,143.342220,-75.558399
Cha,143.342220,-75.558399,142.327988,-75.551090
Cha,142.327988,-75.551090,141.314282,-75.543616
Cha,141.314282,-75.543616,140.301115,-75.535981
Cha,140.301115,-75.535981,139.288496,-75.528185
Cha,139.288496,-75.528185,138.276435,-75.520233
Cha,138.276435,-75.520233,137.264944,-75.512126
Cha,137.264944,-75.512126,136.254031,-75.503866
Cha,136.254031,-75.503866,135.243706,-75.495458
Cha,135.243700,-75.495500,134.235785,-75.486960
Cha,134.235785,-75.486960,133.228474,-75.478277
Cha,133.228474,-75.478277,132.221777,-75.469453
Cha,132.221777,-75.469453,131.215702,-75.460492
Cha,131.215702,-75.460492,130.210257,-75.451395
Cha,130.210257,-75.451395,129.205450,-75.442167
Cha,129.205450,-75.442167,128.201290,-75.432809
Cha,128.201290,-75.432809,127.197784,-75.423325
Cha,127.197784,-75.423325,126.194939,-75.413718
Cha,126.194939,-75.413718,125.192762,-75.403991
Cha,125.192762,-75.403991,124.191260,-75.394146
Cha,124.191260,-75.394146,123.190440,-75.384188
Cha,123.190440,-75.384188,122.190308,-75.374118
Cha,122.190308,-75.374118,121.190870,-75.363941
Cha,121.190870,-75.363941,120.192132,-75.353659
Cha,120.192132,-75.353659,119.194099,-75.343276
Cha,119.194099,-75.343276,118.196777,-75.332794
Cha,118.196777,-75.332794,117.200171,-75.322218
Cha,117.200171,-75.322218,116.204285,-75.311550
Cha,116.204285,-75.311550,115.209123,-75.300793
Cha,115.209123,-75.300793,114.214691,-75.289952
Cha,114.214700,-75.289900,114.045094,-76.226476
Cha,114.045094,-76.226476,113.851251,-77.162919
Cha,113.851251,-77.162919,113.627453,-78.099198
Cha,113.627453,-78.099198,113.366033,-79.035271
Cha,113.366033,-79.035271,113.056467,-79.971080
Cha,113.056467,-79.971080,112.683908,-80.906544
Cha,112.683908,-80.906544,112.226724,-81.841544
Cha,112.226724,-81.841544,111.652125,-82.775900
Cir,204.680300,-64.637900,204.693643,-65.137901
Cir,204.693643,-65.137901,204.707498,-65.637900
Cir,204.707500,-65.637900,205.561145,-65.633728
Cir,205.561145,-65.633728,206.414646,-65.629420
Cir,206.414646,-65.629420,207.267999,-65.624975
Cir,207.268000,-65.625000,207.300290,-66.624897
Cir,207.300290,-66.624897,207.335298,-67.624786
Cir,207.335298,-67.624786,207.373406,-68.624667
Cir,207.373406,-68.624667,207.415071,-69.624539
Cir,207.415071,-69.624539,207.460845,-70.624400
Cir,207.460900,-70.624400,208.446083,-70.619100
Cir,208.446083,-70.619100,209.430994,-70.613624
Cir,209.430994,-70.613624,210.415624,-70.607972
Cir,210.415624,-70.607972,211.399964,-70.602147
Cir,211.399964,-70.602147,212.384007,-70.596150
Cir,212.384007,-70.596150,213.367744,-70.589984
Cir,213.367744,-70.589984,214.351167,-70.583649
Cir,214.351167,-70.583649,215.334267,-70.577148
Cir,215.334267,-70.577148,216.317038,-70.570483
Cir,216.317038,-70.570483,217.299470,-70.563656
Cir,217.299470,-70.563656,218.281556,-70.556669
Cir,218.281556,-70.556669,219.263290,-70.549524
Cir,219.263290,-70.549524,220.244662,-70.542223
Cir,220.244662,-70.542223,221.225666,-70.534769
Cir,221.225666,-70.534769,222.206296,-70.527163
Cir,222.206296,-70.527163,223.186543,-70.519409
Cir,223.186543,-70.519409,224.166401,-70.511507
Cir,224.166400,-70.511500,224.107877,-69.678417
Cir,224.107877,-69.678417,224.053776,-68.845317
Cir,224.053776,-68.845317,224.003594,-68.012200
Cir,224.003600,-68.012200,224.855034,-68.005215
Cir,224.855034,-68.005215,225.706202,-67.998121
Cir,225.706202,-67.998121,226.557101,-67.990921
Cir,226.557100,-67.990900,226.500082,-67.011976
Cir,226.500082,-67.011976,226.447480,-66.033033
Cir,226.447480,-66.033033,226.398771,-65.054074
Cir,226.398771,-65.054074,226.353515,-64.075100
Cir,226.353500,-64.075100,227.307211,-64.066903
Cir,227.307211,-64.066903,228.260634,-64.058575
Cir,228.260634,-64.058575,229.213764,-64.050120
Cir,229.213764,-64.050120,230.166597,-64.041538
Cir,230.166600,-64.041600,230.127049,-63.180643
Cir,230.127049,-63.180643,230.089781,-62.319676
Cir,230.089781,-62.319676,230.054589,-61.458700
Cir,230.054600,-61.458700,230.899881,-61.450982
Cir,230.899881,-61.450982,231.744948,-61.443168
Cir,231.744948,-61.443168,232.589798,-61.435260
Cir,232.589800,-61.435300,232.549896,-60.435500
Cir,232.549900,-60.435500,232.512378,-59.435678
Cir,232.512378,-59.435678,232.477010,-58.435847
Cir,232.477010,-58.435847,232.443595,-57.436006
Cir,232.443595,-57.436006,232.411959,-56.436157
Cir,232.411959,-56.436157,232.381944,-55.436300
Cir,232.381900,-55.436300,231.522570,-55.444342
Cir,231.522570,-55.444342,230.663063,-55.452286
Cir,230.663063,-55.452286,229.803381,-55.460131
Cir,229.803381,-55.460131,228.943526,-55.467873
Cir,228.943526,-55.467873,228.083500,-55.475513
Cir,228.083500,-55.475500,227.103105,-55.484078
Cir,227.103105,-55.484078,226.122494,-55.492517
Cir,226.122494,-55.492517,225.141672,-55.500815
Cir,225.141672,-55.500815,224.160640,-55.508968
Cir,224.160640,-55.508968,223.179404,-55.516975
Cir,223.179404,-55.516975,222.197966,-55.524833
Cir,222.197966,-55.524833,221.216330,-55.532540
Cir,221.216330,-55.532540,220.234500,-55.540093
Cir,220.234500,-55.540100,220.258900,-56.540004
Cir,220.258900,-56.540004,220.284624,-57.539902
Cir,220.284624,-57.539902,220.311799,-58.539795
Cir,220.311799,-58.539795,220.340570,-59.539682
Cir,220.340570,-59.539682,220.371102,-60.539562
Cir,220.371102,-60.539562,220.403579,-61.539435
Cir,220.403579,-61.539435,220.438218,-62.539299
Cir,220.438218,-62.539299,220.475264,-63.539155
Cir,220.475264,-63.539155,220.515003,-64.539000
Cir,220.515000,-64.539000,219.527171,-64.546442
Cir,219.527171,-64.546442,218.539068,-64.553725
Cir,218.539068,-64.553725,217.550698,-64.560848
Cir,217.550698,-64.560848,216.562067,-64.567808
Cir,216.562067,-64.567808,215.573180,-64.574603
Cir,215.573180,-64.574603,214.584042,-64.581232
Cir,214.584042,-64.581232,213.594661,-64.587691
Cir,213.594661,-64.587691,212.605043,-64.593980
Cir,212.605043,-64.593980,211.615192,-64.600096
Cir,211.615192,-64.600096,210.625117,-64.606037
Cir,210.625117,-64.606037,209.634823,-64.611802
Cir,209.634823,-64.611802,208.644317,-64.617388
Cir,208.644317,-64.617388,207.653605,-64.622795
Cir,207.653605,-64.622795,206.662693,-64.628020
Cir,206.662693,-64.628020,205.671590,-64.633062
Cir,205.671590,-64.633062,204.680301,-64.637919
Col,75.974400,-42.825600,75.995617,-41.841347
Col,75.995617,-41.841347,76.016192,-40.857090
Col,76.016192,-40.857090,76.036164,-39.872829
Col,76.036164,-39.872829,76.055571,-38.888565
Col,76.055571,-38.888565,76.074447,-37.904298
Col,76.074447,-37.904298,76.092825,-36.920028
Col,76.092825,-36.920028,76.110734,-35.935755
Col,76.110734,-35.935755,76.128203,-34.951480
Col,76.128203,-34.951480,76.145258,-33.967202
Col,76.145258,-33.967202,76.161922,-32.982922
Col,76.161922,-32.982922,76.178219,-31.998640
Col,76.178219,-31.998640,76.194169,-31.014355
Col,76.194169,-31.014355,76.209793,-30.030069
Col,76.209793,-30.030069,76.225110,-29.045781
Col,76.225110,-29.045781,76.240138,-28.061491
Col,76.240138,-28.061491,76.254893,-27.077200
Col,76.254900,-27.077200,77.238642,-27.088812
Col,77.238642,-27.088812,78.222486,-27.100472
Col,78.222486,-27.100472,79.206431,-27.112177
Col,79.206431,-27.112177,80.190479,-27.123923
Col,80.190479,-27.123923,81.174631,-27.135707
Col,81.174631,-27.135707,82.158885,-27.147525
Col,82.158885,-27.147525,83.143243,-27.159374
Col,83.143243,-27.159374,84.127705,-27.171251
Col,84.127705,-27.171251,85.112272,-27.183152
Col,85.112272,-27.183152,86.096944,-27.195073
Col,86.096944,-27.195073,87.081721,-27.207010
Col,87.081721,-27.207010,88.066603,-27.218962
Col,88.066603,-27.218962,89.051590,-27.230923
Col,89.051590,-27.230923,90.036684,-27.242890
Col,90.036684,-27.242890,91.021883,-27.254860
Col,91.021883,-27.254860,92.007189,-27.266829
Col,92.007189,-27.266829,92.992600,-27.278794
Col,92.992600,-27.278800,92.977747,-28.237038
Col,92.977747,-28.237038,92.962624,-29.195274
Col,92.962624,-29.195274,92.947216,-30.153508
Col,92.947216,-30.153508,92.931505,-31.111741
Col,92.931505,-31.111741,92.915475,-32.069971
Col,92.915475,-32.069971,92.899104,-33.028200
Col,92.899100,-33.028200,93.899372,-33.040336
Col,93.899372,-33.040336,94.899782,-33.052461
Col,94.899782,-33.052461,95.900330,-33.064570
Col,95.900330,-33.064570,96.901016,-33.076661
Col,96.901016,-33.076661,97.901840,-33.088729
Col,97.901840,-33.088729,98.902801,-33.100771
Col,98.902801,-33.100771,99.903900,-33.112782
Col,99.903900,-33.112800,99.886625,-34.112693
Col,99.886625,-34.112693,99.868937,-35.112584
Col,99.868937,-35.112584,99.850809,-36.112473
Col,99.850809,-36.112473,99.832213,-37.112358
Col,99.832213,-37.112358,99.813120,-38.112240
Col,99.813120,-38.112240,99.793497,-39.112120
Col,99.793497,-39.112120,99.773308,-40.111996
Col,99.773308,-40.111996,99.752518,-41.111868
Col,99.752518,-41.111868,99.731084,-42.111736
Col,99.731084,-42.111736,99.708963,-43.111601
Col,99.708900,-43.111600,98.735141,-43.099916
Col,98.735141,-43.099916,97.761569,-43.088205
Col,97.761569,-43.088205,96.788184,-43.076469
Col,96.788184,-43.076469,95.814985,-43.064712
Col,95.814985,-43.064712,94.841974,-43.052938
Col,94.841974,-43.052938,93.869150,-43.041150
Col,93.869150,-43.041150,92.896513,-43.029350
Col,92.896513,-43.029350,91.924064,-43.017544
Col,91.924064,-43.017544,90.951802,-43.005734
Col,90.951800,-43.005800,90.014424,-42.994411
Col,90.014424,-42.994411,89.077221,-42.983024
Col,89.077221,-42.983024,88.140191,-42.971643
Col,88.140191,-42.971643,87.203335,-42.960270
Col,87.203335,-42.960270,86.266652,-42.948909
Col,86.266652,-42.948909,85.330141,-42.937563
Col,85.330141,-42.937563,84.393802,-42.926235
Col,84.393802,-42.926235,83.457634,-42.914927
Col,83.457634,-42.914927,82.521638,-42.903644
Col,82.521638,-42.903644,81.585812,-42.892387
Col,81.585812,-42.892387,80.650156,-42.881159
Col,80.650156,-42.881159,79.714669,-42.869965
Col,79.714669,-42.869965,78.779351,-42.858806
Col,78.779351,-42.858806,77.844201,-42.847686
Col,77.844201,-42.847686,76.909217,-42.836608
Col,76.909217,-42.836608,75.974401,-42.825574
Com,179.604500,13.304000,179.604753,14.241500
Com,179.604753,14.241500,179.605008,15.179000
Com,179.605008,15.179000,179.605265,16.116500
Com,179.605265,16.116500,179.605524,17.054000
Com,179.605524,17.054000,179.605787,17.991500
Com,179.605787,17.991500,179.606052,18.929000
Com,179.606052,18.929000,179.606320,19.866500
Com,179.606320,19.866500,179.606591,20.804000
Com,179.606591,20.804000,179.606866,21.741500
Com,179.606866,21.741500,179.607144,22.679000
Com,179.607144,22.679000,179.607426,23.616500
Com,179.607426,23.616500,179.607712,24.554000
Com,179.607712,24.554000,179.608002,25.491500
Com,179.608002,25.491500,179.608297,26.429000
Com,179.608297,26.429000,179.608597,27.366500
Com,179.608597,27.366500,179.608902,28.304000
Com,179.608900,28.304000,180.271167,28.303878
Com,180.271167,28.303878,180.933433,28.303850
Com,180.933433,28.303850,181.595700,28.303916
Com,181.595700,28.304000,181.595516,29.137333
Com,181.595516,29.137333,181.595329,29.970667
Com,181.595329,29.970667,181.595139,30.804000
Com,181.595139,30.804000,181.594946,31.637333
Com,181.594946,31.637333,181.594749,32.470667
Com,181.594749,32.470667,181.594548,33.304000
Com,181.594500,33.304000,182.421122,33.304213
Com,182.421122,33.304213,183.247747,33.304573
Com,183.247747,33.304573,184.074376,33.305078
Com,184.074376,33.305078,184.901010,33.305729
Com,184.901010,33.305729,185.727651,33.306526
Com,185.727651,33.306526,186.554300,33.307468
Com,186.554300,33.307400,186.555463,32.640733
Com,186.555463,32.640733,186.556609,31.974067
Com,186.556609,31.974067,186.557738,31.307400
Com,186.557700,31.307400,187.532556,31.308698
Com,187.532556,31.308698,188.507426,31.310197
Com,188.507426,31.310197,189.482312,31.311898
Com,189.482312,31.311898,190.457217,31.313799
Com,190.457217,31.313799,191.432141,31.315901
Com,191.432141,31.315901,192.407088,31.318202
Com,192.407088,31.318202,193.382059,31.320702
Com,193.382059,31.320702,194.357056,31.323400
Com,194.357056,31.323400,195.332081,31.326295
Com,195.332081,31.326295,196.307137,31.329387
Com,196.307137,31.329387,197.282224,31.332675
Com,197.282224,31.332675,198.257346,31.336157
Com,198.257346,31.336157,199.232504,31.339833
Com,199.232504,31.339833,200.207700,31.343702
Com,200.207700,31.343700,200.212532,30.468725
Com,200.212532,30.468725,200.217278,29.593750
Com,200.217278,29.593750,200.221943,28.718775
Com,200.221943,28.718775,200.226530,27.843800
Com,200.226600,27.843800,201.158374,27.847675
Com,201.158374,27.847675,202.090181,27.851724
Com,202.090181,27.851724,203.022022,27.855946
Com,203.022022,27.855946,203.953900,27.860338
Com,203.953900,27.860300,203.959777,26.896030
Com,203.959777,26.896030,203.965554,25.931759
Com,203.965554,25.931759,203.971238,24.967489
Com,203.971238,24.967489,203.976833,24.003218
Com,203.976833,24.003218,203.982345,23.038947
Com,203.982345,23.038947,203.987778,22.074676
Com,203.987778,22.074676,203.993138,21.110404
Com,203.993138,21.110404,203.998429,20.146133
Com,203.998429,20.146133,204.003655,19.181861
Com,204.003655,19.181861,204.008820,18.217589
Com,204.008820,18.217589,204.013928,17.253317
Com,204.013928,17.253317,204.018983,16.289045
Com,204.018983,16.289045,204.023988,15.324773
Com,204.023988,15.324773,204.028947,14.360500
Com,204.028900,14.360500,203.031842,14.355806
Com,203.031842,14.355806,202.034804,14.351308
Com,202.034804,14.351308,201.037785,14.347006
Com,201.037785,14.347006,200.040783,14.342903
Com,200.040783,14.342903,199.043799,14.339000
Com,199.043799,14.339000,198.046830,14.335297
Com,198.046830,14.335297,197.049877,14.331796
Com,197.049877,14.331796,196.052938,14.328499
Com,196.052938,14.328499,195.056013,14.325405
Com,195.056013,14.325405,194.059100,14.322516
Com,194.059100,14.322500,194.060585,13.822500
Com,194.060585,13.822500,194.062064,13.322500
Com,194.062000,13.322500,193.098123,13.319902
Com,193.098123,13.319902,192.134255,13.317498
Com,192.134255,13.317498,191.170397,13.315287
Com,191.170397,13.315287,190.206546,13.313270
Com,190.206546,13.313270,189.242702,13.311448
Com,189.242702,13.311448,188.278865,13.309822
Com,188.278865,13.309822,187.315033,13.308392
Com,187.315033,13.308392,186.351207,13.307157
Com,186.351207,13.307157,185.387385,13.306120
Com,185.387385,13.306120,184.423566,13.305279
Com,184.423566,13.305279,183.459750,13.304636
Com,183.459750,13.304636,182.495936,13.304190
Com,182.495936,13.304190,181.532124,13.303941
Com,181.532124,13.303941,180.568312,13.303890
Com,180.568312,13.303890,179.604500,13.304036
CrA,269.625500,-37.017500,270.577919,-37.005931
CrA,270.577919,-37.005931,271.530193,-36.994360
CrA,271.530193,-36.994360,272.482323,-36.982793
CrA,272.482323,-36.982793,273.434308,-36.971231
CrA,273.434308,-36.971231,274.386148,-36.959678
CrA,274.386148,-36.959678,275.337844,-36.948136
CrA,275.337844,-36.948136,276.289397,-36.936610
CrA,276.289397,-36.936610,277.240806,-36.925103
CrA,277.240806,-36.925103,278.192072,-36.913617
CrA,278.192072,-36.913617,279.143195,-36.902155
CrA,279.143195,-36.902155,280.094177,-36.890722
CrA,280.094177,-36.890722,281.045016,-36.879319
CrA,281.045016,-36.879319,281.995715,-36.867951
CrA,281.995715,-36.867951,282.946273,-36.856620
CrA,282.946273,-36.856620,283.896691,-36.845329
CrA,283.896691,-36.845329,284.846970,-36.834082
CrA,284.846970,-36.834082,285.797110,-36.822882
CrA,285.797110,-36.822882,286.747112,-36.811731
CrA,286.747112,-36.811731,287.696978,-36.800632
CrA,287.696978,-36.800632,288.646707,-36.789590
CrA,288.646707,-36.789590,289.596300,-36.778606
CrA,289.596300,-36.778600,289.613494,-37.722945
CrA,289.613494,-37.722945,289.631132,-38.667288
CrA,289.631132,-38.667288,289.649242,-39.611628
CrA,289.649242,-39.611628,289.667853,-40.555965
CrA,289.667853,-40.555965,289.686996,-41.500299
CrA,289.686996,-41.500299,289.706706,-42.444630
CrA,289.706706,-42.444630,289.727019,-43.388957
CrA,289.727019,-43.388957,289.747975,-44.333280
CrA,289.747975,-44.333280,289.769618,-45.277600
CrA,289.769600,-45.277600,288.801230,-45.288802
CrA,288.801230,-45.288802,287.832670,-45.300066
CrA,287.832670,-45.300066,286.863919,-45.311388
CrA,286.863919,-45.311388,285.894975,-45.322765
CrA,285.894975,-45.322765,284.925837,-45.334194
CrA,284.925837,-45.334194,283.956504,-45.345672
CrA,283.956504,-45.345672,282.986975,-45.357196
CrA,282.986975,-45.357196,282.017249,-45.368762
CrA,282.017249,-45.368762,281.047326,-45.380367
CrA,281.047326,-45.380367,280.077204,-45.392007
CrA,280.077204,-45.392007,279.106883,-45.403679
CrA,279.106883,-45.403679,278.136362,-45.415381
CrA,278.136362,-45.415381,277.165640,-45.427108
CrA,277.165640,-45.427108,276.194717,-45.438857
CrA,276.194717,-45.438857,275.223592,-45.450625
CrA,275.223592,-45.450625,274.252264,-45.462408
CrA,274.252264,-45.462408,273.280734,-45.474204
CrA,273.280734,-45.474204,272.309000,-45.486008
CrA,272.309000,-45.486000,271.475917,-45.496122
CrA,271.475917,-45.496122,270.642684,-45.506246
CrA,270.642684,-45.506246,269.809302,-45.516370
CrA,269.809300,-45.516300,269.786325,-44.572004
CrA,269.786325,-44.572004,269.764084,-43.627704
CrA,269.764084,-43.627704,269.742531,-42.683400
CrA,269.742531,-42.683400,269.721624,-41.739092
CrA,269.721624,-41.739092,269.701323,-40.794780
CrA,269.701323,-40.794780,269.681591,-39.850465
CrA,269.681591,-39.850465,269.662395,-38.906146
CrA,269.662395,-38.906146,269.643702,-37.961825
CrA,269.643702,-37.961825,269.625485,-37.017500
CrB,229.099500,25.538100,229.088220,26.538046
CrB,229.088220,26.538046,229.076742,27.537991
CrB,229.076742,27.537991,229.065053,28.537935
CrB,229.065053,28.537935,229.053139,29.537878
CrB,229.053139,29.537878,229.040988,30.537820
CrB,229.040988,30.537820,229.028584,31.537761
CrB,229.028584,31.537761,229.015911,32.537700
CrB,229.015900,32.537700,229.948542,32.546254
CrB,229.948542,32.546254,230.881271,32.554930
CrB,230.881271,32.554930,231.814090,32.563724
CrB,231.814090,32.563724,232.747000,32.572635
CrB,232.747000,32.572600,232.733310,33.572534
CrB,232.733310,33.572534,232.719300,34.572466
CrB,232.719300,34.572466,232.704948,35.572396
CrB,232.704948,35.572396,232.690233,36.572325
CrB,232.690233,36.572325,232.675133,37.572252
CrB,232.675133,37.572252,232.659621,38.572177
CrB,232.659621,38.572177,232.643671,39.572100
CrB,232.643700,39.572100,233.587790,39.581234
CrB,233.587790,39.581234,234.532004,39.590482
CrB,234.532004,39.590482,235.476342,39.599843
CrB,235.476342,39.599843,236.420807,39.609314
CrB,236.420807,39.609314,237.365400,39.618893
CrB,237.365400,39.618900,238.332225,39.628811
CrB,238.332225,39.628811,239.299188,39.638829
CrB,239.299188,39.638829,240.266289,39.648951
CrB,240.266289,39.648951,241.233531,39.659175
CrB,241.233531,39.659175,242.200915,39.669497
CrB,242.200915,39.669497,243.168442,39.679914
CrB,243.168442,39.679914,244.136115,39.690424
CrB,244.136115,39.690424,245.103933,39.701024
CrB,245.103933,39.701024,246.071900,39.711710
CrB,246.071900,39.711700,246.090360,38.711806
CrB,246.090360,38.711806,246.108310,37.711909
CrB,246.108310,37.711909,246.125782,36.712010
CrB,246.125782,36.712010,246.142806,35.712108
CrB,246.142806,35.712108,246.159407,34.712203
CrB,246.159407,34.712203,246.175612,33.712297
CrB,246.175612,33.712297,246.191444,32.712388
CrB,246.191444,32.712388,246.206924,31.712478
CrB,246.206924,31.712478,246.222075,30.712565
CrB,246.222075,30.712565,246.236914,29.712651
CrB,246.236914,29.712651,246.251461,28.712735
CrB,246.251461,28.712735,246.265732,27.712818
CrB,246.265732,27.712818,246.279744,26.712899
CrB,246.279800,26.712900,245.448701,26.703720
CrB,245.448701,26.703720,244.617667,26.694603
CrB,244.617667,26.694603,243.786699,26.685551
CrB,243.786700,26.685500,243.800178,25.685600
CrB,243.800200,25.685600,243.135327,25.678405
CrB,243.135327,25.678405,242.470494,25.671253
CrB,242.470494,25.671253,241.805699,25.664146
CrB,241.805700,25.664100,240.827822,25.653728
CrB,240.827822,25.653728,239.850027,25.643458
CrB,239.850027,25.643458,238.872314,25.633292
CrB,238.872314,25.633292,237.894683,25.623233
CrB,237.894683,25.623233,236.917132,25.613286
CrB,236.917132,25.613286,235.939661,25.603451
CrB,235.939661,25.603451,234.962268,25.593733
CrB,234.962268,25.593733,233.984952,25.584133
CrB,233.984952,25.584133,233.007714,25.574656
CrB,233.007714,25.574656,232.030550,25.565303
CrB,232.030550,25.565303,231.053461,25.556077
CrB,231.053461,25.556077,230.076445,25.546981
CrB,230.076445,25.546981,229.099501,25.538018
Crv,194.133100,-11.677400,193.193374,-11.679935
Crv,193.193374,-11.679935,192.253639,-11.682288
Crv,192.253639,-11.682288,191.313896,-11.684458
Crv,191.313896,-11.684458,190.374146,-11.686445
Crv,190.374146,-11.686445,189.434389,-11.688247
Crv,189.434389,-11.688247,188.494625,-11.689864
Crv,188.494625,-11.689864,187.554856,-11.691296
Crv,187.554856,-11.691296,186.615083,-11.692543
Crv,186.615083,-11.692543,185.675305,-11.693604
Crv,185.675305,-11.693604,184.735524,-11.694479
Crv,184.735524,-11.694479,183.795739,-11.695167
Crv,183.795739,-11.695167,182.855953,-11.695669
Crv,182.855953,-11.695669,181.916165,-11.695984
Crv,181.916165,-11.695984,180.976377,-11.696112
Crv,180.976377,-11.696112,180.036588,-11.696054
Crv,180.036588,-11.696054,179.096800,-11.695808
Crv,179.096800,-11.695800,179.096436,-12.660086
Crv,179.096436,-12.660086,179.096070,-13.624371
Crv,179.096070,-13.624371,179.095700,-14.588657
Crv,179.095700,-14.588657,179.095328,-15.552943
Crv,179.095328,-15.552943,179.094952,-16.517229
Crv,179.094952,-16.517229,179.094572,-17.481514
Crv,179.094572,-17.481514,179.094188,-18.445800
Crv,179.094188,-18.445800,179.093799,-19.410086
Crv,179.093799,-19.410086,179.093406,-20.374371
Crv,179.093406,-20.374371,179.093008,-21.338657
Crv,179.093008,-21.338657,179.092605,-22.302943
Crv,179.092605,-22.302943,179.092196,-23.267229
Crv,179.092196,-23.267229,179.091782,-24.231514
Crv,179.091782,-24.231514,179.091361,-25.195800
Crv,179.091300,-25.195800,180.034087,-25.196046
Crv,180.034087,-25.196046,180.976876,-25.196105
Crv,180.976876,-25.196105,181.919664,-25.195976
Crv,181.919664,-25.195976,182.862451,-25.195660
Crv,182.862451,-25.195660,183.805234,-25.195156
Crv,183.805234,-25.195156,184.748013,-25.194466
Crv,184.748013,-25.194466,185.690785,-25.193588
Crv,185.690785,-25.193588,186.633549,-25.192524
Crv,186.633549,-25.192524,187.576305,-25.191274
Crv,187.576305,-25.191274,188.519049,-25.189837
Crv,188.519049,-25.189837,189.461781,-25.188214
Crv,189.461781,-25.188214,190.404500,-25.186407
Crv,190.404500,-25.186400,190.402463,-24.353067
Crv,190.402463,-24.353067,190.400452,-23.519733
Crv,190.400452,-23.519733,190.398466,-22.686400
Crv,190.398500,-22.686400,191.340624,-22.684409
Crv,191.340624,-22.684409,192.282732,-22.682233
Crv,192.282732,-22.682233,193.224825,-22.679874
Crv,193.224825,-22.679874,194.166900,-22.677333
Crv,194.166900,-22.677300,194.163641,-21.677309
Crv,194.163641,-21.677309,194.160426,-20.677319
Crv,194.160426,-20.677319,194.157254,-19.677328
Crv,194.157254,-19.677328,194.154121,-18.677337
Crv,194.154121,-18.677337,194.151024,-17.677346
Crv,194.151024,-17.677346,194.147962,-16.677355
Crv,194.147962,-16.677355,194.144932,-15.677364
Crv,194.144932,-15.677364,194.141931,-14.677373
Crv,194.141931,-14.677373,194.138958,-13.677382
Crv,194.138958,-13.677382,194.136010,-12.677391
Crv,194.136010,-12.677391,194.133085,-11.677400
Crt,162.827100,-6.662200,162.823297,-7.662180
Crt,162.823297,-7.662180,162.819476,-8.662160
Crt,162.819476,-8.662160,162.815634,-9.662140
Crt,162.815634,-9.662140,162.811770,-10.662120
Crt,162.811770,-10.662120,162.807880,-11.662100
Crt,162.807900,-11.662100,162.804419,-12.550989
Crt,162.804419,-12.550989,162.800913,-13.439878
Crt,162.800913,-13.439878,162.797382,-14.328767
Crt,162.797382,-14.328767,162.793822,-15.217656
Crt,162.793822,-15.217656,162.790232,-16.106545
Crt,162.790232,-16.106545,162.786610,-16.995434
Crt,162.786610,-16.995434,162.782954,-17.884323
Crt,162.782954,-17.884323,162.779260,-18.773211
Crt,162.779260,-18.773211,162.775528,-19.662100
Crt,162.775500,-19.662100,163.403045,-19.664410
Crt,163.403045,-19.664410,164.030600,-19.666641
Crt,164.030600,-19.666600,164.026970,-20.583267
Crt,164.026970,-20.583267,164.023296,-21.499934
Crt,164.023296,-21.499934,164.019576,-22.416600
Crt,164.019576,-22.416600,164.015806,-23.333267
Crt,164.015806,-23.333267,164.011984,-24.249934
Crt,164.011984,-24.249934,164.008106,-25.166600
Crt,164.008100,-25.166600,165.013504,-25.170008
Crt,165.013504,-25.170008,166.018935,-25.173210
Crt,166.018935,-25.173210,167.024393,-25.176207
Crt,167.024393,-25.176207,168.029876,-25.178996
Crt,168.029876,-25.178996,169.035381,-25.181577
Crt,169.035381,-25.181577,170.040908,-25.183950
Crt,170.040908,-25.183950,171.046454,-25.186113
Crt,171.046454,-25.186113,172.052017,-25.188066
Crt,172.052017,-25.188066,173.057596,-25.189809
Crt,173.057596,-25.189809,174.063189,-25.191340
Crt,174.063189,-25.191340,175.068794,-25.192659
Crt,175.068794,-25.192659,176.074410,-25.193766
Crt,176.074410,-25.193766,177.080034,-25.194661
Crt,177.080034,-25.194661,178.085664,-25.195343
Crt,178.085664,-25.195343,179.091300,-25.195812
Crt,179.091300,-25.195800,179.091721,-24.231514
Crt,179.091721,-24.231514,179.092136,-23.267229
Crt,179.092136,-23.267229,179.092545,-22.302943
Crt,179.092545,-22.302943,179.092948,-21.338657
Crt,179.092948,-21.338657,179.093346,-20.374371
Crt,179.093346,-20.374371,179.093739,-19.410086
Crt,179.093739,-19.410086,179.094127,-18.445800
Crt,179.094127,-18.445800,179.094511,-17.481514
Crt,179.094511,-17.481514,179.094891,-16.517229
Crt,179.094891,-16.517229,179.095267,-15.552943
Crt,179.095267,-15.552943,179.095640,-14.588657
Crt,179.095640,-14.588657,179.096010,-13.624371
Crt,179.096010,-13.624371,179.096376,-12.660086
Crt,179.096376,-12.660086,179.096740,-11.695800
Crt,179.096800,-11.695800,179.097112,-10.862467
Crt,179.097112,-10.862467,179.097423,-10.029133
Crt,179.097423,-10.029133,179.097732,-9.195800
Crt,179.097732,-9.195800,179.098039,-8.362467
Crt,179.098039,-8.362467,179.098345,-7.529133
Crt,179.098345,-7.529133,179.098650,-6.695800
Crt,179.098600,-6.695800,178.147337,-6.695361
Crt,178.147337,-6.695361,177.196075,-6.694732
Crt,177.196075,-6.694732,176.244814,-6.693910
Crt,176.244814,-6.693910,175.293556,-6.692898
Crt,175.293556,-6.692898,174.342300,-6.691695
Crt,174.342300,-6.691700,173.382675,-6.690294
Crt,173.382675,-6.690294,172.423052,-6.688694
Crt,172.423052,-6.688694,171.463434,-6.686901
Crt,171.463434,-6.686901,170.503819,-6.684916
Crt,170.503819,-6.684916,169.544209,-6.682739
Crt,169.544209,-6.682739,168.584604,-6.680371
Crt,168.584604,-6.680371,167.625005,-6.677812
Crt,167.625005,-6.677812,166.665411,-6.675064
Crt,166.665411,-6.675064,165.705823,-6.672126
Crt,165.705823,-6.672126,164.746241,-6.669000
Crt,164.746241,-6.669000,163.786667,-6.665687
Crt,163.786667,-6.665687,162.827100,-6.662187
Cru,179.070800,-55.695800,179.069755,-56.595800
Cru,179.069755,-56.595800,179.068659,-57.495800
Cru,179.068659,-57.495800,179.067507,-58.395800
Cru,179.067507,-58.395800,179.066295,-59.295800
Cru,179.066295,-59.295800,179.065017,-60.195800
Cru,179.065017,-60.195800,179.063667,-61.095800
Cru,179.063667,-61.095800,179.062238,-61.995800
Cru,179.062238,-61.995800,179.060722,-62.895800
Cru,179.060722,-62.895800,179.059110,-63.795800
Cru,179.059110,-63.795800,179.057392,-64.695800
Cru,179.057400,-64.695800,180.083015,-64.696061
Cru,180.083015,-64.696061,181.108636,-64.696104
Cru,181.108636,-64.696104,182.134254,-64.695930
Cru,182.134254,-64.695930,183.159862,-64.695539
Cru,183.159862,-64.695539,184.185450,-64.694930
Cru,184.185450,-64.694930,185.211009,-64.694104
Cru,185.211009,-64.694104,186.236533,-64.693062
Cru,186.236533,-64.693062,187.262011,-64.691803
Cru,187.262011,-64.691803,188.287437,-64.690328
Cru,188.287437,-64.690328,189.312800,-64.688637
Cru,189.312800,-64.688637,190.338094,-64.686731
Cru,190.338094,-64.686731,191.363309,-64.684611
Cru,191.363309,-64.684611,192.388437,-64.682277
Cru,192.388437,-64.682277,193.413470,-64.679731
Cru,193.413470,-64.679731,194.438400,-64.676972
Cru,194.438400,-64.677000,194.425091,-63.777014
Cru,194.425091,-63.777014,194.412605,-62.877027
Cru,194.412605,-62.877027,194.400862,-61.977039
Cru,194.400862,-61.977039,194.389792,-61.077050
Cru,194.389792,-61.077050,194.379334,-60.177060
Cru,194.379334,-60.177060,194.369434,-59.277069
Cru,194.369434,-59.277069,194.360044,-58.377078
Cru,194.360044,-58.377078,194.351121,-57.477086
Cru,194.351121,-57.477086,194.342627,-56.577093
Cru,194.342627,-56.577093,194.334529,-55.677100
Cru,194.334500,-55.677100,193.317239,-55.679838
Cru,193.317239,-55.679838,192.299909,-55.682366
Cru,192.299909,-55.682366,191.282513,-55.684682
Cru,191.282513,-55.684682,190.265059,-55.686786
Cru,190.265059,-55.686786,189.247551,-55.688677
Cru,189.247551,-55.688677,188.229996,-55.690355
Cru,188.229996,-55.690355,187.212399,-55.691818
Cru,187.212399,-55.691818,186.194765,-55.693068
Cru,186.194765,-55.693068,185.177102,-55.694102
Cru,185.177102,-55.694102,184.159413,-55.694922
Cru,184.159413,-55.694922,183.141705,-55.695526
Cru,183.141705,-55.695526,182.123985,-55.695914
Cru,182.123985,-55.695914,181.106256,-55.696087
Cru,181.106256,-55.696087,180.088526,-55.696044
Cru,180.088526,-55.696044,179.070800,-55.695785
Cyg,290.132600,27.732400,290.120337,28.565667
Cyg,290.120337,28.565667,290.107879,29.398934
Cyg,290.107879,29.398934,290.095215,30.232199
Cyg,290.095300,30.232200,290.847017,30.240780
Cyg,290.847017,30.240780,291.598800,30.249318
Cyg,291.598800,30.249300,291.584567,31.177791
Cyg,291.584567,31.177791,291.570053,32.106281
Cyg,291.570053,32.106281,291.555240,33.034768
Cyg,291.555240,33.034768,291.540112,33.963254
Cyg,291.540112,33.963254,291.524650,34.891738
Cyg,291.524650,34.891738,291.508834,35.820221
Cyg,291.508834,35.820221,291.492644,36.748700
Cyg,291.492600,36.748700,292.119700,36.755790
Cyg,292.119700,36.755800,292.101894,37.755695
Cyg,292.101894,37.755695,292.083599,38.755587
Cyg,292.083599,38.755587,292.064785,39.755477
Cyg,292.064785,39.755477,292.045416,40.755363
Cyg,292.045416,40.755363,292.025456,41.755246
Cyg,292.025456,41.755246,292.004864,42.755126
Cyg,292.004864,42.755126,291.983597,43.755001
Cyg,291.983500,43.755000,291.104978,43.745059
Cyg,291.104978,43.745059,290.226604,43.735062
Cyg,290.226604,43.735062,289.348377,43.725010
Cyg,289.348377,43.725010,288.470300,43.714907
Cyg,288.470300,43.714900,288.452397,44.514806
Cyg,288.452397,44.514806,288.433995,45.314709
Cyg,288.433995,45.314709,288.415066,46.114610
Cyg,288.415066,46.114610,288.395580,46.914506
Cyg,288.395580,46.914506,288.375503,47.714400
Cyg,288.375500,47.714400,287.748006,47.707148
Cyg,287.748006,47.707148,287.120601,47.699872
Cyg,287.120600,47.699900,287.094453,48.699738
Cyg,287.094453,48.699738,287.067247,49.699569
Cyg,287.067247,49.699569,287.038897,50.699394
Cyg,287.038897,50.699394,287.009312,51.699212
Cyg,287.009312,51.699212,286.978389,52.699022
Cyg,286.978389,52.699022,286.946017,53.698824
Cyg,286.946017,53.698824,286.912069,54.698616
Cyg,286.912069,54.698616,286.876406,55.698399
Cyg,286.876500,55.698400,287.713997,55.708107
Cyg,287.713997,55.708107,288.551702,55.717772
Cyg,288.551702,55.717772,289.389616,55.727391
Cyg,289.389616,55.727391,290.227738,55.736963
Cyg,290.227738,55.736963,291.066067,55.746486
Cyg,291.066067,55.746486,291.904602,55.755957
Cyg,291.904600,55.756000,291.874317,56.589174
Cyg,291.874317,56.589174,291.842669,57.422341
Cyg,291.842669,57.422341,291.809546,58.255499
Cyg,291.809600,58.255500,292.690818,58.265394
Cyg,292.690818,58.265394,293.572284,58.275227
Cyg,293.572284,58.275227,294.453997,58.284996
Cyg,294.453997,58.284996,295.335955,58.294700
Cyg,295.335955,58.294700,296.218156,58.304336
Cyg,296.218156,58.304336,297.100600,58.313902
Cyg,297.100600,58.313900,297.070618,59.063704
Cyg,297.070618,59.063704,297.039297,59.813501
Cyg,297.039200,59.813500,297.922346,59.822998
Cyg,297.922346,59.822998,298.805747,59.832422
Cyg,298.805747,59.832422,299.689400,59.841769
Cyg,299.689400,59.841769,300.573303,59.851036
Cyg,300.573300,59.851100,301.477102,59.860489
Cyg,301.477102,59.860489,302.381162,59.869791
Cyg,302.381162,59.869791,303.285477,59.879003
Cyg,303.285477,59.879003,304.190045,59.888123
Cyg,304.190045,59.888123,305.094864,59.897148
Cyg,305.094864,59.897148,305.999931,59.906077
Cyg,305.999931,59.906077,306.905244,59.914907
Cyg,306.905244,59.914907,307.810800,59.923635
Cyg,307.810800,59.923635,308.716598,59.932260
Cyg,308.716600,59.932200,308.689318,60.640403
Cyg,308.689318,60.640403,308.660811,61.348600
Cyg,308.660800,61.348600,309.623802,61.357652
Cyg,309.623800,61.357700,309.658152,60.488808
Cyg,309.658152,60.488808,309.690711,59.619907
Cyg,309.690711,59.619907,309.721628,58.750998
Cyg,309.721628,58.750998,309.751037,57.882083
Cyg,309.751037,57.882083,309.779059,57.013161
Cyg,309.779059,57.013161,309.805801,56.144233
Cyg,309.805801,56.144233,309.831361,55.275300
Cyg,309.831400,55.275300,310.818411,55.284448
Cyg,310.818411,55.284448,311.805651,55.293464
Cyg,311.805651,55.293464,312.793117,55.302347
Cyg,312.793117,55.302347,313.780807,55.311092
Cyg,313.780807,55.311092,314.768717,55.319699
Cyg,314.768717,55.319699,315.756843,55.328163
Cyg,315.756843,55.328163,316.745182,55.336483
Cyg,316.745182,55.336483,317.733731,55.344655
Cyg,317.733731,55.344655,318.722486,55.352679
Cyg,318.722486,55.352679,319.711443,55.360550
Cyg,319.711443,55.360550,320.700598,55.368267
Cyg,320.700598,55.368267,321.689949,55.375827
Cyg,321.689949,55.375827,322.679490,55.383229
Cyg,322.679490,55.383229,323.669217,55.390469
Cyg,323.669217,55.390469,324.659128,55.397546
Cyg,324.659128,55.397546,325.649218,55.404457
Cyg,325.649218,55.404457,326.639482,55.411201
Cyg,326.639482,55.411201,327.629917,55.417776
Cyg,327.629917,55.417776,328.620518,55.424178
Cyg,328.620518,55.424178,329.611280,55.430407
Cyg,329.611280,55.430407,330.602201,55.436461
Cyg,330.602200,55.436500,330.614963,54.742101
Cyg,330.614963,54.742101,330.627296,54.047701
Cyg,330.627296,54.047701,330.639224,53.353300
Cyg,330.639200,53.353300,330.655261,52.381118
Cyg,330.655261,52.381118,330.670631,51.408934
Cyg,330.670631,51.408934,330.685360,50.436748
Cyg,330.685360,50.436748,330.699496,49.464561
Cyg,330.699496,49.464561,330.713082,48.492371
Cyg,330.713082,48.492371,330.726157,47.520180
Cyg,330.726157,47.520180,330.738756,46.547988
Cyg,330.738756,46.547988,330.750912,45.575795
Cyg,330.750912,45.575795,330.762654,44.603600
Cyg,330.762700,44.603600,329.878601,44.598207
Cyg,329.878600,44.598300,329.881634,44.348300
Cyg,329.881600,44.348300,329.376599,44.345156
Cyg,329.376600,44.345100,329.388286,43.376391
Cyg,329.388286,43.376391,329.399604,42.407681
Cyg,329.399604,42.407681,329.410578,41.438970
Cyg,329.410578,41.438970,329.421230,40.470258
Cyg,329.421230,40.470258,329.431578,39.501544
Cyg,329.431578,39.501544,329.441642,38.532830
Cyg,329.441642,38.532830,329.451438,37.564116
Cyg,329.451438,37.564116,329.460983,36.595400
Cyg,329.461000,36.595400,328.747290,36.590879
Cyg,328.747290,36.590879,328.033623,36.586266
Cyg,328.033623,36.586266,327.319999,36.581564
Cyg,327.320000,36.581500,327.330185,35.581540
Cyg,327.330185,35.581540,327.340119,34.581579
Cyg,327.340119,34.581579,327.349817,33.581618
Cyg,327.349817,33.581618,327.359293,32.581656
Cyg,327.359293,32.581656,327.368560,31.581693
Cyg,327.368560,31.581693,327.377630,30.581729
Cyg,327.377630,30.581729,327.386514,29.581765
Cyg,327.386514,29.581765,327.395225,28.581800
Cyg,327.395200,28.581800,326.440076,28.575366
Cyg,326.440076,28.575366,325.485013,28.568773
Cyg,325.485013,28.568773,324.530012,28.562023
Cyg,324.530012,28.562023,323.575074,28.555118
Cyg,323.575074,28.555118,322.620200,28.548060
Cyg,322.620200,28.548100,321.677924,28.540986
Cyg,321.677924,28.540986,320.735713,28.533727
Cyg,320.735713,28.533727,319.793570,28.526325
Cyg,319.793570,28.526325,318.851494,28.518781
Cyg,318.851494,28.518781,317.909488,28.511098
Cyg,317.909488,28.511098,316.967553,28.503278
Cyg,316.967553,28.503278,316.025690,28.495323
Cyg,316.025690,28.495323,315.083900,28.487235
Cyg,315.083900,28.487200,315.072585,29.487100
Cyg,315.072600,29.487100,314.081139,29.478443
Cyg,314.081139,29.478443,313.089766,29.469645
Cyg,313.089766,29.469645,312.098480,29.460706
Cyg,312.098480,29.460706,311.107285,29.451631
Cyg,311.107285,29.451631,310.116180,29.442422
Cyg,310.116180,29.442422,309.125167,29.433081
Cyg,309.125167,29.433081,308.134248,29.423612
Cyg,308.134248,29.423612,307.143424,29.414017
Cyg,307.143424,29.414017,306.152695,29.404299
Cyg,306.152695,29.404299,305.162063,29.394461
Cyg,305.162063,29.394461,304.171529,29.384506
Cyg,304.171529,29.384506,303.181094,29.374437
Cyg,303.181094,29.374437,302.190759,29.364257
Cyg,302.190759,29.364257,301.200525,29.353969
Cyg,301.200525,29.353969,300.210392,29.343577
Cyg,300.210392,29.343577,299.220363,29.333082
Cyg,299.220363,29.333082,298.230438,29.322489
Cyg,298.230438,29.322489,297.240617,29.311801
Cyg,297.240617,29.311801,296.250901,29.301020
Cyg,296.250900,29.301100,296.261609,28.551150
Cyg,296.261609,28.551150,296.272167,27.801200
Cyg,296.272200,27.801200,295.394875,27.791568
Cyg,295.394875,27.791568,294.517629,27.781869
Cyg,294.517629,27.781869,293.640463,27.772104
Cyg,293.640463,27.772104,292.763376,27.762275
Cyg,292.763376,27.762275,291.886370,27.752386
Cyg,291.886370,27.752386,291.009444,27.742439
Cyg,291.009444,27.742439,290.132599,27.732435
Del,309.579900,2.436100,308.704690,2.427763
Del,308.704690,2.427763,307.829487,2.419325
Del,307.829487,2.419325,306.954290,2.410790
Del,306.954290,2.410790,306.079099,2.402160
Del,306.079100,2.402100,306.069870,3.330629
Del,306.069870,3.330629,306.060622,4.259158
Del,306.060622,4.259158,306.051352,5.187686
Del,306.051352,5.187686,306.042055,6.116215
Del,306.042055,6.116215,306.032725,7.044743
Del,306.032725,7.044743,306.023358,7.973271
Del,306.023358,7.973271,306.013948,8.901799
Del,306.014000,8.901800,305.221549,8.893904
Del,305.221549,8.893904,304.429115,8.885933
Del,304.429115,8.885933,303.636700,8.877888
Del,303.636700,8.877900,303.627209,9.784101
Del,303.627209,9.784101,303.617666,10.690302
Del,303.617666,10.690302,303.608065,11.596503
Del,303.608065,11.596503,303.598403,12.502703
Del,303.598403,12.502703,303.588672,13.408903
Del,303.588672,13.408903,303.578867,14.315102
Del,303.578867,14.315102,303.568983,15.221301
Del,303.568983,15.221301,303.559014,16.127500
Del,303.559000,16.127500,304.372933,16.135762
Del,304.372933,16.135762,305.186901,16.143947
Del,305.186900,16.144000,305.176547,17.093941
Del,305.176547,17.093941,305.166088,18.043882
Del,305.166088,18.043882,305.155515,18.993822
Del,305.155515,18.993822,305.144821,19.943761
Del,305.144821,19.943761,305.133998,20.893700
Del,305.134000,20.893700,306.086459,20.903176
Del,306.086459,20.903176,307.038979,20.912541
Del,307.038979,20.912541,307.991560,20.921793
Del,307.991560,20.921793,308.944200,20.930929
Del,308.944200,20.930929,309.896899,20.939947
Del,309.896900,20.939900,309.907607,19.939999
Del,309.907700,19.940000,310.816418,19.948488
Del,310.816418,19.948488,311.725186,19.956863
Del,311.725186,19.956863,312.634002,19.965125
Del,312.634002,19.965125,313.542867,19.973269
Del,313.542867,19.973269,314.451780,19.981295
Del,314.451780,19.981295,315.360741,19.989201
Del,315.360741,19.989201,316.269747,19.996984
Del,316.269747,19.996984,317.178800,20.004642
Del,317.178800,20.004600,317.187814,19.046314
Del,317.187814,19.046314,317.196724,18.088027
Del,317.196724,18.088027,317.205538,17.129740
Del,317.205538,17.129740,317.214261,16.171453
Del,317.214261,16.171453,317.222900,15.213165
Del,317.222900,15.213165,317.231461,14.254877
Del,317.231461,14.254877,317.239949,13.296588
Del,317.239949,13.296588,317.248371,12.338300
Del,317.248400,12.338300,316.371774,12.330917
Del,316.371774,12.330917,315.495174,12.323417
Del,315.495174,12.323417,314.618600,12.315804
Del,314.618600,12.315800,314.627481,11.343617
Del,314.627481,11.343617,314.636301,10.371434
Del,314.636301,10.371434,314.645066,9.399251
Del,314.645066,9.399251,314.653783,8.427067
Del,314.653783,8.427067,314.662456,7.454884
Del,314.662456,7.454884,314.671090,6.482700
Del,314.671100,6.482700,314.045500,6.477197
Del,314.045500,6.477200,314.052654,5.677220
Del,314.052654,5.677220,314.059787,4.877240
Del,314.059787,4.877240,314.066904,4.077260
Del,314.066904,4.077260,314.074007,3.277280
Del,314.074007,3.277280,314.081098,2.477300
Del,314.081100,2.477300,313.180847,2.469281
Del,313.180847,2.469281,312.280600,2.461147
Del,312.280600,2.461147,311.380360,2.452899
Del,311.380360,2.452899,310.480127,2.444539
Del,310.480127,2.444539,309.579900,2.436069
Dor,58.318800,-52.796800,59.145005,-52.805379
Dor,59.145005,-52.805379,59.971371,-52.814035
Dor,59.971371,-52.814035,60.797901,-52.822766
Dor,60.797900,-52.822800,60.773223,-53.656008
Dor,60.773223,-53.656008,60.747551,-54.489211
Dor,60.747551,-54.489211,60.720810,-55.322409
Dor,60.720810,-55.322409,60.692921,-56.155600
Dor,60.692900,-56.155600,61.518693,-56.164394
Dor,61.518693,-56.164394,62.344673,-56.173260
Dor,62.344673,-56.173260,63.170842,-56.182196
Dor,63.170842,-56.182196,63.997202,-56.191199
Dor,63.997202,-56.191199,64.823754,-56.200268
Dor,64.823754,-56.200268,65.650500,-56.209401
Dor,65.650500,-56.209400,65.619980,-57.042575
Dor,65.619980,-57.042575,65.588059,-57.875742
Dor,65.588059,-57.875742,65.554625,-58.708900
Dor,65.554600,-58.708900,66.484162,-58.719240
Dor,66.484162,-58.719240,67.413997,-58.729657
Dor,67.413997,-58.729657,68.344109,-58.740147
Dor,68.344109,-58.740147,69.274500,-58.750708
Dor,69.274500,-58.750700,69.233432,-59.694903
Dor,69.233432,-59.694903,69.189982,-60.639093
Dor,69.189982,-60.639093,69.143908,-61.583268
Dor,69.143908,-61.583268,69.094940,-62.527427
Dor,69.094940,-62.527427,69.042766,-63.471567
Dor,69.042766,-63.471567,68.987030,-64.415687
Dor,68.987030,-64.415687,68.927320,-65.359784
Dor,68.927320,-65.359784,68.863160,-66.303856
Dor,68.863160,-66.303856,68.793994,-67.247900
Dor,68.794000,-67.247900,68.728296,-68.080863
Dor,68.728296,-68.080863,68.657666,-68.913797
Dor,68.657666,-68.913797,68.581502,-69.746700
Dor,68.581500,-69.746700,69.569235,-69.757986
Dor,69.569235,-69.757986,70.557493,-69.769347
Dor,70.557493,-69.769347,71.546277,-69.780782
Dor,71.546277,-69.780782,72.535592,-69.792285
Dor,72.535592,-69.792285,73.525441,-69.803854
Dor,73.525441,-69.803854,74.515830,-69.815485
Dor,74.515830,-69.815485,75.506761,-69.827176
Dor,75.506761,-69.827176,76.498239,-69.838922
Dor,76.498239,-69.838922,77.490266,-69.850719
Dor,77.490266,-69.850719,78.482847,-69.862565
Dor,78.482847,-69.862565,79.475984,-69.874456
Dor,79.475984,-69.874456,80.469680,-69.886389
Dor,80.469680,-69.886389,81.463939,-69.898359
Dor,81.463939,-69.898359,82.458762,-69.910363
Dor,82.458762,-69.910363,83.454154,-69.922399
Dor,83.454154,-69.922399,84.450115,-69.934461
Dor,84.450115,-69.934461,85.446649,-69.946546
Dor,85.446649,-69.946546,86.443757,-69.958651
Dor,86.443757,-69.958651,87.441442,-69.970772
Dor,87.441442,-69.970772,88.439705,-69.982906
Dor,88.439705,-69.982906,89.438547,-69.995048
Dor,89.438547,-69.995048,90.437971,-70.007195
Dor,90.437971,-70.007195,91.437977,-70.019344
Dor,91.437977,-70.019344,92.438567,-70.031490
Dor,92.438567,-70.031490,93.439741,-70.043631
Dor,93.439741,-70.043631,94.441501,-70.055761
Dor,94.441501,-70.055761,95.443846,-70.067878
Dor,95.443846,-70.067878,96.446777,-70.079978
Dor,96.446777,-70.079978,97.450295,-70.092057
Dor,97.450295,-70.092057,98.454399,-70.104111
Dor,98.454400,-70.104100,98.553100,-69.104693
Dor,98.553100,-69.104693,98.643174,-68.105234
Dor,98.643174,-68.105234,98.725754,-67.105730
Dor,98.725754,-67.105730,98.801780,-66.106186
Dor,98.801780,-66.106186,98.872046,-65.106609
Dor,98.872046,-65.106609,98.937218,-64.107000
Dor,98.937200,-64.107000,97.961818,-64.095294
Dor,97.961818,-64.095294,96.986848,-64.083563
Dor,96.986848,-64.083563,96.012290,-64.071810
Dor,96.012290,-64.071810,95.038146,-64.060039
Dor,95.038146,-64.060039,94.064413,-64.048253
Dor,94.064413,-64.048253,93.091093,-64.036456
Dor,93.091093,-64.036456,92.118185,-64.024650
Dor,92.118185,-64.024650,91.145689,-64.012840
Dor,91.145689,-64.012840,90.173604,-64.001029
Dor,90.173600,-64.001100,90.219778,-63.251370
Dor,90.219778,-63.251370,90.263619,-62.501626
Dor,90.263619,-62.501626,90.305310,-61.751868
Dor,90.305310,-61.751868,90.345018,-61.002099
Dor,90.345100,-61.002100,89.407993,-60.990712
Dor,89.407993,-60.990712,88.471222,-60.979328
Dor,88.471222,-60.979328,87.534786,-60.967952
Dor,87.534786,-60.967952,86.598684,-60.956587
Dor,86.598684,-60.956587,85.662915,-60.945235
Dor,85.662915,-60.945235,84.727479,-60.933900
Dor,84.727479,-60.933900,83.792374,-60.922585
Dor,83.792374,-60.922585,82.857600,-60.911292
Dor,82.857600,-60.911300,82.901079,-60.036569
Dor,82.901079,-60.036569,82.942314,-59.161825
Dor,82.942314,-59.161825,82.981492,-58.287068
Dor,82.981492,-58.287068,83.018781,-57.412300
Dor,83.018800,-57.412300,82.083919,-57.401028
Dor,82.083919,-57.401028,81.149324,-57.389785
Dor,81.149324,-57.389785,80.215015,-57.378572
Dor,80.215015,-57.378572,79.280989,-57.367394
Dor,79.280989,-57.367394,78.347245,-57.356253
Dor,78.347245,-57.356253,77.413783,-57.345152
Dor,77.413783,-57.345152,76.480601,-57.334094
Dor,76.480601,-57.334094,75.547697,-57.323081
Dor,75.547700,-57.323000,75.582234,-56.448213
Dor,75.582234,-56.448213,75.615214,-55.573417
Dor,75.615214,-55.573417,75.646756,-54.698612
Dor,75.646756,-54.698612,75.676967,-53.823800
Dor,75.677000,-53.823800,74.743751,-53.812830
Dor,74.743751,-53.812830,73.810744,-53.801910
Dor,73.810744,-53.801910,72.877978,-53.791045
Dor,72.877978,-53.791045,71.945450,-53.780238
Dor,71.945450,-53.780238,71.013160,-53.769490
Dor,71.013160,-53.769490,70.081106,-53.758804
Dor,70.081106,-53.758804,69.149286,-53.748185
Dor,69.149286,-53.748185,68.217699,-53.737633
Dor,68.217700,-53.737600,68.244067,-52.904413
Dor,68.244067,-52.904413,68.269438,-52.071220
Dor,68.269438,-52.071220,68.293880,-51.238022
Dor,68.293880,-51.238022,68.317452,-50.404819
Dor,68.317452,-50.404819,68.340210,-49.571612
Dor,68.340210,-49.571612,68.362203,-48.738400
Dor,68.362200,-48.738400,67.492001,-48.728606
Dor,67.492001,-48.728606,66.621969,-48.718876
Dor,66.621969,-48.718876,65.752103,-48.709212
Dor,65.752103,-48.709212,64.882402,-48.699616
Dor,64.882400,-48.699700,63.971389,-48.689722
Dor,63.971389,-48.689722,63.060556,-48.679825
Dor,63.060556,-48.679825,62.149900,-48.670009
Dor,62.149900,-48.670000,62.124792,-49.669853
Dor,62.124792,-49.669853,62.098630,-50.669700
Dor,62.098600,-50.669700,61.167962,-50.659755
Dor,61.167962,-50.659755,60.237517,-50.649901
Dor,60.237517,-50.649901,59.307264,-50.640142
Dor,59.307264,-50.640142,58.377201,-50.630479
Dor,58.377200,-50.630500,58.358357,-51.352603
Dor,58.358357,-51.352603,58.338910,-52.074703
Dor,58.338910,-52.074703,58.318823,-52.796800
Dra,140.615500,72.974100,140.709601,73.918172
Dra,140.709601,73.918172,140.815111,74.862198
Dra,140.815111,74.862198,140.934307,75.806168
Dra,140.934307,75.806168,141.070115,76.750071
Dra,141.070115,76.750071,141.226358,77.693892
Dra,141.226358,77.693892,141.408125,78.637609
Dra,141.408125,78.637609,141.622349,79.581196
Dra,141.622349,79.581196,141.878723,80.524611
Dra,141.878723,80.524611,142.191217,81.467800
Dra,142.191200,81.467800,143.107120,81.460458
Dra,143.107120,81.460458,144.022320,81.453267
Dra,144.022320,81.453267,144.936818,81.446228
Dra,144.936818,81.446228,145.850630,81.439342
Dra,145.850630,81.439342,146.763774,81.432612
Dra,146.763774,81.432612,147.676265,81.426038
Dra,147.676265,81.426038,148.588122,81.419623
Dra,148.588122,81.419623,149.499360,81.413368
Dra,149.499360,81.413368,150.409997,81.407274
Dra,150.409997,81.407274,151.320051,81.401344
Dra,151.320051,81.401344,152.229537,81.395577
Dra,152.229537,81.395577,153.138474,81.389976
Dra,153.138474,81.389976,154.046878,81.384542
Dra,154.046878,81.384542,154.954766,81.379277
Dra,154.954766,81.379277,155.862156,81.374181
Dra,155.862156,81.374181,156.769065,81.369255
Dra,156.769065,81.369255,157.675510,81.364501
Dra,157.675510,81.364501,158.581509,81.359920
Dra,158.581509,81.359920,159.487078,81.355513
Dra,159.487078,81.355513,160.392235,81.351281
Dra,160.392235,81.351281,161.296998,81.347225
Dra,161.296998,81.347225,162.201383,81.343345
Dra,162.201383,81.343345,163.105408,81.339644
Dra,163.105400,81.339600,162.947289,80.339929
Dra,162.947289,80.339929,162.818582,79.340200
Dra,162.818600,79.340200,163.720896,79.336681
Dra,163.720896,79.336681,164.622925,79.333338
Dra,164.622925,79.333338,165.524700,79.330172
Dra,165.524700,79.330172,166.426236,79.327183
Dra,166.426236,79.327183,167.327546,79.324372
Dra,167.327546,79.324372,168.228645,79.321740
Dra,168.228645,79.321740,169.129547,79.319287
Dra,169.129547,79.319287,170.030266,79.317014
Dra,170.030266,79.317014,170.930815,79.314921
Dra,170.930815,79.314921,171.831209,79.313010
Dra,171.831209,79.313010,172.731463,79.311279
Dra,172.731463,79.311279,173.631589,79.309730
Dra,173.631589,79.309730,174.531603,79.308364
Dra,174.531600,79.308300,174.493902,78.308337
Dra,174.493902,78.308337,174.462070,77.308370
Dra,174.462070,77.308370,174.434816,76.308400
Dra,174.434800,76.308400,175.364464,76.307178
Dra,175.364464,76.307178,176.294058,76.306148
Dra,176.294058,76.306148,177.223593,76.305311
Dra,177.223593,76.305311,178.153081,76.304665
Dra,178.153081,76.304665,179.082535,76.304213
Dra,179.082535,76.304213,180.011966,76.303953
Dra,180.011966,76.303953,180.941387,76.303885
Dra,180.941387,76.303885,181.870810,76.304011
Dra,181.870810,76.304011,182.800247,76.304329
Dra,182.800247,76.304329,183.729710,76.304840
Dra,183.729710,76.304840,184.659211,76.305544
Dra,184.659211,76.305544,185.588762,76.306440
Dra,185.588762,76.306440,186.518376,76.307528
Dra,186.518376,76.307528,187.448064,76.308808
Dra,187.448064,76.308808,188.377839,76.310279
Dra,188.377839,76.310279,189.307712,76.311942
Dra,189.307712,76.311942,190.237696,76.313795
Dra,190.237696,76.313795,191.167803,76.315839
Dra,191.167803,76.315839,192.098045,76.318073
Dra,192.098045,76.318073,193.028434,76.320496
Dra,193.028434,76.320496,193.958981,76.323107
Dra,193.958981,76.323107,194.889699,76.325906
Dra,194.889699,76.325906,195.820600,76.328893
Dra,195.820600,76.328900,195.875859,75.328997
Dra,195.875859,75.328997,195.924211,74.329083
Dra,195.924211,74.329083,195.966898,73.329160
Dra,195.966898,73.329160,196.004884,72.329229
Dra,196.004884,72.329229,196.038923,71.329291
Dra,196.038923,71.329291,196.069619,70.329348
Dra,196.069619,70.329348,196.097457,69.329400
Dra,196.097500,69.329400,197.066433,69.332704
Dra,197.066433,69.332704,198.035514,69.336205
Dra,198.035514,69.336205,199.004750,69.339903
Dra,199.004750,69.339903,199.974150,69.343796
Dra,199.974150,69.343796,200.943723,69.347883
Dra,200.943723,69.347883,201.913477,69.352163
Dra,201.913477,69.352163,202.883421,69.356634
Dra,202.883421,69.356634,203.853562,69.361297
Dra,203.853562,69.361297,204.823910,69.366148
Dra,204.823910,69.366148,205.794473,69.371188
Dra,205.794473,69.371188,206.765259,69.376414
Dra,206.765259,69.376414,207.736276,69.381825
Dra,207.736276,69.381825,208.707533,69.387420
Dra,208.707533,69.387420,209.679037,69.393197
Dra,209.679037,69.393197,210.650797,69.399154
Dra,210.650800,69.399100,210.698822,68.399267
Dra,210.698822,68.399267,210.742790,67.399422
Dra,210.742790,67.399422,210.783219,66.399566
Dra,210.783219,66.399566,210.820542,65.399700
Dra,210.820600,65.399700,211.760080,65.405627
Dra,211.760080,65.405627,212.699769,65.411718
Dra,212.699769,65.411718,213.639673,65.417972
Dra,213.639673,65.417972,214.579798,65.424387
Dra,214.579798,65.424387,215.520150,65.430961
Dra,215.520150,65.430961,216.460734,65.437693
Dra,216.460734,65.437693,217.401556,65.444581
Dra,217.401556,65.444581,218.342623,65.451623
Dra,218.342623,65.451623,219.283938,65.458817
Dra,219.283938,65.458817,220.225508,65.466161
Dra,220.225508,65.466161,221.167339,65.473653
Dra,221.167339,65.473653,222.109435,65.481292
Dra,222.109435,65.481292,223.051803,65.489075
Dra,223.051803,65.489075,223.994447,65.497000
Dra,223.994447,65.497000,224.937373,65.505066
Dra,224.937373,65.505066,225.880585,65.513269
Dra,225.880585,65.513269,226.824090,65.521608
Dra,226.824090,65.521608,227.767892,65.530081
Dra,227.767892,65.530081,228.711996,65.538685
Dra,228.711996,65.538685,229.656408,65.547418
Dra,229.656408,65.547418,230.601131,65.556278
Dra,230.601131,65.556278,231.546171,65.565262
Dra,231.546171,65.565262,232.491533,65.574369
Dra,232.491533,65.574369,233.437221,65.583594
Dra,233.437221,65.583594,234.383240,65.592937
Dra,234.383240,65.592937,235.329594,65.602394
Dra,235.329600,65.602300,235.280989,66.402056
Dra,235.280989,66.402056,235.229168,67.201796
Dra,235.229168,67.201796,235.173787,68.001518
Dra,235.173787,68.001518,235.114443,68.801221
Dra,235.114443,68.801221,235.050667,69.600901
Dra,235.050600,69.600900,236.031660,69.610820
Dra,236.031660,69.610820,237.013169,69.620859
Dra,237.013169,69.620859,237.995135,69.631013
Dra,237.995135,69.631013,238.977562,69.641280
Dra,238.977562,69.641280,239.960457,69.651657
Dra,239.960457,69.651657,240.943825,69.662141
Dra,240.943825,69.662141,241.927672,69.672729
Dra,241.927672,69.672729,242.912003,69.683417
Dra,242.912003,69.683417,243.896824,69.694204
Dra,243.896824,69.694204,244.882139,69.705084
Dra,244.882139,69.705084,245.867954,69.716056
Dra,245.867954,69.716056,246.854274,69.727116
Dra,246.854274,69.727116,247.841104,69.738261
Dra,247.841100,69.738300,247.759164,70.571172
Dra,247.759164,70.571172,247.670183,71.404003
Dra,247.670183,71.404003,247.573167,72.236790
Dra,247.573167,72.236790,247.466929,73.069524
Dra,247.466929,73.069524,247.350037,73.902197
Dra,247.350037,73.902197,247.220747,74.734801
Dra,247.220700,74.734800,248.170404,74.745602
Dra,248.170404,74.745602,249.120754,74.756478
Dra,249.120754,74.756478,250.071757,74.767427
Dra,250.071757,74.767427,251.023417,74.778445
Dra,251.023417,74.778445,251.975742,74.789529
Dra,251.975742,74.789529,252.928736,74.800675
Dra,252.928736,74.800675,253.882404,74.811882
Dra,253.882404,74.811882,254.836751,74.823146
Dra,254.836751,74.823146,255.791783,74.834463
Dra,255.791783,74.834463,256.747503,74.845831
Dra,256.747503,74.845831,257.703918,74.857247
Dra,257.703918,74.857247,258.661030,74.868707
Dra,258.661030,74.868707,259.618844,74.880208
Dra,259.618844,74.880208,260.577365,74.891748
Dra,260.577365,74.891748,261.536596,74.903322
Dra,261.536600,74.903300,261.346416,75.902144
Dra,261.346416,75.902144,261.127859,76.900818
Dra,261.127859,76.900818,260.873909,77.899277
Dra,260.873909,77.899277,260.575024,78.897464
Dra,260.575024,78.897464,260.217906,79.895300
Dra,260.217900,79.895300,261.144094,79.906512
Dra,261.144094,79.906512,262.071296,79.917755
Dra,262.071296,79.917755,262.999512,79.929026
Dra,262.999512,79.929026,263.928749,79.940323
Dra,263.928749,79.940323,264.859010,79.951641
Dra,264.859010,79.951641,265.790303,79.962978
Dra,265.790303,79.962978,266.722631,79.974332
Dra,266.722631,79.974332,267.656000,79.985699
Dra,267.656000,79.985700,267.279851,80.840567
Dra,267.279851,80.840567,266.827006,81.694966
Dra,266.827006,81.694966,266.271148,82.548738
Dra,266.271148,82.548738,265.572414,83.401638
Dra,265.572414,83.401638,264.667448,84.253278
Dra,264.667448,84.253278,263.449240,85.103001
Dra,263.449240,85.103001,261.722169,85.949600
Dra,261.722200,85.949600,262.696457,85.961612
Dra,262.696457,85.961612,263.673543,85.973654
Dra,263.673543,85.973654,264.653490,85.985721
Dra,264.653490,85.985721,265.636328,85.997811
Dra,265.636328,85.997811,266.622090,86.009919
Dra,266.622090,86.009919,267.610807,86.022043
Dra,267.610807,86.022043,268.602508,86.034178
Dra,268.602508,86.034178,269.597224,86.046321
Dra,269.597224,86.046321,270.594985,86.058469
Dra,270.594985,86.058469,271.595818,86.070618
Dra,271.595818,86.070618,272.599753,86.082763
Dra,272.599753,86.082763,273.606817,86.094902
Dra,273.606817,86.094902,274.617038,86.107031
Dra,274.617038,86.107031,275.630442,86.119145
Dra,275.630442,86.119145,276.647054,86.131241
Dra,276.647054,86.131241,277.666899,86.143315
Dra,277.666899,86.143315,278.690001,86.155363
Dra,278.690001,86.155363,279.716384,86.167381
Dra,279.716384,86.167381,280.746070,86.179366
Dra,280.746070,86.179366,281.779080,86.191312
Dra,281.779080,86.191312,282.815434,86.203217
Dra,282.815434,86.203217,283.855151,86.215076
Dra,283.855151,86.215076,284.898250,86.226886
Dra,284.898250,86.226886,285.944748,86.238641
Dra,285.944748,86.238641,286.994660,86.250338
Dra,286.994660,86.250338,288.048000,86.261973
Dra,288.048000,86.261973,289.104782,86.273542
Dra,289.104782,86.273542,290.165017,86.285040
Dra,290.165017,86.285040,291.228716,86.296464
Dra,291.228716,86.296464,292.295888,86.307808
Dra,292.295888,86.307808,293.366539,86.319070
Dra,293.366539,86.319070,294.440675,86.330244
Dra,294.440675,86.330244,295.518301,86.341327
Dra,295.518301,86.341327,296.599418,86.352315
Dra,296.599418,86.352315,297.684027,86.363202
Dra,297.684027,86.363202,298.772126,86.373985
Dra,298.772126,86.373985,299.863713,86.384660
Dra,299.863713,86.384660,300.958782,86.395222
Dra,300.958782,86.395222,302.057325,86.405667
Dra,302.057325,86.405667,303.159334,86.415991
Dra,303.159334,86.415991,304.264798,86.426190
Dra,304.264798,86.426190,305.373701,86.436260
Dra,305.373701,86.436260,306.486030,86.446196
Dra,306.486030,86.446196,307.601765,86.455994
Dra,307.601765,86.455994,308.720887,86.465650
Dra,308.721000,86.465600,310.461840,85.473007
Dra,310.461840,85.473007,311.576946,84.477747
Dra,311.576946,84.477747,312.352155,83.481042
Dra,312.352155,83.481042,312.922432,82.483466
Dra,312.922432,82.483466,313.359707,81.485326
Dra,313.359707,81.485326,313.705802,80.486799
Dra,313.705900,80.486800,312.697454,80.478174
Dra,312.697454,80.478174,311.689964,80.469411
Dra,311.689964,80.469411,310.683441,80.460513
Dra,310.683441,80.460513,309.677897,80.451484
Dra,309.677897,80.451484,308.673344,80.442326
Dra,308.673344,80.442326,307.669793,80.433042
Dra,307.669793,80.433042,306.667253,80.423636
Dra,306.667253,80.423636,305.665735,80.414110
Dra,305.665735,80.414110,304.665250,80.404468
Dra,304.665250,80.404468,303.665805,80.394712
Dra,303.665805,80.394712,302.667410,80.384845
Dra,302.667410,80.384845,301.670073,80.374871
Dra,301.670073,80.374871,300.673803,80.364793
Dra,300.673800,80.364800,301.002555,79.366472
Dra,301.002555,79.366472,301.275459,78.367859
Dra,301.275459,78.367859,301.505751,77.369030
Dra,301.505751,77.369030,301.702794,76.370032
Dra,301.702794,76.370032,301.873396,75.370900
Dra,301.873400,75.370900,302.833662,75.380605
Dra,302.833662,75.380605,303.794560,75.390210
Dra,303.794560,75.390210,304.756089,75.399710
Dra,304.756089,75.399710,305.718243,75.409103
Dra,305.718243,75.409103,306.681017,75.418387
Dra,306.681017,75.418387,307.644404,75.427559
Dra,307.644404,75.427559,308.608398,75.436616
Dra,308.608398,75.436616,309.572992,75.445555
Dra,309.573000,75.445500,309.695160,74.557173
Dra,309.695160,74.557173,309.804336,73.668786
Dra,309.804336,73.668786,309.902536,72.780349
Dra,309.902536,72.780349,309.991378,71.891869
Dra,309.991378,71.891869,310.072174,71.003351
Dra,310.072174,71.003351,310.146005,70.114802
Dra,310.146005,70.114802,310.213764,69.226225
Dra,310.213764,69.226225,310.276200,68.337623
Dra,310.276200,68.337623,310.333943,67.448999
Dra,310.334000,67.449000,309.379300,67.440156
Dra,309.379300,67.440156,308.424965,67.431193
Dra,308.424965,67.431193,307.470998,67.422115
Dra,307.470998,67.422115,306.517405,67.412924
Dra,306.517400,67.413000,306.575424,66.496610
Dra,306.575424,66.496610,306.629330,65.580200
Dra,306.629330,65.580200,306.679568,64.663772
Dra,306.679568,64.663772,306.726522,63.747329
Dra,306.726522,63.747329,306.770526,62.830871
Dra,306.770526,62.830871,306.811870,61.914400
Dra,306.811900,61.914400,305.907272,61.905576
Dra,305.907272,61.905576,305.002911,61.896653
Dra,305.002911,61.896653,304.098820,61.887633
Dra,304.098820,61.887633,303.195000,61.878520
Dra,303.195000,61.878520,302.291455,61.869315
Dra,302.291455,61.869315,301.388187,61.860021
Dra,301.388187,61.860021,300.485198,61.850640
Dra,300.485200,61.850600,300.530609,60.850857
Dra,300.530609,60.850857,300.573262,59.851100
Dra,300.573300,59.851100,299.689397,59.841833
Dra,299.689397,59.841833,298.805744,59.832486
Dra,298.805744,59.832486,297.922344,59.823062
Dra,297.922344,59.823062,297.039197,59.813564
Dra,297.039200,59.813500,297.070521,59.063703
Dra,297.070521,59.063703,297.100503,58.313899
Dra,297.100600,58.313900,296.218156,58.304334
Dra,296.218156,58.304334,295.335955,58.294698
Dra,295.335955,58.294698,294.453997,58.284994
Dra,294.453997,58.284994,293.572285,58.275225
Dra,293.572285,58.275225,292.690818,58.265392
Dra,292.690818,58.265392,291.809600,58.255498
Dra,291.809600,58.255500,291.842722,57.422342
Dra,291.842722,57.422342,291.874371,56.589175
Dra,291.874371,56.589175,291.904654,55.756001
Dra,291.904600,55.756000,291.066065,55.746529
Dra,291.066065,55.746529,290.227737,55.737006
Dra,290.227737,55.737006,289.389615,55.727434
Dra,289.389615,55.727434,288.551701,55.717814
Dra,288.551701,55.717814,287.713995,55.708150
Dra,287.713995,55.708150,286.876498,55.698443
Dra,286.876500,55.698400,286.912163,54.698617
Dra,286.912163,54.698617,286.946111,53.698825
Dra,286.946111,53.698825,286.978483,52.699023
Dra,286.978483,52.699023,287.009405,51.699213
Dra,287.009405,51.699213,287.038990,50.699396
Dra,287.038990,50.699396,287.067340,49.699571
Dra,287.067340,49.699571,287.094547,48.699739
Dra,287.094547,48.699739,287.120694,47.699901
Dra,287.120600,47.699900,286.136339,47.688437
Dra,286.136339,47.688437,285.152296,47.676919
Dra,285.152296,47.676919,284.168472,47.665351
Dra,284.168472,47.665351,283.184868,47.653736
Dra,283.184868,47.653736,282.201484,47.642077
Dra,282.201484,47.642077,281.218321,47.630377
Dra,281.218321,47.630377,280.235380,47.618640
Dra,280.235380,47.618640,279.252660,47.606870
Dra,279.252660,47.606870,278.270162,47.595070
Dra,278.270162,47.595070,277.287887,47.583243
Dra,277.287887,47.583243,276.305835,47.571393
Dra,276.305835,47.571393,275.324005,47.559524
Dra,275.324005,47.559524,274.342399,47.547638
Dra,274.342400,47.547600,274.322166,48.297481
Dra,274.322166,48.297481,274.301329,49.047358
Dra,274.301329,49.047358,274.279854,49.797231
Dra,274.279854,49.797231,274.257703,50.547100
Dra,274.257700,50.547100,273.283348,50.535287
Dra,273.283348,50.535287,272.309240,50.523465
Dra,272.309240,50.523465,271.335376,50.511638
Dra,271.335376,50.511638,270.361756,50.499809
Dra,270.361756,50.499809,269.388380,50.487982
Dra,269.388380,50.487982,268.415247,50.476159
Dra,268.415247,50.476159,267.442358,50.464345
Dra,267.442358,50.464345,266.469711,50.452543
Dra,266.469711,50.452543,265.497306,50.440756
Dra,265.497306,50.440756,264.525142,50.428987
Dra,264.525142,50.428987,263.553219,50.417240
Dra,263.553219,50.417240,262.581536,50.405519
Dra,262.581536,50.405519,261.610092,50.393826
Dra,261.610092,50.393826,260.638887,50.382165
Dra,260.638887,50.382165,259.667919,50.370540
Dra,259.667919,50.370540,258.697187,50.358954
Dra,258.697187,50.358954,257.726690,50.347409
Dra,257.726690,50.347409,256.756428,50.335910
Dra,256.756428,50.335910,255.786398,50.324459
Dra,255.786400,50.324400,255.771798,50.824351
Dra,255.771798,50.824351,255.756879,51.324301
Dra,255.756800,51.324300,254.774042,51.312749
Dra,254.774042,51.312749,253.791529,51.301255
Dra,253.791529,51.301255,252.809260,51.289821
Dra,252.809260,51.289821,251.827233,51.278451
Dra,251.827233,51.278451,250.845446,51.267147
Dra,250.845446,51.267147,249.863898,51.255913
Dra,249.863898,51.255913,248.882587,51.244753
Dra,248.882587,51.244753,247.901510,51.233670
Dra,247.901510,51.233670,246.920667,51.222666
Dra,246.920667,51.222666,245.940055,51.211745
Dra,245.940055,51.211745,244.959673,51.200911
Dra,244.959673,51.200911,243.979517,51.190166
Dra,243.979517,51.190166,242.999587,51.179513
Dra,242.999587,51.179513,242.019879,51.168957
Dra,242.019879,51.168957,241.040391,51.158499
Dra,241.040391,51.158499,240.061122,51.148142
Dra,240.061122,51.148142,239.082069,51.137890
Dra,239.082069,51.137890,238.103229,51.127746
Dra,238.103229,51.127746,237.124600,51.117713
Dra,237.124600,51.117700,237.104874,51.867602
Dra,237.104874,51.867602,237.084480,52.617500
Dra,237.084500,52.617500,236.155444,52.608078
Dra,236.155444,52.608078,235.226584,52.598761
Dra,235.226584,52.598761,234.297917,52.589551
Dra,234.297917,52.589551,233.369442,52.580451
Dra,233.369442,52.580451,232.441155,52.571463
Dra,232.441155,52.571463,231.513054,52.562590
Dra,231.513054,52.562590,230.585137,52.553834
Dra,230.585137,52.553834,229.657400,52.545196
Dra,229.657400,52.545200,229.636164,53.378437
Dra,229.636164,53.378437,229.614079,54.211671
Dra,229.614079,54.211671,229.591086,55.044900
Dra,229.591100,55.044900,228.640740,55.036176
Dra,228.640740,55.036176,227.690581,55.027582
Dra,227.690581,55.027582,226.740621,55.019121
Dra,226.740621,55.019121,225.790856,55.010794
Dra,225.790856,55.010794,224.841283,55.002604
Dra,224.841283,55.002604,223.891899,54.994553
Dra,223.891899,54.994553,222.942700,54.986644
Dra,222.942700,54.986644,221.993683,54.978878
Dra,221.993683,54.978878,221.044844,54.971257
Dra,221.044844,54.971257,220.096179,54.963785
Dra,220.096179,54.963785,219.147686,54.956461
Dra,219.147686,54.956461,218.199360,54.949290
Dra,218.199360,54.949290,217.251198,54.942272
Dra,217.251200,54.942200,217.229902,55.879629
Dra,217.229902,55.879629,217.207551,56.817054
Dra,217.207551,56.817054,217.184052,57.754474
Dra,217.184052,57.754474,217.159301,58.691890
Dra,217.159301,58.691890,217.133182,59.629301
Dra,217.133182,59.629301,217.105563,60.566707
Dra,217.105563,60.566707,217.076294,61.504106
Dra,217.076294,61.504106,217.045205,62.441499
Dra,217.045300,62.441500,216.081770,62.434527
Dra,216.081770,62.434527,215.118457,62.427717
Dra,215.118457,62.427717,214.155355,62.421073
Dra,214.155355,62.421073,213.192459,62.414597
Dra,213.192459,62.414597,212.229764,62.408290
Dra,212.229764,62.408290,211.267263,62.402153
Dra,211.267263,62.402153,210.304951,62.396190
Dra,210.304951,62.396190,209.342823,62.390401
Dra,209.342823,62.390401,208.380874,62.384788
Dra,208.380874,62.384788,207.419097,62.379353
Dra,207.419097,62.379353,206.457486,62.374097
Dra,206.457486,62.374097,205.496037,62.369021
Dra,205.496037,62.369021,204.534744,62.364127
Dra,204.534744,62.364127,203.573600,62.359416
Dra,203.573600,62.359400,203.550501,63.359300
Dra,203.550500,63.359300,202.594237,63.354796
Dra,202.594237,63.354796,201.638116,63.350476
Dra,201.638116,63.350476,200.682131,63.346341
Dra,200.682131,63.346341,199.726277,63.342393
Dra,199.726277,63.342393,198.770547,63.338632
Dra,198.770547,63.338632,197.814936,63.335060
Dra,197.814936,63.335060,196.859436,63.331677
Dra,196.859436,63.331677,195.904043,63.328485
Dra,195.904043,63.328485,194.948749,63.325484
Dra,194.948749,63.325484,193.993549,63.322675
Dra,193.993549,63.322675,193.038436,63.320059
Dra,193.038436,63.320059,192.083404,63.317637
Dra,192.083404,63.317637,191.128446,63.315409
Dra,191.128446,63.315409,190.173558,63.313376
Dra,190.173558,63.313376,189.218731,63.311538
Dra,189.218731,63.311538,188.263960,63.309896
Dra,188.263960,63.309896,187.309239,63.308451
Dra,187.309239,63.308451,186.354562,63.307202
Dra,186.354562,63.307202,185.399921,63.306150
Dra,185.399921,63.306150,184.445311,63.305296
Dra,184.445311,63.305296,183.490725,63.304639
Dra,183.490725,63.304639,182.536157,63.304181
Dra,182.536157,63.304181,181.581600,63.303920
Dra,181.581600,63.304000,181.580878,64.137333
Dra,181.580878,64.137333,181.580112,64.970667
Dra,181.580112,64.970667,181.579297,65.804000
Dra,181.579300,65.804000,180.694843,65.803935
Dra,180.694843,65.803935,179.810385,65.804041
Dra,179.810385,65.804041,178.925921,65.804317
Dra,178.925921,65.804317,178.041445,65.804763
Dra,178.041445,65.804763,177.156951,65.805380
Dra,177.156951,65.805380,176.272434,65.806167
Dra,176.272434,65.806167,175.387887,65.807124
Dra,175.387887,65.807124,174.503307,65.808251
Dra,174.503307,65.808251,173.618686,65.809547
Dra,173.618686,65.809547,172.734019,65.811012
Dra,172.734019,65.811012,171.849301,65.812646
Dra,171.849300,65.812600,171.859781,66.687591
Dra,171.859781,66.687591,171.871033,67.562581
Dra,171.871033,67.562581,171.883148,68.437570
Dra,171.883148,68.437570,171.896238,69.312559
Dra,171.896238,69.312559,171.910431,70.187546
Dra,171.910431,70.187546,171.925881,71.062532
Dra,171.925881,71.062532,171.942771,71.937517
Dra,171.942771,71.937517,171.961320,72.812500
Dra,171.961400,72.812500,171.014801,72.814436
Dra,171.014801,72.814436,170.068099,72.816567
Dra,170.068099,72.816567,169.121282,72.818892
Dra,169.121282,72.818892,168.174342,72.821411
Dra,168.174342,72.821411,167.227268,72.824123
Dra,167.227268,72.824123,166.280051,72.827027
Dra,166.280051,72.827027,165.332680,72.830122
Dra,165.332680,72.830122,164.385145,72.833408
Dra,164.385145,72.833408,163.437438,72.836884
Dra,163.437438,72.836884,162.489547,72.840549
Dra,162.489547,72.840549,161.541463,72.844402
Dra,161.541463,72.844402,160.593177,72.848442
Dra,160.593177,72.848442,159.644678,72.852668
Dra,159.644678,72.852668,158.695958,72.857078
Dra,158.695958,72.857078,157.747005,72.861672
Dra,157.747005,72.861672,156.797812,72.866448
Dra,156.797812,72.866448,155.848367,72.871406
Dra,155.848367,72.871406,154.898662,72.876543
Dra,154.898662,72.876543,153.948688,72.881858
Dra,153.948688,72.881858,152.998433,72.887351
Dra,152.998433,72.887351,152.047890,72.893019
Dra,152.047890,72.893019,151.097049,72.898861
Dra,151.097049,72.898861,150.145901,72.904876
Dra,150.145901,72.904876,149.194436,72.911061
Dra,149.194436,72.911061,148.242645,72.917416
Dra,148.242645,72.917416,147.290519,72.923939
Dra,147.290519,72.923939,146.338049,72.930627
Dra,146.338049,72.930627,145.385226,72.937479
Dra,145.385226,72.937479,144.432041,72.944493
Dra,144.432041,72.944493,143.478485,72.951668
Dra,143.478485,72.951668,142.524549,72.959001
Dra,142.524549,72.959001,141.570225,72.966490
Dra,141.570225,72.966490,140.615503,72.974134
Equ,314.081100,2.477300,314.074009,3.277280
Equ,314.074009,3.277280,314.066906,4.077260
Equ,314.066906,4.077260,314.059789,4.877240
Equ,314.059789,4.877240,314.052655,5.677220
Equ,314.052655,5.677220,314.045502,6.477200
Equ,314.045500,6.477200,314.671100,6.482703
Equ,314.671100,6.482700,314.662466,7.454884
Equ,314.662466,7.454884,314.653793,8.427068
Equ,314.653793,8.427068,314.645076,9.399251
Equ,314.645076,9.399251,314.636311,10.371434
Equ,314.636311,10.371434,314.627490,11.343617
Equ,314.627490,11.343617,314.618610,12.315800
Equ,314.618600,12.315800,315.495174,12.323414
Equ,315.495174,12.323414,316.371774,12.330913
Equ,316.371774,12.330913,317.248400,12.338296
Equ,317.248400,12.338300,317.749346,12.342466
Equ,317.749346,12.342466,318.250300,12.346594
Equ,318.250300,12.346600,318.244557,13.013200
Equ,318.244500,13.013200,319.058617,13.019824
Equ,319.058617,13.019824,319.872756,13.026343
Equ,319.872756,13.026343,320.686917,13.032756
Equ,320.686917,13.032756,321.501100,13.039062
Equ,321.501100,13.039100,321.508794,12.084583
Equ,321.508794,12.084583,321.516432,11.130065
Equ,321.516432,11.130065,321.524021,10.175547
Equ,321.524021,10.175547,321.531565,9.221029
Equ,321.531565,9.221029,321.539068,8.266511
Equ,321.539068,8.266511,321.546535,7.311993
Equ,321.546535,7.311993,321.553969,6.357474
Equ,321.553969,6.357474,321.561377,5.402956
Equ,321.561377,5.402956,321.568761,4.448437
Equ,321.568761,4.448437,321.576126,3.493919
Equ,321.576126,3.493919,321.583476,2.539400
Equ,321.583500,2.539400,320.645677,2.532127
Equ,320.645677,2.532127,319.707860,2.524711
Equ,319.707860,2.524711,318.770050,2.517155
Equ,318.770050,2.517155,317.832246,2.509461
Equ,317.832246,2.509461,316.894449,2.501630
Equ,316.894449,2.501630,315.956659,2.493664
Equ,315.956659,2.493664,315.018876,2.485567
Equ,315.018876,2.485567,314.081100,2.477340
Eri,55.352900,0.403700,56.321634,0.394055
Eri,56.321634,0.394055,57.290366,0.384297
Eri,57.290366,0.384297,58.259096,0.374430
Eri,58.259096,0.374430,59.227824,0.364455
Eri,59.227824,0.364455,60.196549,0.354376
Eri,60.196549,0.354376,61.165273,0.344196
Eri,61.165273,0.344196,62.133994,0.333918
Eri,62.133994,0.333918,63.102713,0.323544
Eri,63.102713,0.323544,64.071430,0.313077
Eri,64.071430,0.313077,65.040146,0.302521
Eri,65.040146,0.302521,66.008859,0.291879
Eri,66.008859,0.291879,66.977571,0.281153
Eri,66.977571,0.281153,67.946281,0.270347
Eri,67.946281,0.270347,68.914989,0.259463
Eri,68.914989,0.259463,69.883695,0.248506
Eri,69.883695,0.248506,70.852400,0.237477
Eri,70.852400,0.237500,71.602300,0.228916
Eri,71.602300,0.228900,71.590826,-0.771025
Eri,71.590826,-0.771025,71.579347,-1.770950
Eri,71.579347,-1.770950,71.567856,-2.770875
Eri,71.567856,-2.770875,71.556345,-3.770799
Eri,71.556400,-3.770800,72.448941,-3.781068
Eri,72.448941,-3.781068,73.341492,-3.791390
Eri,73.341492,-3.791390,74.234053,-3.801762
Eri,74.234053,-3.801762,75.126624,-3.812182
Eri,75.126624,-3.812182,76.019206,-3.822648
Eri,76.019206,-3.822648,76.911797,-3.833157
Eri,76.911797,-3.833157,77.804400,-3.843707
Eri,77.804400,-3.843700,77.792491,-4.843629
Eri,77.792491,-4.843629,77.780548,-5.843559
Eri,77.780548,-5.843559,77.768561,-6.843488
Eri,77.768561,-6.843488,77.756524,-7.843416
Eri,77.756524,-7.843416,77.744429,-8.843345
Eri,77.744429,-8.843345,77.732269,-9.843273
Eri,77.732269,-9.843273,77.720034,-10.843200
Eri,77.720000,-10.843200,76.887240,-10.833356
Eri,76.887240,-10.833356,76.054507,-10.823548
Eri,76.054507,-10.823548,75.221800,-10.813777
Eri,75.221800,-10.813800,75.211148,-11.688751
Eri,75.211148,-11.688751,75.200428,-12.563701
Eri,75.200428,-12.563701,75.189636,-13.438651
Eri,75.189636,-13.438651,75.178764,-14.313601
Eri,75.178700,-14.313600,74.554240,-14.306298
Eri,74.554240,-14.306298,73.929800,-14.299020
Eri,73.929800,-14.299000,73.917591,-15.279698
Eri,73.917591,-15.279698,73.905268,-16.260395
Eri,73.905268,-16.260395,73.892821,-17.241091
Eri,73.892821,-17.241091,73.880241,-18.221786
Eri,73.880241,-18.221786,73.867519,-19.202481
Eri,73.867519,-19.202481,73.854644,-20.183174
Eri,73.854644,-20.183174,73.841606,-21.163867
Eri,73.841606,-21.163867,73.828394,-22.144559
Eri,73.828394,-22.144559,73.814996,-23.125250
Eri,73.814996,-23.125250,73.801401,-24.105939
Eri,73.801401,-24.105939,73.787597,-25.086627
Eri,73.787597,-25.086627,73.773569,-26.067314
Eri,73.773569,-26.067314,73.759304,-27.048000
Eri,73.759300,-27.048000,72.761249,-27.036416
Eri,72.761249,-27.036416,71.763300,-27.024898
Eri,71.763300,-27.024900,71.749897,-27.941468
Eri,71.749897,-27.941468,71.736264,-28.858035
Eri,71.736264,-28.858035,71.722389,-29.774600
Eri,71.722400,-29.774600,70.849508,-29.764581
Eri,70.849508,-29.764581,69.976701,-29.754616
Eri,69.976700,-29.754700,69.961443,-30.754606
Eri,69.961443,-30.754606,69.945866,-31.754510
Eri,69.945866,-31.754510,69.929949,-32.754413
Eri,69.929949,-32.754413,69.913670,-33.754313
Eri,69.913670,-33.754313,69.897007,-34.754211
Eri,69.897007,-34.754211,69.879936,-35.754107
Eri,69.879936,-35.754107,69.862430,-36.754000
Eri,69.862400,-36.754000,68.915640,-36.743256
Eri,68.915640,-36.743256,67.969011,-36.732582
Eri,67.969011,-36.732582,67.022512,-36.721983
Eri,67.022512,-36.721983,66.076142,-36.711460
Eri,66.076142,-36.711460,65.129900,-36.701017
Eri,65.129900,-36.701000,65.112572,-37.700903
Eri,65.112572,-37.700903,65.094771,-38.700803
Eri,65.094771,-38.700803,65.076464,-39.700701
Eri,65.076400,-39.700700,64.080935,-39.689802
Eri,64.080935,-39.689802,63.085625,-39.678998
Eri,63.085625,-39.678998,62.090468,-39.668293
Eri,62.090468,-39.668293,61.095462,-39.657689
Eri,61.095462,-39.657689,60.100607,-39.647189
Eri,60.100607,-39.647189,59.105900,-39.636797
Eri,59.105900,-39.636800,59.088119,-40.636704
Eri,59.088119,-40.636704,59.069797,-41.636606
Eri,59.069797,-41.636606,59.050898,-42.636504
Eri,59.050898,-42.636504,59.031381,-43.636400
Eri,59.031400,-43.636400,58.073144,-43.626492
Eri,58.073144,-43.626492,57.115044,-43.616690
Eri,57.115044,-43.616690,56.157096,-43.606997
Eri,56.157096,-43.606997,55.199300,-43.597415
Eri,55.199300,-43.597415,54.241653,-43.587948
Eri,54.241653,-43.587948,53.284154,-43.578596
Eri,53.284154,-43.578596,52.326801,-43.569364
Eri,52.326800,-43.569400,52.308241,-44.569302
Eri,52.308241,-44.569302,52.289033,-45.569200
Eri,52.289000,-45.569200,51.403162,-45.560765
Eri,51.403162,-45.560765,50.517453,-45.552436
Eri,50.517453,-45.552436,49.631873,-45.544216
Eri,49.631873,-45.544216,48.746420,-45.536106
Eri,48.746420,-45.536106,47.861091,-45.528108
Eri,47.861091,-45.528108,46.975886,-45.520224
Eri,46.975886,-45.520224,46.090801,-45.512457
Eri,46.090800,-45.512500,46.072741,-46.512403
Eri,46.072741,-46.512403,46.054005,-47.512303
Eri,46.054005,-47.512303,46.034541,-48.512200
Eri,46.034500,-48.512200,45.044341,-48.503649
Eri,45.044341,-48.503649,44.054344,-48.495248
Eri,44.054344,-48.495248,43.064508,-48.487000
Eri,43.064508,-48.487000,42.074827,-48.478908
Eri,42.074827,-48.478908,41.085300,-48.470973
Eri,41.085300,-48.471000,41.073099,-49.137635
Eri,41.073099,-49.137635,41.060566,-49.804268
Eri,41.060566,-49.804268,41.047682,-50.470900
Eri,41.047700,-50.470900,40.120870,-50.463612
Eri,40.120870,-50.463612,39.194178,-50.456466
Eri,39.194178,-50.456466,38.267623,-50.449465
Eri,38.267623,-50.449465,37.341200,-50.442610
Eri,37.341200,-50.442600,37.327445,-51.192553
Eri,37.327445,-51.192553,37.313235,-51.942504
Eri,37.313235,-51.942504,37.298542,-52.692453
Eri,37.298542,-52.692453,37.283335,-53.442400
Eri,37.283300,-53.442400,36.358292,-53.435702
Eri,36.358292,-53.435702,35.433424,-53.429154
Eri,35.433424,-53.429154,34.508695,-53.422757
Eri,34.508695,-53.422757,33.584100,-53.416513
Eri,33.584100,-53.416500,33.566833,-54.316446
Eri,33.566833,-54.316446,33.548794,-55.216389
Eri,33.548794,-55.216389,33.529920,-56.116329
Eri,33.529920,-56.116329,33.510142,-57.016266
Eri,33.510142,-57.016266,33.489382,-57.916200
Eri,33.489400,-57.916200,32.543688,-57.909972
Eri,32.543688,-57.909972,31.598133,-57.903909
Eri,31.598133,-57.903909,30.652732,-57.898011
Eri,30.652732,-57.898011,29.707481,-57.892280
Eri,29.707481,-57.892280,28.762374,-57.886718
Eri,28.762374,-57.886718,27.817408,-57.881326
Eri,27.817408,-57.881326,26.872578,-57.876105
Eri,26.872578,-57.876105,25.927879,-57.871058
Eri,25.927879,-57.871058,24.983307,-57.866185
Eri,24.983307,-57.866185,24.038858,-57.861488
Eri,24.038858,-57.861488,23.094527,-57.856967
Eri,23.094527,-57.856967,22.150309,-57.852625
Eri,22.150309,-57.852625,21.206199,-57.848462
Eri,21.206200,-57.848400,21.221024,-56.848443
Eri,21.221024,-56.848443,21.235076,-55.848484
Eri,21.235076,-55.848484,21.248423,-54.848524
Eri,21.248423,-54.848524,21.261124,-53.848563
Eri,21.261124,-53.848563,21.273233,-52.848600
Eri,21.273300,-52.848600,22.196692,-52.852669
Eri,22.196692,-52.852669,23.120170,-52.856910
Eri,23.120170,-52.856910,24.043738,-52.861320
Eri,24.043738,-52.861320,24.967400,-52.865899
Eri,24.967400,-52.865900,24.976495,-52.199234
Eri,24.976495,-52.199234,24.985321,-51.532568
Eri,24.985321,-51.532568,24.993892,-50.865900
Eri,24.993800,-50.865900,25.918531,-50.870651
Eri,25.918531,-50.870651,26.843356,-50.875569
Eri,26.843356,-50.875569,27.768278,-50.880652
Eri,27.768278,-50.880652,28.693300,-50.885899
Eri,28.693300,-50.885900,28.705149,-50.052602
Eri,28.705149,-50.052602,28.716593,-49.219302
Eri,28.716593,-49.219302,28.727658,-48.386002
Eri,28.727658,-48.386002,28.738366,-47.552700
Eri,28.738300,-47.552700,29.664773,-47.558117
Eri,29.664773,-47.558117,30.591340,-47.563696
Eri,30.591340,-47.563696,31.518006,-47.569434
Eri,31.518006,-47.569434,32.444772,-47.575331
Eri,32.444772,-47.575331,33.371642,-47.581384
Eri,33.371642,-47.581384,34.298618,-47.587593
Eri,34.298618,-47.587593,35.225703,-47.593956
Eri,35.225703,-47.593956,36.152900,-47.600470
Eri,36.152900,-47.600500,36.166842,-46.693139
Eri,36.166842,-46.693139,36.180324,-45.785776
Eri,36.180324,-45.785776,36.193373,-44.878412
Eri,36.193373,-44.878412,36.206018,-43.971047
Eri,36.206018,-43.971047,36.218282,-43.063680
Eri,36.218282,-43.063680,36.230188,-42.156311
Eri,36.230188,-42.156311,36.241757,-41.248942
Eri,36.241757,-41.248942,36.253009,-40.341571
Eri,36.253009,-40.341571,36.263963,-39.434200
Eri,36.264000,-39.434200,37.165676,-39.440678
Eri,37.165676,-39.440678,38.067435,-39.447297
Eri,38.067435,-39.447297,38.969280,-39.454053
Eri,38.969280,-39.454053,39.871210,-39.460947
Eri,39.871210,-39.460947,40.773230,-39.467975
Eri,40.773230,-39.467975,41.675339,-39.475137
Eri,41.675339,-39.475137,42.577541,-39.482430
Eri,42.577541,-39.482430,43.479836,-39.489852
Eri,43.479836,-39.489852,44.382226,-39.497403
Eri,44.382226,-39.497403,45.284714,-39.505080
Eri,45.284714,-39.505080,46.187300,-39.512881
Eri,46.187300,-39.512900,46.193361,-39.096301
Eri,46.193300,-39.096300,47.124289,-39.104473
Eri,47.124289,-39.104473,48.055385,-39.112774
Eri,48.055385,-39.112774,48.986589,-39.121201
Eri,48.986589,-39.121201,49.917904,-39.129751
Eri,49.917904,-39.129751,50.849331,-39.138423
Eri,50.849331,-39.138423,51.780871,-39.147213
Eri,51.780871,-39.147213,52.712527,-39.156120
Eri,52.712527,-39.156120,53.644299,-39.165141
Eri,53.644300,-39.165100,53.658635,-38.269328
Eri,53.658635,-38.269328,53.672620,-37.373553
Eri,53.672620,-37.373553,53.686275,-36.477778
Eri,53.686275,-36.477778,53.699619,-35.582000
Eri,53.699600,-35.582000,54.632165,-35.591139
Eri,54.632165,-35.591139,55.564836,-35.600388
Eri,55.564836,-35.600388,56.497614,-35.609744
Eri,56.497614,-35.609744,57.430500,-35.619205
Eri,57.430500,-35.619200,57.445257,-34.651225
Eri,57.445257,-34.651225,57.459674,-33.683247
Eri,57.459674,-33.683247,57.473770,-32.715269
Eri,57.473770,-32.715269,57.487562,-31.747288
Eri,57.487562,-31.747288,57.501070,-30.779307
Eri,57.501070,-30.779307,57.514308,-29.811323
Eri,57.514308,-29.811323,57.527293,-28.843339
Eri,57.527293,-28.843339,57.540038,-27.875353
Eri,57.540038,-27.875353,57.552557,-26.907367
Eri,57.552557,-26.907367,57.564863,-25.939379
Eri,57.564863,-25.939379,57.576969,-24.971390
Eri,57.576969,-24.971390,57.588886,-24.003400
Eri,57.588900,-24.003400,56.621298,-23.993590
Eri,56.621298,-23.993590,55.653768,-23.983891
Eri,55.653768,-23.983891,54.686309,-23.974307
Eri,54.686309,-23.974307,53.718921,-23.964841
Eri,53.718921,-23.964841,52.751601,-23.955494
Eri,52.751601,-23.955494,51.784350,-23.946270
Eri,51.784350,-23.946270,50.817166,-23.937172
Eri,50.817166,-23.937172,49.850048,-23.928201
Eri,49.850048,-23.928201,48.882996,-23.919361
Eri,48.882996,-23.919361,47.916008,-23.910654
Eri,47.916008,-23.910654,46.949083,-23.902082
Eri,46.949083,-23.902082,45.982220,-23.893648
Eri,45.982220,-23.893648,45.015418,-23.885354
Eri,45.015418,-23.885354,44.048676,-23.877203
Eri,44.048676,-23.877203,43.081993,-23.869197
Eri,43.081993,-23.869197,42.115368,-23.861338
Eri,42.115368,-23.861338,41.148800,-23.853628
Eri,41.148800,-23.853600,41.158023,-22.869578
Eri,41.158023,-22.869578,41.167113,-21.885555
Eri,41.167113,-21.885555,41.176078,-20.901531
Eri,41.176078,-20.901531,41.184927,-19.917508
Eri,41.184927,-19.917508,41.193666,-18.933483
Eri,41.193666,-18.933483,41.202303,-17.949459
Eri,41.202303,-17.949459,41.210844,-16.965434
Eri,41.210844,-16.965434,41.219296,-15.981408
Eri,41.219296,-15.981408,41.227666,-14.997383
Eri,41.227666,-14.997383,41.235958,-14.013357
Eri,41.235958,-14.013357,41.244180,-13.029330
Eri,41.244180,-13.029330,41.252337,-12.045304
Eri,41.252337,-12.045304,41.260434,-11.061277
Eri,41.260434,-11.061277,41.268478,-10.077250
Eri,41.268478,-10.077250,41.276472,-9.093223
Eri,41.276472,-9.093223,41.284422,-8.109195
Eri,41.284422,-8.109195,41.292333,-7.125168
Eri,41.292333,-7.125168,41.300211,-6.141140
Eri,41.300211,-6.141140,41.308060,-5.157112
Eri,41.308060,-5.157112,41.315884,-4.173084
Eri,41.315884,-4.173084,41.323688,-3.189057
Eri,41.323688,-3.189057,41.331478,-2.205029
Eri,41.331478,-2.205029,41.339258,-1.221000
Eri,41.339200,-1.221000,42.288942,-1.228574
Eri,42.288942,-1.228574,43.238686,-1.236291
Eri,43.238686,-1.236291,44.188431,-1.244149
Eri,44.188431,-1.244149,45.138179,-1.252147
Eri,45.138179,-1.252147,46.087927,-1.260281
Eri,46.087927,-1.260281,47.037678,-1.268549
Eri,47.037678,-1.268549,47.987431,-1.276950
Eri,47.987431,-1.276950,48.937185,-1.285482
Eri,48.937185,-1.285482,49.886942,-1.294140
Eri,49.886942,-1.294140,50.836701,-1.302924
Eri,50.836700,-1.303000,51.736476,-1.311435
Eri,51.736476,-1.311435,52.636253,-1.319978
Eri,52.636253,-1.319978,53.536033,-1.328628
Eri,53.536033,-1.328628,54.435815,-1.337381
Eri,54.435815,-1.337381,55.335600,-1.346237
Eri,55.335600,-1.346200,55.344262,-0.471250
Eri,55.344262,-0.471250,55.352922,0.403700
For,26.466000,-23.756300,27.444540,-23.761566
For,27.444540,-23.761566,28.423119,-23.767014
For,28.423119,-23.767014,29.401738,-23.772643
For,29.401738,-23.772643,30.380399,-23.778451
For,30.380399,-23.778451,31.359103,-23.784437
For,31.359103,-23.784437,32.337851,-23.790598
For,32.337851,-23.790598,33.316646,-23.796933
For,33.316646,-23.796933,34.295487,-23.803441
For,34.295487,-23.803441,35.274377,-23.810118
For,35.274377,-23.810118,36.253316,-23.816964
For,36.253316,-23.816964,37.232306,-23.823976
For,37.232306,-23.823976,38.211348,-23.831152
For,38.211348,-23.831152,39.190444,-23.838491
For,39.190444,-23.838491,40.169594,-23.845989
For,40.169594,-23.845989,41.148800,-23.853645
For,41.148800,-23.853600,42.115368,-23.861310
For,42.115368,-23.861310,43.081994,-23.869169
For,43.081994,-23.869169,44.048677,-23.877175
For,44.048677,-23.877175,45.015418,-23.885326
For,45.015418,-23.885326,45.982220,-23.893620
For,45.982220,-23.893620,46.949083,-23.902054
For,46.949083,-23.902054,47.916008,-23.910626
For,47.916008,-23.910626,48.882996,-23.919333
For,48.882996,-23.919333,49.850049,-23.928173
For,49.850049,-23.928173,50.817166,-23.937144
For,50.817166,-23.937144,51.784350,-23.946242
For,51.784350,-23.946242,52.751602,-23.955466
For,52.751602,-23.955466,53.718921,-23.964813
For,53.718921,-23.964813,54.686310,-23.974279
For,54.686310,-23.974279,55.653769,-23.983863
For,55.653769,-23.983863,56.621298,-23.993562
For,56.621298,-23.993562,57.588900,-24.003372
For,57.588900,-24.003400,57.576983,-24.971390
For,57.576983,-24.971390,57.564878,-25.939379
For,57.564878,-25.939379,57.552571,-26.907367
For,57.552571,-26.907367,57.540052,-27.875354
For,57.540052,-27.875354,57.527307,-28.843339
For,57.527307,-28.843339,57.514322,-29.811324
For,57.514322,-29.811324,57.501084,-30.779307
For,57.501084,-30.779307,57.487577,-31.747289
For,57.487577,-31.747289,57.473784,-32.715269
For,57.473784,-32.715269,57.459688,-33.683248
For,57.459688,-33.683248,57.445272,-34.651225
For,57.445272,-34.651225,57.430514,-35.619200
For,57.430500,-35.619200,56.497614,-35.609740
For,56.497614,-35.609740,55.564836,-35.600384
For,55.564836,-35.600384,54.632166,-35.591135
For,54.632166,-35.591135,53.699600,-35.581995
For,53.699600,-35.582000,53.686257,-36.477777
For,53.686257,-36.477777,53.672602,-37.373553
For,53.672602,-37.373553,53.658616,-38.269327
For,53.658616,-38.269327,53.644281,-39.165100
For,53.644300,-39.165100,52.712527,-39.156079
For,52.712527,-39.156079,51.780872,-39.147172
For,51.780872,-39.147172,50.849331,-39.138382
For,50.849331,-39.138382,49.917904,-39.129711
For,49.917904,-39.129711,48.986590,-39.121160
For,48.986590,-39.121160,48.055385,-39.112734
For,48.055385,-39.112734,47.124289,-39.104432
For,47.124289,-39.104432,46.193301,-39.096259
For,46.193300,-39.096300,46.187239,-39.512899
For,46.187300,-39.512900,45.284714,-39.505099
For,45.284714,-39.505099,44.382226,-39.497423
For,44.382226,-39.497423,43.479836,-39.489872
For,43.479836,-39.489872,42.577540,-39.482449
For,42.577540,-39.482449,41.675339,-39.475156
For,41.675339,-39.475156,40.773229,-39.467994
For,40.773229,-39.467994,39.871210,-39.460966
For,39.871210,-39.460966,38.969279,-39.454073
For,38.969279,-39.454073,38.067435,-39.447316
For,38.067435,-39.447316,37.165676,-39.440698
For,37.165676,-39.440698,36.264000,-39.434219
For,36.264000,-39.434200,35.272269,-39.427237
For,35.272269,-39.427237,34.280634,-39.420448
For,34.280634,-39.420448,33.289092,-39.413835
For,33.289092,-39.413835,32.297641,-39.407398
For,32.297641,-39.407398,31.306279,-39.401141
For,31.306279,-39.401141,30.315002,-39.395065
For,30.315002,-39.395065,29.323808,-39.389171
For,29.323808,-39.389171,28.332695,-39.383463
For,28.332695,-39.383463,27.341660,-39.377941
For,27.341660,-39.377941,26.350700,-39.372606
For,26.350700,-39.372600,26.359137,-38.405957
For,26.359137,-38.405957,26.367352,-37.439313
For,26.367352,-37.439313,26.375357,-36.472668
For,26.375357,-36.472668,26.383165,-35.506023
For,26.383165,-35.506023,26.390787,-34.539377
For,26.390787,-34.539377,26.398234,-33.572731
For,26.398234,-33.572731,26.405516,-32.606085
For,26.405516,-32.606085,26.412643,-31.639438
For,26.412643,-31.639438,26.419623,-30.672791
For,26.419623,-30.672791,26.426465,-29.706143
For,26.426465,-29.706143,26.433176,-28.739495
For,26.433176,-28.739495,26.439764,-27.772847
For,26.439764,-27.772847,26.446236,-26.806198
For,26.446236,-26.806198,26.452599,-25.839549
For,26.452599,-25.839549,26.458858,-24.872900
For,26.458900,-24.872900,26.462471,-24.314600
For,26.462471,-24.314600,26.466010,-23.756300
Gem,96.372800,11.933300,96.384422,12.849901
Gem,96.384422,12.849901,96.396129,13.766502
Gem,96.396129,13.766502,96.407929,14.683102
Gem,96.407929,14.683102,96.419827,15.599702
Gem,96.419827,15.599702,96.431833,16.516301
Gem,96.431833,16.516301,96.443953,17.432899
Gem,96.443900,17.432900,95.756766,17.441216
Gem,95.756766,17.441216,95.069601,17.449540
Gem,95.069600,17.449500,95.080300,18.249441
Gem,95.080300,18.249441,95.091100,19.049382
Gem,95.091100,19.049382,95.102004,19.849322
Gem,95.102004,19.849322,95.113018,20.649261
Gem,95.113018,20.649261,95.124150,21.449199
Gem,95.124100,21.449200,94.291094,21.459300
Gem,94.291094,21.459300,93.458031,21.469410
Gem,93.458031,21.469410,92.624910,21.479526
Gem,92.624910,21.479526,91.791731,21.489647
Gem,91.791731,21.489647,90.958495,21.499771
Gem,90.958495,21.499771,90.125200,21.509895
Gem,90.125200,21.509900,90.134599,22.176500
Gem,90.134599,22.176500,90.144088,22.843099
Gem,90.144000,22.843100,90.156396,23.704136
Gem,90.156396,23.704136,90.168956,24.565171
Gem,90.168956,24.565171,90.181690,25.426205
Gem,90.181690,25.426205,90.194607,26.287238
Gem,90.194607,26.287238,90.207718,27.148270
Gem,90.207718,27.148270,90.221032,28.009301
Gem,90.221100,28.009300,91.196040,27.997455
Gem,91.196040,27.997455,92.170872,27.985611
Gem,92.170872,27.985611,93.145598,27.973773
Gem,93.145598,27.973773,94.120217,27.961942
Gem,94.120217,27.961942,95.094729,27.950123
Gem,95.094729,27.950123,96.069135,27.938319
Gem,96.069135,27.938319,97.043434,27.926534
Gem,97.043434,27.926534,98.017628,27.914771
Gem,98.017628,27.914771,98.991717,27.903033
Gem,98.991717,27.903033,99.965700,27.891323
Gem,99.965700,27.891300,99.980236,28.828719
Gem,99.980236,28.828719,99.995036,29.766136
Gem,99.995036,29.766136,100.010115,30.703551
Gem,100.010115,30.703551,100.025491,31.640965
Gem,100.025491,31.640965,100.041180,32.578377
Gem,100.041180,32.578377,100.057200,33.515787
Gem,100.057200,33.515787,100.073571,34.453194
Gem,100.073571,34.453194,100.090314,35.390600
Gem,100.090300,35.390600,101.050364,35.379088
Gem,101.050364,35.379088,102.010292,35.367611
Gem,102.010292,35.367611,102.970084,35.356171
Gem,102.970084,35.356171,103.929742,35.344773
Gem,103.929742,35.344773,104.889265,35.333420
Gem,104.889265,35.333420,105.848654,35.322114
Gem,105.848654,35.322114,106.807910,35.310859
Gem,106.807910,35.310859,107.767035,35.299657
Gem,107.767035,35.299657,108.726027,35.288513
Gem,108.726027,35.288513,109.684890,35.277429
Gem,109.684890,35.277429,110.643622,35.266409
Gem,110.643622,35.266409,111.602226,35.255454
Gem,111.602226,35.255454,112.560701,35.244569
Gem,112.560700,35.244500,113.515843,35.233723
Gem,113.515843,35.233723,114.470860,35.223022
Gem,114.470860,35.223022,115.425753,35.212398
Gem,115.425753,35.212398,116.380524,35.201855
Gem,116.380524,35.201855,117.335172,35.191396
Gem,117.335172,35.191396,118.289699,35.181024
Gem,118.289700,35.181100,118.278989,34.514468
Gem,118.278989,34.514468,118.268449,33.847834
Gem,118.268449,33.847834,118.258071,33.181200
Gem,118.258100,33.181200,119.192032,33.171137
Gem,119.192032,33.171137,120.125859,33.161162
Gem,120.125859,33.161162,121.059581,33.151278
Gem,121.059581,33.151278,121.993200,33.141487
Gem,121.993200,33.141500,121.979696,32.224903
Gem,121.979696,32.224903,121.966462,31.308305
Gem,121.966462,31.308305,121.953483,30.391706
Gem,121.953483,30.391706,121.940745,29.475105
Gem,121.940745,29.475105,121.928236,28.558504
Gem,121.928236,28.558504,121.915942,27.641901
Gem,121.916000,27.641900,121.043836,27.651043
Gem,121.043836,27.651043,120.171600,27.660268
Gem,120.171600,27.660300,120.159662,26.771470
Gem,120.159662,26.771470,120.147910,25.882639
Gem,120.147910,25.882639,120.136333,24.993808
Gem,120.136333,24.993808,120.124923,24.104975
Gem,120.124923,24.104975,120.113670,23.216142
Gem,120.113670,23.216142,120.102565,22.327307
Gem,120.102565,22.327307,120.091601,21.438472
Gem,120.091601,21.438472,120.080770,20.549637
Gem,120.080770,20.549637,120.070065,19.660800
Gem,120.070100,19.660800,119.508810,19.666778
Gem,119.508810,19.666778,118.947500,19.672788
Gem,118.947500,19.672800,118.936322,18.744288
Gem,118.936322,18.744288,118.925267,17.815774
Gem,118.925267,17.815774,118.914326,16.887261
Gem,118.914326,16.887261,118.903492,15.958746
Gem,118.903492,15.958746,118.892758,15.030232
Gem,118.892758,15.030232,118.882117,14.101716
Gem,118.882117,14.101716,118.871563,13.173200
Gem,118.871600,13.173200,117.947894,13.183158
Gem,117.947894,13.183158,117.024152,13.193198
Gem,117.024152,13.193198,116.100372,13.203319
Gem,116.100372,13.203319,115.176555,13.213517
Gem,115.176555,13.213517,114.252700,13.223790
Gem,114.252700,13.223800,114.240973,12.223900
Gem,114.241000,12.223900,113.304530,12.234386
Gem,113.304530,12.234386,112.368023,12.244944
Gem,112.368023,12.244944,111.431479,12.255570
Gem,111.431479,12.255570,110.494899,12.266261
Gem,110.494899,12.266261,109.558281,12.277015
Gem,109.558281,12.277015,108.621625,12.287830
Gem,108.621625,12.287830,107.684932,12.298701
Gem,107.684932,12.298701,106.748200,12.309626
Gem,106.748200,12.309600,106.738026,11.476334
Gem,106.738026,11.476334,106.727912,10.643067
Gem,106.727912,10.643067,106.717854,9.809801
Gem,106.717900,9.809800,106.218204,9.815649
Gem,106.218204,9.815649,105.718500,9.821512
Gem,105.718500,9.821500,105.730635,10.821400
Gem,105.730635,10.821400,105.742852,11.821299
Gem,105.742800,11.821300,104.805970,11.832328
Gem,104.805970,11.832328,103.869103,11.843401
Gem,103.869103,11.843401,102.932199,11.854516
Gem,102.932199,11.854516,101.995256,11.865670
Gem,101.995256,11.865670,101.058276,11.876861
Gem,101.058276,11.876861,100.121258,11.888084
Gem,100.121258,11.888084,99.184201,11.899338
Gem,99.184201,11.899338,98.247106,11.910619
Gem,98.247106,11.910619,97.309972,11.921924
Gem,97.309972,11.921924,96.372799,11.933250
Gru,321.928100,-36.459300,321.939450,-37.403705
Gru,321.939450,-37.403705,321.951090,-38.348109
Gru,321.951090,-38.348109,321.963037,-39.292512
Gru,321.963037,-39.292512,321.975311,-40.236914
Gru,321.975311,-40.236914,321.987933,-41.181314
Gru,321.987933,-41.181314,322.000923,-42.125713
Gru,322.000923,-42.125713,322.014307,-43.070110
Gru,322.014307,-43.070110,322.028110,-44.014506
Gru,322.028110,-44.014506,322.042360,-44.958900
Gru,322.042300,-44.958900,322.056322,-45.858844
Gru,322.056322,-45.858844,322.070806,-46.758786
Gru,322.070806,-46.758786,322.085782,-47.658726
Gru,322.085782,-47.658726,322.101283,-48.558664
Gru,322.101283,-48.558664,322.117346,-49.458600
Gru,322.117400,-49.458600,323.106159,-49.451089
Gru,323.106159,-49.451089,324.094772,-49.443744
Gru,324.094772,-49.443744,325.083241,-49.436567
Gru,325.083241,-49.436567,326.071570,-49.429560
Gru,326.071570,-49.429560,327.059763,-49.422725
Gru,327.059763,-49.422725,328.047822,-49.416065
Gru,328.047822,-49.416065,329.035752,-49.409581
Gru,329.035752,-49.409581,330.023556,-49.403274
Gru,330.023556,-49.403274,331.011237,-49.397148
Gru,331.011237,-49.397148,331.998800,-49.391204
Gru,331.998800,-49.391200,332.013082,-50.391149
Gru,332.013082,-50.391149,332.027979,-51.391097
Gru,332.027979,-51.391097,332.043542,-52.391042
Gru,332.043542,-52.391042,332.059827,-53.390985
Gru,332.059827,-53.390985,332.076895,-54.390926
Gru,332.076895,-54.390926,332.094816,-55.390865
Gru,332.094816,-55.390865,332.113667,-56.390800
Gru,332.113700,-56.390800,333.097515,-56.385060
Gru,333.097515,-56.385060,334.081188,-56.379505
Gru,334.081188,-56.379505,335.064722,-56.374136
Gru,335.064722,-56.374136,336.048125,-56.368955
Gru,336.048125,-56.368955,337.031399,-56.363963
Gru,337.031399,-56.363963,338.014549,-56.359162
Gru,338.014549,-56.359162,338.997582,-56.354553
Gru,338.997582,-56.354553,339.980501,-56.350138
Gru,339.980501,-56.350138,340.963311,-56.345917
Gru,340.963311,-56.345917,341.946018,-56.341893
Gru,341.946018,-56.341893,342.928627,-56.338065
Gru,342.928627,-56.338065,343.911142,-56.334436
Gru,343.911142,-56.334436,344.893568,-56.331007
Gru,344.893568,-56.331007,345.875911,-56.327777
Gru,345.875911,-56.327777,346.858176,-56.324749
Gru,346.858176,-56.324749,347.840367,-56.321923
Gru,347.840367,-56.321923,348.822490,-56.319300
Gru,348.822490,-56.319300,349.804549,-56.316881
Gru,349.804549,-56.316881,350.786551,-56.314666
Gru,350.786551,-56.314666,351.768500,-56.312656
Gru,351.768500,-56.312700,351.762347,-55.312708
Gru,351.762347,-55.312708,351.756497,-54.312715
Gru,351.756497,-54.312715,351.750924,-53.312722
Gru,351.750924,-53.312722,351.745607,-52.312728
Gru,351.745607,-52.312728,351.740524,-51.312735
Gru,351.740524,-51.312735,351.735658,-50.312741
Gru,351.735658,-50.312741,351.730993,-49.312747
Gru,351.730993,-49.312747,351.726514,-48.312753
Gru,351.726514,-48.312753,351.722206,-47.312759
Gru,351.722206,-47.312759,351.718059,-46.312765
Gru,351.718059,-46.312765,351.714060,-45.312770
Gru,351.714060,-45.312770,351.710201,-44.312775
Gru,351.710201,-44.312775,351.706470,-43.312780
Gru,351.706470,-43.312780,351.702861,-42.312785
Gru,351.702861,-42.312785,351.699364,-41.312790
Gru,351.699364,-41.312790,351.695973,-40.312795
Gru,351.695973,-40.312795,351.692681,-39.312800
Gru,351.692700,-39.312800,351.690292,-38.562800
Gru,351.690292,-38.562800,351.687934,-37.812800
Gru,351.687934,-37.812800,351.685623,-37.062800
Gru,351.685623,-37.062800,351.683358,-36.312800
Gru,351.683400,-36.312800,350.692278,-36.314829
Gru,350.692278,-36.314829,349.701130,-36.317064
Gru,349.701130,-36.317064,348.709952,-36.319506
Gru,348.709952,-36.319506,347.718743,-36.322153
Gru,347.718743,-36.322153,346.727500,-36.325005
Gru,346.727500,-36.325000,345.736220,-36.328056
Gru,345.736220,-36.328056,344.744900,-36.331315
Gru,344.744900,-36.331315,343.753539,-36.334776
Gru,343.753539,-36.334776,342.762134,-36.338437
Gru,342.762134,-36.338437,341.770682,-36.342299
Gru,341.770682,-36.342299,340.779181,-36.346360
Gru,340.779181,-36.346360,339.787628,-36.350618
Gru,339.787628,-36.350618,338.796021,-36.355072
Gru,338.796021,-36.355072,337.804358,-36.359721
Gru,337.804358,-36.359721,336.812635,-36.364564
Gru,336.812635,-36.364564,335.820851,-36.369599
Gru,335.820851,-36.369599,334.829003,-36.374824
Gru,334.829003,-36.374824,333.837088,-36.380239
Gru,333.837088,-36.380239,332.845106,-36.385841
Gru,332.845106,-36.385841,331.853052,-36.391629
Gru,331.853052,-36.391629,330.860924,-36.397601
Gru,330.860924,-36.397601,329.868721,-36.403755
Gru,329.868721,-36.403755,328.876440,-36.410090
Gru,328.876440,-36.410090,327.884079,-36.416603
Gru,327.884079,-36.416603,326.891635,-36.423293
Gru,326.891635,-36.423293,325.899107,-36.430157
Gru,325.899107,-36.430157,324.906491,-36.437194
Gru,324.906491,-36.437194,323.913786,-36.444402
Gru,323.913786,-36.444402,322.920990,-36.451778
Gru,322.920990,-36.451778,321.928100,-36.459320
Her,245.558600,3.703400,244.642290,3.693365
Her,244.642290,3.693365,243.725990,3.683409
Her,243.725990,3.683409,242.809700,3.673533
Her,242.809700,3.673500,242.799742,4.596525
Her,242.799742,4.596525,242.789758,5.519549
Her,242.789758,5.519549,242.779742,6.442573
Her,242.779742,6.442573,242.769691,7.365597
Her,242.769691,7.365597,242.759597,8.288621
Her,242.759597,8.288621,242.749456,9.211645
Her,242.749456,9.211645,242.739261,10.134668
Her,242.739261,10.134668,242.729008,11.057691
Her,242.729008,11.057691,242.718690,11.980714
Her,242.718690,11.980714,242.708301,12.903736
Her,242.708301,12.903736,242.697835,13.826758
Her,242.697835,13.826758,242.687286,14.749780
Her,242.687286,14.749780,242.676647,15.672801
Her,242.676600,15.672800,241.844731,15.663907
Her,241.844731,15.663907,241.012898,15.655085
Her,241.012898,15.655085,240.181100,15.646336
Her,240.181100,15.646300,240.171377,16.503402
Her,240.171377,16.503402,240.161568,17.360503
Her,240.161568,17.360503,240.151666,18.217603
Her,240.151666,18.217603,240.141667,19.074703
Her,240.141667,19.074703,240.131563,19.931803
Her,240.131563,19.931803,240.121349,20.788902
Her,240.121349,20.788902,240.111019,21.646000
Her,240.111000,21.646000,240.983772,21.655182
Her,240.983772,21.655182,241.856599,21.664445
Her,241.856600,21.664400,241.844175,22.664327
Her,241.844175,22.664327,241.831567,23.664252
Her,241.831567,23.664252,241.818765,24.664177
Her,241.818765,24.664177,241.805757,25.664101
Her,241.805700,25.664100,242.470494,25.671207
Her,242.470494,25.671207,243.135328,25.678359
Her,243.135328,25.678359,243.800201,25.685554
Her,243.800200,25.685600,243.786722,26.685500
Her,243.786700,26.685500,244.617668,26.694552
Her,244.617668,26.694552,245.448701,26.703669
Her,245.448701,26.703669,246.279801,26.712849
Her,246.279800,26.712900,246.265788,27.712819
Her,246.265788,27.712819,246.251517,28.712736
Her,246.251517,28.712736,246.236970,29.712652
Her,246.236970,29.712652,246.222131,30.712566
Her,246.222131,30.712566,246.206980,31.712478
Her,246.206980,31.712478,246.191500,32.712389
Her,246.191500,32.712389,246.175668,33.712297
Her,246.175668,33.712297,246.159463,34.712204
Her,246.159463,34.712204,246.142862,35.712108
Her,246.142862,35.712108,246.125838,36.712010
Her,246.125838,36.712010,246.108366,37.711910
Her,246.108366,37.711910,246.090416,38.711807
Her,246.090416,38.711807,246.071956,39.711701
Her,246.071900,39.711700,245.103934,39.701014
Her,245.103934,39.701014,244.136115,39.690415
Her,244.136115,39.690415,243.168443,39.679905
Her,243.168443,39.679905,242.200915,39.669487
Her,242.200915,39.669487,241.233531,39.659165
Her,241.233531,39.659165,240.266289,39.648942
Her,240.266289,39.648942,239.299188,39.638819
Her,239.299188,39.638819,238.332225,39.628801
Her,238.332225,39.628801,237.365400,39.618890
Her,237.365400,39.618900,237.348702,40.577150
Her,237.348702,40.577150,237.331519,41.535399
Her,237.331519,41.535399,237.313818,42.493644
Her,237.313818,42.493644,237.295567,43.451886
Her,237.295567,43.451886,237.276729,44.410126
Her,237.276729,44.410126,237.257262,45.368362
Her,237.257262,45.368362,237.237125,46.326595
Her,237.237125,46.326595,237.216269,47.284825
Her,237.216269,47.284825,237.194644,48.243050
Her,237.194644,48.243050,237.172193,49.201271
Her,237.172193,49.201271,237.148855,50.159488
Her,237.148855,50.159488,237.124562,51.117700
Her,237.124600,51.117700,238.103229,51.127733
Her,238.103229,51.127733,239.082069,51.137877
Her,239.082069,51.137877,240.061122,51.148129
Her,240.061122,51.148129,241.040392,51.158485
Her,241.040392,51.158485,242.019879,51.168944
Her,242.019879,51.168944,242.999587,51.179500
Her,242.999587,51.179500,243.979517,51.190153
Her,243.979517,51.190153,244.959673,51.200898
Her,244.959673,51.200898,245.940056,51.211732
Her,245.940056,51.211732,246.920668,51.222653
Her,246.920668,51.222653,247.901511,51.233657
Her,247.901511,51.233657,248.882587,51.244740
Her,248.882587,51.244740,249.863898,51.255900
Her,249.863898,51.255900,250.845446,51.267134
Her,250.845446,51.267134,251.827233,51.278438
Her,251.827233,51.278438,252.809261,51.289808
Her,252.809261,51.289808,253.791530,51.301242
Her,253.791530,51.301242,254.774043,51.312736
Her,254.774043,51.312736,255.756800,51.324287
Her,255.756800,51.324300,255.771719,50.824350
Her,255.771719,50.824350,255.786321,50.324399
Her,255.786400,50.324400,256.756430,50.335851
Her,256.756430,50.335851,257.726692,50.347350
Her,257.726692,50.347350,258.697188,50.358895
Her,258.697188,50.358895,259.667920,50.370481
Her,259.667920,50.370481,260.638888,50.382106
Her,260.638888,50.382106,261.610094,50.393767
Her,261.610094,50.393767,262.581538,50.405460
Her,262.581538,50.405460,263.553221,50.417181
Her,263.553221,50.417181,264.525144,50.428928
Her,264.525144,50.428928,265.497307,50.440697
Her,265.497307,50.440697,266.469712,50.452484
Her,266.469712,50.452484,267.442359,50.464286
Her,267.442359,50.464286,268.415249,50.476100
Her,268.415249,50.476100,269.388382,50.487923
Her,269.388382,50.487923,270.361758,50.499750
Her,270.361758,50.499750,271.335378,50.511579
Her,271.335378,50.511579,272.309241,50.523406
Her,272.309241,50.523406,273.283349,50.535228
Her,273.283349,50.535228,274.257702,50.547041
Her,274.257700,50.547100,274.279851,49.797231
Her,274.279851,49.797231,274.301326,49.047358
Her,274.301326,49.047358,274.322163,48.297481
Her,274.322163,48.297481,274.342397,47.547600
Her,274.342400,47.547600,273.466900,47.536986
Her,273.466900,47.537000,273.492300,46.564934
Her,273.492300,46.564934,273.516806,45.592862
Her,273.516806,45.592862,273.540477,44.620785
Her,273.540477,44.620785,273.563368,43.648703
Her,273.563368,43.648703,273.585530,42.676617
Her,273.585530,42.676617,273.607010,41.704527
Her,273.607010,41.704527,273.627849,40.732433
Her,273.627849,40.732433,273.648089,39.760335
Her,273.648089,39.760335,273.667765,38.788234
Her,273.667765,38.788234,273.686911,37.816130
Her,273.686911,37.816130,273.705560,36.844022
Her,273.705560,36.844022,273.723740,35.871912
Her,273.723740,35.871912,273.741480,34.899799
Her,273.741480,34.899799,273.758805,33.927684
Her,273.758805,33.927684,273.775738,32.955566
Her,273.775738,32.955566,273.792303,31.983446
Her,273.792303,31.983446,273.808521,31.011324
Her,273.808521,31.011324,273.824411,30.039200
Her,273.824400,30.039200,274.783087,30.050821
Her,274.783087,30.050821,275.741887,30.062428
Her,275.741887,30.062428,276.700800,30.074019
Her,276.700800,30.074000,276.716765,29.074103
Her,276.716765,29.074103,276.732423,28.074203
Her,276.732423,28.074203,276.747792,27.074302
Her,276.747792,27.074302,276.762890,26.074400
Her,276.762900,26.074400,277.700957,26.085718
Her,277.700957,26.085718,278.639106,26.097013
Her,278.639106,26.097013,279.577345,26.108283
Her,279.577345,26.108283,280.515675,26.119525
Her,280.515675,26.119525,281.454096,26.130735
Her,281.454096,26.130735,282.392607,26.141910
Her,282.392607,26.141910,283.331208,26.153048
Her,283.331208,26.153048,284.269899,26.164146
Her,284.269900,26.164100,284.277192,25.664100
Her,284.277200,25.664100,284.289935,24.780842
Her,284.289935,24.780842,284.302489,23.897583
Her,284.302489,23.897583,284.314873,23.014323
Her,284.314873,23.014323,284.327096,22.131063
Her,284.327096,22.131063,284.339167,21.247801
Her,284.339100,21.247800,284.350728,20.386767
Her,284.350728,20.386767,284.362228,19.525734
Her,284.362228,19.525734,284.373605,18.664700
Her,284.373600,18.664700,284.385740,17.736202
Her,284.385740,17.736202,284.397755,16.807703
Her,284.397755,16.807703,284.409653,15.879203
Her,284.409653,15.879203,284.421441,14.950703
Her,284.421441,14.950703,284.433128,14.022202
Her,284.433128,14.022202,284.444721,13.093701
Her,284.444721,13.093701,284.456227,12.165199
Her,284.456300,12.165200,283.689185,12.156134
Her,283.689185,12.156134,282.922097,12.147041
Her,282.922097,12.147041,282.155035,12.137921
Her,282.155035,12.137921,281.388000,12.128776
Her,281.388000,12.128800,280.504337,12.118237
Her,280.504337,12.118237,279.620708,12.107645
Her,279.620708,12.107645,278.737116,12.097028
Her,278.737116,12.097028,277.853559,12.086389
Her,277.853559,12.086389,276.970037,12.075729
Her,276.970037,12.075729,276.086550,12.065051
Her,276.086550,12.065051,275.203099,12.054358
Her,275.203100,12.054300,275.193222,12.832034
Her,275.193222,12.832034,275.183282,13.609767
Her,275.183282,13.609767,275.173277,14.387500
Her,275.173300,14.387500,274.235669,14.376137
Her,274.235669,14.376137,273.298086,14.364763
Her,273.298086,14.364763,272.360551,14.353380
Her,272.360551,14.353380,271.423063,14.341993
Her,271.423063,14.341993,270.485623,14.330604
Her,270.485623,14.330604,269.548231,14.319215
Her,269.548231,14.319215,268.610886,14.307831
Her,268.610886,14.307831,267.673589,14.296454
Her,267.673589,14.296454,266.736339,14.285087
Her,266.736339,14.285087,265.799136,14.273733
Her,265.799136,14.273733,264.861980,14.262395
Her,264.861980,14.262395,263.924871,14.251077
Her,263.924871,14.251077,262.987808,14.239781
Her,262.987808,14.239781,262.050792,14.228510
Her,262.050792,14.228510,261.113823,14.217268
Her,261.113823,14.217268,260.176899,14.206057
Her,260.176900,14.206000,260.186404,13.456050
Her,260.186404,13.456050,260.195848,12.706101
Her,260.195800,12.706100,259.258872,12.694923
Her,259.258872,12.694923,258.321984,12.683783
Her,258.321984,12.683783,257.385137,12.672683
Her,257.385137,12.672683,256.448330,12.661626
Her,256.448330,12.661626,255.511564,12.650616
Her,255.511564,12.650616,254.574836,12.639655
Her,254.574836,12.639655,253.638149,12.628745
Her,253.638149,12.628745,252.701500,12.617891
Her,252.701500,12.617900,252.713368,11.636490
Her,252.713368,11.636490,252.725152,10.655080
Her,252.725152,10.655080,252.736860,9.673670
Her,252.736860,9.673670,252.748500,8.692259
Her,252.748500,8.692259,252.760080,7.710848
Her,252.760080,7.710848,252.771606,6.729436
Her,252.771606,6.729436,252.783085,5.748025
Her,252.783085,5.748025,252.794525,4.766613
Her,252.794525,4.766613,252.805932,3.785200
Her,252.805900,3.785200,251.899953,3.774756
Her,251.899953,3.774756,250.994015,3.764368
Her,250.994015,3.764368,250.088088,3.754040
Her,250.088088,3.754040,249.182171,3.743773
Her,249.182171,3.743773,248.276264,3.733570
Her,248.276264,3.733570,247.370367,3.723434
Her,247.370367,3.723434,246.464479,3.713367
Her,246.464479,3.713367,245.558600,3.703371
Hor,65.076400,-39.700700,65.059465,-40.600614
Hor,65.059465,-40.600614,65.042067,-41.500525
Hor,65.042067,-41.500525,65.024180,-42.400433
Hor,65.024180,-42.400433,65.005771,-43.300338
Hor,65.005771,-43.300338,64.986810,-44.200241
Hor,64.986810,-44.200241,64.967260,-45.100140
Hor,64.967260,-45.100140,64.947084,-46.000036
Hor,64.947084,-46.000036,64.926241,-46.899928
Hor,64.926241,-46.899928,64.904686,-47.799816
Hor,64.904686,-47.799816,64.882371,-48.699700
Hor,64.882400,-48.699700,63.971389,-48.689722
Hor,63.971389,-48.689722,63.060556,-48.679825
Hor,63.060556,-48.679825,62.149900,-48.670009
Hor,62.149900,-48.670000,62.124792,-49.669853
Hor,62.124792,-49.669853,62.098630,-50.669700
Hor,62.098600,-50.669700,61.167962,-50.659755
Hor,61.167962,-50.659755,60.237517,-50.649901
Hor,60.237517,-50.649901,59.307264,-50.640142
Hor,59.307264,-50.640142,58.377201,-50.630479
Hor,58.377200,-50.630500,58.358357,-51.352603
Hor,58.358357,-51.352603,58.338910,-52.074703
Hor,58.338910,-52.074703,58.318823,-52.796800
Hor,58.318800,-52.796800,57.327591,-52.786609
Hor,57.327591,-52.786609,56.336610,-52.776533
Hor,56.336610,-52.776533,55.345853,-52.766577
Hor,55.345853,-52.766577,54.355318,-52.756742
Hor,54.355318,-52.756742,53.365002,-52.747032
Hor,53.365000,-52.747100,53.341492,-53.613650
Hor,53.341492,-53.613650,53.317000,-54.480196
Hor,53.317000,-54.480196,53.291446,-55.346736
Hor,53.291446,-55.346736,53.264750,-56.213271
Hor,53.264750,-56.213271,53.236818,-57.079800
Hor,53.236800,-57.079800,52.347262,-57.071185
Hor,52.347262,-57.071185,51.457925,-57.062676
Hor,51.457925,-57.062676,50.568788,-57.054274
Hor,50.568788,-57.054274,49.679847,-57.045981
Hor,49.679847,-57.045981,48.791100,-57.037801
Hor,48.791100,-57.037800,48.759364,-58.037651
Hor,48.759364,-58.037651,48.725802,-59.037493
Hor,48.725802,-59.037493,48.690228,-60.037326
Hor,48.690228,-60.037326,48.652434,-61.037149
Hor,48.652434,-61.037149,48.612178,-62.036961
Hor,48.612178,-62.036961,48.569186,-63.036760
Hor,48.569186,-63.036760,48.523139,-64.036546
Hor,48.523139,-64.036546,48.473669,-65.036315
Hor,48.473669,-65.036315,48.420346,-66.036068
Hor,48.420346,-66.036068,48.362665,-67.035800
Hor,48.362700,-67.035800,47.412934,-67.027180
Hor,47.412934,-67.027180,46.463494,-67.018695
Hor,46.463494,-67.018695,45.514376,-67.010346
Hor,45.514376,-67.010346,44.565572,-67.002135
Hor,44.565572,-67.002135,43.617078,-66.994065
Hor,43.617078,-66.994065,42.668889,-66.986138
Hor,42.668889,-66.986138,41.720997,-66.978356
Hor,41.720997,-66.978356,40.773397,-66.970721
Hor,40.773397,-66.970721,39.826084,-66.963235
Hor,39.826084,-66.963235,38.879052,-66.955900
Hor,38.879052,-66.955900,37.932293,-66.948718
Hor,37.932293,-66.948718,36.985803,-66.941692
Hor,36.985803,-66.941692,36.039575,-66.934822
Hor,36.039575,-66.934822,35.093603,-66.928111
Hor,35.093603,-66.928111,34.147880,-66.921561
Hor,34.147880,-66.921561,33.202401,-66.915172
Hor,33.202400,-66.915200,33.244084,-65.915344
Hor,33.244084,-65.915344,33.282635,-64.915477
Hor,33.282635,-64.915477,33.318414,-63.915601
Hor,33.318414,-63.915601,33.351731,-62.915717
Hor,33.351731,-62.915717,33.382848,-61.915826
Hor,33.382848,-61.915826,33.411994,-60.915928
Hor,33.411994,-60.915928,33.439367,-59.916024
Hor,33.439367,-59.916024,33.465138,-58.916115
Hor,33.465138,-58.916115,33.489459,-57.916200
Hor,33.489400,-57.916200,33.510159,-57.016266
Hor,33.510159,-57.016266,33.529937,-56.116329
Hor,33.529937,-56.116329,33.548812,-55.216389
Hor,33.548812,-55.216389,33.566851,-54.316446
Hor,33.566851,-54.316446,33.584118,-53.416500
Hor,33.584100,-53.416500,34.508695,-53.422744
Hor,34.508695,-53.422744,35.433424,-53.429141
Hor,35.433424,-53.429141,36.358292,-53.435689
Hor,36.358292,-53.435689,37.283300,-53.442387
Hor,37.283300,-53.442400,37.298507,-52.692453
Hor,37.298507,-52.692453,37.313200,-51.942503
Hor,37.313200,-51.942503,37.327410,-51.192552
Hor,37.327410,-51.192552,37.341165,-50.442600
Hor,37.341200,-50.442600,38.267623,-50.449455
Hor,38.267623,-50.449455,39.194178,-50.456456
Hor,39.194178,-50.456456,40.120870,-50.463602
Hor,40.120870,-50.463602,41.047700,-50.470890
Hor,41.047700,-50.470900,41.060584,-49.804268
Hor,41.060584,-49.804268,41.073117,-49.137635
Hor,41.073117,-49.137635,41.085318,-48.471000
Hor,41.085300,-48.471000,42.074827,-48.478935
Hor,42.074827,-48.478935,43.064507,-48.487027
Hor,43.064507,-48.487027,44.054344,-48.495275
Hor,44.054344,-48.495275,45.044340,-48.503676
Hor,45.044340,-48.503676,46.034499,-48.512227
Hor,46.034500,-48.512200,46.053964,-47.512303
Hor,46.053964,-47.512303,46.072700,-46.512403
Hor,46.072700,-46.512403,46.090759,-45.512500
Hor,46.090800,-45.512500,46.975885,-45.520268
Hor,46.975885,-45.520268,47.861091,-45.528151
Hor,47.861091,-45.528151,48.746419,-45.536149
Hor,48.746419,-45.536149,49.631873,-45.544259
Hor,49.631873,-45.544259,50.517453,-45.552479
Hor,50.517453,-45.552479,51.403161,-45.560808
Hor,51.403161,-45.560808,52.288999,-45.569243
Hor,52.289000,-45.569200,52.308208,-44.569301
Hor,52.308208,-44.569301,52.326767,-43.569400
Hor,52.326800,-43.569400,53.284154,-43.578632
Hor,53.284154,-43.578632,54.241653,-43.587983
Hor,54.241653,-43.587983,55.199299,-43.597451
Hor,55.199299,-43.597451,56.157096,-43.607033
Hor,56.157096,-43.607033,57.115043,-43.616726
Hor,57.115043,-43.616726,58.073144,-43.626528
Hor,58.073144,-43.626528,59.031399,-43.636436
Hor,59.031400,-43.636400,59.050917,-42.636505
Hor,59.050917,-42.636505,59.069816,-41.636606
Hor,59.069816,-41.636606,59.088138,-40.636705
Hor,59.088138,-40.636705,59.105919,-39.636800
Hor,59.105900,-39.636800,60.100607,-39.647192
Hor,60.100607,-39.647192,61.095462,-39.657691
Hor,61.095462,-39.657691,62.090468,-39.668295
Hor,62.090468,-39.668295,63.085625,-39.679001
Hor,63.085625,-39.679001,64.080935,-39.689804
Hor,64.080935,-39.689804,65.076400,-39.700703
Hya,122.849000,-0.369400,122.859297,0.630543
Hya,122.859297,0.630543,122.869599,1.630486
Hya,122.869599,1.630486,122.879910,2.630429
Hya,122.879910,2.630429,122.890239,3.630372
Hya,122.890239,3.630372,122.900590,4.630315
Hya,122.900590,4.630315,122.910970,5.630258
Hya,122.910970,5.630258,122.921386,6.630200
Hya,122.921400,6.630200,123.892816,6.620250
Hya,123.892816,6.620250,124.864213,6.610410
Hya,124.864213,6.610410,125.835592,6.600682
Hya,125.835592,6.600682,126.806954,6.591068
Hya,126.806954,6.591068,127.778298,6.581573
Hya,127.778298,6.581573,128.749624,6.572198
Hya,128.749624,6.572198,129.720934,6.562946
Hya,129.720934,6.562946,130.692227,6.553819
Hya,130.692227,6.553819,131.663503,6.544822
Hya,131.663503,6.544822,132.634764,6.535955
Hya,132.634764,6.535955,133.606008,6.527221
Hya,133.606008,6.527221,134.577237,6.518624
Hya,134.577237,6.518624,135.548450,6.510165
Hya,135.548450,6.510165,136.519649,6.501848
Hya,136.519649,6.501848,137.490833,6.493673
Hya,137.490833,6.493673,138.462002,6.485645
Hya,138.462002,6.485645,139.433158,6.477764
Hya,139.433158,6.477764,140.404299,6.470033
Hya,140.404300,6.470100,141.403147,6.462308
Hya,141.403147,6.462308,142.401980,6.454679
Hya,142.401980,6.454679,143.400800,6.447217
Hya,143.400800,6.447217,144.399607,6.439923
Hya,144.399607,6.439923,145.398400,6.432799
Hya,145.398400,6.432800,145.392166,5.557813
Hya,145.392166,5.557813,145.385951,4.682825
Hya,145.385951,4.682825,145.379752,3.807838
Hya,145.379752,3.807838,145.373565,2.932850
Hya,145.373565,2.932850,145.367387,2.057863
Hya,145.367387,2.057863,145.361217,1.182875
Hya,145.361217,1.182875,145.355050,0.307888
Hya,145.355050,0.307888,145.348884,-0.567100
Hya,145.348900,-0.567100,145.341851,-1.567073
Hya,145.341851,-1.567073,145.334796,-2.567046
Hya,145.334796,-2.567046,145.327729,-3.567019
Hya,145.327729,-3.567019,145.320647,-4.566992
Hya,145.320647,-4.566992,145.313545,-5.566965
Hya,145.313545,-5.566965,145.306419,-6.566938
Hya,145.306419,-6.566938,145.299265,-7.566910
Hya,145.299265,-7.566910,145.292077,-8.566883
Hya,145.292077,-8.566883,145.284851,-9.566855
Hya,145.284851,-9.566855,145.277582,-10.566828
Hya,145.277582,-10.566828,145.270266,-11.566800
Hya,145.270300,-11.566800,146.244431,-11.573582
Hya,146.244431,-11.573582,147.218586,-11.580199
Hya,147.218586,-11.580199,148.192765,-11.586648
Hya,148.192765,-11.586648,149.166967,-11.592928
Hya,149.166967,-11.592928,150.141192,-11.599037
Hya,150.141192,-11.599037,151.115439,-11.604973
Hya,151.115439,-11.604973,152.089708,-11.610735
Hya,152.089708,-11.610735,153.063997,-11.616321
Hya,153.063997,-11.616321,154.038307,-11.621729
Hya,154.038307,-11.621729,155.012637,-11.626958
Hya,155.012637,-11.626958,155.986985,-11.632005
Hya,155.986985,-11.632005,156.961352,-11.636871
Hya,156.961352,-11.636871,157.935736,-11.641553
Hya,157.935736,-11.641553,158.910138,-11.646049
Hya,158.910138,-11.646049,159.884556,-11.650360
Hya,159.884556,-11.650360,160.858989,-11.654482
Hya,160.858989,-11.654482,161.833437,-11.658416
Hya,161.833437,-11.658416,162.807900,-11.662160
Hya,162.807900,-11.662100,162.804419,-12.550989
Hya,162.804419,-12.550989,162.800913,-13.439878
Hya,162.800913,-13.439878,162.797382,-14.328767
Hya,162.797382,-14.328767,162.793822,-15.217656
Hya,162.793822,-15.217656,162.790232,-16.106545
Hya,162.790232,-16.106545,162.786610,-16.995434
Hya,162.786610,-16.995434,162.782954,-17.884323
Hya,162.782954,-17.884323,162.779260,-18.773211
Hya,162.779260,-18.773211,162.775528,-19.662100
Hya,162.775500,-19.662100,163.403045,-19.664410
Hya,163.403045,-19.664410,164.030600,-19.666641
Hya,164.030600,-19.666600,164.026970,-20.583267
Hya,164.026970,-20.583267,164.023296,-21.499934
Hya,164.023296,-21.499934,164.019576,-22.416600
Hya,164.019576,-22.416600,164.015806,-23.333267
Hya,164.015806,-23.333267,164.011984,-24.249934
Hya,164.011984,-24.249934,164.008106,-25.166600
Hya,164.008100,-25.166600,165.013504,-25.170008
Hya,165.013504,-25.170008,166.018935,-25.173210
Hya,166.018935,-25.173210,167.024393,-25.176207
Hya,167.024393,-25.176207,168.029876,-25.178996
Hya,168.029876,-25.178996,169.035381,-25.181577
Hya,169.035381,-25.181577,170.040908,-25.183950
Hya,170.040908,-25.183950,171.046454,-25.186113
Hya,171.046454,-25.186113,172.052017,-25.188066
Hya,172.052017,-25.188066,173.057596,-25.189809
Hya,173.057596,-25.189809,174.063189,-25.191340
Hya,174.063189,-25.191340,175.068794,-25.192659
Hya,175.068794,-25.192659,176.074410,-25.193766
Hya,176.074410,-25.193766,177.080034,-25.194661
Hya,177.080034,-25.194661,178.085664,-25.195343
Hya,178.085664,-25.195343,179.091300,-25.195812
Hya,179.091300,-25.195800,180.034087,-25.196046
Hya,180.034087,-25.196046,180.976876,-25.196105
Hya,180.976876,-25.196105,181.919664,-25.195976
Hya,181.919664,-25.195976,182.862451,-25.195660
Hya,182.862451,-25.195660,183.805234,-25.195156
Hya,183.805234,-25.195156,184.748013,-25.194466
Hya,184.748013,-25.194466,185.690785,-25.193588
Hya,185.690785,-25.193588,186.633549,-25.192524
Hya,186.633549,-25.192524,187.576305,-25.191274
Hya,187.576305,-25.191274,188.519049,-25.189837
Hya,188.519049,-25.189837,189.461781,-25.188214
Hya,189.461781,-25.188214,190.404500,-25.186407
Hya,190.404500,-25.186400,190.402463,-24.353067
Hya,190.402463,-24.353067,190.400452,-23.519733
Hya,190.400452,-23.519733,190.398466,-22.686400
Hya,190.398500,-22.686400,191.340624,-22.684409
Hya,191.340624,-22.684409,192.282732,-22.682233
Hya,192.282732,-22.682233,193.224825,-22.679874
Hya,193.224825,-22.679874,194.166900,-22.677333
Hya,194.166900,-22.677300,195.137500,-22.674491
Hya,195.137500,-22.674491,196.108078,-22.671489
Hya,196.108078,-22.671489,197.078633,-22.668295
Hya,197.078633,-22.668295,198.049165,-22.664911
Hya,198.049165,-22.664911,199.019671,-22.661336
Hya,199.019671,-22.661336,199.990151,-22.657573
Hya,199.990151,-22.657573,200.960602,-22.653622
Hya,200.960602,-22.653622,201.931024,-22.649485
Hya,201.931024,-22.649485,202.901415,-22.645162
Hya,202.901415,-22.645162,203.871773,-22.640655
Hya,203.871773,-22.640655,204.842098,-22.635966
Hya,204.842098,-22.635966,205.812389,-22.631094
Hya,205.812389,-22.631094,206.782643,-22.626043
Hya,206.782643,-22.626043,207.752860,-22.620813
Hya,207.752860,-22.620813,208.723038,-22.615406
Hya,208.723038,-22.615406,209.693177,-22.609824
Hya,209.693177,-22.609824,210.663274,-22.604067
Hya,210.663274,-22.604067,211.633329,-22.598138
Hya,211.633329,-22.598138,212.603340,-22.592039
Hya,212.603340,-22.592039,213.573306,-22.585771
Hya,213.573306,-22.585771,214.543226,-22.579335
Hya,214.543226,-22.579335,215.513099,-22.572735
Hya,215.513100,-22.572800,215.519875,-23.406100
Hya,215.519875,-23.406100,215.526736,-24.239400
Hya,215.526736,-24.239400,215.533688,-25.072700
Hya,215.533700,-25.072700,216.446952,-25.066335
Hya,216.446952,-25.066335,217.360155,-25.059828
Hya,217.360155,-25.059828,218.273308,-25.053178
Hya,218.273308,-25.053178,219.186410,-25.046390
Hya,219.186410,-25.046390,220.099459,-25.039463
Hya,220.099459,-25.039463,221.012455,-25.032400
Hya,221.012455,-25.032400,221.925397,-25.025202
Hya,221.925397,-25.025202,222.838283,-25.017872
Hya,222.838283,-25.017872,223.751113,-25.010412
Hya,223.751113,-25.010412,224.663885,-25.002822
Hya,224.663885,-25.002822,225.576600,-24.995106
Hya,225.576600,-24.995100,225.585306,-25.828401
Hya,225.585306,-25.828401,225.594135,-26.661702
Hya,225.594135,-26.661702,225.603094,-27.495003
Hya,225.603094,-27.495003,225.612190,-28.328302
Hya,225.612190,-28.328302,225.621429,-29.161601
Hya,225.621429,-29.161601,225.630820,-29.994900
Hya,225.630800,-29.994900,224.653770,-30.003155
Hya,224.653770,-30.003155,223.676657,-30.011265
Hya,223.676657,-30.011265,222.699463,-30.019228
Hya,222.699463,-30.019228,221.722191,-30.027040
Hya,221.722191,-30.027040,220.744840,-30.034701
Hya,220.744840,-30.034701,219.767413,-30.042207
Hya,219.767413,-30.042207,218.789911,-30.049556
Hya,218.789911,-30.049556,217.812336,-30.056746
Hya,217.812336,-30.056746,216.834689,-30.063775
Hya,216.834689,-30.063775,215.856971,-30.070642
Hya,215.856971,-30.070642,214.879186,-30.077343
Hya,214.879186,-30.077343,213.901333,-30.083878
Hya,213.901333,-30.083878,212.923415,-30.090243
Hya,212.923415,-30.090243,211.945433,-30.096438
Hya,211.945433,-30.096438,210.967390,-30.102461
Hya,210.967390,-30.102461,209.989286,-30.108309
Hya,209.989286,-30.108309,209.011124,-30.113981
Hya,209.011124,-30.113981,208.032906,-30.119475
Hya,208.032906,-30.119475,207.054632,-30.124790
Hya,207.054632,-30.124790,206.076306,-30.129924
Hya,206.076306,-30.129924,205.097928,-30.134876
Hya,205.097928,-30.134876,204.119501,-30.139644
Hya,204.119501,-30.139644,203.141026,-30.144226
Hya,203.141026,-30.144226,202.162506,-30.148623
Hya,202.162506,-30.148623,201.183942,-30.152831
Hya,201.183942,-30.152831,200.205336,-30.156850
Hya,200.205336,-30.156850,199.226690,-30.160679
Hya,199.226690,-30.160679,198.248006,-30.164316
Hya,198.248006,-30.164316,197.269286,-30.167761
Hya,197.269286,-30.167761,196.290531,-30.171013
Hya,196.290531,-30.171013,195.311745,-30.174070
Hya,195.311745,-30.174070,194.332928,-30.176932
Hya,194.332928,-30.176932,193.354084,-30.179597
Hya,193.354084,-30.179597,192.375213,-30.182066
Hya,192.375213,-30.182066,191.396317,-30.184337
Hya,191.396317,-30.184337,190.417400,-30.186409
Hya,190.417400,-30.186400,190.419782,-31.061400
Hya,190.419782,-31.061400,190.422208,-31.936400
Hya,190.422208,-31.936400,190.424681,-32.811400
Hya,190.424681,-32.811400,190.427202,-33.686400
Hya,190.427200,-33.686400,189.419279,-33.688326
Hya,189.419279,-33.688326,188.411336,-33.690041
Hya,188.411336,-33.690041,187.403373,-33.691544
Hya,187.403373,-33.691544,186.395394,-33.692835
Hya,186.395394,-33.692835,185.387400,-33.693913
Hya,185.387400,-33.693900,185.388336,-34.360567
Hya,185.388336,-34.360567,185.389286,-35.027233
Hya,185.389286,-35.027233,185.390252,-35.693900
Hya,185.390300,-35.693900,184.394940,-35.694755
Hya,184.394940,-35.694755,183.399571,-35.695403
Hya,183.399571,-35.695403,182.404195,-35.695843
Hya,182.404195,-35.695843,181.408815,-35.696074
Hya,181.408815,-35.696074,180.413432,-35.696097
Hya,180.413432,-35.696097,179.418051,-35.695912
Hya,179.418051,-35.695912,178.422674,-35.695519
Hya,178.422674,-35.695519,177.427303,-35.694917
Hya,177.427303,-35.694917,176.431941,-35.694108
Hya,176.431941,-35.694108,175.436591,-35.693091
Hya,175.436591,-35.693091,174.441255,-35.691866
Hya,174.441255,-35.691866,173.445936,-35.690435
Hya,173.445936,-35.690435,172.450637,-35.688797
Hya,172.450637,-35.688797,171.455360,-35.686953
Hya,171.455360,-35.686953,170.460108,-35.684904
Hya,170.460108,-35.684904,169.464883,-35.682649
Hya,169.464883,-35.682649,168.469688,-35.680191
Hya,168.469688,-35.680191,167.474527,-35.677529
Hya,167.474527,-35.677529,166.479400,-35.674664
Hya,166.479400,-35.674700,165.639071,-35.672124
Hya,165.639071,-35.672124,164.798770,-35.669404
Hya,164.798770,-35.669404,163.958500,-35.666542
Hya,163.958500,-35.666500,163.963509,-34.708175
Hya,163.963509,-34.708175,163.968404,-33.749850
Hya,163.968404,-33.749850,163.973190,-32.791525
Hya,163.973190,-32.791525,163.977874,-31.833200
Hya,163.977900,-31.833200,163.033718,-31.829814
Hya,163.033718,-31.829814,162.089573,-31.826249
Hya,162.089573,-31.826249,161.145467,-31.822507
Hya,161.145467,-31.822507,160.201400,-31.818588
Hya,160.201400,-31.818600,160.205291,-31.151933
Hya,160.205291,-31.151933,160.209128,-30.485267
Hya,160.209128,-30.485267,160.212913,-29.818600
Hya,160.212900,-29.818600,159.206484,-29.814228
Hya,159.206484,-29.814228,158.200114,-29.809658
Hya,158.200114,-29.809658,157.193792,-29.804891
Hya,157.193792,-29.804891,156.187520,-29.799929
Hya,156.187520,-29.799929,155.181300,-29.794772
Hya,155.181300,-29.794800,155.187408,-28.905934
Hya,155.187408,-28.905934,155.193412,-28.017067
Hya,155.193412,-28.017067,155.199319,-27.128200
Hya,155.199300,-27.128200,154.256636,-27.123194
Hya,154.256636,-27.123194,153.314016,-27.118021
Hya,153.314016,-27.118021,152.371442,-27.112681
Hya,152.371442,-27.112681,151.428914,-27.107177
Hya,151.428914,-27.107177,150.486435,-27.101509
Hya,150.486435,-27.101509,149.544005,-27.095680
Hya,149.544005,-27.095680,148.601626,-27.089691
Hya,148.601626,-27.089691,147.659300,-27.083543
Hya,147.659300,-27.083500,147.666196,-26.250200
Hya,147.666196,-26.250200,147.672993,-25.416900
Hya,147.672993,-25.416900,147.679697,-24.583600
Hya,147.679700,-24.583600,146.717001,-24.577157
Hya,146.717001,-24.577157,145.754353,-24.570551
Hya,145.754353,-24.570551,144.791757,-24.563786
Hya,144.791757,-24.563786,143.829216,-24.556862
Hya,143.829216,-24.556862,142.866730,-24.549782
Hya,142.866730,-24.549782,141.904300,-24.542548
Hya,141.904300,-24.542500,141.050706,-24.535956
Hya,141.050706,-24.535956,140.197159,-24.529294
Hya,140.197159,-24.529294,139.343658,-24.522515
Hya,139.343658,-24.522515,138.490205,-24.515621
Hya,138.490205,-24.515621,137.636800,-24.508613
Hya,137.636800,-24.508600,137.646720,-23.508641
Hya,137.646720,-23.508641,137.656491,-22.508682
Hya,137.656491,-22.508682,137.666122,-21.508722
Hya,137.666122,-21.508722,137.675621,-20.508761
Hya,137.675621,-20.508761,137.684996,-19.508800
Hya,137.685000,-19.508800,136.744642,-19.500948
Hya,136.744642,-19.500948,135.804331,-19.492961
Hya,135.804331,-19.492961,134.864068,-19.484842
Hya,134.864068,-19.484842,133.923854,-19.476593
Hya,133.923854,-19.476593,132.983690,-19.468217
Hya,132.983690,-19.468217,132.043576,-19.459714
Hya,132.043576,-19.459714,131.103512,-19.451089
Hya,131.103512,-19.451089,130.163501,-19.442343
Hya,130.163500,-19.442400,130.173971,-18.442450
Hya,130.173971,-18.442450,130.184321,-17.442500
Hya,130.184300,-17.442500,129.369947,-17.434827
Hya,129.369947,-17.434827,128.555629,-17.427066
Hya,128.555629,-17.427066,127.741346,-17.419219
Hya,127.741346,-17.419219,126.927100,-17.411288
Hya,126.927100,-17.411300,126.936275,-16.554201
Hya,126.936275,-16.554201,126.945369,-15.697102
Hya,126.945369,-15.697102,126.954387,-14.840002
Hya,126.954387,-14.840002,126.963334,-13.982902
Hya,126.963334,-13.982902,126.972214,-13.125802
Hya,126.972214,-13.125802,126.981033,-12.268701
Hya,126.981033,-12.268701,126.989794,-11.411600
Hya,126.989800,-11.411600,126.138627,-11.403221
Hya,126.138627,-11.403221,125.287480,-11.394752
Hya,125.287480,-11.394752,124.436360,-11.386197
Hya,124.436360,-11.386197,123.585266,-11.377557
Hya,123.585266,-11.377557,122.734200,-11.368834
Hya,122.734200,-11.368800,122.744877,-10.368856
Hya,122.744877,-10.368856,122.755486,-9.368911
Hya,122.755486,-9.368911,122.766034,-8.368966
Hya,122.766034,-8.368966,122.776528,-7.369021
Hya,122.776528,-7.369021,122.786975,-6.369076
Hya,122.786975,-6.369076,122.797382,-5.369130
Hya,122.797382,-5.369130,122.807754,-4.369184
Hya,122.807754,-4.369184,122.818098,-3.369239
Hya,122.818098,-3.369239,122.828422,-2.369293
Hya,122.828422,-2.369293,122.838730,-1.369346
Hya,122.838730,-1.369346,122.849030,-0.369400
Hyi,68.794000,-67.247900,68.728296,-68.080863
Hyi,68.728296,-68.080863,68.657666,-68.913797
Hyi,68.657666,-68.913797,68.581502,-69.746700
Hyi,68.581500,-69.746700,68.499087,-70.579573
Hyi,68.499087,-70.579573,68.409586,-71.412405
Hyi,68.409586,-71.412405,68.311998,-72.245192
Hyi,68.311998,-72.245192,68.205128,-73.077926
Hyi,68.205128,-73.077926,68.087535,-73.910598
Hyi,68.087535,-73.910598,67.957463,-74.743200
Hyi,67.957500,-74.743200,67.018534,-74.732535
Hyi,67.018534,-74.732535,66.080193,-74.721947
Hyi,66.080193,-74.721947,65.142471,-74.711439
Hyi,65.142471,-74.711439,64.205363,-74.701013
Hyi,64.205363,-74.701013,63.268861,-74.690672
Hyi,63.268861,-74.690672,62.332961,-74.680418
Hyi,62.332961,-74.680418,61.397655,-74.670255
Hyi,61.397655,-74.670255,60.462937,-74.660185
Hyi,60.462937,-74.660185,59.528800,-74.650211
Hyi,59.528800,-74.650211,58.595237,-74.640335
Hyi,58.595237,-74.640335,57.662242,-74.630559
Hyi,57.662242,-74.630559,56.729808,-74.620887
Hyi,56.729808,-74.620887,55.797927,-74.611321
Hyi,55.797927,-74.611321,54.866592,-74.601863
Hyi,54.866592,-74.601863,53.935796,-74.592516
Hyi,53.935796,-74.592516,53.005532,-74.583282
Hyi,53.005532,-74.583282,52.075791,-74.574164
Hyi,52.075800,-74.574100,51.938586,-75.510940
Hyi,51.938586,-75.510940,51.782833,-76.447690
Hyi,51.782833,-76.447690,51.604414,-77.384330
Hyi,51.604414,-77.384330,51.397878,-78.320832
Hyi,51.397878,-78.320832,51.155875,-79.257161
Hyi,51.155875,-79.257161,50.868254,-80.193268
Hyi,50.868254,-80.193268,50.520589,-81.129082
Hyi,50.520589,-81.129082,50.091667,-82.064500
Hyi,50.091700,-82.064500,49.158013,-82.055442
Hyi,49.158013,-82.055442,48.225309,-82.046514
Hyi,48.225309,-82.046514,47.293572,-82.037719
Hyi,47.293572,-82.037719,46.362783,-82.029058
Hyi,46.362783,-82.029058,45.432925,-82.020535
Hyi,45.432925,-82.020535,44.503979,-82.012150
Hyi,44.503979,-82.012150,43.575929,-82.003906
Hyi,43.575929,-82.003906,42.648755,-81.995805
Hyi,42.648755,-81.995805,41.722440,-81.987849
Hyi,41.722440,-81.987849,40.796966,-81.980040
Hyi,40.796966,-81.980040,39.872314,-81.972380
Hyi,39.872314,-81.972380,38.948466,-81.964870
Hyi,38.948466,-81.964870,38.025404,-81.957513
Hyi,38.025404,-81.957513,37.103110,-81.950311
Hyi,37.103110,-81.950311,36.181564,-81.943264
Hyi,36.181564,-81.943264,35.260750,-81.936375
Hyi,35.260750,-81.936375,34.340647,-81.929646
Hyi,34.340647,-81.929646,33.421239,-81.923078
Hyi,33.421239,-81.923078,32.502505,-81.916672
Hyi,32.502505,-81.916672,31.584428,-81.910430
Hyi,31.584428,-81.910430,30.666989,-81.904354
Hyi,30.666989,-81.904354,29.750169,-81.898445
Hyi,29.750169,-81.898445,28.833950,-81.892704
Hyi,28.833950,-81.892704,27.918313,-81.887134
Hyi,27.918313,-81.887134,27.003240,-81.881734
Hyi,27.003240,-81.881734,26.088710,-81.876507
Hyi,26.088710,-81.876507,25.174707,-81.871453
Hyi,25.174707,-81.871453,24.261210,-81.866574
Hyi,24.261210,-81.866574,23.348202,-81.861871
Hyi,23.348202,-81.861871,22.435663,-81.857345
Hyi,22.435663,-81.857345,21.523575,-81.852998
Hyi,21.523575,-81.852998,20.611919,-81.848829
Hyi,20.611919,-81.848829,19.700675,-81.844841
Hyi,19.700675,-81.844841,18.789826,-81.841033
Hyi,18.789826,-81.841033,17.879351,-81.837408
Hyi,17.879351,-81.837408,16.969233,-81.833965
Hyi,16.969233,-81.833965,16.059453,-81.830706
Hyi,16.059453,-81.830706,15.149990,-81.827631
Hyi,15.149990,-81.827631,14.240828,-81.824741
Hyi,14.240828,-81.824741,13.331946,-81.822037
Hyi,13.331946,-81.822037,12.423325,-81.819519
Hyi,12.423325,-81.819519,11.514948,-81.817188
Hyi,11.514948,-81.817188,10.606794,-81.815044
Hyi,10.606794,-81.815044,9.698845,-81.813089
Hyi,9.698845,-81.813089,8.791082,-81.811322
Hyi,8.791082,-81.811322,7.883487,-81.809743
Hyi,7.883487,-81.809743,6.976039,-81.808354
Hyi,6.976039,-81.808354,6.068720,-81.807154
Hyi,6.068720,-81.807154,5.161512,-81.806144
Hyi,5.161512,-81.806144,4.254394,-81.805324
Hyi,4.254394,-81.805324,3.347349,-81.804694
Hyi,3.347349,-81.804694,2.440358,-81.804255
Hyi,2.440358,-81.804255,1.533400,-81.804006
Hyi,1.533400,-81.804000,1.540430,-80.866500
Hyi,1.540430,-80.866500,1.546161,-79.929000
Hyi,1.546161,-79.929000,1.550925,-78.991500
Hyi,1.550925,-78.991500,1.554950,-78.054000
Hyi,1.554950,-78.054000,1.558396,-77.116500
Hyi,1.558396,-77.116500,1.561383,-76.179000
Hyi,1.561383,-76.179000,1.563997,-75.241500
Hyi,1.563997,-75.241500,1.566305,-74.304000
Hyi,1.566300,-74.304000,2.463206,-74.304241
Hyi,2.463206,-74.304241,3.360129,-74.304661
Hyi,3.360129,-74.304661,4.257079,-74.305259
Hyi,4.257079,-74.305259,5.154066,-74.306034
Hyi,5.154066,-74.306034,6.051098,-74.306988
Hyi,6.051098,-74.306988,6.948186,-74.308119
Hyi,6.948186,-74.308119,7.845338,-74.309427
Hyi,7.845338,-74.309427,8.742565,-74.310912
Hyi,8.742565,-74.310912,9.639875,-74.312574
Hyi,9.639875,-74.312574,10.537278,-74.314412
Hyi,10.537278,-74.314412,11.434783,-74.316426
Hyi,11.434783,-74.316426,12.332399,-74.318616
Hyi,12.332400,-74.318600,12.295379,-75.318500
Hyi,12.295400,-75.318500,13.223445,-75.320947
Hyi,13.223445,-75.320947,14.151640,-75.323582
Hyi,14.151640,-75.323582,15.079994,-75.326402
Hyi,15.079994,-75.326402,16.008520,-75.329408
Hyi,16.008520,-75.329408,16.937228,-75.332599
Hyi,16.937228,-75.332599,17.866129,-75.335973
Hyi,17.866129,-75.335973,18.795234,-75.339531
Hyi,18.795234,-75.339531,19.724554,-75.343271
Hyi,19.724554,-75.343271,20.654101,-75.347192
Hyi,20.654100,-75.347200,20.715659,-74.375111
Hyi,20.715659,-74.375111,20.770176,-73.403007
Hyi,20.770176,-73.403007,20.818820,-72.430890
Hyi,20.818820,-72.430890,20.862516,-71.458763
Hyi,20.862516,-71.458763,20.902003,-70.486626
Hyi,20.902003,-70.486626,20.937881,-69.514482
Hyi,20.937881,-69.514482,20.970642,-68.542331
Hyi,20.970642,-68.542331,21.000691,-67.570174
Hyi,21.000691,-67.570174,21.028367,-66.598012
Hyi,21.028367,-66.598012,21.053955,-65.625845
Hyi,21.053955,-65.625845,21.077695,-64.653675
Hyi,21.077695,-64.653675,21.099793,-63.681501
Hyi,21.099793,-63.681501,21.120425,-62.709324
Hyi,21.120425,-62.709324,21.139744,-61.737144
Hyi,21.139744,-61.737144,21.157879,-60.764961
Hyi,21.157879,-60.764961,21.174948,-59.792776
Hyi,21.174948,-59.792776,21.191050,-58.820589
Hyi,21.191050,-58.820589,21.206273,-57.848400
Hyi,21.206200,-57.848400,22.150310,-57.852563
Hyi,22.150310,-57.852563,23.094528,-57.856905
Hyi,23.094528,-57.856905,24.038859,-57.861426
Hyi,24.038859,-57.861426,24.983308,-57.866123
Hyi,24.983308,-57.866123,25.927880,-57.870996
Hyi,25.927880,-57.870996,26.872579,-57.876043
Hyi,26.872579,-57.876043,27.817409,-57.881264
Hyi,27.817409,-57.881264,28.762375,-57.886656
Hyi,28.762375,-57.886656,29.707482,-57.892218
Hyi,29.707482,-57.892218,30.652734,-57.897949
Hyi,30.652734,-57.897949,31.598134,-57.903847
Hyi,31.598134,-57.903847,32.543689,-57.909910
Hyi,32.543689,-57.909910,33.489401,-57.916138
Hyi,33.489400,-57.916200,33.465079,-58.916114
Hyi,33.465079,-58.916114,33.439307,-59.916023
Hyi,33.439307,-59.916023,33.411935,-60.915927
Hyi,33.411935,-60.915927,33.382789,-61.915825
Hyi,33.382789,-61.915825,33.351671,-62.915717
Hyi,33.351671,-62.915717,33.318355,-63.915601
Hyi,33.318355,-63.915601,33.282576,-64.915477
Hyi,33.282576,-64.915477,33.244025,-65.915343
Hyi,33.244025,-65.915343,33.202341,-66.915200
Hyi,33.202400,-66.915200,34.147879,-66.921588
Hyi,34.147879,-66.921588,35.093602,-66.928139
Hyi,35.093602,-66.928139,36.039574,-66.934850
Hyi,36.039574,-66.934850,36.985802,-66.941719
Hyi,36.985802,-66.941719,37.932292,-66.948746
Hyi,37.932292,-66.948746,38.879050,-66.955928
Hyi,38.879050,-66.955928,39.826083,-66.963262
Hyi,39.826083,-66.963262,40.773396,-66.970748
Hyi,40.773396,-66.970748,41.720995,-66.978383
Hyi,41.720995,-66.978383,42.668887,-66.986165
Hyi,42.668887,-66.986165,43.617077,-66.994092
Hyi,43.617077,-66.994092,44.565571,-67.002162
Hyi,44.565571,-67.002162,45.514374,-67.010373
Hyi,45.514374,-67.010373,46.463493,-67.018722
Hyi,46.463493,-67.018722,47.412932,-67.027208
Hyi,47.412932,-67.027208,48.362698,-67.035828
Hyi,48.362700,-67.035800,49.331775,-67.044727
Hyi,49.331775,-67.044727,50.301202,-67.053789
Hyi,50.301202,-67.053789,51.270985,-67.062983
Hyi,51.270985,-67.062983,52.241131,-67.072306
Hyi,52.241131,-67.072306,53.211644,-67.081755
Hyi,53.211644,-67.081755,54.182530,-67.091329
Hyi,54.182530,-67.091329,55.153795,-67.101024
Hyi,55.153795,-67.101024,56.125443,-67.110838
Hyi,56.125443,-67.110838,57.097481,-67.120768
Hyi,57.097481,-67.120768,58.069912,-67.130810
Hyi,58.069912,-67.130810,59.042742,-67.140963
Hyi,59.042742,-67.140963,60.015976,-67.151223
Hyi,60.015976,-67.151223,60.989618,-67.161588
Hyi,60.989618,-67.161588,61.963673,-67.172053
Hyi,61.963673,-67.172053,62.938146,-67.182618
Hyi,62.938146,-67.182618,63.913041,-67.193278
Hyi,63.913041,-67.193278,64.888363,-67.204030
Hyi,64.888363,-67.204030,65.864116,-67.214871
Hyi,65.864116,-67.214871,66.840304,-67.225799
Hyi,66.840304,-67.225799,67.816930,-67.236810
Hyi,67.816930,-67.236810,68.794000,-67.247900
Ind,323.184800,-74.454500,324.149914,-74.447166
Ind,324.149914,-74.447166,325.114607,-74.439997
Ind,325.114607,-74.439997,326.078888,-74.432993
Ind,326.078888,-74.432993,327.042769,-74.426157
Ind,327.042769,-74.426157,328.006258,-74.419492
Ind,328.006258,-74.419492,328.969366,-74.412998
Ind,328.969366,-74.412998,329.932105,-74.406677
Ind,329.932105,-74.406677,330.894484,-74.400532
Ind,330.894484,-74.400532,331.856515,-74.394563
Ind,331.856515,-74.394563,332.818206,-74.388773
Ind,332.818206,-74.388773,333.779571,-74.383164
Ind,333.779571,-74.383164,334.740618,-74.377735
Ind,334.740618,-74.377735,335.701360,-74.372490
Ind,335.701360,-74.372490,336.661806,-74.367429
Ind,336.661806,-74.367429,337.621967,-74.362554
Ind,337.621967,-74.362554,338.581856,-74.357866
Ind,338.581856,-74.357866,339.541482,-74.353366
Ind,339.541482,-74.353366,340.500856,-74.349056
Ind,340.500856,-74.349056,341.459990,-74.344937
Ind,341.459990,-74.344937,342.418895,-74.341009
Ind,342.418895,-74.341009,343.377582,-74.337275
Ind,343.377582,-74.337275,344.336062,-74.333734
Ind,344.336062,-74.333734,345.294346,-74.330389
Ind,345.294346,-74.330389,346.252446,-74.327239
Ind,346.252446,-74.327239,347.210372,-74.324286
Ind,347.210372,-74.324286,348.168136,-74.321530
Ind,348.168136,-74.321530,349.125750,-74.318972
Ind,349.125750,-74.318972,350.083224,-74.316613
Ind,350.083224,-74.316613,351.040570,-74.314454
Ind,351.040570,-74.314454,351.997800,-74.312494
Ind,351.997800,-74.312500,351.974263,-73.375019
Ind,351.974263,-73.375019,351.953171,-72.437535
Ind,351.953171,-72.437535,351.934153,-71.500050
Ind,351.934153,-71.500050,351.916909,-70.562562
Ind,351.916909,-70.562562,351.901193,-69.625074
Ind,351.901193,-69.625074,351.886804,-68.687583
Ind,351.886804,-68.687583,351.873573,-67.750092
Ind,351.873573,-67.750092,351.861359,-66.812600
Ind,351.861400,-66.812600,350.889458,-66.814589
Ind,350.889458,-66.814589,349.917436,-66.816782
Ind,349.917436,-66.816782,348.945327,-66.819177
Ind,348.945327,-66.819177,347.973122,-66.821773
Ind,347.973122,-66.821773,347.000813,-66.824571
Ind,347.000813,-66.824571,346.028394,-66.827569
Ind,346.028394,-66.827569,345.055856,-66.830766
Ind,345.055856,-66.830766,344.083191,-66.834162
Ind,344.083191,-66.834162,343.110393,-66.837755
Ind,343.110393,-66.837755,342.137452,-66.841545
Ind,342.137452,-66.841545,341.164363,-66.845530
Ind,341.164363,-66.845530,340.191116,-66.849710
Ind,340.191116,-66.849710,339.217705,-66.854082
Ind,339.217705,-66.854082,338.244123,-66.858647
Ind,338.244123,-66.858647,337.270360,-66.863402
Ind,337.270360,-66.863402,336.296411,-66.868347
Ind,336.296411,-66.868347,335.322268,-66.873480
Ind,335.322268,-66.873480,334.347923,-66.878799
Ind,334.347923,-66.878799,333.373370,-66.884303
Ind,333.373370,-66.884303,332.398600,-66.889990
Ind,332.398600,-66.890000,332.363253,-65.935555
Ind,332.363253,-65.935555,332.330448,-64.981103
Ind,332.330448,-64.981103,332.299904,-64.026644
Ind,332.299904,-64.026644,332.271380,-63.072179
Ind,332.271380,-63.072179,332.244668,-62.117709
Ind,332.244668,-62.117709,332.219587,-61.163234
Ind,332.219587,-61.163234,332.195979,-60.208754
Ind,332.195979,-60.208754,332.173707,-59.254271
Ind,332.173707,-59.254271,332.152648,-58.299783
Ind,332.152648,-58.299783,332.132695,-57.345293
Ind,332.132695,-57.345293,332.113754,-56.390800
Ind,332.113700,-56.390800,332.094849,-55.390864
Ind,332.094849,-55.390864,332.076928,-54.390926
Ind,332.076928,-54.390926,332.059860,-53.390985
Ind,332.059860,-53.390985,332.043575,-52.391042
Ind,332.043575,-52.391042,332.028012,-51.391096
Ind,332.028012,-51.391096,332.013115,-50.391149
Ind,332.013115,-50.391149,331.998833,-49.391200
Ind,331.998800,-49.391200,331.011237,-49.397145
Ind,331.011237,-49.397145,330.023556,-49.403271
Ind,330.023556,-49.403271,329.035752,-49.409577
Ind,329.035752,-49.409577,328.047822,-49.416061
Ind,328.047822,-49.416061,327.059763,-49.422722
Ind,327.059763,-49.422722,326.071570,-49.429556
Ind,326.071570,-49.429556,325.083241,-49.436563
Ind,325.083241,-49.436563,324.094772,-49.443740
Ind,324.094772,-49.443740,323.106159,-49.451086
Ind,323.106159,-49.451086,322.117400,-49.458596
Ind,322.117400,-49.458600,322.101337,-48.558664
Ind,322.101337,-48.558664,322.085836,-47.658726
Ind,322.085836,-47.658726,322.070860,-46.758786
Ind,322.070860,-46.758786,322.056376,-45.858843
Ind,322.056376,-45.858843,322.042354,-44.958900
Ind,322.042300,-44.958900,321.051770,-44.966587
Ind,321.051770,-44.966587,320.061108,-44.974436
Ind,320.061108,-44.974436,319.070312,-44.982444
Ind,319.070312,-44.982444,318.079379,-44.990608
Ind,318.079379,-44.990608,317.088306,-44.998927
Ind,317.088306,-44.998927,316.097090,-45.007398
Ind,316.097090,-45.007398,315.105729,-45.016018
Ind,315.105729,-45.016018,314.114220,-45.024785
Ind,314.114220,-45.024785,313.122560,-45.033697
Ind,313.122560,-45.033697,312.130747,-45.042749
Ind,312.130747,-45.042749,311.138779,-45.051941
Ind,311.138779,-45.051941,310.146653,-45.061269
Ind,310.146653,-45.061269,309.154366,-45.070731
Ind,309.154366,-45.070731,308.161916,-45.080322
Ind,308.161916,-45.080322,307.169301,-45.090042
Ind,307.169300,-45.090000,307.188570,-46.048241
Ind,307.188570,-46.048241,307.208521,-47.006478
Ind,307.208521,-47.006478,307.229201,-47.964711
Ind,307.229201,-47.964711,307.250663,-48.922941
Ind,307.250663,-48.922941,307.272965,-49.881167
Ind,307.272965,-49.881167,307.296169,-50.839388
Ind,307.296169,-50.839388,307.320347,-51.797604
Ind,307.320347,-51.797604,307.345575,-52.755816
Ind,307.345575,-52.755816,307.371938,-53.714021
Ind,307.371938,-53.714021,307.399530,-54.672221
Ind,307.399530,-54.672221,307.428455,-55.630414
Ind,307.428455,-55.630414,307.458831,-56.588600
Ind,307.458800,-56.588600,307.483668,-57.338483
Ind,307.483668,-57.338483,307.509572,-58.088361
Ind,307.509572,-58.088361,307.536589,-58.838233
Ind,307.536589,-58.838233,307.564801,-59.588100
Ind,307.564800,-59.588100,308.490500,-59.579031
Ind,308.490500,-59.579031,309.415956,-59.570075
Ind,309.415956,-59.570075,310.341172,-59.561233
Ind,310.341172,-59.561233,311.266151,-59.552509
Ind,311.266151,-59.552509,312.190896,-59.543904
Ind,312.190896,-59.543904,313.115411,-59.535420
Ind,313.115411,-59.535420,314.039699,-59.527060
Ind,314.039699,-59.527060,314.963765,-59.518826
Ind,314.963765,-59.518826,315.887611,-59.510720
Ind,315.887611,-59.510720,316.811241,-59.502744
Ind,316.811241,-59.502744,317.734659,-59.494900
Ind,317.734659,-59.494900,318.657869,-59.487190
Ind,318.657869,-59.487190,319.580874,-59.479616
Ind,319.580874,-59.479616,320.503678,-59.472180
Ind,320.503678,-59.472180,321.426286,-59.464884
Ind,321.426286,-59.464884,322.348701,-59.457730
Ind,322.348700,-59.457700,322.377373,-60.395091
Ind,322.377373,-60.395091,322.407746,-61.332475
Ind,322.407746,-61.332475,322.439993,-62.269851
Ind,322.439993,-62.269851,322.474311,-63.207220
Ind,322.474311,-63.207220,322.510928,-64.144580
Ind,322.510928,-64.144580,322.550104,-65.081931
Ind,322.550104,-65.081931,322.592141,-66.019270
Ind,322.592141,-66.019270,322.637387,-66.956597
Ind,322.637387,-66.956597,322.686253,-67.893910
Ind,322.686253,-67.893910,322.739221,-68.831207
Ind,322.739221,-68.831207,322.796862,-69.768486
Ind,322.796862,-69.768486,322.859859,-70.705745
Ind,322.859859,-70.705745,322.929031,-71.642980
Ind,322.929031,-71.642980,323.005377,-72.580188
Ind,323.005377,-72.580188,323.090123,-73.517363
Ind,323.090123,-73.517363,323.184787,-74.454500
Lac,329.461000,36.595400,329.451455,37.564116
Lac,329.451455,37.564116,329.441659,38.532831
Lac,329.441659,38.532831,329.431595,39.501545
Lac,329.431595,39.501545,329.421247,40.470258
Lac,329.421247,40.470258,329.410595,41.438970
Lac,329.410595,41.438970,329.399621,42.407681
Lac,329.399621,42.407681,329.388303,43.376391
Lac,329.388303,43.376391,329.376617,44.345100
Lac,329.376600,44.345100,329.881601,44.348244
Lac,329.881600,44.348300,329.878566,44.598300
Lac,329.878600,44.598300,330.762699,44.603693
Lac,330.762700,44.603600,330.750958,45.575795
Lac,330.750958,45.575795,330.738802,46.547988
Lac,330.738802,46.547988,330.726203,47.520181
Lac,330.726203,47.520181,330.713128,48.492372
Lac,330.713128,48.492372,330.699542,49.464561
Lac,330.699542,49.464561,330.685406,50.436749
Lac,330.685406,50.436749,330.670676,51.408934
Lac,330.670676,51.408934,330.655307,52.381118
Lac,330.655307,52.381118,330.639246,53.353300
Lac,330.639200,53.353300,331.484267,53.358322
Lac,331.484267,53.358322,332.329434,53.363213
Lac,332.329434,53.363213,333.174699,53.367974
Lac,333.174700,53.367900,333.162791,54.117868
Lac,333.162791,54.117868,333.150444,54.867835
Lac,333.150444,54.867835,333.137628,55.617800
Lac,333.137600,55.617800,334.068713,55.622890
Lac,334.068713,55.622890,334.999948,55.627819
Lac,334.999948,55.627819,335.931300,55.632584
Lac,335.931300,55.632600,335.921277,56.257600
Lac,335.921277,56.257600,335.910921,56.882600
Lac,335.910900,56.882600,336.843044,56.887205
Lac,336.843044,56.887205,337.775304,56.891644
Lac,337.775304,56.891644,338.707675,56.895916
Lac,338.707675,56.895916,339.640153,56.900020
Lac,339.640153,56.900020,340.572734,56.903956
Lac,340.572734,56.903956,341.505414,56.907721
Lac,341.505414,56.907721,342.438188,56.911315
Lac,342.438188,56.911315,343.371051,56.914737
Lac,343.371051,56.914737,344.304000,56.917986
Lac,344.304000,56.918000,344.314405,55.980501
Lac,344.314405,55.980501,344.324317,55.043001
Lac,344.324317,55.043001,344.333776,54.105501
Lac,344.333776,54.105501,344.342816,53.168000
Lac,344.342900,53.168000,344.351643,52.220646
Lac,344.351643,52.220646,344.360020,51.273291
Lac,344.360020,51.273291,344.368060,50.325936
Lac,344.368060,50.325936,344.375784,49.378581
Lac,344.375784,49.378581,344.383217,48.431224
Lac,344.383217,48.431224,344.390378,47.483868
Lac,344.390378,47.483868,344.397284,46.536511
Lac,344.397284,46.536511,344.403954,45.589153
Lac,344.403954,45.589153,344.410403,44.641795
Lac,344.410403,44.641795,344.416644,43.694437
Lac,344.416644,43.694437,344.422691,42.747078
Lac,344.422691,42.747078,344.428556,41.799719
Lac,344.428556,41.799719,344.434250,40.852360
Lac,344.434250,40.852360,344.439784,39.905001
Lac,344.439784,39.905001,344.445167,38.957641
Lac,344.445167,38.957641,344.450407,38.010281
Lac,344.450407,38.010281,344.455514,37.062921
Lac,344.455514,37.062921,344.460495,36.115561
Lac,344.460495,36.115561,344.465357,35.168200
Lac,344.465300,35.168200,343.709200,35.165580
Lac,343.709200,35.165600,343.706534,35.665600
Lac,343.706500,35.665600,342.756432,35.662144
Lac,342.756432,35.662144,341.806407,35.658508
Lac,341.806407,35.658508,340.856428,35.654693
Lac,340.856428,35.654693,339.906496,35.650699
Lac,339.906496,35.650699,338.956614,35.646527
Lac,338.956614,35.646527,338.006784,35.642180
Lac,338.006784,35.642180,337.057008,35.637658
Lac,337.057008,35.637658,336.107288,35.632962
Lac,336.107288,35.632962,335.157626,35.628093
Lac,335.157626,35.628093,334.208024,35.623054
Lac,334.208024,35.623054,333.258484,35.617844
Lac,333.258484,35.617844,332.309009,35.612467
Lac,332.309009,35.612467,331.359600,35.606923
Lac,331.359600,35.606900,331.355088,36.106900
Lac,331.355088,36.106900,331.350519,36.606900
Lac,331.350500,36.606900,330.405714,36.601218
Lac,330.405714,36.601218,329.461000,36.595375
Leo,162.849700,-0.662200,162.853444,0.337786
Leo,162.853444,0.337786,162.857189,1.337771
Leo,162.857189,1.337771,162.860937,2.337757
Leo,162.860937,2.337757,162.864690,3.337743
Leo,162.864690,3.337743,162.868451,4.337729
Leo,162.868451,4.337729,162.872222,5.337714
Leo,162.872222,5.337714,162.876006,6.337700
Leo,162.876000,6.337700,161.905092,6.341430
Leo,161.905092,6.341430,160.934177,6.345350
Leo,160.934177,6.345350,159.963256,6.349458
Leo,159.963256,6.349458,158.992327,6.353752
Leo,158.992327,6.353752,158.021391,6.358233
Leo,158.021391,6.358233,157.050447,6.362898
Leo,157.050447,6.362898,156.079495,6.367747
Leo,156.079495,6.367747,155.108535,6.372777
Leo,155.108535,6.372777,154.137566,6.377988
Leo,154.137566,6.377988,153.166588,6.383377
Leo,153.166588,6.383377,152.195601,6.388944
Leo,152.195601,6.388944,151.224604,6.394686
Leo,151.224604,6.394686,150.253596,6.400603
Leo,150.253596,6.400603,149.282579,6.406692
Leo,149.282579,6.406692,148.311551,6.412952
Leo,148.311551,6.412952,147.340512,6.419380
Leo,147.340512,6.419380,146.369461,6.425976
Leo,146.369461,6.425976,145.398400,6.432736
Leo,145.398400,6.432800,144.399607,6.439924
Leo,144.399607,6.439924,143.400800,6.447218
Leo,143.400800,6.447218,142.401981,6.454681
Leo,142.401981,6.454681,141.403147,6.462309
Leo,141.403147,6.462309,140.404300,6.470101
Leo,140.404300,6.470100,140.412151,7.451549
Leo,140.412151,7.451549,140.420038,8.432997
Leo,140.420038,8.432997,140.427965,9.414446
Leo,140.427965,9.414446,140.435937,10.395894
Leo,140.435937,10.395894,140.443960,11.377342
Leo,140.443960,11.377342,140.452037,12.358790
Leo,140.452037,12.358790,140.460176,13.340238
Leo,140.460176,13.340238,140.468381,14.321685
Leo,140.468381,14.321685,140.476658,15.303132
Leo,140.476658,15.303132,140.485013,16.284579
Leo,140.485013,16.284579,140.493453,17.266026
Leo,140.493453,17.266026,140.501982,18.247472
Leo,140.501982,18.247472,140.510609,19.228917
Leo,140.510609,19.228917,140.519339,20.210363
Leo,140.519339,20.210363,140.528180,21.191808
Leo,140.528180,21.191808,140.537139,22.173252
Leo,140.537139,22.173252,140.546224,23.154696
Leo,140.546224,23.154696,140.555443,24.136139
Leo,140.555443,24.136139,140.564805,25.117582
Leo,140.564805,25.117582,140.574319,26.099024
Leo,140.574319,26.099024,140.583993,27.080466
Leo,140.583993,27.080466,140.593839,28.061907
Leo,140.593839,28.061907,140.603866,29.043347
Leo,140.603866,29.043347,140.614086,30.024787
Leo,140.614086,30.024787,140.624510,31.006225
Leo,140.624510,31.006225,140.635150,31.987663
Leo,140.635150,31.987663,140.646021,32.969100
Leo,140.646000,32.969100,141.590164,32.961731
Leo,141.590164,32.961731,142.534252,32.954508
Leo,142.534252,32.954508,143.478264,32.947436
Leo,143.478264,32.947436,144.422204,32.940514
Leo,144.422204,32.940514,145.366072,32.933746
Leo,145.366072,32.933746,146.309871,32.927132
Leo,146.309871,32.927132,147.253601,32.920675
Leo,147.253601,32.920675,148.197265,32.914376
Leo,148.197265,32.914376,149.140864,32.908238
Leo,149.140864,32.908238,150.084400,32.902261
Leo,150.084400,32.902300,150.077082,32.068984
Leo,150.077082,32.068984,150.069897,31.235668
Leo,150.069897,31.235668,150.062837,30.402352
Leo,150.062837,30.402352,150.055896,29.569035
Leo,150.055896,29.569035,150.049069,28.735717
Leo,150.049069,28.735717,150.042350,27.902400
Leo,150.042300,27.902400,150.962102,27.896731
Leo,150.962102,27.896731,151.881858,27.891218
Leo,151.881858,27.891218,152.801569,27.885863
Leo,152.801569,27.885863,153.721237,27.880667
Leo,153.721237,27.880667,154.640862,27.875631
Leo,154.640862,27.875631,155.560446,27.870758
Leo,155.560446,27.870758,156.479990,27.866048
Leo,156.479990,27.866048,157.399497,27.861502
Leo,157.399497,27.861502,158.318966,27.857122
Leo,158.318966,27.857122,159.238400,27.852908
Leo,159.238400,27.852900,159.232706,26.852920
Leo,159.232706,26.852920,159.227111,25.852941
Leo,159.227111,25.852941,159.221611,24.852961
Leo,159.221611,24.852961,159.216198,23.852981
Leo,159.216198,23.852981,159.210869,22.853000
Leo,159.210900,22.853000,160.143839,22.848896
Leo,160.143839,22.848896,161.076751,22.844965
Leo,161.076751,22.844965,162.009638,22.841208
Leo,162.009638,22.841208,162.942500,22.837628
Leo,162.942500,22.837600,162.945453,23.504267
Leo,162.945453,23.504267,162.948437,24.170934
Leo,162.948437,24.170934,162.951451,24.837600
Leo,162.951500,24.837600,163.883885,24.834197
Leo,163.883885,24.834197,164.816246,24.830972
Leo,164.816246,24.830972,165.748584,24.827925
Leo,165.748584,24.827925,166.680900,24.825057
Leo,166.680900,24.825000,166.684088,25.700000
Leo,166.684088,25.700000,166.687324,26.575000
Leo,166.687324,26.575000,166.690610,27.450000
Leo,166.690610,27.450000,166.693948,28.325000
Leo,166.694000,28.325000,167.616595,28.322339
Leo,167.616595,28.322339,168.539168,28.319854
Leo,168.539168,28.319854,169.461720,28.317547
Leo,169.461720,28.317547,170.384254,28.315418
Leo,170.384254,28.315418,171.306771,28.313468
Leo,171.306771,28.313468,172.229272,28.311697
Leo,172.229272,28.311697,173.151760,28.310106
Leo,173.151760,28.310106,174.074234,28.308694
Leo,174.074234,28.308694,174.996697,28.307463
Leo,174.996697,28.307463,175.919151,28.306413
Leo,175.919151,28.306413,176.841596,28.305543
Leo,176.841596,28.305543,177.764036,28.304855
Leo,177.764036,28.304855,178.686470,28.304348
Leo,178.686470,28.304348,179.608900,28.304023
Leo,179.608900,28.304000,179.608595,27.366500
Leo,179.608595,27.366500,179.608295,26.429000
Leo,179.608295,26.429000,179.608000,25.491500
Leo,179.608000,25.491500,179.607710,24.554000
Leo,179.607710,24.554000,179.607424,23.616500
Leo,179.607424,23.616500,179.607142,22.679000
Leo,179.607142,22.679000,179.606863,21.741500
Leo,179.606863,21.741500,179.606589,20.804000
Leo,179.606589,20.804000,179.606318,19.866500
Leo,179.606318,19.866500,179.606050,18.929000
Leo,179.606050,18.929000,179.605784,17.991500
Leo,179.605784,17.991500,179.605522,17.054000
Leo,179.605522,17.054000,179.605263,16.116500
Leo,179.605263,16.116500,179.605005,15.179000
Leo,179.605005,15.179000,179.604751,14.241500
Leo,179.604751,14.241500,179.604498,13.304000
Leo,179.604500,13.304000,179.604299,12.554000
Leo,179.604299,12.554000,179.604100,11.804000
Leo,179.604100,11.804000,179.603901,11.054000
Leo,179.603901,11.054000,179.603703,10.304000
Leo,179.603700,10.304000,178.730704,10.304303
Leo,178.730704,10.304303,177.857707,10.304768
Leo,177.857707,10.304768,176.984708,10.305395
Leo,176.984708,10.305395,176.111708,10.306183
Leo,176.111708,10.306183,175.238705,10.307132
Leo,175.238705,10.307132,174.365700,10.308243
Leo,174.365700,10.308300,174.364411,9.391633
Leo,174.364411,9.391633,174.363129,8.474967
Leo,174.363129,8.474967,174.361854,7.558300
Leo,174.361854,7.558300,174.360583,6.641633
Leo,174.360583,6.641633,174.359318,5.724967
Leo,174.359318,5.724967,174.358056,4.808300
Leo,174.358056,4.808300,174.356798,3.891633
Leo,174.356798,3.891633,174.355542,2.974967
Leo,174.355542,2.974967,174.354289,2.058300
Leo,174.354289,2.058300,174.353037,1.141633
Leo,174.353037,1.141633,174.351786,0.224967
Leo,174.351786,0.224967,174.350535,-0.691700
Leo,174.350500,-0.691700,174.349330,-1.548843
Leo,174.349330,-1.548843,174.348159,-2.405986
Leo,174.348159,-2.405986,174.346986,-3.263129
Leo,174.346986,-3.263129,174.345811,-4.120271
Leo,174.345811,-4.120271,174.344634,-4.977414
Leo,174.344634,-4.977414,174.343454,-5.834557
Leo,174.343454,-5.834557,174.342270,-6.691700
Leo,174.342300,-6.691700,173.382675,-6.690294
Leo,173.382675,-6.690294,172.423052,-6.688694
Leo,172.423052,-6.688694,171.463434,-6.686901
Leo,171.463434,-6.686901,170.503819,-6.684916
Leo,170.503819,-6.684916,169.544209,-6.682739
Leo,169.544209,-6.682739,168.584604,-6.680371
Leo,168.584604,-6.680371,167.625005,-6.677812
Leo,167.625005,-6.677812,166.665411,-6.675064
Leo,166.665411,-6.675064,165.705823,-6.672126
Leo,165.705823,-6.672126,164.746241,-6.669000
Leo,164.746241,-6.669000,163.786667,-6.665687
Leo,163.786667,-6.665687,162.827100,-6.662187
Leo,162.827100,-6.662200,162.830348,-5.805057
Leo,162.830348,-5.805057,162.833585,-4.947914
Leo,162.833585,-4.947914,162.836815,-4.090771
Leo,162.836815,-4.090771,162.840037,-3.233629
Leo,162.840037,-3.233629,162.843254,-2.376486
Leo,162.843254,-2.376486,162.846467,-1.519343
Leo,162.846467,-1.519343,162.849677,-0.662200
LMi,140.646000,32.969100,140.656101,33.861917
LMi,140.656101,33.861917,140.666416,34.754733
LMi,140.666416,34.754733,140.676956,35.647548
LMi,140.676956,35.647548,140.687735,36.540363
LMi,140.687735,36.540363,140.698765,37.433176
LMi,140.698765,37.433176,140.710062,38.325988
LMi,140.710062,38.325988,140.721640,39.218800
LMi,140.721600,39.218800,141.548514,39.212338
LMi,141.548514,39.212338,142.375353,39.205989
LMi,142.375353,39.205989,143.202120,39.199754
LMi,143.202120,39.199754,144.028816,39.193635
LMi,144.028816,39.193635,144.855442,39.187633
LMi,144.855442,39.187633,145.681999,39.181750
LMi,145.682000,39.181800,145.690891,39.931767
LMi,145.690891,39.931767,145.699978,40.681734
LMi,145.699978,40.681734,145.709273,41.431699
LMi,145.709200,41.431700,146.672784,41.424991
LMi,146.672784,41.424991,147.636272,41.418447
LMi,147.636272,41.418447,148.599666,41.412069
LMi,148.599666,41.412069,149.562969,41.405859
LMi,149.562969,41.405859,150.526183,41.399819
LMi,150.526183,41.399819,151.489310,41.393950
LMi,151.489310,41.393950,152.452354,41.388255
LMi,152.452354,41.388255,153.415316,41.382734
LMi,153.415316,41.382734,154.378200,41.377389
LMi,154.378200,41.377400,154.371802,40.710734
LMi,154.371802,40.710734,154.365531,40.044067
LMi,154.365531,40.044067,154.359381,39.377400
LMi,154.359400,39.377400,155.276034,39.372477
LMi,155.276034,39.372477,156.192606,39.367716
LMi,156.192606,39.367716,157.109118,39.363118
LMi,157.109118,39.363118,158.025572,39.358685
LMi,158.025572,39.358685,158.941970,39.354418
LMi,158.941970,39.354418,159.858314,39.350318
LMi,159.858314,39.350318,160.774607,39.346385
LMi,160.774607,39.346385,161.690851,39.342622
LMi,161.690851,39.342622,162.607048,39.339028
LMi,162.607048,39.339028,163.523200,39.335604
LMi,163.523200,39.335600,163.517195,38.335617
LMi,163.517195,38.335617,163.511354,37.335634
LMi,163.511354,37.335634,163.505667,36.335651
LMi,163.505667,36.335651,163.500124,35.335668
LMi,163.500124,35.335668,163.494716,34.335684
LMi,163.494716,34.335684,163.489435,33.335700
LMi,163.489400,33.335700,164.295637,33.332829
LMi,164.295637,33.332829,165.101848,33.330091
LMi,165.101848,33.330091,165.908036,33.327487
LMi,165.908036,33.327487,166.714200,33.325018
LMi,166.714200,33.325000,166.710676,32.491667
LMi,166.710676,32.491667,166.707217,31.658334
LMi,166.707217,31.658334,166.703820,30.825000
LMi,166.703820,30.825000,166.700481,29.991667
LMi,166.700481,29.991667,166.697197,29.158334
LMi,166.697197,29.158334,166.693967,28.325000
LMi,166.694000,28.325000,166.690662,27.450000
LMi,166.690662,27.450000,166.687377,26.575000
LMi,166.687377,26.575000,166.684141,25.700000
LMi,166.684141,25.700000,166.680952,24.825000
LMi,166.680900,24.825000,165.748584,24.827868
LMi,165.748584,24.827868,164.816246,24.830915
LMi,164.816246,24.830915,163.883885,24.834141
LMi,163.883885,24.834141,162.951500,24.837543
LMi,162.951500,24.837600,162.948485,24.170933
LMi,162.948485,24.170933,162.945502,23.504267
LMi,162.945502,23.504267,162.942549,22.837600
LMi,162.942500,22.837600,162.009638,22.841181
LMi,162.009638,22.841181,161.076751,22.844937
LMi,161.076751,22.844937,160.143839,22.848868
LMi,160.143839,22.848868,159.210900,22.852972
LMi,159.210900,22.853000,159.216229,23.852980
LMi,159.216229,23.852980,159.221642,24.852961
LMi,159.221642,24.852961,159.227143,25.852941
LMi,159.227143,25.852941,159.232737,26.852920
LMi,159.232737,26.852920,159.238431,27.852900
LMi,159.238400,27.852900,158.318966,27.857114
LMi,158.318966,27.857114,157.399496,27.861494
LMi,157.399496,27.861494,156.479990,27.866040
LMi,156.479990,27.866040,155.560446,27.870750
LMi,155.560446,27.870750,154.640862,27.875623
LMi,154.640862,27.875623,153.721236,27.880659
LMi,153.721236,27.880659,152.801569,27.885854
LMi,152.801569,27.885854,151.881858,27.891209
LMi,151.881858,27.891209,150.962102,27.896722
LMi,150.962102,27.896722,150.042300,27.902392
LMi,150.042300,27.902400,150.049019,28.735718
LMi,150.049019,28.735718,150.055846,29.569035
LMi,150.055846,29.569035,150.062786,30.402352
LMi,150.062786,30.402352,150.069846,31.235668
LMi,150.069846,31.235668,150.077032,32.068985
LMi,150.077032,32.068985,150.084350,32.902300
LMi,150.084400,32.902300,149.140864,32.908277
LMi,149.140864,32.908277,148.197265,32.914415
LMi,148.197265,32.914415,147.253601,32.920713
LMi,147.253601,32.920713,146.309871,32.927170
LMi,146.309871,32.927170,145.366073,32.933784
LMi,145.366073,32.933784,144.422205,32.940553
LMi,144.422205,32.940553,143.478265,32.947474
LMi,143.478265,32.947474,142.534252,32.954547
LMi,142.534252,32.954547,141.590164,32.961769
LMi,141.590164,32.961769,140.646000,32.969139
Lep,73.759300,-27.048000,74.591095,-27.057701
Lep,74.591095,-27.057701,75.422961,-27.067443
Lep,75.422961,-27.067443,76.254900,-27.077223
Lep,76.254900,-27.077200,77.238642,-27.088812
Lep,77.238642,-27.088812,78.222486,-27.100472
Lep,78.222486,-27.100472,79.206431,-27.112177
Lep,79.206431,-27.112177,80.190479,-27.123923
Lep,80.190479,-27.123923,81.174631,-27.135707
Lep,81.174631,-27.135707,82.158885,-27.147525
Lep,82.158885,-27.147525,83.143243,-27.159374
Lep,83.143243,-27.159374,84.127705,-27.171251
Lep,84.127705,-27.171251,85.112272,-27.183152
Lep,85.112272,-27.183152,86.096944,-27.195073
Lep,86.096944,-27.195073,87.081721,-27.207010
Lep,87.081721,-27.207010,88.066603,-27.218962
Lep,88.066603,-27.218962,89.051590,-27.230923
Lep,89.051590,-27.230923,90.036684,-27.242890
Lep,90.036684,-27.242890,91.021883,-27.254860
Lep,91.021883,-27.254860,92.007189,-27.266829
Lep,92.007189,-27.266829,92.992600,-27.278794
Lep,92.992600,-27.278800,93.007162,-26.323009
Lep,93.007162,-26.323009,93.021486,-25.367216
Lep,93.021486,-25.367216,93.035586,-24.411422
Lep,93.035586,-24.411422,93.049473,-23.455627
Lep,93.049473,-23.455627,93.063160,-22.499830
Lep,93.063160,-22.499830,93.076660,-21.544033
Lep,93.076660,-21.544033,93.089983,-20.588234
Lep,93.089983,-20.588234,93.103140,-19.632434
Lep,93.103140,-19.632434,93.116142,-18.676633
Lep,93.116142,-18.676633,93.128998,-17.720832
Lep,93.128998,-17.720832,93.141717,-16.765030
Lep,93.141717,-16.765030,93.154309,-15.809226
Lep,93.154309,-15.809226,93.166783,-14.853422
Lep,93.166783,-14.853422,93.179146,-13.897618
Lep,93.179146,-13.897618,93.191409,-12.941813
Lep,93.191409,-12.941813,93.203577,-11.986007
Lep,93.203577,-11.986007,93.215660,-11.030201
Lep,93.215600,-11.030200,92.365580,-11.019880
Lep,92.365580,-11.019880,91.515590,-11.009555
Lep,91.515590,-11.009555,90.665630,-10.999229
Lep,90.665630,-10.999229,89.815700,-10.988903
Lep,89.815700,-10.988903,88.965799,-10.978579
Lep,88.965800,-10.978500,88.028455,-10.967120
Lep,88.028455,-10.967120,87.091145,-10.955748
Lep,87.091145,-10.955748,86.153872,-10.944389
Lep,86.153872,-10.944389,85.216634,-10.933045
Lep,85.216634,-10.933045,84.279432,-10.921719
Lep,84.279432,-10.921719,83.342265,-10.910414
Lep,83.342265,-10.910414,82.405134,-10.899134
Lep,82.405134,-10.899134,81.468037,-10.887880
Lep,81.468037,-10.887880,80.530976,-10.876657
Lep,80.530976,-10.876657,79.593949,-10.865467
Lep,79.593949,-10.865467,78.656957,-10.854313
Lep,78.656957,-10.854313,77.720000,-10.843198
Lep,77.720000,-10.843200,76.887240,-10.833356
Lep,76.887240,-10.833356,76.054507,-10.823548
Lep,76.054507,-10.823548,75.221800,-10.813777
Lep,75.221800,-10.813800,75.211148,-11.688751
Lep,75.211148,-11.688751,75.200428,-12.563701
Lep,75.200428,-12.563701,75.189636,-13.438651
Lep,75.189636,-13.438651,75.178764,-14.313601
Lep,75.178700,-14.313600,74.554240,-14.306298
Lep,74.554240,-14.306298,73.929800,-14.299020
Lep,73.929800,-14.299000,73.917591,-15.279698
Lep,73.917591,-15.279698,73.905268,-16.260395
Lep,73.905268,-16.260395,73.892821,-17.241091
Lep,73.892821,-17.241091,73.880241,-18.221786
Lep,73.880241,-18.221786,73.867519,-19.202481
Lep,73.867519,-19.202481,73.854644,-20.183174
Lep,73.854644,-20.183174,73.841606,-21.163867
Lep,73.841606,-21.163867,73.828394,-22.144559
Lep,73.828394,-22.144559,73.814996,-23.125250
Lep,73.814996,-23.125250,73.801401,-24.105939
Lep,73.801401,-24.105939,73.787597,-25.086627
Lep,73.787597,-25.086627,73.773569,-26.067314
Lep,73.773569,-26.067314,73.759304,-27.048000
Lib,227.853000,-0.474300,226.960163,-0.482182
Lib,226.960163,-0.482182,226.067325,-0.489947
Lib,226.067325,-0.489947,225.174484,-0.497592
Lib,225.174484,-0.497592,224.281641,-0.505117
Lib,224.281641,-0.505117,223.388796,-0.512520
Lib,223.388796,-0.512520,222.495949,-0.519798
Lib,222.495949,-0.519798,221.603100,-0.526949
Lib,221.603100,-0.526900,221.610159,-1.415767
Lib,221.610159,-1.415767,221.617223,-2.304634
Lib,221.617223,-2.304634,221.624295,-3.193501
Lib,221.624295,-3.193501,221.631380,-4.082367
Lib,221.631380,-4.082367,221.638481,-4.971234
Lib,221.638481,-4.971234,221.645601,-5.860101
Lib,221.645601,-5.860101,221.652744,-6.748967
Lib,221.652744,-6.748967,221.659913,-7.637834
Lib,221.659913,-7.637834,221.667112,-8.526700
Lib,221.667100,-8.526700,220.773065,-8.533733
Lib,220.773065,-8.533733,219.879012,-8.540636
Lib,219.879012,-8.540636,218.984943,-8.547408
Lib,218.984943,-8.547408,218.090857,-8.554047
Lib,218.090857,-8.554047,217.196754,-8.560552
Lib,217.196754,-8.560552,216.302635,-8.566920
Lib,216.302635,-8.566920,215.408500,-8.573150
Lib,215.408500,-8.573100,215.415094,-9.506415
Lib,215.415094,-9.506415,215.421723,-10.439729
Lib,215.421723,-10.439729,215.428393,-11.373044
Lib,215.428393,-11.373044,215.435106,-12.306358
Lib,215.435106,-12.306358,215.441868,-13.239672
Lib,215.441868,-13.239672,215.448681,-14.172986
Lib,215.448681,-14.172986,215.455551,-15.106299
Lib,215.455551,-15.106299,215.462481,-16.039613
Lib,215.462481,-16.039613,215.469477,-16.972926
Lib,215.469477,-16.972926,215.476542,-17.906239
Lib,215.476542,-17.906239,215.483682,-18.839552
Lib,215.483682,-18.839552,215.490902,-19.772864
Lib,215.490902,-19.772864,215.498208,-20.706177
Lib,215.498208,-20.706177,215.505603,-21.639488
Lib,215.505603,-21.639488,215.513095,-22.572800
Lib,215.513100,-22.572800,215.519875,-23.406100
Lib,215.519875,-23.406100,215.526736,-24.239400
Lib,215.526736,-24.239400,215.533688,-25.072700
Lib,215.533700,-25.072700,216.446952,-25.066335
Lib,216.446952,-25.066335,217.360155,-25.059828
Lib,217.360155,-25.059828,218.273308,-25.053178
Lib,218.273308,-25.053178,219.186410,-25.046390
Lib,219.186410,-25.046390,220.099459,-25.039463
Lib,220.099459,-25.039463,221.012455,-25.032400
Lib,221.012455,-25.032400,221.925397,-25.025202
Lib,221.925397,-25.025202,222.838283,-25.017872
Lib,222.838283,-25.017872,223.751113,-25.010412
Lib,223.751113,-25.010412,224.663885,-25.002822
Lib,224.663885,-25.002822,225.576600,-24.995106
Lib,225.576600,-24.995100,225.585306,-25.828401
Lib,225.585306,-25.828401,225.594135,-26.661702
Lib,225.594135,-26.661702,225.603094,-27.495003
Lib,225.603094,-27.495003,225.612190,-28.328302
Lib,225.612190,-28.328302,225.621429,-29.161601
Lib,225.621429,-29.161601,225.630820,-29.994900
Lib,225.630800,-29.994900,226.572855,-29.986804
Lib,226.572855,-29.986804,227.514831,-29.978578
Lib,227.514831,-29.978578,228.456727,-29.970223
Lib,228.456727,-29.970223,229.398542,-29.961742
Lib,229.398542,-29.961742,230.340274,-29.953137
Lib,230.340274,-29.953137,231.281923,-29.944411
Lib,231.281923,-29.944411,232.223487,-29.935566
Lib,232.223487,-29.935566,233.164965,-29.926604
Lib,233.164965,-29.926604,234.106357,-29.917528
Lib,234.106357,-29.917528,235.047660,-29.908340
Lib,235.047660,-29.908340,235.988875,-29.899042
Lib,235.988875,-29.899042,236.930001,-29.889638
Lib,236.930000,-29.889600,236.917419,-28.939664
Lib,236.917419,-28.939664,236.905067,-27.989728
Lib,236.905067,-27.989728,236.892931,-27.039790
Lib,236.892931,-27.039790,236.880998,-26.089851
Lib,236.880998,-26.089851,236.869258,-25.139912
Lib,236.869258,-25.139912,236.857699,-24.189971
Lib,236.857699,-24.189971,236.846311,-23.240029
Lib,236.846311,-23.240029,236.835084,-22.290087
Lib,236.835084,-22.290087,236.824008,-21.340144
Lib,236.824008,-21.340144,236.813075,-20.390200
Lib,236.813100,-20.390200,237.752865,-20.380704
Lib,237.752865,-20.380704,238.692570,-20.371107
Lib,238.692570,-20.371107,239.632215,-20.361410
Lib,239.632215,-20.361410,240.571800,-20.351617
Lib,240.571800,-20.351600,240.560867,-19.428580
Lib,240.560867,-19.428580,240.550057,-18.505559
Lib,240.550057,-18.505559,240.539363,-17.582538
Lib,240.539363,-17.582538,240.528778,-16.659516
Lib,240.528778,-16.659516,240.518294,-15.736494
Lib,240.518294,-15.736494,240.507905,-14.813471
Lib,240.507905,-14.813471,240.497604,-13.890448
Lib,240.497604,-13.890448,240.487385,-12.967424
Lib,240.487385,-12.967424,240.477242,-12.044400
Lib,240.477242,-12.044400,240.467168,-11.121375
Lib,240.467168,-11.121375,240.457157,-10.198351
Lib,240.457157,-10.198351,240.447205,-9.275325
Lib,240.447205,-9.275325,240.437305,-8.352300
Lib,240.437300,-8.352300,240.427160,-7.402360
Lib,240.427160,-7.402360,240.417063,-6.452421
Lib,240.417063,-6.452421,240.407004,-5.502481
Lib,240.407004,-5.502481,240.396978,-4.552541
Lib,240.396978,-4.552541,240.386977,-3.602600
Lib,240.387000,-3.602600,239.425145,-3.612624
Lib,239.425145,-3.612624,238.463278,-3.622546
Lib,238.463278,-3.622546,237.501400,-3.632363
Lib,237.501400,-3.632363,236.539511,-3.642073
Lib,236.539511,-3.642073,235.577610,-3.651672
Lib,235.577610,-3.651672,234.615697,-3.661158
Lib,234.615697,-3.661158,233.653773,-3.670528
Lib,233.653773,-3.670528,232.691838,-3.679780
Lib,232.691838,-3.679780,231.729892,-3.688910
Lib,231.729892,-3.688910,230.767936,-3.697917
Lib,230.767936,-3.697917,229.805968,-3.706798
Lib,229.805968,-3.706798,228.843989,-3.715551
Lib,228.843989,-3.715551,227.882000,-3.724172
Lib,227.882000,-3.724200,227.874750,-2.911725
Lib,227.874750,-2.911725,227.867511,-2.099250
Lib,227.867511,-2.099250,227.860280,-1.286775
Lib,227.860280,-1.286775,227.853053,-0.474300
Lup,214.656800,-55.580000,215.586812,-55.573721
Lup,215.586812,-55.573721,216.516671,-55.567294
Lup,216.516671,-55.567294,217.446373,-55.560719
Lup,217.446373,-55.560719,218.375914,-55.554000
Lup,218.375914,-55.554000,219.305291,-55.547138
Lup,219.305291,-55.547138,220.234501,-55.540134
Lup,220.234500,-55.540100,221.216330,-55.532547
Lup,221.216330,-55.532547,222.197966,-55.524840
Lup,222.197966,-55.524840,223.179404,-55.516982
Lup,223.179404,-55.516982,224.160641,-55.508975
Lup,224.160641,-55.508975,225.141672,-55.500822
Lup,225.141672,-55.500822,226.122495,-55.492524
Lup,226.122495,-55.492524,227.103105,-55.484085
Lup,227.103105,-55.484085,228.083500,-55.475507
Lup,228.083500,-55.475500,228.069943,-54.975551
Lup,228.069943,-54.975551,228.056719,-54.475600
Lup,228.056700,-54.475600,228.916373,-54.467964
Lup,228.916373,-54.467964,229.775881,-54.460224
Lup,229.775881,-54.460224,230.635223,-54.452383
Lup,230.635223,-54.452383,231.494397,-54.444442
Lup,231.494397,-54.444442,232.353400,-54.436403
Lup,232.353400,-54.436400,232.326228,-53.436530
Lup,232.326228,-53.436530,232.300306,-52.436654
Lup,232.300306,-52.436654,232.275534,-51.436772
Lup,232.275534,-51.436772,232.251823,-50.436886
Lup,232.251823,-50.436886,232.229093,-49.436995
Lup,232.229093,-49.436995,232.207272,-48.437099
Lup,232.207200,-48.437100,233.047557,-48.429141
Lup,233.047557,-48.429141,233.887780,-48.421091
Lup,233.887780,-48.421091,234.727867,-48.412951
Lup,234.727867,-48.412951,235.567817,-48.404725
Lup,235.567817,-48.404725,236.407629,-48.396413
Lup,236.407629,-48.396413,237.247300,-48.388016
Lup,237.247300,-48.388000,237.228092,-47.530951
Lup,237.228092,-47.530951,237.209502,-46.673899
Lup,237.209502,-46.673899,237.191493,-45.816845
Lup,237.191493,-45.816845,237.174029,-44.959787
Lup,237.174029,-44.959787,237.157080,-44.102727
Lup,237.157080,-44.102727,237.140615,-43.245665
Lup,237.140615,-43.245665,237.124607,-42.388600
Lup,237.124600,-42.388600,238.130575,-42.378431
Lup,238.130575,-42.378431,239.136384,-42.368148
Lup,239.136384,-42.368148,240.142025,-42.357752
Lup,240.142025,-42.357752,241.147498,-42.347248
Lup,241.147498,-42.347248,242.152799,-42.336638
Lup,242.152800,-42.336700,242.134417,-41.375260
Lup,242.134417,-41.375260,242.116570,-40.413817
Lup,242.116570,-40.413817,242.099226,-39.452372
Lup,242.099226,-39.452372,242.082355,-38.490924
Lup,242.082355,-38.490924,242.065928,-37.529473
Lup,242.065928,-37.529473,242.049918,-36.568021
Lup,242.049918,-36.568021,242.034303,-35.606566
Lup,242.034303,-35.606566,242.019058,-34.645109
Lup,242.019058,-34.645109,242.004163,-33.683651
Lup,242.004163,-33.683651,241.989598,-32.722190
Lup,241.989598,-32.722190,241.975343,-31.760728
Lup,241.975343,-31.760728,241.961382,-30.799265
Lup,241.961382,-30.799265,241.947697,-29.837800
Lup,241.947700,-29.837800,240.944373,-29.848389
Lup,240.944373,-29.848389,239.940938,-29.858871
Lup,239.940938,-29.858871,238.937397,-29.869245
Lup,238.937397,-29.869245,237.933751,-29.879506
Lup,237.933751,-29.879506,236.930001,-29.889652
Lup,236.930000,-29.889600,235.988875,-29.899004
Lup,235.988875,-29.899004,235.047660,-29.908302
Lup,235.047660,-29.908302,234.106356,-29.917490
Lup,234.106356,-29.917490,233.164965,-29.926566
Lup,233.164965,-29.926566,232.223486,-29.935528
Lup,232.223486,-29.935528,231.281922,-29.944373
Lup,231.281922,-29.944373,230.340274,-29.953099
Lup,230.340274,-29.953099,229.398541,-29.961704
Lup,229.398541,-29.961704,228.456727,-29.970185
Lup,228.456727,-29.970185,227.514831,-29.978540
Lup,227.514831,-29.978540,226.572855,-29.986766
Lup,226.572855,-29.986766,225.630800,-29.994862
Lup,225.630800,-29.994900,225.641834,-30.956392
Lup,225.641834,-30.956392,225.653092,-31.917883
Lup,225.653092,-31.917883,225.664587,-32.879373
Lup,225.664587,-32.879373,225.676335,-33.840861
Lup,225.676335,-33.840861,225.688351,-34.802349
Lup,225.688351,-34.802349,225.700650,-35.763836
Lup,225.700650,-35.763836,225.713250,-36.725321
Lup,225.713250,-36.725321,225.726169,-37.686805
Lup,225.726169,-37.686805,225.739428,-38.648287
Lup,225.739428,-38.648287,225.753048,-39.609768
Lup,225.753048,-39.609768,225.767051,-40.571247
Lup,225.767051,-40.571247,225.781463,-41.532724
Lup,225.781463,-41.532724,225.796309,-42.494200
Lup,225.796300,-42.494200,224.851431,-42.502186
Lup,224.851431,-42.502186,223.906441,-42.510037
Lup,223.906441,-42.510037,222.961331,-42.517752
Lup,222.961331,-42.517752,222.016103,-42.525326
Lup,222.016103,-42.525326,221.070760,-42.532760
Lup,221.070760,-42.532760,220.125303,-42.540050
Lup,220.125303,-42.540050,219.179734,-42.547195
Lup,219.179734,-42.547195,218.234057,-42.554192
Lup,218.234057,-42.554192,217.288273,-42.561040
Lup,217.288273,-42.561040,216.342384,-42.567737
Lup,216.342384,-42.567737,215.396392,-42.574281
Lup,215.396392,-42.574281,214.450301,-42.580670
Lup,214.450300,-42.580600,214.461897,-43.509139
Lup,214.461897,-43.509139,214.473857,-44.437677
Lup,214.473857,-44.437677,214.486204,-45.366214
Lup,214.486204,-45.366214,214.498962,-46.294749
Lup,214.498962,-46.294749,214.512160,-47.223282
Lup,214.512160,-47.223282,214.525829,-48.151815
Lup,214.525829,-48.151815,214.540002,-49.080345
Lup,214.540002,-49.080345,214.554715,-50.008874
Lup,214.554715,-50.008874,214.570008,-50.937401
Lup,214.570008,-50.937401,214.585924,-51.865925
Lup,214.585924,-51.865925,214.602511,-52.794448
Lup,214.602511,-52.794448,214.619822,-53.722968
Lup,214.619822,-53.722968,214.637914,-54.651485
Lup,214.637914,-54.651485,214.656853,-55.580000
Lyn,112.560700,35.244500,112.577884,36.244401
Lyn,112.577884,36.244401,112.595513,37.244299
Lyn,112.595513,37.244299,112.613616,38.244194
Lyn,112.613616,38.244194,112.632224,39.244087
Lyn,112.632224,39.244087,112.651371,40.243976
Lyn,112.651371,40.243976,112.671092,41.243863
Lyn,112.671092,41.243863,112.691425,42.243746
Lyn,112.691425,42.243746,112.712414,43.243625
Lyn,112.712414,43.243625,112.734103,44.243500
Lyn,112.734100,44.243500,111.793812,44.254178
Lyn,111.793812,44.254178,110.853354,44.264924
Lyn,110.853354,44.264924,109.912726,44.275734
Lyn,109.912726,44.275734,108.971925,44.286606
Lyn,108.971925,44.286606,108.030950,44.297536
Lyn,108.030950,44.297536,107.089802,44.308523
Lyn,107.089802,44.308523,106.148478,44.319562
Lyn,106.148478,44.319562,105.206977,44.330651
Lyn,105.206977,44.330651,104.265300,44.341788
Lyn,104.265300,44.341800,104.286871,45.258345
Lyn,104.286871,45.258345,104.309150,46.174886
Lyn,104.309150,46.174886,104.332184,47.091422
Lyn,104.332184,47.091422,104.356024,48.007953
Lyn,104.356024,48.007953,104.380728,48.924480
Lyn,104.380728,48.924480,104.406355,49.841001
Lyn,104.406400,49.841000,103.509415,49.851647
Lyn,103.509415,49.851647,102.612234,49.862331
Lyn,102.612234,49.862331,101.714855,49.873051
Lyn,101.714855,49.873051,100.817277,49.883803
Lyn,100.817277,49.883803,99.919500,49.894585
Lyn,99.919500,49.894600,99.949084,50.894412
Lyn,99.949084,50.894412,99.979967,51.894217
Lyn,99.979967,51.894217,100.012255,52.894012
Lyn,100.012255,52.894012,100.046068,53.893799
Lyn,100.046000,53.893800,99.048618,53.905807
Lyn,99.048618,53.905807,98.050950,53.917845
Lyn,98.050950,53.917845,97.052994,53.929909
Lyn,97.052994,53.929909,96.054751,53.941997
Lyn,96.054751,53.941997,95.056219,53.954103
Lyn,95.056219,53.954103,94.057397,53.966226
Lyn,94.057400,53.966300,94.093344,54.966055
Lyn,94.093344,54.966055,94.131123,55.965800
Lyn,94.131100,55.965800,94.170884,56.965555
Lyn,94.170884,56.965555,94.212862,57.965296
Lyn,94.212862,57.965296,94.257248,58.965023
Lyn,94.257248,58.965023,94.304286,59.964734
Lyn,94.304286,59.964734,94.354252,60.964427
Lyn,94.354252,60.964427,94.407461,61.964100
Lyn,94.407500,61.964100,95.370146,61.952415
Lyn,95.370146,61.952415,96.332425,61.940746
Lyn,96.332425,61.940746,97.294338,61.929095
Lyn,97.294338,61.929095,98.255886,61.917467
Lyn,98.255886,61.917467,99.217070,61.905864
Lyn,99.217070,61.905864,100.177891,61.894291
Lyn,100.177891,61.894291,101.138351,61.882749
Lyn,101.138351,61.882749,102.098451,61.871242
Lyn,102.098451,61.871242,103.058194,61.859774
Lyn,103.058194,61.859774,104.017580,61.848347
Lyn,104.017580,61.848347,104.976612,61.836966
Lyn,104.976612,61.836966,105.935292,61.825632
Lyn,105.935292,61.825632,106.893621,61.814349
Lyn,106.893621,61.814349,107.851601,61.803121
Lyn,107.851600,61.803100,107.800886,60.803409
Lyn,107.800886,60.803409,107.753243,59.803699
Lyn,107.753200,59.803700,108.713753,59.792496
Lyn,108.713753,59.792496,109.673987,59.781352
Lyn,109.673987,59.781352,110.633905,59.770272
Lyn,110.633905,59.770272,111.593507,59.759258
Lyn,111.593507,59.759258,112.552798,59.748314
Lyn,112.552798,59.748314,113.511779,59.737444
Lyn,113.511779,59.737444,114.470452,59.726649
Lyn,114.470452,59.726649,115.428821,59.715933
Lyn,115.428821,59.715933,116.386888,59.705299
Lyn,116.386888,59.705299,117.344655,59.694749
Lyn,117.344655,59.694749,118.302125,59.684288
Lyn,118.302125,59.684288,119.259302,59.673916
Lyn,119.259302,59.673916,120.216188,59.663639
Lyn,120.216188,59.663639,121.172786,59.653458
Lyn,121.172786,59.653458,122.129099,59.643375
Lyn,122.129100,59.643400,123.082772,59.633444
Lyn,123.082772,59.633444,124.036166,59.623593
Lyn,124.036166,59.623593,124.989287,59.613848
Lyn,124.989287,59.613848,125.942138,59.604212
Lyn,125.942138,59.604212,126.894721,59.594689
Lyn,126.894721,59.594689,127.847040,59.585281
Lyn,127.847040,59.585281,128.799100,59.575990
Lyn,128.799100,59.576000,128.764930,58.647591
Lyn,128.764930,58.647591,128.732530,57.719174
Lyn,128.732530,57.719174,128.701751,56.790749
Lyn,128.701751,56.790749,128.672459,55.862317
Lyn,128.672459,55.862317,128.644534,54.933878
Lyn,128.644534,54.933878,128.617870,54.005433
Lyn,128.617870,54.005433,128.592370,53.076982
Lyn,128.592370,53.076982,128.567947,52.148526
Lyn,128.567947,52.148526,128.544521,51.220065
Lyn,128.544521,51.220065,128.522021,50.291600
Lyn,128.522021,50.291600,128.500383,49.363131
Lyn,128.500383,49.363131,128.479547,48.434658
Lyn,128.479547,48.434658,128.459459,47.506181
Lyn,128.459459,47.506181,128.440070,46.577700
Lyn,128.440100,46.577700,129.370104,46.568738
Lyn,129.370104,46.568738,130.299957,46.559891
Lyn,130.299957,46.559891,131.229663,46.551162
Lyn,131.229663,46.551162,132.159222,46.542552
Lyn,132.159222,46.542552,133.088637,46.534065
Lyn,133.088637,46.534065,134.017911,46.525701
Lyn,134.017911,46.525701,134.947044,46.517465
Lyn,134.947044,46.517465,135.876041,46.509357
Lyn,135.876041,46.509357,136.804902,46.501379
Lyn,136.804902,46.501379,137.733631,46.493535
Lyn,137.733631,46.493535,138.662229,46.485825
Lyn,138.662229,46.485825,139.590699,46.478253
Lyn,139.590700,46.478300,139.576711,45.645021
Lyn,139.576711,45.645021,139.563132,44.811739
Lyn,139.563132,44.811739,139.549940,43.978457
Lyn,139.549940,43.978457,139.537113,43.145173
Lyn,139.537113,43.145173,139.524632,42.311887
Lyn,139.524632,42.311887,139.512476,41.478600
Lyn,139.512500,41.478600,140.398017,41.471506
Lyn,140.398017,41.471506,141.283439,41.464540
Lyn,141.283439,41.464540,142.168769,41.457702
Lyn,142.168769,41.457702,143.054008,41.450996
Lyn,143.054008,41.450996,143.939158,41.444423
Lyn,143.939158,41.444423,144.824222,41.437983
Lyn,144.824222,41.437983,145.709200,41.431679
Lyn,145.709200,41.431700,145.699906,40.681734
Lyn,145.699906,40.681734,145.690818,39.931768
Lyn,145.690818,39.931768,145.681927,39.181801
Lyn,145.682000,39.181800,144.855443,39.187684
Lyn,144.855443,39.187684,144.028817,39.193685
Lyn,144.028817,39.193685,143.202121,39.199804
Lyn,143.202121,39.199804,142.375354,39.206039
Lyn,142.375354,39.206039,141.548514,39.212388
Lyn,141.548514,39.212388,140.721601,39.218850
Lyn,140.721600,39.218800,140.710021,38.325989
Lyn,140.710021,38.325989,140.698725,37.433177
Lyn,140.698725,37.433177,140.687694,36.540363
Lyn,140.687694,36.540363,140.676916,35.647549
Lyn,140.676916,35.647549,140.666376,34.754734
Lyn,140.666376,34.754734,140.656061,33.861917
Lyn,140.656061,33.861917,140.645960,32.969100
Lyn,140.646000,32.969100,139.665130,32.976909
Lyn,139.665130,32.976909,138.684174,32.984873
Lyn,138.684174,32.984873,137.703130,32.992989
Lyn,137.703130,32.992989,136.721997,33.001255
Lyn,136.721997,33.001255,135.740773,33.009669
Lyn,135.740773,33.009669,134.759457,33.018227
Lyn,134.759457,33.018227,133.778046,33.026928
Lyn,133.778046,33.026928,132.796539,33.035769
Lyn,132.796539,33.035769,131.814935,33.044748
Lyn,131.814935,33.044748,130.833232,33.053861
Lyn,130.833232,33.053861,129.851428,33.063106
Lyn,129.851428,33.063106,128.869522,33.072481
Lyn,128.869522,33.072481,127.887513,33.081982
Lyn,127.887513,33.081982,126.905398,33.091608
Lyn,126.905398,33.091608,125.923177,33.101354
Lyn,125.923177,33.101354,124.940848,33.111219
Lyn,124.940848,33.111219,123.958410,33.121199
Lyn,123.958410,33.121199,122.975861,33.131292
Lyn,122.975861,33.131292,121.993200,33.141494
Lyn,121.993200,33.141500,121.059581,33.151290
Lyn,121.059581,33.151290,120.125859,33.161175
Lyn,120.125859,33.161175,119.192032,33.171149
Lyn,119.192032,33.171149,118.258100,33.181213
Lyn,118.258100,33.181200,118.268477,33.847834
Lyn,118.268477,33.847834,118.279018,34.514467
Lyn,118.279018,34.514467,118.289729,35.181100
Lyn,118.289700,35.181100,117.335173,35.191472
Lyn,117.335173,35.191472,116.380525,35.201931
Lyn,116.380525,35.201931,115.425755,35.212474
Lyn,115.425755,35.212474,114.470861,35.223098
Lyn,114.470861,35.223098,113.515844,35.233799
Lyn,113.515844,35.233799,112.560701,35.244576
Lyr,284.277200,25.664100,284.269908,26.164100
Lyr,284.269900,26.164100,283.331209,26.153002
Lyr,283.331209,26.153002,282.392607,26.141864
Lyr,282.392607,26.141864,281.454096,26.130689
Lyr,281.454096,26.130689,280.515676,26.119479
Lyr,280.515676,26.119479,279.577346,26.108237
Lyr,279.577346,26.108237,278.639106,26.096967
Lyr,278.639106,26.096967,277.700958,26.085672
Lyr,277.700958,26.085672,276.762901,26.074354
Lyr,276.762900,26.074400,276.747803,27.074303
Lyr,276.747803,27.074303,276.732433,28.074204
Lyr,276.732433,28.074204,276.716775,29.074103
Lyr,276.716775,29.074103,276.700810,30.074000
Lyr,276.700800,30.074000,275.741887,30.062409
Lyr,275.741887,30.062409,274.783088,30.050802
Lyr,274.783088,30.050802,273.824400,30.039181
Lyr,273.824400,30.039200,273.808510,31.011324
Lyr,273.808510,31.011324,273.792292,31.983446
Lyr,273.792292,31.983446,273.775727,32.955566
Lyr,273.775727,32.955566,273.758793,33.927684
Lyr,273.758793,33.927684,273.741469,34.899799
Lyr,273.741469,34.899799,273.723729,35.871912
Lyr,273.723729,35.871912,273.705548,36.844022
Lyr,273.705548,36.844022,273.686900,37.816130
Lyr,273.686900,37.816130,273.667753,38.788234
Lyr,273.667753,38.788234,273.648077,39.760335
Lyr,273.648077,39.760335,273.627838,40.732433
Lyr,273.627838,40.732433,273.606999,41.704527
Lyr,273.606999,41.704527,273.585519,42.676617
Lyr,273.585519,42.676617,273.563357,43.648703
Lyr,273.563357,43.648703,273.540465,44.620785
Lyr,273.540465,44.620785,273.516794,45.592862
Lyr,273.516794,45.592862,273.492289,46.564933
Lyr,273.492289,46.564933,273.466889,47.537000
Lyr,273.466900,47.537000,274.342400,47.547614
Lyr,274.342400,47.547600,275.324006,47.559486
Lyr,275.324006,47.559486,276.305836,47.571355
Lyr,276.305836,47.571355,277.287888,47.583205
Lyr,277.287888,47.583205,278.270163,47.595031
Lyr,278.270163,47.595031,279.252661,47.606832
Lyr,279.252661,47.606832,280.235381,47.618602
Lyr,280.235381,47.618602,281.218322,47.630338
Lyr,281.218322,47.630338,282.201485,47.642038
Lyr,282.201485,47.642038,283.184869,47.653697
Lyr,283.184869,47.653697,284.168473,47.665313
Lyr,284.168473,47.665313,285.152297,47.676881
Lyr,285.152297,47.676881,286.136340,47.688398
Lyr,286.136340,47.688398,287.120601,47.699862
Lyr,287.120600,47.699900,287.748006,47.707176
Lyr,287.748006,47.707176,288.375499,47.714428
Lyr,288.375500,47.714400,288.395577,46.914506
Lyr,288.395577,46.914506,288.415063,46.114609
Lyr,288.415063,46.114609,288.433992,45.314709
Lyr,288.433992,45.314709,288.452394,44.514806
Lyr,288.452394,44.514806,288.470297,43.714900
Lyr,288.470300,43.714900,289.348377,43.725003
Lyr,289.348377,43.725003,290.226604,43.735055
Lyr,290.226604,43.735055,291.104978,43.745052
Lyr,291.104978,43.745052,291.983500,43.754993
Lyr,291.983500,43.755000,292.004767,42.755124
Lyr,292.004767,42.755124,292.025359,41.755245
Lyr,292.025359,41.755245,292.045320,40.755362
Lyr,292.045320,40.755362,292.064688,39.755476
Lyr,292.064688,39.755476,292.083503,38.755586
Lyr,292.083503,38.755586,292.101797,37.755694
Lyr,292.101797,37.755694,292.119603,36.755799
Lyr,292.119700,36.755800,291.492600,36.748710
Lyr,291.492600,36.748700,291.508790,35.820220
Lyr,291.508790,35.820220,291.524606,34.891738
Lyr,291.524606,34.891738,291.540068,33.963254
Lyr,291.540068,33.963254,291.555196,33.034768
Lyr,291.555196,33.034768,291.570009,32.106280
Lyr,291.570009,32.106280,291.584524,31.177791
Lyr,291.584524,31.177791,291.598756,30.249300
Lyr,291.598800,30.249300,290.847017,30.240761
Lyr,290.847017,30.240761,290.095300,30.232182
Lyr,290.095300,30.232200,290.107964,29.398935
Lyr,290.107964,29.398935,290.120422,28.565668
Lyr,290.120422,28.565668,290.132685,27.732401
Lyr,290.132600,27.732400,290.147070,26.732501
Lyr,290.147070,26.732501,290.161288,25.732600
Lyr,290.161300,25.732600,289.180380,25.721344
Lyr,289.180380,25.721344,288.199554,25.710024
Lyr,288.199554,25.710024,287.218823,25.698643
Lyr,287.218823,25.698643,286.238186,25.687204
Lyr,286.238186,25.687204,285.257645,25.675711
Lyr,285.257645,25.675711,284.277199,25.664168
Men,109.019700,-85.261400,107.983557,-85.249918
Men,107.983557,-85.249918,106.950021,-85.238372
Men,106.950021,-85.238372,105.919087,-85.226766
Men,105.919087,-85.226766,104.890749,-85.215103
Men,104.890749,-85.215103,103.865000,-85.203388
Men,103.865000,-85.203388,102.841833,-85.191623
Men,102.841833,-85.191623,101.821238,-85.179814
Men,101.821238,-85.179814,100.803207,-85.167964
Men,100.803207,-85.167964,99.787728,-85.156077
Men,99.787728,-85.156077,98.774790,-85.144157
Men,98.774790,-85.144157,97.764382,-85.132207
Men,97.764382,-85.132207,96.756491,-85.120231
Men,96.756491,-85.120231,95.751102,-85.108233
Men,95.751102,-85.108233,94.748202,-85.096217
Men,94.748202,-85.096217,93.747776,-85.084187
Men,93.747776,-85.084187,92.749808,-85.072145
Men,92.749808,-85.072145,91.754282,-85.060097
Men,91.754282,-85.060097,90.761182,-85.048045
Men,90.761182,-85.048045,89.770489,-85.035993
Men,89.770489,-85.035993,88.782186,-85.023945
Men,88.782186,-85.023945,87.796255,-85.011904
Men,87.796255,-85.011904,86.812676,-84.999875
Men,86.812676,-84.999875,85.831430,-84.987859
Men,85.831430,-84.987859,84.852498,-84.975861
Men,84.852498,-84.975861,83.875858,-84.963885
Men,83.875858,-84.963885,82.901490,-84.951934
Men,82.901490,-84.951934,81.929374,-84.940010
Men,81.929374,-84.940010,80.959487,-84.928118
Men,80.959487,-84.928118,79.991808,-84.916261
Men,79.991808,-84.916261,79.026314,-84.904442
Men,79.026314,-84.904442,78.062983,-84.892664
Men,78.062983,-84.892664,77.101793,-84.880931
Men,77.101793,-84.880931,76.142719,-84.869246
Men,76.142719,-84.869246,75.185740,-84.857612
Men,75.185740,-84.857612,74.230830,-84.846032
Men,74.230830,-84.846032,73.277967,-84.834509
Men,73.277967,-84.834509,72.327126,-84.823047
Men,72.327126,-84.823047,71.378283,-84.811648
Men,71.378283,-84.811648,70.431414,-84.800315
Men,70.431414,-84.800315,69.486493,-84.789051
Men,69.486493,-84.789051,68.543497,-84.777859
Men,68.543497,-84.777859,67.602401,-84.766743
Men,67.602401,-84.766743,66.663178,-84.755704
Men,66.663178,-84.755704,65.725805,-84.744747
Men,65.725805,-84.744747,64.790256,-84.733872
Men,64.790256,-84.733872,63.856504,-84.723084
Men,63.856504,-84.723084,62.924526,-84.712385
Men,62.924526,-84.712385,61.994295,-84.701777
Men,61.994295,-84.701777,61.065786,-84.691264
Men,61.065786,-84.691264,60.138973,-84.680847
Men,60.138973,-84.680847,59.213830,-84.670530
Men,59.213830,-84.670530,58.290331,-84.660314
Men,58.290331,-84.660314,57.368451,-84.650203
Men,57.368451,-84.650203,56.448164,-84.640199
Men,56.448164,-84.640199,55.529443,-84.630303
Men,55.529443,-84.630303,54.612263,-84.620519
Men,54.612263,-84.620519,53.696597,-84.610849
Men,53.696597,-84.610849,52.782420,-84.601296
Men,52.782420,-84.601296,51.869707,-84.591860
Men,51.869707,-84.591860,50.958430,-84.582545
Men,50.958430,-84.582545,50.048564,-84.573353
Men,50.048564,-84.573353,49.140082,-84.564285
Men,49.140082,-84.564285,48.232960,-84.555345
Men,48.232900,-84.555400,49.015702,-83.725898
Men,49.015702,-83.725898,49.616237,-82.895504
Men,49.616237,-82.895504,50.091609,-82.064499
Men,50.091700,-82.064500,50.520623,-81.129083
Men,50.520623,-81.129083,50.868287,-80.193269
Men,50.868287,-80.193269,51.155908,-79.257162
Men,51.155908,-79.257162,51.397912,-78.320832
Men,51.397912,-78.320832,51.604448,-77.384330
Men,51.604448,-77.384330,51.782867,-76.447691
Men,51.782867,-76.447691,51.938620,-75.510941
Men,51.938620,-75.510941,52.075834,-74.574100
Men,52.075800,-74.574100,53.005540,-74.583218
Men,53.005540,-74.583218,53.935805,-74.592452
Men,53.935805,-74.592452,54.866601,-74.601799
Men,54.866601,-74.601799,55.797936,-74.611257
Men,55.797936,-74.611257,56.729817,-74.620823
Men,56.729817,-74.620823,57.662252,-74.630495
Men,57.662252,-74.630495,58.595247,-74.640271
Men,58.595247,-74.640271,59.528809,-74.650147
Men,59.528809,-74.650147,60.462946,-74.660121
Men,60.462946,-74.660121,61.397665,-74.670191
Men,61.397665,-74.670191,62.332971,-74.680354
Men,62.332971,-74.680354,63.268871,-74.690608
Men,63.268871,-74.690608,64.205373,-74.700949
Men,64.205373,-74.700949,65.142481,-74.711375
Men,65.142481,-74.711375,66.080203,-74.721883
Men,66.080203,-74.721883,67.018544,-74.732471
Men,67.018544,-74.732471,67.957511,-74.743136
Men,67.957500,-74.743200,68.087572,-73.910599
Men,68.087572,-73.910599,68.205165,-73.077926
Men,68.205165,-73.077926,68.312035,-72.245192
Men,68.312035,-72.245192,68.409623,-71.412406
Men,68.409623,-71.412406,68.499124,-70.579573
Men,68.499124,-70.579573,68.581537,-69.746700
Men,68.581500,-69.746700,69.569235,-69.757986
Men,69.569235,-69.757986,70.557493,-69.769347
Men,70.557493,-69.769347,71.546277,-69.780782
Men,71.546277,-69.780782,72.535592,-69.792285
Men,72.535592,-69.792285,73.525441,-69.803854
Men,73.525441,-69.803854,74.515830,-69.815485
Men,74.515830,-69.815485,75.506761,-69.827176
Men,75.506761,-69.827176,76.498239,-69.838922
Men,76.498239,-69.838922,77.490266,-69.850719
Men,77.490266,-69.850719,78.482847,-69.862565
Men,78.482847,-69.862565,79.475984,-69.874456
Men,79.475984,-69.874456,80.469680,-69.886389
Men,80.469680,-69.886389,81.463939,-69.898359
Men,81.463939,-69.898359,82.458762,-69.910363
Men,82.458762,-69.910363,83.454154,-69.922399
Men,83.454154,-69.922399,84.450115,-69.934461
Men,84.450115,-69.934461,85.446649,-69.946546
Men,85.446649,-69.946546,86.443757,-69.958651
Men,86.443757,-69.958651,87.441442,-69.970772
Men,87.441442,-69.970772,88.439705,-69.982906
Men,88.439705,-69.982906,89.438547,-69.995048
Men,89.438547,-69.995048,90.437971,-70.007195
Men,90.437971,-70.007195,91.437977,-70.019344
Men,91.437977,-70.019344,92.438567,-70.031490
Men,92.438567,-70.031490,93.439741,-70.043631
Men,93.439741,-70.043631,94.441501,-70.055761
Men,94.441501,-70.055761,95.443846,-70.067878
Men,95.443846,-70.067878,96.446777,-70.079978
Men,96.446777,-70.079978,97.450295,-70.092057
Men,97.450295,-70.092057,98.454399,-70.104111
Men,98.454400,-70.104100,98.345703,-71.103448
Men,98.345703,-71.103448,98.225334,-72.102726
Men,98.225334,-72.102726,98.091220,-73.101922
Men,98.091220,-73.101922,97.940769,-74.101020
Men,97.940769,-74.101020,97.770696,-75.100000
Men,97.770700,-75.100000,98.732180,-75.111515
Men,98.732180,-75.111515,99.694390,-75.123003
Men,99.694390,-75.123003,100.657332,-75.134460
Men,100.657332,-75.134460,101.621005,-75.145885
Men,101.621005,-75.145885,102.585407,-75.157272
Men,102.585407,-75.157272,103.550540,-75.168620
Men,103.550540,-75.168620,104.516400,-75.179924
Men,104.516400,-75.179924,105.482988,-75.191182
Men,105.482988,-75.191182,106.450302,-75.202391
Men,106.450302,-75.202391,107.418340,-75.213546
Men,107.418340,-75.213546,108.387101,-75.224646
Men,108.387101,-75.224646,109.356582,-75.235686
Men,109.356582,-75.235686,110.326781,-75.246663
Men,110.326781,-75.246663,111.297696,-75.257575
Men,111.297696,-75.257575,112.269323,-75.268417
Men,112.269323,-75.268417,113.241660,-75.279188
Men,113.241660,-75.279188,114.214703,-75.289884
Men,114.214700,-75.289900,114.045094,-76.226476
Men,114.045094,-76.226476,113.851251,-77.162919
Men,113.851251,-77.162919,113.627453,-78.099198
Men,113.627453,-78.099198,113.366033,-79.035271
Men,113.366033,-79.035271,113.056467,-79.971080
Men,113.056467,-79.971080,112.683908,-80.906544
Men,112.683908,-80.906544,112.226724,-81.841544
Men,112.226724,-81.841544,111.652125,-82.775900
Men,111.652100,-82.775900,111.001294,-83.605647
Men,111.001294,-83.605647,110.157461,-84.434333
Men,110.157461,-84.434333,109.019809,-85.261401
Mic,306.898000,-27.591300,307.894139,-27.581546
Mic,307.894139,-27.581546,308.890192,-27.571920
Mic,308.890192,-27.571920,309.886159,-27.562424
Mic,309.886159,-27.562424,310.882043,-27.553061
Mic,310.882043,-27.553061,311.877844,-27.543834
Mic,311.877844,-27.543834,312.873563,-27.534746
Mic,312.873563,-27.534746,313.869202,-27.525799
Mic,313.869202,-27.525799,314.864763,-27.516996
Mic,314.864763,-27.516996,315.860246,-27.508340
Mic,315.860246,-27.508340,316.855654,-27.499834
Mic,316.855654,-27.499834,317.850986,-27.491479
Mic,317.850986,-27.491479,318.846246,-27.483279
Mic,318.846246,-27.483279,319.841433,-27.475236
Mic,319.841433,-27.475236,320.836551,-27.467352
Mic,320.836551,-27.467352,321.831599,-27.459630
Mic,321.831600,-27.459700,321.841442,-28.459659
Mic,321.841442,-28.459659,321.851473,-29.459617
Mic,321.851473,-29.459617,321.861703,-30.459575
Mic,321.861703,-30.459575,321.872145,-31.459531
Mic,321.872145,-31.459531,321.882812,-32.459487
Mic,321.882812,-32.459487,321.893720,-33.459442
Mic,321.893720,-33.459442,321.904881,-34.459396
Mic,321.904881,-34.459396,321.916314,-35.459349
Mic,321.916314,-35.459349,321.928034,-36.459301
Mic,321.928100,-36.459300,321.939450,-37.403705
Mic,321.939450,-37.403705,321.951090,-38.348109
Mic,321.951090,-38.348109,321.963037,-39.292512
Mic,321.963037,-39.292512,321.975311,-40.236914
Mic,321.975311,-40.236914,321.987933,-41.181314
Mic,321.987933,-41.181314,322.000923,-42.125713
Mic,322.000923,-42.125713,322.014307,-43.070110
Mic,322.014307,-43.070110,322.028110,-44.014506
Mic,322.028110,-44.014506,322.042360,-44.958900
Mic,322.042300,-44.958900,321.051770,-44.966587
Mic,321.051770,-44.966587,320.061108,-44.974436
Mic,320.061108,-44.974436,319.070312,-44.982444
Mic,319.070312,-44.982444,318.079379,-44.990608
Mic,318.079379,-44.990608,317.088306,-44.998927
Mic,317.088306,-44.998927,316.097090,-45.007398
Mic,316.097090,-45.007398,315.105729,-45.016018
Mic,315.105729,-45.016018,314.114220,-45.024785
Mic,314.114220,-45.024785,313.122560,-45.033697
Mic,313.122560,-45.033697,312.130747,-45.042749
Mic,312.130747,-45.042749,311.138779,-45.051941
Mic,311.138779,-45.051941,310.146653,-45.061269
Mic,310.146653,-45.061269,309.154366,-45.070731
Mic,309.154366,-45.070731,308.161916,-45.080322
Mic,308.161916,-45.080322,307.169301,-45.090042
Mic,307.169300,-45.090000,307.150400,-44.117869
Mic,307.150400,-44.117869,307.132112,-43.145735
Mic,307.132112,-43.145735,307.114396,-42.173598
Mic,307.114396,-42.173598,307.097217,-41.201458
Mic,307.097217,-41.201458,307.080541,-40.229316
Mic,307.080541,-40.229316,307.064337,-39.257172
Mic,307.064337,-39.257172,307.048576,-38.285025
Mic,307.048576,-38.285025,307.033231,-37.312876
Mic,307.033231,-37.312876,307.018279,-36.340726
Mic,307.018279,-36.340726,307.003695,-35.368573
Mic,307.003695,-35.368573,306.989458,-34.396419
Mic,306.989458,-34.396419,306.975549,-33.424264
Mic,306.975549,-33.424264,306.961947,-32.452106
Mic,306.961947,-32.452106,306.948636,-31.479948
Mic,306.948636,-31.479948,306.935599,-30.507788
Mic,306.935599,-30.507788,306.922819,-29.535626
Mic,306.922819,-29.535626,306.910283,-28.563464
Mic,306.910283,-28.563464,306.897977,-27.591300
Mon,95.225700,-0.053700,95.237814,0.946221
Mon,95.237814,0.946221,95.249934,1.946141
Mon,95.249934,1.946141,95.262069,2.946062
Mon,95.262069,2.946062,95.274226,3.945982
Mon,95.274226,3.945982,95.286412,4.945902
Mon,95.286412,4.945902,95.298635,5.945823
Mon,95.298635,5.945823,95.310903,6.945742
Mon,95.310903,6.945742,95.323222,7.945662
Mon,95.323222,7.945662,95.335602,8.945581
Mon,95.335602,8.945581,95.348051,9.945499
Mon,95.348000,9.945500,96.347700,9.933399
Mon,96.347700,9.933400,96.356028,10.600034
Mon,96.356028,10.600034,96.364392,11.266667
Mon,96.364392,11.266667,96.372795,11.933300
Mon,96.372800,11.933300,97.309973,11.921974
Mon,97.309973,11.921974,98.247106,11.910669
Mon,98.247106,11.910669,99.184202,11.899388
Mon,99.184202,11.899388,100.121258,11.888134
Mon,100.121258,11.888134,101.058277,11.876911
Mon,101.058277,11.876911,101.995257,11.865720
Mon,101.995257,11.865720,102.932199,11.854566
Mon,102.932199,11.854566,103.869104,11.843451
Mon,103.869104,11.843451,104.805971,11.832378
Mon,104.805971,11.832378,105.742801,11.821350
Mon,105.742800,11.821300,105.730583,10.821401
Mon,105.730583,10.821401,105.718448,9.821501
Mon,105.718500,9.821500,106.218204,9.815637
Mon,106.218204,9.815637,106.717900,9.809788
Mon,106.717900,9.809800,106.707093,8.909860
Mon,106.707093,8.909860,106.696339,8.009921
Mon,106.696339,8.009921,106.685633,7.109980
Mon,106.685633,7.109980,106.674968,6.210040
Mon,106.674968,6.210040,106.664340,5.310100
Mon,106.664300,5.310100,106.914300,5.307179
Mon,106.914300,5.307200,106.904891,4.507240
Mon,106.904891,4.507240,106.895502,3.707280
Mon,106.895502,3.707280,106.886130,2.907320
Mon,106.886130,2.907320,106.876772,2.107360
Mon,106.876772,2.107360,106.867423,1.307400
Mon,106.867400,1.307400,107.783903,1.296724
Mon,107.783903,1.296724,108.700403,1.286100
Mon,108.700403,1.286100,109.616899,1.275531
Mon,109.616900,1.275600,109.608272,0.525650
Mon,109.608272,0.525650,109.599647,-0.224299
Mon,109.599700,-0.224300,110.546068,-0.235154
Mon,110.546068,-0.235154,111.492437,-0.245943
Mon,111.492437,-0.245943,112.438808,-0.256665
Mon,112.438808,-0.256665,113.385180,-0.267317
Mon,113.385180,-0.267317,114.331554,-0.277897
Mon,114.331554,-0.277897,115.277929,-0.288400
Mon,115.277929,-0.288400,116.224307,-0.298825
Mon,116.224307,-0.298825,117.170686,-0.309168
Mon,117.170686,-0.309168,118.117067,-0.319427
Mon,118.117067,-0.319427,119.063449,-0.329599
Mon,119.063449,-0.329599,120.009834,-0.339680
Mon,120.009834,-0.339680,120.956221,-0.349670
Mon,120.956221,-0.349670,121.902610,-0.359563
Mon,121.902610,-0.359563,122.849000,-0.369359
Mon,122.849000,-0.369400,122.838700,-1.369346
Mon,122.838700,-1.369346,122.828392,-2.369292
Mon,122.828392,-2.369292,122.818069,-3.369238
Mon,122.818069,-3.369238,122.807724,-4.369184
Mon,122.807724,-4.369184,122.797352,-5.369130
Mon,122.797352,-5.369130,122.786946,-6.369076
Mon,122.786946,-6.369076,122.776499,-7.369021
Mon,122.776499,-7.369021,122.766005,-8.368966
Mon,122.766005,-8.368966,122.755456,-9.368911
Mon,122.755456,-9.368911,122.744847,-10.368855
Mon,122.744847,-10.368855,122.734170,-11.368800
Mon,122.734200,-11.368800,121.755761,-11.358671
Mon,121.755761,-11.358671,120.777358,-11.348438
Mon,120.777358,-11.348438,119.798992,-11.338103
Mon,119.798992,-11.338103,118.820662,-11.327670
Mon,118.820662,-11.327670,117.842369,-11.317142
Mon,117.842369,-11.317142,116.864113,-11.306522
Mon,116.864113,-11.306522,115.885894,-11.295812
Mon,115.885894,-11.295812,114.907714,-11.285017
Mon,114.907714,-11.285017,113.929571,-11.274139
Mon,113.929571,-11.274139,112.951466,-11.263181
Mon,112.951466,-11.263181,111.973399,-11.252147
Mon,111.973400,-11.252100,110.985787,-11.240884
Mon,110.985787,-11.240884,109.998214,-11.229596
Mon,109.998214,-11.229596,109.010680,-11.218240
Mon,109.010680,-11.218240,108.023186,-11.206820
Mon,108.023186,-11.206820,107.035732,-11.195338
Mon,107.035732,-11.195338,106.048318,-11.183799
Mon,106.048318,-11.183799,105.060944,-11.172205
Mon,105.060944,-11.172205,104.073610,-11.160561
Mon,104.073610,-11.160561,103.086316,-11.148869
Mon,103.086316,-11.148869,102.099062,-11.137133
Mon,102.099062,-11.137133,101.111849,-11.125357
Mon,101.111849,-11.125357,100.124677,-11.113543
Mon,100.124677,-11.113543,99.137544,-11.101697
Mon,99.137544,-11.101697,98.150453,-11.089820
Mon,98.150453,-11.089820,97.163402,-11.077917
Mon,97.163402,-11.077917,96.176391,-11.065991
Mon,96.176391,-11.065991,95.189420,-11.054045
Mon,95.189420,-11.054045,94.202491,-11.042084
Mon,94.202491,-11.042084,93.215601,-11.030111
Mon,93.215600,-11.030200,92.365580,-11.019880
Mon,92.365580,-11.019880,91.515590,-11.009555
Mon,91.515590,-11.009555,90.665630,-10.999229
Mon,90.665630,-10.999229,89.815700,-10.988903
Mon,89.815700,-10.988903,88.965799,-10.978579
Mon,88.965800,-10.978500,88.978359,-9.978587
Mon,88.978359,-9.978587,88.990841,-8.978673
Mon,88.990841,-8.978673,89.003255,-7.978759
Mon,89.003255,-7.978759,89.015608,-6.978845
Mon,89.015608,-6.978845,89.027908,-5.978930
Mon,89.027908,-5.978930,89.040164,-4.979015
Mon,89.040164,-4.979015,89.052382,-3.979100
Mon,89.052400,-3.979100,89.927323,-3.989727
Mon,89.927323,-3.989727,90.802257,-4.000357
Mon,90.802257,-4.000357,91.677203,-4.010987
Mon,91.677203,-4.010987,92.552159,-4.021615
Mon,92.552159,-4.021615,93.427128,-4.032237
Mon,93.427128,-4.032237,94.302108,-4.042852
Mon,94.302108,-4.042852,95.177099,-4.053457
Mon,95.177100,-4.053400,95.189260,-3.053475
Mon,95.189260,-3.053475,95.201397,-2.053550
Mon,95.201397,-2.053550,95.213519,-1.053625
Mon,95.213519,-1.053625,95.225633,-0.053699
Mus,170.084800,-64.684300,170.072286,-65.684282
Mus,170.072286,-65.684282,170.058767,-66.684262
Mus,170.058767,-66.684262,170.044106,-67.684242
Mus,170.044106,-67.684242,170.028143,-68.684220
Mus,170.028143,-68.684220,170.010685,-69.684196
Mus,170.010685,-69.684196,169.991499,-70.684170
Mus,169.991499,-70.684170,169.970302,-71.684143
Mus,169.970302,-71.684143,169.946746,-72.684112
Mus,169.946746,-72.684112,169.920396,-73.684079
Mus,169.920396,-73.684079,169.890703,-74.684042
Mus,169.890703,-74.684042,169.856969,-75.684000
Mus,169.857000,-75.684000,170.882532,-75.686155
Mus,170.882532,-75.686155,171.908214,-75.688100
Mus,171.908214,-75.688100,172.934031,-75.689835
Mus,172.934031,-75.689835,173.959969,-75.691358
Mus,173.959969,-75.691358,174.986010,-75.692670
Mus,174.986010,-75.692670,176.012141,-75.693770
Mus,176.012141,-75.693770,177.038344,-75.694657
Mus,177.038344,-75.694657,178.064605,-75.695331
Mus,178.064605,-75.695331,179.090908,-75.695793
Mus,179.090908,-75.695793,180.117237,-75.696042
Mus,180.117237,-75.696042,181.143577,-75.696077
Mus,181.143577,-75.696077,182.169911,-75.695899
Mus,182.169911,-75.695899,183.196225,-75.695508
Mus,183.196225,-75.695508,184.222501,-75.694904
Mus,184.222501,-75.694904,185.248726,-75.694087
Mus,185.248726,-75.694087,186.274882,-75.693058
Mus,186.274882,-75.693058,187.300955,-75.691817
Mus,187.300955,-75.691817,188.326929,-75.690363
Mus,188.326929,-75.690363,189.352788,-75.688699
Mus,189.352788,-75.688699,190.378516,-75.686823
Mus,190.378516,-75.686823,191.404100,-75.684738
Mus,191.404100,-75.684738,192.429522,-75.682443
Mus,192.429522,-75.682443,193.454768,-75.679940
Mus,193.454768,-75.679940,194.479823,-75.677229
Mus,194.479823,-75.677229,195.504671,-75.674311
Mus,195.504671,-75.674311,196.529298,-75.671187
Mus,196.529298,-75.671187,197.553688,-75.667858
Mus,197.553688,-75.667858,198.577827,-75.664325
Mus,198.577827,-75.664325,199.601700,-75.660590
Mus,199.601700,-75.660590,200.625293,-75.656654
Mus,200.625293,-75.656654,201.648591,-75.652517
Mus,201.648591,-75.652517,202.671580,-75.648182
Mus,202.671580,-75.648182,203.694246,-75.643650
Mus,203.694246,-75.643650,204.716574,-75.638922
Mus,204.716574,-75.638922,205.738552,-75.634000
Mus,205.738552,-75.634000,206.760164,-75.628885
Mus,206.760164,-75.628885,207.781398,-75.623580
Mus,207.781400,-75.623600,207.713756,-74.790438
Mus,207.713756,-74.790438,207.652982,-73.957257
Mus,207.652982,-73.957257,207.598059,-73.124061
Mus,207.598059,-73.124061,207.548161,-72.290852
Mus,207.548161,-72.290852,207.502610,-71.457631
Mus,207.502610,-71.457631,207.460845,-70.624400
Mus,207.460900,-70.624400,207.415126,-69.624539
Mus,207.415126,-69.624539,207.373461,-68.624667
Mus,207.373461,-68.624667,207.335353,-67.624786
Mus,207.335353,-67.624786,207.300345,-66.624896
Mus,207.300345,-66.624896,207.268055,-65.625000
Mus,207.268000,-65.625000,206.414647,-65.629445
Mus,206.414647,-65.629445,205.561145,-65.633753
Mus,205.561145,-65.633753,204.707501,-65.637925
Mus,204.707500,-65.637900,204.693645,-65.137901
Mus,204.693645,-65.137901,204.680302,-64.637900
Mus,204.680300,-64.637900,203.749889,-64.642289
Mus,203.749889,-64.642289,202.819326,-64.646512
Mus,202.819326,-64.646512,201.888617,-64.650570
Mus,201.888617,-64.650570,200.957768,-64.654460
Mus,200.957768,-64.654460,200.026785,-64.658181
Mus,200.026785,-64.658181,199.095674,-64.661733
Mus,199.095674,-64.661733,198.164439,-64.665115
Mus,198.164439,-64.665115,197.233089,-64.668325
Mus,197.233089,-64.668325,196.301628,-64.671363
Mus,196.301628,-64.671363,195.370062,-64.674228
Mus,195.370062,-64.674228,194.438399,-64.676919
Mus,194.438400,-64.677000,193.413470,-64.679759
Mus,193.413470,-64.679759,192.388437,-64.682305
Mus,192.388437,-64.682305,191.363309,-64.684639
Mus,191.363309,-64.684639,190.338094,-64.686759
Mus,190.338094,-64.686759,189.312800,-64.688665
Mus,189.312800,-64.688665,188.287437,-64.690356
Mus,188.287437,-64.690356,187.262012,-64.691831
Mus,187.262012,-64.691831,186.236533,-64.693090
Mus,186.236533,-64.693090,185.211010,-64.694132
Mus,185.211010,-64.694132,184.185450,-64.694958
Mus,184.185450,-64.694958,183.159862,-64.695567
Mus,183.159862,-64.695567,182.134254,-64.695958
Mus,182.134254,-64.695958,181.108636,-64.696132
Mus,181.108636,-64.696132,180.083015,-64.696089
Mus,180.083015,-64.696089,179.057400,-64.695828
Mus,179.057400,-64.695800,178.060286,-64.695338
Mus,178.060286,-64.695338,177.063194,-64.694671
Mus,177.063194,-64.694671,176.066131,-64.693798
Mus,176.066131,-64.693798,175.069105,-64.692721
Mus,175.069105,-64.692721,174.072124,-64.691439
Mus,174.072124,-64.691439,173.075195,-64.689953
Mus,173.075195,-64.689953,172.078326,-64.688264
Mus,172.078326,-64.688264,171.081526,-64.686371
Mus,171.081526,-64.686371,170.084800,-64.684276
Nor,232.549900,-60.435500,233.521968,-60.426284
Nor,233.521968,-60.426284,234.493755,-60.416949
Nor,234.493755,-60.416949,235.465256,-60.407497
Nor,235.465256,-60.407497,236.436469,-60.397930
Nor,236.436469,-60.397930,237.407390,-60.388252
Nor,237.407390,-60.388252,238.378017,-60.378465
Nor,238.378017,-60.378465,239.348346,-60.368572
Nor,239.348346,-60.368572,240.318374,-60.358577
Nor,240.318374,-60.358577,241.288100,-60.348481
Nor,241.288100,-60.348481,242.257520,-60.338288
Nor,242.257520,-60.338288,243.226631,-60.328000
Nor,243.226631,-60.328000,244.195432,-60.317622
Nor,244.195432,-60.317622,245.163920,-60.307155
Nor,245.163920,-60.307155,246.132093,-60.296603
Nor,246.132093,-60.296603,247.099948,-60.285969
Nor,247.099948,-60.285969,248.067484,-60.275255
Nor,248.067484,-60.275255,249.034698,-60.264466
Nor,249.034700,-60.264500,248.991979,-59.298073
Nor,248.991979,-59.298073,248.951618,-58.331632
Nor,248.951618,-58.331632,248.913405,-57.365179
Nor,248.913405,-57.365179,248.877155,-56.398716
Nor,248.877155,-56.398716,248.842699,-55.432242
Nor,248.842699,-55.432242,248.809891,-54.465759
Nor,248.809891,-54.465759,248.778596,-53.499268
Nor,248.778596,-53.499268,248.748697,-52.532769
Nor,248.748697,-52.532769,248.720086,-51.566262
Nor,248.720086,-51.566262,248.692665,-50.599749
Nor,248.692665,-50.599749,248.666349,-49.633230
Nor,248.666349,-49.633230,248.641056,-48.666705
Nor,248.641056,-48.666705,248.616716,-47.700175
Nor,248.616716,-47.700175,248.593262,-46.733639
Nor,248.593262,-46.733639,248.570634,-45.767100
Nor,248.570600,-45.767100,248.550784,-44.892205
Nor,248.550784,-44.892205,248.531561,-44.017306
Nor,248.531561,-44.017306,248.512898,-43.142405
Nor,248.512898,-43.142405,248.494761,-42.267500
Nor,248.494800,-42.267500,247.589234,-42.277603
Nor,247.589234,-42.277603,246.683521,-42.287637
Nor,246.683521,-42.287637,245.777664,-42.297600
Nor,245.777664,-42.297600,244.871662,-42.307491
Nor,244.871662,-42.307491,243.965516,-42.317305
Nor,243.965516,-42.317305,243.059229,-42.327041
Nor,243.059229,-42.327041,242.152800,-42.336697
Nor,242.152800,-42.336700,241.147499,-42.347310
Nor,241.147499,-42.347310,240.142027,-42.357814
Nor,240.142027,-42.357814,239.136385,-42.368210
Nor,239.136385,-42.368210,238.130576,-42.378493
Nor,238.130576,-42.378493,237.124601,-42.388662
Nor,237.124600,-42.388600,237.140608,-43.245665
Nor,237.140608,-43.245665,237.157073,-44.102727
Nor,237.157073,-44.102727,237.174022,-44.959787
Nor,237.174022,-44.959787,237.191486,-45.816845
Nor,237.191486,-45.816845,237.209495,-46.673900
Nor,237.209495,-46.673900,237.228085,-47.530951
Nor,237.228085,-47.530951,237.247293,-48.388000
Nor,237.247300,-48.388000,236.407628,-48.396396
Nor,236.407628,-48.396396,235.567817,-48.404708
Nor,235.567817,-48.404708,234.727867,-48.412935
Nor,234.727867,-48.412935,233.887780,-48.421074
Nor,233.887780,-48.421074,233.047557,-48.429124
Nor,233.047557,-48.429124,232.207200,-48.437084
Nor,232.207200,-48.437100,232.229021,-49.436995
Nor,232.229021,-49.436995,232.251751,-50.436886
Nor,232.251751,-50.436886,232.275461,-51.436773
Nor,232.275461,-51.436773,232.300233,-52.436654
Nor,232.300233,-52.436654,232.326156,-53.436530
Nor,232.326156,-53.436530,232.353328,-54.436401
Nor,232.353400,-54.436400,231.494397,-54.444439
Nor,231.494397,-54.444439,230.635223,-54.452380
Nor,230.635223,-54.452380,229.775881,-54.460221
Nor,229.775881,-54.460221,228.916373,-54.467961
Nor,228.916373,-54.467961,228.056700,-54.475597
Nor,228.056700,-54.475600,228.069924,-54.975551
Nor,228.069924,-54.975551,228.083481,-55.475500
Nor,228.083500,-55.475500,228.943525,-55.467861
Nor,228.943525,-55.467861,229.803380,-55.460118
Nor,229.803380,-55.460118,230.663062,-55.452274
Nor,230.663062,-55.452274,231.522569,-55.444330
Nor,231.522569,-55.444330,232.381900,-55.436287
Nor,232.381900,-55.436300,232.411915,-56.436157
Nor,232.411915,-56.436157,232.443551,-57.436006
Nor,232.443551,-57.436006,232.476966,-58.435847
Nor,232.476966,-58.435847,232.512334,-59.435679
Nor,232.512334,-59.435679,232.549856,-60.435500
Oct,1.533400,-81.804000,2.440358,-81.804249
Oct,2.440358,-81.804249,3.347350,-81.804689
Oct,3.347350,-81.804689,4.254395,-81.805319
Oct,4.254395,-81.805319,5.161512,-81.806139
Oct,5.161512,-81.806139,6.068721,-81.807149
Oct,6.068721,-81.807149,6.976039,-81.808348
Oct,6.976039,-81.808348,7.883487,-81.809738
Oct,7.883487,-81.809738,8.791083,-81.811316
Oct,8.791083,-81.811316,9.698846,-81.813083
Oct,9.698846,-81.813083,10.606795,-81.815039
Oct,10.606795,-81.815039,11.514948,-81.817182
Oct,11.514948,-81.817182,12.423326,-81.819513
Oct,12.423326,-81.819513,13.331946,-81.822031
Oct,13.331946,-81.822031,14.240828,-81.824735
Oct,14.240828,-81.824735,15.149991,-81.827625
Oct,15.149991,-81.827625,16.059453,-81.830700
Oct,16.059453,-81.830700,16.969234,-81.833959
Oct,16.969234,-81.833959,17.879352,-81.837402
Oct,17.879352,-81.837402,18.789827,-81.841028
Oct,18.789827,-81.841028,19.700676,-81.844835
Oct,19.700676,-81.844835,20.611920,-81.848823
Oct,20.611920,-81.848823,21.523577,-81.852992
Oct,21.523577,-81.852992,22.435665,-81.857340
Oct,22.435665,-81.857340,23.348204,-81.861866
Oct,23.348204,-81.861866,24.261212,-81.866568
Oct,24.261212,-81.866568,25.174708,-81.871447
Oct,25.174708,-81.871447,26.088712,-81.876501
Oct,26.088712,-81.876501,27.003241,-81.881728
Oct,27.003241,-81.881728,27.918315,-81.887128
Oct,27.918315,-81.887128,28.833952,-81.892699
Oct,28.833952,-81.892699,29.750171,-81.898439
Oct,29.750171,-81.898439,30.666991,-81.904348
Oct,30.666991,-81.904348,31.584430,-81.910424
Oct,31.584430,-81.910424,32.502507,-81.916666
Oct,32.502507,-81.916666,33.421241,-81.923072
Oct,33.421241,-81.923072,34.340649,-81.929640
Oct,34.340649,-81.929640,35.260752,-81.936370
Oct,35.260752,-81.936370,36.181567,-81.943259
Oct,36.181567,-81.943259,37.103112,-81.950305
Oct,37.103112,-81.950305,38.025407,-81.957508
Oct,38.025407,-81.957508,38.948469,-81.964865
Oct,38.948469,-81.964865,39.872316,-81.972374
Oct,39.872316,-81.972374,40.796968,-81.980034
Oct,40.796968,-81.980034,41.722443,-81.987843
Oct,41.722443,-81.987843,42.648758,-81.995799
Oct,42.648758,-81.995799,43.575931,-82.003900
Oct,43.575931,-82.003900,44.503982,-82.012144
Oct,44.503982,-82.012144,45.432927,-82.020529
Oct,45.432927,-82.020529,46.362786,-82.029053
Oct,46.362786,-82.029053,47.293574,-82.037713
Oct,47.293574,-82.037713,48.225312,-82.046509
Oct,48.225312,-82.046509,49.158015,-82.055436
Oct,49.158015,-82.055436,50.091703,-82.064494
Oct,50.091700,-82.064500,49.616327,-82.895505
Oct,49.616327,-82.895505,49.015791,-83.725899
Oct,49.015791,-83.725899,48.232988,-84.555401
Oct,48.232900,-84.555400,49.140021,-84.564341
Oct,49.140021,-84.564341,50.048502,-84.573408
Oct,50.048502,-84.573408,50.958367,-84.582600
Oct,50.958367,-84.582600,51.869643,-84.591915
Oct,51.869643,-84.591915,52.782356,-84.601351
Oct,52.782356,-84.601351,53.696531,-84.610905
Oct,53.696531,-84.610905,54.612196,-84.620575
Oct,54.612196,-84.620575,55.529375,-84.630358
Oct,55.529375,-84.630358,56.448095,-84.640254
Oct,56.448095,-84.640254,57.368382,-84.650258
Oct,57.368382,-84.650258,58.290261,-84.660369
Oct,58.290261,-84.660369,59.213759,-84.670585
Oct,59.213759,-84.670585,60.138901,-84.680902
Oct,60.138901,-84.680902,61.065714,-84.691319
Oct,61.065714,-84.691319,61.994222,-84.701832
Oct,61.994222,-84.701832,62.924452,-84.712440
Oct,62.924452,-84.712440,63.856429,-84.723139
Oct,63.856429,-84.723139,64.790180,-84.733927
Oct,64.790180,-84.733927,65.725729,-84.744802
Oct,65.725729,-84.744802,66.663101,-84.755760
Oct,66.663101,-84.755760,67.602323,-84.766798
Oct,67.602323,-84.766798,68.543419,-84.777915
Oct,68.543419,-84.777915,69.486414,-84.789106
Oct,69.486414,-84.789106,70.431334,-84.800370
Oct,70.431334,-84.800370,71.378202,-84.811703
Oct,71.378202,-84.811703,72.327044,-84.823102
Oct,72.327044,-84.823102,73.277885,-84.834564
Oct,73.277885,-84.834564,74.230747,-84.846087
Oct,74.230747,-84.846087,75.185656,-84.857667
Oct,75.185656,-84.857667,76.142636,-84.869301
Oct,76.142636,-84.869301,77.101709,-84.880986
Oct,77.101709,-84.880986,78.062899,-84.892719
Oct,78.062899,-84.892719,79.026229,-84.904497
Oct,79.026229,-84.904497,79.991722,-84.916316
Oct,79.991722,-84.916316,80.959401,-84.928173
Oct,80.959401,-84.928173,81.929287,-84.940065
Oct,81.929287,-84.940065,82.901403,-84.951989
Oct,82.901403,-84.951989,83.875770,-84.963940
Oct,83.875770,-84.963940,84.852410,-84.975916
Oct,84.852410,-84.975916,85.831342,-84.987914
Oct,85.831342,-84.987914,86.812587,-84.999930
Oct,86.812587,-84.999930,87.796166,-85.011959
Oct,87.796166,-85.011959,88.782097,-85.024000
Oct,88.782097,-85.024000,89.770400,-85.036048
Oct,89.770400,-85.036048,90.761092,-85.048100
Oct,90.761092,-85.048100,91.754193,-85.060152
Oct,91.754193,-85.060152,92.749718,-85.072200
Oct,92.749718,-85.072200,93.747686,-85.084242
Oct,93.747686,-85.084242,94.748112,-85.096272
Oct,94.748112,-85.096272,95.751012,-85.108288
Oct,95.751012,-85.108288,96.756400,-85.120286
Oct,96.756400,-85.120286,97.764292,-85.132262
Oct,97.764292,-85.132262,98.774700,-85.144212
Oct,98.774700,-85.144212,99.787637,-85.156132
Oct,99.787637,-85.156132,100.803116,-85.168019
Oct,100.803116,-85.168019,101.821148,-85.179869
Oct,101.821148,-85.179869,102.841742,-85.191678
Oct,102.841742,-85.191678,103.864910,-85.203443
Oct,103.864910,-85.203443,104.890659,-85.215158
Oct,104.890659,-85.215158,105.918997,-85.226821
Oct,105.918997,-85.226821,106.949931,-85.238427
Oct,106.949931,-85.238427,107.983468,-85.249973
Oct,107.983468,-85.249973,109.019611,-85.261455
Oct,109.019700,-85.261400,110.157352,-84.434332
Oct,110.157352,-84.434332,111.001185,-83.605646
Oct,111.001185,-83.605646,111.651992,-82.775899
Oct,111.652100,-82.775900,112.675596,-82.787090
Oct,112.675596,-82.787090,113.700722,-82.798199
Oct,113.700722,-82.798199,114.727473,-82.809225
Oct,114.727473,-82.809225,115.755846,-82.820164
Oct,115.755846,-82.820164,116.785834,-82.831011
Oct,116.785834,-82.831011,117.817430,-82.841764
Oct,117.817430,-82.841764,118.850627,-82.852418
Oct,118.850627,-82.852418,119.885418,-82.862971
Oct,119.885418,-82.862971,120.921794,-82.873418
Oct,120.921794,-82.873418,121.959746,-82.883755
Oct,121.959746,-82.883755,122.999263,-82.893980
Oct,122.999263,-82.893980,124.040336,-82.904089
Oct,124.040336,-82.904089,125.082952,-82.914078
Oct,125.082952,-82.914078,126.127099,-82.923944
Oct,126.127099,-82.923944,127.172765,-82.933683
Oct,127.172765,-82.933683,128.219936,-82.943292
Oct,128.219936,-82.943292,129.268597,-82.952767
Oct,129.268597,-82.952767,130.318734,-82.962106
Oct,130.318734,-82.962106,131.370330,-82.971304
Oct,131.370330,-82.971304,132.423368,-82.980359
Oct,132.423368,-82.980359,133.477832,-82.989267
Oct,133.477832,-82.989267,134.533703,-82.998025
Oct,134.533703,-82.998025,135.590962,-83.006630
Oct,135.590962,-83.006630,136.649590,-83.015078
Oct,136.649590,-83.015078,137.709565,-83.023367
Oct,137.709565,-83.023367,138.770868,-83.031494
Oct,138.770868,-83.031494,139.833475,-83.039455
Oct,139.833475,-83.039455,140.897365,-83.047248
Oct,140.897365,-83.047248,141.962514,-83.054870
Oct,141.962514,-83.054870,143.028897,-83.062317
Oct,143.028897,-83.062317,144.096490,-83.069588
Oct,144.096490,-83.069588,145.165268,-83.076679
Oct,145.165268,-83.076679,146.235204,-83.083588
Oct,146.235204,-83.083588,147.306271,-83.090312
Oct,147.306271,-83.090312,148.378441,-83.096849
Oct,148.378441,-83.096849,149.451686,-83.103196
Oct,149.451686,-83.103196,150.525978,-83.109350
Oct,150.525978,-83.109350,151.601285,-83.115310
Oct,151.601285,-83.115310,152.677580,-83.121073
Oct,152.677580,-83.121073,153.754829,-83.126636
Oct,153.754829,-83.126636,154.833002,-83.131999
Oct,154.833002,-83.131999,155.912067,-83.137158
Oct,155.912067,-83.137158,156.991990,-83.142112
Oct,156.991990,-83.142112,158.072739,-83.146858
Oct,158.072739,-83.146858,159.154280,-83.151395
Oct,159.154280,-83.151395,160.236579,-83.155722
Oct,160.236579,-83.155722,161.319601,-83.159836
Oct,161.319601,-83.159836,162.403309,-83.163736
Oct,162.403309,-83.163736,163.487670,-83.167420
Oct,163.487670,-83.167420,164.572646,-83.170886
Oct,164.572646,-83.170886,165.658201,-83.174135
Oct,165.658201,-83.174135,166.744298,-83.177163
Oct,166.744298,-83.177163,167.830899,-83.179971
Oct,167.830899,-83.179971,168.917967,-83.182556
Oct,168.917967,-83.182556,170.005464,-83.184919
Oct,170.005464,-83.184919,171.093351,-83.187057
Oct,171.093351,-83.187057,172.181590,-83.188970
Oct,172.181590,-83.188970,173.270142,-83.190658
Oct,173.270142,-83.190658,174.358968,-83.192119
Oct,174.358968,-83.192119,175.448028,-83.193354
Oct,175.448028,-83.193354,176.537283,-83.194361
Oct,176.537283,-83.194361,177.626694,-83.195140
Oct,177.626694,-83.195140,178.716221,-83.195691
Oct,178.716221,-83.195691,179.805824,-83.196014
Oct,179.805824,-83.196014,180.895464,-83.196109
Oct,180.895464,-83.196109,181.985100,-83.195975
Oct,181.985100,-83.195975,183.074693,-83.195612
Oct,183.074693,-83.195612,184.164202,-83.195021
Oct,184.164202,-83.195021,185.253589,-83.194202
Oct,185.253589,-83.194202,186.342813,-83.193155
Oct,186.342813,-83.193155,187.431836,-83.191881
Oct,187.431836,-83.191881,188.520616,-83.190381
Oct,188.520616,-83.190381,189.609117,-83.188654
Oct,189.609117,-83.188654,190.697297,-83.186701
Oct,190.697297,-83.186701,191.785119,-83.184524
Oct,191.785119,-83.184524,192.872544,-83.182122
Oct,192.872544,-83.182122,193.959534,-83.179498
Oct,193.959534,-83.179498,195.046050,-83.176652
Oct,195.046050,-83.176652,196.132055,-83.173585
Oct,196.132055,-83.173585,197.217512,-83.170299
Oct,197.217512,-83.170299,198.302383,-83.166794
Oct,198.302383,-83.166794,199.386633,-83.163072
Oct,199.386633,-83.163072,200.470225,-83.159135
Oct,200.470225,-83.159135,201.553123,-83.154984
Oct,201.553123,-83.154984,202.635292,-83.150621
Oct,202.635292,-83.150621,203.716698,-83.146047
Oct,203.716698,-83.146047,204.797306,-83.141264
Oct,204.797306,-83.141264,205.877082,-83.136275
Oct,205.877082,-83.136275,206.955994,-83.131080
Oct,206.955994,-83.131080,208.034009,-83.125683
Oct,208.034009,-83.125683,209.111094,-83.120084
Oct,209.111100,-83.120100,210.199175,-83.114237
Oct,210.199175,-83.114237,211.286236,-83.108173
Oct,211.286236,-83.108173,212.372252,-83.101911
Oct,212.372252,-83.101911,213.457192,-83.095453
Oct,213.457192,-83.095453,214.541027,-83.088801
Oct,214.541027,-83.088801,215.623727,-83.081958
Oct,215.623727,-83.081958,216.705264,-83.074927
Oct,216.705264,-83.074927,217.785610,-83.067710
Oct,217.785610,-83.067710,218.864738,-83.060310
Oct,218.864738,-83.060310,219.942623,-83.052730
Oct,219.942623,-83.052730,221.019238,-83.044973
Oct,221.019238,-83.044973,222.094559,-83.037042
Oct,222.094559,-83.037042,223.168561,-83.028940
Oct,223.168561,-83.028940,224.241223,-83.020669
Oct,224.241223,-83.020669,225.312520,-83.012234
Oct,225.312520,-83.012234,226.382433,-83.003636
Oct,226.382433,-83.003636,227.450939,-82.994880
Oct,227.450939,-82.994880,228.518018,-82.985968
Oct,228.518018,-82.985968,229.583652,-82.976905
Oct,229.583652,-82.976905,230.647822,-82.967692
Oct,230.647822,-82.967692,231.710511,-82.958334
Oct,231.710511,-82.958334,232.771700,-82.948835
Oct,232.771700,-82.948835,233.831375,-82.939196
Oct,233.831375,-82.939196,234.889520,-82.929423
Oct,234.889520,-82.929423,235.946120,-82.919518
Oct,235.946120,-82.919518,237.001161,-82.909485
Oct,237.001161,-82.909485,238.054631,-82.899328
Oct,238.054631,-82.899328,239.106517,-82.889050
Oct,239.106517,-82.889050,240.156808,-82.878655
Oct,240.156808,-82.878655,241.205493,-82.868147
Oct,241.205493,-82.868147,242.252563,-82.857529
Oct,242.252563,-82.857529,243.298007,-82.846805
Oct,243.298007,-82.846805,244.341818,-82.835978
Oct,244.341818,-82.835978,245.383987,-82.825053
Oct,245.383987,-82.825053,246.424509,-82.814033
Oct,246.424509,-82.814033,247.463376,-82.802923
Oct,247.463376,-82.802923,248.500583,-82.791725
Oct,248.500583,-82.791725,249.536125,-82.780443
Oct,249.536125,-82.780443,250.569997,-82.769083
Oct,250.569997,-82.769083,251.602198,-82.757646
Oct,251.602198,-82.757646,252.632723,-82.746137
Oct,252.632723,-82.746137,253.661570,-82.734561
Oct,253.661570,-82.734561,254.688738,-82.722920
Oct,254.688738,-82.722920,255.714226,-82.711219
Oct,255.714226,-82.711219,256.738034,-82.699461
Oct,256.738034,-82.699461,257.760162,-82.687651
Oct,257.760162,-82.687651,258.780610,-82.675791
Oct,258.780610,-82.675791,259.799382,-82.663887
Oct,259.799382,-82.663887,260.816478,-82.651941
Oct,260.816478,-82.651941,261.831902,-82.639958
Oct,261.831902,-82.639958,262.845657,-82.627942
Oct,262.845657,-82.627942,263.857746,-82.615896
Oct,263.857746,-82.615896,264.868173,-82.603824
Oct,264.868173,-82.603824,265.876945,-82.591729
Oct,265.876945,-82.591729,266.884066,-82.579617
Oct,266.884066,-82.579617,267.889542,-82.567490
Oct,267.889542,-82.567490,268.893379,-82.555352
Oct,268.893379,-82.555352,269.895584,-82.543207
Oct,269.895584,-82.543207,270.896165,-82.531058
Oct,270.896165,-82.531058,271.895130,-82.518910
Oct,271.895130,-82.518910,272.892486,-82.506766
Oct,272.892486,-82.506766,273.888242,-82.494630
Oct,273.888242,-82.494630,274.882407,-82.482505
Oct,274.882407,-82.482505,275.874990,-82.470395
Oct,275.874990,-82.470395,276.866003,-82.458304
Oct,276.866000,-82.458300,276.277292,-81.524377
Oct,276.277292,-81.524377,275.804724,-80.589747
Oct,275.804724,-80.589747,275.416874,-79.654600
Oct,275.416874,-79.654600,275.092702,-78.719066
Oct,275.092702,-78.719066,274.817597,-77.783233
Oct,274.817597,-77.783233,274.581094,-76.847165
Oct,274.581094,-76.847165,274.375506,-75.910909
Oct,274.375506,-75.910909,274.195056,-74.974501
Oct,274.195100,-74.974500,275.191954,-74.962379
Oct,275.191954,-74.962379,276.188027,-74.950275
Oct,276.188027,-74.950275,277.183321,-74.938190
Oct,277.183321,-74.938190,278.177841,-74.926129
Oct,278.177841,-74.926129,279.171590,-74.914095
Oct,279.171590,-74.914095,280.164571,-74.902091
Oct,280.164571,-74.902091,281.156788,-74.890122
Oct,281.156788,-74.890122,282.148246,-74.878191
Oct,282.148246,-74.878191,283.138948,-74.866300
Oct,283.138948,-74.866300,284.128900,-74.854455
Oct,284.128900,-74.854455,285.118107,-74.842658
Oct,285.118107,-74.842658,286.106572,-74.830913
Oct,286.106572,-74.830913,287.094301,-74.819224
Oct,287.094301,-74.819224,288.081300,-74.807593
Oct,288.081300,-74.807593,289.067575,-74.796024
Oct,289.067575,-74.796024,290.053129,-74.784520
Oct,290.053129,-74.784520,291.037971,-74.773086
Oct,291.037971,-74.773086,292.022105,-74.761724
Oct,292.022105,-74.761724,293.005537,-74.750437
Oct,293.005537,-74.750437,293.988275,-74.739229
Oct,293.988275,-74.739229,294.970325,-74.728103
Oct,294.970325,-74.728103,295.951693,-74.717063
Oct,295.951693,-74.717063,296.932386,-74.706110
Oct,296.932386,-74.706110,297.912411,-74.695249
Oct,297.912411,-74.695249,298.891775,-74.684483
Oct,298.891775,-74.684483,299.870486,-74.673815
Oct,299.870486,-74.673815,300.848552,-74.663248
Oct,300.848552,-74.663248,301.825979,-74.652784
Oct,301.825979,-74.652784,302.802775,-74.642427
Oct,302.802775,-74.642427,303.778948,-74.632180
Oct,303.778948,-74.632180,304.754507,-74.622045
Oct,304.754507,-74.622045,305.729459,-74.612026
Oct,305.729459,-74.612026,306.703812,-74.602125
Oct,306.703812,-74.602125,307.677576,-74.592345
Oct,307.677576,-74.592345,308.650757,-74.582690
Oct,308.650757,-74.582690,309.623366,-74.573160
Oct,309.623366,-74.573160,310.595411,-74.563760
Oct,310.595411,-74.563760,311.566900,-74.554492
Oct,311.566900,-74.554492,312.537842,-74.545359
Oct,312.537842,-74.545359,313.508247,-74.536362
Oct,313.508247,-74.536362,314.478124,-74.527505
Oct,314.478124,-74.527505,315.447481,-74.518790
Oct,315.447481,-74.518790,316.416329,-74.510219
Oct,316.416329,-74.510219,317.384677,-74.501795
Oct,317.384677,-74.501795,318.352534,-74.493520
Oct,318.352534,-74.493520,319.319909,-74.485397
Oct,319.319909,-74.485397,320.286813,-74.477427
Oct,320.286813,-74.477427,321.253256,-74.469613
Oct,321.253256,-74.469613,322.219247,-74.461957
Oct,322.219247,-74.461957,323.184796,-74.454461
Oct,323.184800,-74.454500,324.149914,-74.447166
Oct,324.149914,-74.447166,325.114607,-74.439997
Oct,325.114607,-74.439997,326.078888,-74.432993
Oct,326.078888,-74.432993,327.042769,-74.426157
Oct,327.042769,-74.426157,328.006258,-74.419492
Oct,328.006258,-74.419492,328.969366,-74.412998
Oct,328.969366,-74.412998,329.932105,-74.406677
Oct,329.932105,-74.406677,330.894484,-74.400532
Oct,330.894484,-74.400532,331.856515,-74.394563
Oct,331.856515,-74.394563,332.818206,-74.388773
Oct,332.818206,-74.388773,333.779571,-74.383164
Oct,333.779571,-74.383164,334.740618,-74.377735
Oct,334.740618,-74.377735,335.701360,-74.372490
Oct,335.701360,-74.372490,336.661806,-74.367429
Oct,336.661806,-74.367429,337.621967,-74.362554
Oct,337.621967,-74.362554,338.581856,-74.357866
Oct,338.581856,-74.357866,339.541482,-74.353366
Oct,339.541482,-74.353366,340.500856,-74.349056
Oct,340.500856,-74.349056,341.459990,-74.344937
Oct,341.459990,-74.344937,342.418895,-74.341009
Oct,342.418895,-74.341009,343.377582,-74.337275
Oct,343.377582,-74.337275,344.336062,-74.333734
Oct,344.336062,-74.333734,345.294346,-74.330389
Oct,345.294346,-74.330389,346.252446,-74.327239
Oct,346.252446,-74.327239,347.210372,-74.324286
Oct,347.210372,-74.324286,348.168136,-74.321530
Oct,348.168136,-74.321530,349.125750,-74.318972
Oct,349.125750,-74.318972,350.083224,-74.316613
Oct,350.083224,-74.316613,351.040570,-74.314454
Oct,351.040570,-74.314454,351.997800,-74.312494
Oct,351.997800,-74.312500,352.867927,-74.310893
Oct,352.867927,-74.310893,353.737975,-74.309452
Oct,353.737975,-74.309452,354.607954,-74.308177
Oct,354.607954,-74.308177,355.477871,-74.307069
Oct,355.477871,-74.307069,356.347736,-74.306128
Oct,356.347736,-74.306128,357.217557,-74.305354
Oct,357.217557,-74.305354,358.087342,-74.304747
Oct,358.087342,-74.304747,358.957100,-74.304308
Oct,358.957100,-74.304308,359.826840,-74.304037
Oct,359.826840,-74.304037,0.696571,-74.303933
Oct,0.696571,-74.303933,1.566300,-74.303997
Oct,1.566300,-74.304000,1.563992,-75.241500
Oct,1.563992,-75.241500,1.561378,-76.179000
Oct,1.561378,-76.179000,1.558391,-77.116500
Oct,1.558391,-77.116500,1.554944,-78.054000
Oct,1.554944,-78.054000,1.550920,-78.991500
Oct,1.550920,-78.991500,1.546156,-79.929000
Oct,1.546156,-79.929000,1.540425,-80.866500
Oct,1.540425,-80.866500,1.533395,-81.804000
Oph,245.602600,-0.296400,245.593806,0.503560
Oph,245.593806,0.503560,245.585009,1.303520
Oph,245.585009,1.303520,245.576207,2.103480
Oph,245.576207,2.103480,245.567396,2.903440
Oph,245.567396,2.903440,245.558572,3.703400
Oph,245.558600,3.703400,246.464478,3.713395
Oph,246.464478,3.713395,247.370366,3.723462
Oph,247.370366,3.723462,248.276264,3.733598
Oph,248.276264,3.733598,249.182171,3.743801
Oph,249.182171,3.743801,250.088088,3.754068
Oph,250.088088,3.754068,250.994015,3.764397
Oph,250.994015,3.764397,251.899952,3.774785
Oph,251.899952,3.774785,252.805900,3.785229
Oph,252.805900,3.785200,252.794493,4.766612
Oph,252.794493,4.766612,252.783053,5.748024
Oph,252.783053,5.748024,252.771574,6.729436
Oph,252.771574,6.729436,252.760048,7.710848
Oph,252.760048,7.710848,252.748468,8.692259
Oph,252.748468,8.692259,252.736828,9.673670
Oph,252.736828,9.673670,252.725120,10.655080
Oph,252.725120,10.655080,252.713336,11.636490
Oph,252.713336,11.636490,252.701468,12.617900
Oph,252.701500,12.617900,253.638149,12.628754
Oph,253.638149,12.628754,254.574836,12.639664
Oph,254.574836,12.639664,255.511563,12.650625
Oph,255.511563,12.650625,256.448330,12.661635
Oph,256.448330,12.661635,257.385137,12.672692
Oph,257.385137,12.672692,258.321984,12.683792
Oph,258.321984,12.683792,259.258872,12.694932
Oph,259.258872,12.694932,260.195800,12.706109
Oph,260.195800,12.706100,260.186355,13.456050
Oph,260.186355,13.456050,260.176852,14.205999
Oph,260.176900,14.206000,261.113823,14.217211
Oph,261.113823,14.217211,262.050793,14.228453
Oph,262.050793,14.228453,262.987809,14.239724
Oph,262.987809,14.239724,263.924871,14.251020
Oph,263.924871,14.251020,264.861981,14.262338
Oph,264.861981,14.262338,265.799137,14.273676
Oph,265.799137,14.273676,266.736340,14.285030
Oph,266.736340,14.285030,267.673590,14.296397
Oph,267.673590,14.296397,268.610887,14.307774
Oph,268.610887,14.307774,269.548232,14.319158
Oph,269.548232,14.319158,270.485624,14.330547
Oph,270.485624,14.330547,271.423064,14.341936
Oph,271.423064,14.341936,272.360551,14.353324
Oph,272.360551,14.353324,273.298087,14.364706
Oph,273.298087,14.364706,274.235670,14.376080
Oph,274.235670,14.376080,275.173301,14.387443
Oph,275.173300,14.387500,275.183305,13.609767
Oph,275.183305,13.609767,275.193245,12.832034
Oph,275.193245,12.832034,275.203123,12.054300
Oph,275.203100,12.054300,276.086551,12.064993
Oph,276.086551,12.064993,276.970037,12.075671
Oph,276.970037,12.075671,277.853559,12.086331
Oph,277.853559,12.086331,278.737117,12.096970
Oph,278.737117,12.096970,279.620709,12.107587
Oph,279.620709,12.107587,280.504337,12.118178
Oph,280.504337,12.118178,281.388001,12.128742
Oph,281.388000,12.128800,281.399926,11.170534
Oph,281.399926,11.170534,281.411773,10.212268
Oph,281.411773,10.212268,281.423548,9.254001
Oph,281.423548,9.254001,281.435260,8.295734
Oph,281.435260,8.295734,281.446915,7.337467
Oph,281.446915,7.337467,281.458520,6.379199
Oph,281.458600,6.379200,280.575116,6.368639
Oph,280.575116,6.368639,279.691650,6.358049
Oph,279.691650,6.358049,278.808203,6.347434
Oph,278.808203,6.347434,277.924775,6.336796
Oph,277.924775,6.336796,277.041365,6.326138
Oph,277.041365,6.326138,276.157973,6.315461
Oph,276.157973,6.315461,275.274600,6.304769
Oph,275.274600,6.304800,275.285309,5.429850
Oph,275.285309,5.429850,275.295987,4.554900
Oph,275.296000,4.554900,276.171020,4.565491
Oph,276.171020,4.565491,277.046053,4.576067
Oph,277.046053,4.576067,277.921100,4.586625
Oph,277.921100,4.586600,277.930190,3.836650
Oph,277.930190,3.836650,277.939263,3.086701
Oph,277.939200,3.086700,277.064191,3.076142
Oph,277.064191,3.076142,276.189191,3.065567
Oph,276.189191,3.065567,275.314200,3.054976
Oph,275.314200,3.055000,275.323303,2.305050
Oph,275.323303,2.305050,275.332396,1.555100
Oph,275.332396,1.555100,275.341483,0.805150
Oph,275.341483,0.805150,275.350567,0.055200
Oph,275.350600,0.055200,274.457800,0.044381
Oph,274.457800,0.044381,273.565000,0.033550
Oph,273.565000,0.033550,272.672200,0.022712
Oph,272.672200,0.022712,271.779400,0.011868
Oph,271.779400,0.011868,270.886600,0.001022
Oph,270.886600,0.001022,269.993801,-0.009825
Oph,269.993801,-0.009825,269.101001,-0.020670
Oph,269.101000,-0.020600,269.110716,-0.820560
Oph,269.110716,-0.820560,269.120435,-1.620520
Oph,269.120435,-1.620520,269.130163,-2.420481
Oph,269.130163,-2.420481,269.139901,-3.220441
Oph,269.139901,-3.220441,269.149656,-4.020401
Oph,269.149700,-4.020400,269.816373,-4.012302
Oph,269.816373,-4.012302,270.483040,-4.004203
Oph,270.483040,-4.004203,271.149700,-3.996104
Oph,271.149700,-3.996100,271.161924,-4.996017
Oph,271.161924,-4.996017,271.174185,-5.995934
Oph,271.174185,-5.995934,271.186492,-6.995851
Oph,271.186492,-6.995851,271.198851,-7.995768
Oph,271.198851,-7.995768,271.211271,-8.995684
Oph,271.211271,-8.995684,271.223760,-9.995599
Oph,271.223700,-9.995600,270.323781,-10.006534
Oph,270.323781,-10.006534,269.423831,-10.017466
Oph,269.423831,-10.017466,268.523851,-10.028394
Oph,268.523851,-10.028394,267.623841,-10.039315
Oph,267.623841,-10.039315,266.723800,-10.050227
Oph,266.723800,-10.050200,266.734242,-10.883500
Oph,266.734242,-10.883500,266.744743,-11.716799
Oph,266.744700,-11.716800,266.119559,-11.724372
Oph,266.119559,-11.724372,265.494400,-11.731937
Oph,265.494400,-11.731900,265.483918,-10.898650
Oph,265.483918,-10.898650,265.473495,-10.065400
Oph,265.473500,-10.065400,264.580533,-10.076192
Oph,264.580533,-10.076192,263.687536,-10.086965
Oph,263.687536,-10.086965,262.794510,-10.097718
Oph,262.794510,-10.097718,261.901452,-10.108447
Oph,261.901452,-10.108447,261.008365,-10.119150
Oph,261.008365,-10.119150,260.115248,-10.129824
Oph,260.115248,-10.129824,259.222101,-10.140467
Oph,259.222100,-10.140400,259.232652,-10.997487
Oph,259.232652,-10.997487,259.243266,-11.854573
Oph,259.243266,-11.854573,259.253947,-12.711660
Oph,259.253947,-12.711660,259.264700,-13.568745
Oph,259.264700,-13.568745,259.275531,-14.425830
Oph,259.275531,-14.425830,259.286445,-15.282915
Oph,259.286445,-15.282915,259.297449,-16.139999
Oph,259.297400,-16.140000,260.226529,-16.128928
Oph,260.226529,-16.128928,261.155606,-16.117822
Oph,261.155606,-16.117822,262.084630,-16.106685
Oph,262.084630,-16.106685,263.013601,-16.095521
Oph,263.013601,-16.095521,263.942520,-16.084332
Oph,263.942520,-16.084332,264.871386,-16.073121
Oph,264.871386,-16.073121,265.800200,-16.061892
Oph,265.800200,-16.061900,265.812487,-16.995160
Oph,265.812487,-16.995160,265.824897,-17.928420
Oph,265.824897,-17.928420,265.837439,-18.861679
Oph,265.837439,-18.861679,265.850121,-19.794936
Oph,265.850121,-19.794936,265.862952,-20.728193
Oph,265.862952,-20.728193,265.875943,-21.661450
Oph,265.875943,-21.661450,265.889103,-22.594705
Oph,265.889103,-22.594705,265.902442,-23.527958
Oph,265.902442,-23.527958,265.915972,-24.461211
Oph,265.915972,-24.461211,265.929704,-25.394463
Oph,265.929704,-25.394463,265.943651,-26.327713
Oph,265.943651,-26.327713,265.957823,-27.260962
Oph,265.957823,-27.260962,265.972236,-28.194209
Oph,265.972236,-28.194209,265.986903,-29.127455
Oph,265.986903,-29.127455,266.001838,-30.060700
Oph,266.001800,-30.060700,265.020465,-30.072564
Oph,265.020465,-30.072564,264.039012,-30.084408
Oph,264.039012,-30.084408,263.057441,-30.096228
Oph,263.057441,-30.096228,262.075753,-30.108020
Oph,262.075753,-30.108020,261.093947,-30.119782
Oph,261.093947,-30.119782,260.112024,-30.131509
Oph,260.112024,-30.131509,259.129983,-30.143198
Oph,259.129983,-30.143198,258.147826,-30.154845
Oph,258.147826,-30.154845,257.165553,-30.166448
Oph,257.165553,-30.166448,256.183163,-30.178003
Oph,256.183163,-30.178003,255.200657,-30.189506
Oph,255.200657,-30.189506,254.218036,-30.200955
Oph,254.218036,-30.200955,253.235301,-30.212345
Oph,253.235300,-30.212300,253.221454,-29.309603
Oph,253.221454,-29.309603,253.207851,-28.406905
Oph,253.207851,-28.406905,253.194478,-27.504206
Oph,253.194478,-27.504206,253.181322,-26.601506
Oph,253.181322,-26.601506,253.168373,-25.698804
Oph,253.168373,-25.698804,253.155618,-24.796101
Oph,253.155700,-24.796100,252.247930,-24.806565
Oph,252.247930,-24.806565,251.340083,-24.816975
Oph,251.340083,-24.816975,250.432159,-24.827326
Oph,250.432159,-24.827326,249.524159,-24.837617
Oph,249.524159,-24.837617,248.616082,-24.847844
Oph,248.616082,-24.847844,247.707930,-24.858006
Oph,247.707930,-24.858006,246.799703,-24.868099
Oph,246.799703,-24.868099,245.891400,-24.878121
Oph,245.891400,-24.878100,245.879612,-23.989286
Oph,245.879612,-23.989286,245.867985,-23.100470
Oph,245.867985,-23.100470,245.856511,-22.211654
Oph,245.856511,-22.211654,245.845181,-21.322837
Oph,245.845181,-21.322837,245.833988,-20.434019
Oph,245.833988,-20.434019,245.822924,-19.545201
Oph,245.823000,-19.545200,246.636873,-19.536223
Oph,246.636873,-19.536223,247.450700,-19.527189
Oph,247.450700,-19.527200,247.444451,-19.027200
Oph,247.444451,-19.027200,247.438240,-18.527200
Oph,247.438200,-18.527200,246.624472,-18.536233
Oph,246.624472,-18.536233,245.810700,-18.545209
Oph,245.810700,-18.545200,245.799365,-17.613448
Oph,245.799365,-17.613448,245.788146,-16.681695
Oph,245.788146,-16.681695,245.777037,-15.749942
Oph,245.777037,-15.749942,245.766028,-14.818188
Oph,245.766028,-14.818188,245.755114,-13.886434
Oph,245.755114,-13.886434,245.744288,-12.954679
Oph,245.744288,-12.954679,245.733542,-12.022924
Oph,245.733542,-12.022924,245.722870,-11.091169
Oph,245.722870,-11.091169,245.712266,-10.159413
Oph,245.712266,-10.159413,245.701724,-9.227656
Oph,245.701724,-9.227656,245.691237,-8.295900
Oph,245.691200,-8.295900,244.815605,-8.305491
Oph,244.815605,-8.305491,243.939988,-8.315010
Oph,243.939988,-8.315010,243.064349,-8.324456
Oph,243.064349,-8.324456,242.188688,-8.333827
Oph,242.188688,-8.333827,241.313005,-8.343120
Oph,241.313005,-8.343120,240.437300,-8.352333
Oph,240.437300,-8.352300,240.427160,-7.402360
Oph,240.427160,-7.402360,240.417063,-6.452421
Oph,240.417063,-6.452421,240.407004,-5.502481
Oph,240.407004,-5.502481,240.396978,-4.552541
Oph,240.396978,-4.552541,240.386977,-3.602600
Oph,240.387000,-3.602600,241.262258,-3.593392
Oph,241.262258,-3.593392,242.137506,-3.584104
Oph,242.137506,-3.584104,243.012744,-3.574738
Oph,243.012744,-3.574738,243.887972,-3.565296
Oph,243.887972,-3.565296,244.763191,-3.555781
Oph,244.763191,-3.555781,245.638400,-3.546194
Oph,245.638400,-3.546200,245.629441,-2.733750
Oph,245.629441,-2.733750,245.620495,-1.921300
Oph,245.620495,-1.921300,245.611557,-1.108850
Oph,245.611557,-1.108850,245.602624,-0.296400
Ori,70.852400,0.237500,70.863465,1.206189
Ori,70.863465,1.206189,70.874538,2.174878
Ori,70.874538,2.174878,70.885625,3.143567
Ori,70.885625,3.143567,70.896733,4.112256
Ori,70.896733,4.112256,70.907868,5.080945
Ori,70.907868,5.080945,70.919036,6.049633
Ori,70.919036,6.049633,70.930244,7.018321
Ori,70.930244,7.018321,70.941500,7.987010
Ori,70.941500,7.987010,70.952808,8.955697
Ori,70.952808,8.955697,70.964177,9.924385
Ori,70.964177,9.924385,70.975614,10.893072
Ori,70.975614,10.893072,70.987125,11.861758
Ori,70.987125,11.861758,70.998719,12.830444
Ori,70.998719,12.830444,71.010402,13.799130
Ori,71.010402,13.799130,71.022182,14.767815
Ori,71.022182,14.767815,71.034068,15.736499
Ori,71.034000,15.736500,71.909927,15.726469
Ori,71.909927,15.726469,72.785810,15.716385
Ori,72.785810,15.716385,73.661650,15.706252
Ori,73.661650,15.706252,74.537444,15.696070
Ori,74.537444,15.696070,75.413195,15.685843
Ori,75.413195,15.685843,76.288901,15.675572
Ori,76.288900,15.675500,76.295255,16.175501
Ori,76.295300,16.175500,77.212661,16.164697
Ori,77.212661,16.164697,78.129970,16.153852
Ori,78.129970,16.153852,79.047229,16.142968
Ori,79.047229,16.142968,79.964437,16.132047
Ori,79.964437,16.132047,80.881594,16.121094
Ori,80.881594,16.121094,81.798700,16.110109
Ori,81.798700,16.110100,81.792219,15.610100
Ori,81.792200,15.610100,82.592556,15.600490
Ori,82.592556,15.600490,83.392873,15.590861
Ori,83.392873,15.590861,84.193153,15.581215
Ori,84.193153,15.581215,84.993395,15.571553
Ori,84.993395,15.571553,85.793600,15.561877
Ori,85.793600,15.561900,85.780625,14.562001
Ori,85.780625,14.562001,85.767767,13.562101
Ori,85.767767,13.562101,85.755017,12.562201
Ori,85.755100,12.562200,86.588566,12.552109
Ori,86.588566,12.552109,87.421999,12.542007
Ori,87.421999,12.542007,88.255400,12.531896
Ori,88.255400,12.531900,88.267116,13.448485
Ori,88.267116,13.448485,88.278922,14.365069
Ori,88.278922,14.365069,88.290826,15.281653
Ori,88.290826,15.281653,88.302834,16.198236
Ori,88.302834,16.198236,88.314954,17.114818
Ori,88.314954,17.114818,88.327194,18.031400
Ori,88.327200,18.031400,87.827109,18.037468
Ori,87.827109,18.037468,87.327000,18.043533
Ori,87.327000,18.043500,87.340036,19.010102
Ori,87.340036,19.010102,87.353225,19.976703
Ori,87.353225,19.976703,87.366576,20.943303
Ori,87.366576,20.943303,87.380101,21.909902
Ori,87.380101,21.909902,87.393811,22.876500
Ori,87.393800,22.876500,88.310609,22.865379
Ori,88.310609,22.865379,89.227342,22.854250
Ori,89.227342,22.854250,90.144000,22.843116
Ori,90.144000,22.843100,90.134511,22.176501
Ori,90.134511,22.176501,90.125112,21.509901
Ori,90.125200,21.509900,90.958495,21.499776
Ori,90.958495,21.499776,91.791731,21.489653
Ori,91.791731,21.489653,92.624910,21.479532
Ori,92.624910,21.479532,93.458031,21.469415
Ori,93.458031,21.469415,94.291094,21.459306
Ori,94.291094,21.459306,95.124100,21.449205
Ori,95.124100,21.449200,95.112969,20.649261
Ori,95.112969,20.649261,95.101954,19.849322
Ori,95.101954,19.849322,95.091050,19.049382
Ori,95.091050,19.049382,95.080251,18.249442
Ori,95.080251,18.249442,95.069550,17.449501
Ori,95.069600,17.449500,95.756765,17.441176
Ori,95.756765,17.441176,96.443899,17.432860
Ori,96.443900,17.432900,96.431780,16.516302
Ori,96.431780,16.516302,96.419775,15.599703
Ori,96.419775,15.599703,96.407876,14.683103
Ori,96.407876,14.683103,96.396076,13.766503
Ori,96.396076,13.766503,96.384369,12.849902
Ori,96.384369,12.849902,96.372747,11.933301
Ori,96.372800,11.933300,96.364397,11.266667
Ori,96.364397,11.266667,96.356033,10.600034
Ori,96.356033,10.600034,96.347705,9.933400
Ori,96.347700,9.933400,95.348000,9.945501
Ori,95.348000,9.945500,95.335552,8.945581
Ori,95.335552,8.945581,95.323172,7.945662
Ori,95.323172,7.945662,95.310852,6.945743
Ori,95.310852,6.945743,95.298585,5.945823
Ori,95.298585,5.945823,95.286362,4.945903
Ori,95.286362,4.945903,95.274175,3.945983
Ori,95.274175,3.945983,95.262019,2.946062
Ori,95.262019,2.946062,95.249884,1.946142
Ori,95.249884,1.946142,95.237763,0.946221
Ori,95.237763,0.946221,95.225649,-0.053699
Ori,95.225700,-0.053700,95.213586,-1.053625
Ori,95.213586,-1.053625,95.201464,-2.053551
Ori,95.201464,-2.053551,95.189327,-3.053476
Ori,95.189327,-3.053476,95.177167,-4.053401
Ori,95.177100,-4.053400,94.302109,-4.042795
Ori,94.302109,-4.042795,93.427129,-4.032180
Ori,93.427129,-4.032180,92.552160,-4.021557
Ori,92.552160,-4.021557,91.677203,-4.010930
Ori,91.677203,-4.010930,90.802258,-4.000300
Ori,90.802258,-4.000300,89.927324,-3.989670
Ori,89.927324,-3.989670,89.052401,-3.979043
Ori,89.052400,-3.979100,89.040182,-4.979015
Ori,89.040182,-4.979015,89.027926,-5.978930
Ori,89.027926,-5.978930,89.015626,-6.978845
Ori,89.015626,-6.978845,89.003273,-7.978759
Ori,89.003273,-7.978759,88.990859,-8.978673
Ori,88.990859,-8.978673,88.978377,-9.978587
Ori,88.978377,-9.978587,88.965818,-10.978500
Ori,88.965800,-10.978500,88.028455,-10.967120
Ori,88.028455,-10.967120,87.091145,-10.955748
Ori,87.091145,-10.955748,86.153872,-10.944389
Ori,86.153872,-10.944389,85.216634,-10.933045
Ori,85.216634,-10.933045,84.279432,-10.921719
Ori,84.279432,-10.921719,83.342265,-10.910414
Ori,83.342265,-10.910414,82.405134,-10.899134
Ori,82.405134,-10.899134,81.468037,-10.887880
Ori,81.468037,-10.887880,80.530976,-10.876657
Ori,80.530976,-10.876657,79.593949,-10.865467
Ori,79.593949,-10.865467,78.656957,-10.854313
Ori,78.656957,-10.854313,77.720000,-10.843198
Ori,77.720000,-10.843200,77.732235,-9.843272
Ori,77.732235,-9.843272,77.744395,-8.843344
Ori,77.744395,-8.843344,77.756490,-7.843416
Ori,77.756490,-7.843416,77.768527,-6.843487
Ori,77.768527,-6.843487,77.780514,-5.843558
Ori,77.780514,-5.843558,77.792457,-4.843629
Ori,77.792457,-4.843629,77.804366,-3.843700
Ori,77.804400,-3.843700,76.911798,-3.833150
Ori,76.911798,-3.833150,76.019206,-3.822641
Ori,76.019206,-3.822641,75.126624,-3.812175
Ori,75.126624,-3.812175,74.234053,-3.801755
Ori,74.234053,-3.801755,73.341492,-3.791383
Ori,73.341492,-3.791383,72.448941,-3.781061
Ori,72.448941,-3.781061,71.556400,-3.770793
Ori,71.556400,-3.770800,71.567911,-2.770875
Ori,71.567911,-2.770875,71.579402,-1.770950
Ori,71.579402,-1.770950,71.590881,-0.771026
Ori,71.590881,-0.771026,71.602355,0.228899
Ori,71.602300,0.228900,70.852400,0.237484
Pav,274.195100,-74.974500,275.191954,-74.962379
Pav,275.191954,-74.962379,276.188027,-74.950275
Pav,276.188027,-74.950275,277.183321,-74.938190
Pav,277.183321,-74.938190,278.177841,-74.926129
Pav,278.177841,-74.926129,279.171590,-74.914095
Pav,279.171590,-74.914095,280.164571,-74.902091
Pav,280.164571,-74.902091,281.156788,-74.890122
Pav,281.156788,-74.890122,282.148246,-74.878191
Pav,282.148246,-74.878191,283.138948,-74.866300
Pav,283.138948,-74.866300,284.128900,-74.854455
Pav,284.128900,-74.854455,285.118107,-74.842658
Pav,285.118107,-74.842658,286.106572,-74.830913
Pav,286.106572,-74.830913,287.094301,-74.819224
Pav,287.094301,-74.819224,288.081300,-74.807593
Pav,288.081300,-74.807593,289.067575,-74.796024
Pav,289.067575,-74.796024,290.053129,-74.784520
Pav,290.053129,-74.784520,291.037971,-74.773086
Pav,291.037971,-74.773086,292.022105,-74.761724
Pav,292.022105,-74.761724,293.005537,-74.750437
Pav,293.005537,-74.750437,293.988275,-74.739229
Pav,293.988275,-74.739229,294.970325,-74.728103
Pav,294.970325,-74.728103,295.951693,-74.717063
Pav,295.951693,-74.717063,296.932386,-74.706110
Pav,296.932386,-74.706110,297.912411,-74.695249
Pav,297.912411,-74.695249,298.891775,-74.684483
Pav,298.891775,-74.684483,299.870486,-74.673815
Pav,299.870486,-74.673815,300.848552,-74.663248
Pav,300.848552,-74.663248,301.825979,-74.652784
Pav,301.825979,-74.652784,302.802775,-74.642427
Pav,302.802775,-74.642427,303.778948,-74.632180
Pav,303.778948,-74.632180,304.754507,-74.622045
Pav,304.754507,-74.622045,305.729459,-74.612026
Pav,305.729459,-74.612026,306.703812,-74.602125
Pav,306.703812,-74.602125,307.677576,-74.592345
Pav,307.677576,-74.592345,308.650757,-74.582690
Pav,308.650757,-74.582690,309.623366,-74.573160
Pav,309.623366,-74.573160,310.595411,-74.563760
Pav,310.595411,-74.563760,311.566900,-74.554492
Pav,311.566900,-74.554492,312.537842,-74.545359
Pav,312.537842,-74.545359,313.508247,-74.536362
Pav,313.508247,-74.536362,314.478124,-74.527505
Pav,314.478124,-74.527505,315.447481,-74.518790
Pav,315.447481,-74.518790,316.416329,-74.510219
Pav,316.416329,-74.510219,317.384677,-74.501795
Pav,317.384677,-74.501795,318.352534,-74.493520
Pav,318.352534,-74.493520,319.319909,-74.485397
Pav,319.319909,-74.485397,320.286813,-74.477427
Pav,320.286813,-74.477427,321.253256,-74.469613
Pav,321.253256,-74.469613,322.219247,-74.461957
Pav,322.219247,-74.461957,323.184796,-74.454461
Pav,323.184800,-74.454500,323.090136,-73.517363
Pav,323.090136,-73.517363,323.005391,-72.580188
Pav,323.005391,-72.580188,322.929044,-71.642980
Pav,322.929044,-71.642980,322.859872,-70.705745
Pav,322.859872,-70.705745,322.796876,-69.768486
Pav,322.796876,-69.768486,322.739235,-68.831207
Pav,322.739235,-68.831207,322.686267,-67.893910
Pav,322.686267,-67.893910,322.637401,-66.956597
Pav,322.637401,-66.956597,322.592154,-66.019270
Pav,322.592154,-66.019270,322.550118,-65.081931
Pav,322.550118,-65.081931,322.510942,-64.144580
Pav,322.510942,-64.144580,322.474325,-63.207220
Pav,322.474325,-63.207220,322.440006,-62.269851
Pav,322.440006,-62.269851,322.407759,-61.332474
Pav,322.407759,-61.332474,322.377386,-60.395090
Pav,322.377386,-60.395090,322.348714,-59.457700
Pav,322.348700,-59.457700,321.426285,-59.464854
Pav,321.426285,-59.464854,320.503678,-59.472150
Pav,320.503678,-59.472150,319.580873,-59.479586
Pav,319.580873,-59.479586,318.657868,-59.487160
Pav,318.657868,-59.487160,317.734658,-59.494870
Pav,317.734658,-59.494870,316.811240,-59.502714
Pav,316.811240,-59.502714,315.887610,-59.510690
Pav,315.887610,-59.510690,314.963764,-59.518796
Pav,314.963764,-59.518796,314.039698,-59.527030
Pav,314.039698,-59.527030,313.115410,-59.535390
Pav,313.115410,-59.535390,312.190895,-59.543874
Pav,312.190895,-59.543874,311.266150,-59.552479
Pav,311.266150,-59.552479,310.341171,-59.561203
Pav,310.341171,-59.561203,309.415955,-59.570045
Pav,309.415955,-59.570045,308.490499,-59.579001
Pav,308.490499,-59.579001,307.564799,-59.588070
Pav,307.564800,-59.588100,307.536588,-58.838233
Pav,307.536588,-58.838233,307.509571,-58.088361
Pav,307.509571,-58.088361,307.483667,-57.338483
Pav,307.483667,-57.338483,307.458799,-56.588600
Pav,307.458800,-56.588600,306.469746,-56.598408
Pav,306.469746,-56.598408,305.480439,-56.608338
Pav,305.480439,-56.608338,304.490873,-56.618388
Pav,304.490873,-56.618388,303.501046,-56.628554
Pav,303.501046,-56.628554,302.510955,-56.638834
Pav,302.510955,-56.638834,301.520597,-56.649224
Pav,301.520597,-56.649224,300.529968,-56.659721
Pav,300.529968,-56.659721,299.539065,-56.670322
Pav,299.539065,-56.670322,298.547886,-56.681025
Pav,298.547886,-56.681025,297.556427,-56.691825
Pav,297.556427,-56.691825,296.564686,-56.702720
Pav,296.564686,-56.702720,295.572660,-56.713706
Pav,295.572660,-56.713706,294.580346,-56.724780
Pav,294.580346,-56.724780,293.587742,-56.735940
Pav,293.587742,-56.735940,292.594846,-56.747181
Pav,292.594846,-56.747181,291.601654,-56.758500
Pav,291.601654,-56.758500,290.608164,-56.769893
Pav,290.608164,-56.769893,289.614375,-56.781358
Pav,289.614375,-56.781358,288.620283,-56.792892
Pav,288.620283,-56.792892,287.625888,-56.804489
Pav,287.625888,-56.804489,286.631186,-56.816148
Pav,286.631186,-56.816148,285.636176,-56.827864
Pav,285.636176,-56.827864,284.640857,-56.839635
Pav,284.640857,-56.839635,283.645225,-56.851455
Pav,283.645225,-56.851455,282.649281,-56.863323
Pav,282.649281,-56.863323,281.653021,-56.875234
Pav,281.653021,-56.875234,280.656445,-56.887185
Pav,280.656445,-56.887185,279.659552,-56.899172
Pav,279.659552,-56.899172,278.662339,-56.911191
Pav,278.662339,-56.911191,277.664806,-56.923240
Pav,277.664806,-56.923240,276.666951,-56.935314
Pav,276.666951,-56.935314,275.668774,-56.947409
Pav,275.668774,-56.947409,274.670274,-56.959523
Pav,274.670274,-56.959523,273.671449,-56.971650
Pav,273.671449,-56.971650,272.672300,-56.983788
Pav,272.672300,-56.983800,271.735293,-56.995186
Pav,271.735293,-56.995186,270.797999,-57.006575
Pav,270.797999,-57.006575,269.860418,-57.017964
Pav,269.860418,-57.017964,268.922550,-57.029350
Pav,268.922550,-57.029350,267.984394,-57.040730
Pav,267.984394,-57.040730,267.045950,-57.052101
Pav,267.045950,-57.052101,266.107219,-57.063460
Pav,266.107219,-57.063460,265.168200,-57.074803
Pav,265.168200,-57.074800,265.208217,-58.029101
Pav,265.208217,-58.029101,265.250428,-58.983389
Pav,265.250428,-58.983389,265.295045,-59.937662
Pav,265.295045,-59.937662,265.342306,-60.891919
Pav,265.342306,-60.891919,265.392482,-61.846158
Pav,265.392482,-61.846158,265.445881,-62.800379
Pav,265.445881,-62.800379,265.502858,-63.754577
Pav,265.502858,-63.754577,265.563818,-64.708752
Pav,265.563818,-64.708752,265.629233,-65.662899
Pav,265.629233,-65.662899,265.699650,-66.617017
Pav,265.699650,-66.617017,265.775708,-67.571100
Pav,265.775700,-67.571100,266.715329,-67.559746
Pav,266.715329,-67.559746,267.654506,-67.548380
Pav,267.654506,-67.548380,268.593232,-67.537002
Pav,268.593232,-67.537002,269.531505,-67.525618
Pav,269.531505,-67.525618,270.469328,-67.514230
Pav,270.469328,-67.514230,271.406701,-67.502840
Pav,271.406701,-67.502840,272.343623,-67.491453
Pav,272.343623,-67.491453,273.280098,-67.480070
Pav,273.280100,-67.480100,273.360930,-68.417104
Pav,273.360930,-68.417104,273.448732,-69.354065
Pav,273.448732,-69.354065,273.544501,-70.290979
Pav,273.544501,-70.290979,273.649433,-71.227836
Pav,273.649433,-71.227836,273.764971,-72.164629
Pav,273.764971,-72.164629,273.892882,-73.101347
Pav,273.892882,-73.101347,274.035343,-74.037976
Pav,274.035343,-74.037976,274.195075,-74.974500
Peg,321.583500,2.539400,321.576150,3.493919
Peg,321.576150,3.493919,321.568785,4.448437
Peg,321.568785,4.448437,321.561401,5.402956
Peg,321.561401,5.402956,321.553994,6.357475
Peg,321.553994,6.357475,321.546559,7.311993
Peg,321.546559,7.311993,321.539092,8.266511
Peg,321.539092,8.266511,321.531589,9.221029
Peg,321.531589,9.221029,321.524046,10.175547
Peg,321.524046,10.175547,321.516457,11.130065
Peg,321.516457,11.130065,321.508818,12.084583
Peg,321.508818,12.084583,321.501125,13.039100
Peg,321.501100,13.039100,320.686917,13.032794
Peg,320.686917,13.032794,319.872756,13.026381
Peg,319.872756,13.026381,319.058616,13.019862
Peg,319.058616,13.019862,318.244500,13.013238
Peg,318.244500,13.013200,318.250243,12.346600
Peg,318.250300,12.346600,317.749346,12.342473
Peg,317.749346,12.342473,317.248400,12.338306
Peg,317.248400,12.338300,317.239979,13.296589
Peg,317.239979,13.296589,317.231490,14.254877
Peg,317.231490,14.254877,317.222929,15.213165
Peg,317.222929,15.213165,317.214290,16.171453
Peg,317.214290,16.171453,317.205567,17.129740
Peg,317.205567,17.129740,317.196754,18.088027
Peg,317.196754,18.088027,317.187843,19.046314
Peg,317.187843,19.046314,317.178829,20.004600
Peg,317.178800,20.004600,318.181947,20.012904
Peg,318.181947,20.012904,319.185147,20.021051
Peg,319.185147,20.021051,320.188401,20.029040
Peg,320.188400,20.029100,320.179413,21.029051
Peg,320.179413,21.029051,320.170304,22.029001
Peg,320.170304,22.029001,320.161065,23.028951
Peg,320.161065,23.028951,320.151689,24.028900
Peg,320.151700,24.028900,320.988424,24.035439
Peg,320.988424,24.035439,321.825191,24.041864
Peg,321.825191,24.041864,322.662000,24.048174
Peg,322.662000,24.048200,322.653879,24.948181
Peg,322.653879,24.948181,322.645639,25.848161
Peg,322.645639,25.848161,322.637272,26.748141
Peg,322.637272,26.748141,322.628772,27.648121
Peg,322.628772,27.648121,322.620131,28.548099
Peg,322.620200,28.548100,323.575073,28.555158
Peg,323.575073,28.555158,324.530011,28.562063
Peg,324.530011,28.562063,325.485012,28.568813
Peg,325.485012,28.568813,326.440076,28.575406
Peg,326.440076,28.575406,327.395200,28.581840
Peg,327.395200,28.581800,327.386490,29.581765
Peg,327.386490,29.581765,327.377605,30.581729
Peg,327.377605,30.581729,327.368535,31.581693
Peg,327.368535,31.581693,327.359268,32.581656
Peg,327.359268,32.581656,327.349793,33.581618
Peg,327.349793,33.581618,327.340095,34.581579
Peg,327.340095,34.581579,327.330161,35.581540
Peg,327.330161,35.581540,327.319975,36.581500
Peg,327.320000,36.581500,328.033623,36.586202
Peg,328.033623,36.586202,328.747290,36.590815
Peg,328.747290,36.590815,329.461001,36.595336
Peg,329.461000,36.595400,330.405714,36.601244
Peg,330.405714,36.601244,331.350500,36.606925
Peg,331.350500,36.606900,331.355069,36.106900
Peg,331.355069,36.106900,331.359581,35.606900
Peg,331.359600,35.606900,332.309009,35.612444
Peg,332.309009,35.612444,333.258484,35.617822
Peg,333.258484,35.617822,334.208024,35.623031
Peg,334.208024,35.623031,335.157626,35.628070
Peg,335.157626,35.628070,336.107288,35.632939
Peg,336.107288,35.632939,337.057008,35.637635
Peg,337.057008,35.637635,338.006784,35.642157
Peg,338.006784,35.642157,338.956615,35.646505
Peg,338.956615,35.646505,339.906497,35.650676
Peg,339.906497,35.650676,340.856428,35.654670
Peg,340.856428,35.654670,341.806408,35.658486
Peg,341.806408,35.658486,342.756432,35.662122
Peg,342.756432,35.662122,343.706500,35.665577
Peg,343.706500,35.665600,343.709166,35.165600
Peg,343.709200,35.165600,344.465300,35.168220
Peg,344.465300,35.168200,345.423051,35.171353
Peg,345.423051,35.171353,346.380839,35.174321
Peg,346.380839,35.174321,347.338661,35.177101
Peg,347.338661,35.177101,348.296516,35.179694
Peg,348.296516,35.179694,349.254401,35.182099
Peg,349.254401,35.182099,350.212314,35.184314
Peg,350.212314,35.184314,351.170253,35.186340
Peg,351.170253,35.186340,352.128215,35.188176
Peg,352.128215,35.188176,353.086198,35.189820
Peg,353.086198,35.189820,354.044200,35.191274
Peg,354.044200,35.191300,354.045893,34.385733
Peg,354.045893,34.385733,354.047554,33.580167
Peg,354.047554,33.580167,354.049183,32.774600
Peg,354.049200,32.774600,354.993908,32.775846
Peg,354.993908,32.775846,355.938629,32.776905
Peg,355.938629,32.776905,356.883360,32.777776
Peg,356.883360,32.777776,357.828100,32.778461
Peg,357.828100,32.778500,357.828758,32.028500
Peg,357.828700,32.028500,358.773271,32.028997
Peg,358.773271,32.028997,359.717845,32.029306
Peg,359.717845,32.029306,0.662423,32.029427
Peg,0.662423,32.029427,1.607000,32.029361
Peg,1.607000,32.029400,1.606805,31.196050
Peg,1.606805,31.196050,1.606613,30.362700
Peg,1.606613,30.362700,1.606425,29.529350
Peg,1.606425,29.529350,1.606240,28.696000
Peg,1.606200,28.696000,2.109500,28.695888
Peg,2.109500,28.695888,2.612800,28.695722
Peg,2.612800,28.695800,2.612378,27.838657
Peg,2.612378,27.838657,2.611963,26.981514
Peg,2.611963,26.981514,2.611554,26.124371
Peg,2.611554,26.124371,2.611151,25.267229
Peg,2.611151,25.267229,2.610754,24.410086
Peg,2.610754,24.410086,2.610362,23.552943
Peg,2.610362,23.552943,2.609975,22.695800
Peg,2.610000,22.695800,3.175301,22.695551
Peg,3.175301,22.695551,3.740600,22.695234
Peg,3.740600,22.695200,3.740237,22.195200
Peg,3.740237,22.195200,3.739877,21.695200
Peg,3.739900,21.695200,3.739226,20.750756
Peg,3.739226,20.750756,3.738561,19.806311
Peg,3.738561,19.806311,3.737903,18.861867
Peg,3.737903,18.861867,3.737253,17.917422
Peg,3.737253,17.917422,3.736609,16.972978
Peg,3.736609,16.972978,3.735972,16.028533
Peg,3.735972,16.028533,3.735341,15.084089
Peg,3.735341,15.084089,3.734716,14.139644
Peg,3.734716,14.139644,3.734096,13.195200
Peg,3.734100,13.195200,3.023801,13.195587
Peg,3.023801,13.195587,2.313501,13.195868
Peg,2.313501,13.195868,1.603200,13.196041
Peg,1.603200,13.196000,1.603051,12.362667
Peg,1.603051,12.362667,1.602904,11.529333
Peg,1.602904,11.529333,1.602757,10.696000
Peg,1.602700,10.696000,0.767500,10.696068
Peg,0.767500,10.696068,359.932300,10.695988
Peg,359.932300,10.695988,359.097100,10.695761
Peg,359.097100,10.695800,359.097410,9.862467
Peg,359.097410,9.862467,359.097719,9.029133
Peg,359.097719,9.029133,359.098026,8.195800
Peg,359.098000,8.195800,358.140522,8.195358
Peg,358.140522,8.195358,357.183045,8.194722
Peg,357.183045,8.194722,356.225570,8.193893
Peg,356.225570,8.193893,355.268097,8.192870
Peg,355.268097,8.192870,354.310627,8.191653
Peg,354.310627,8.191653,353.353161,8.190245
Peg,353.353161,8.190245,352.395699,8.188643
Peg,352.395699,8.188643,351.438241,8.186850
Peg,351.438241,8.186850,350.480788,8.184865
Peg,350.480788,8.184865,349.523340,8.182689
Peg,349.523340,8.182689,348.565898,8.180323
Peg,348.565898,8.180323,347.608463,8.177768
Peg,347.608463,8.177768,346.651035,8.175023
Peg,346.651035,8.175023,345.693614,8.172090
Peg,345.693614,8.172090,344.736201,8.168970
Peg,344.736201,8.168970,343.778796,8.165664
Peg,343.778796,8.165664,342.821400,8.162171
Peg,342.821400,8.162200,342.824895,7.245533
Peg,342.824895,7.245533,342.828376,6.328867
Peg,342.828376,6.328867,342.831844,5.412200
Peg,342.831844,5.412200,342.835302,4.495533
Peg,342.835302,4.495533,342.838751,3.578867
Peg,342.838751,3.578867,342.842194,2.662200
Peg,342.842200,2.662200,341.904270,2.658600
Peg,341.904270,2.658600,340.966343,2.654823
Peg,340.966343,2.654823,340.028419,2.650871
Peg,340.028419,2.650871,339.090500,2.646745
Peg,339.090500,2.646745,338.152585,2.642445
Peg,338.152585,2.642445,337.214673,2.637974
Peg,337.214673,2.637974,336.276766,2.633331
Peg,336.276766,2.633331,335.338864,2.628519
Peg,335.338864,2.628519,334.400965,2.623539
Peg,334.400965,2.623539,333.463072,2.618391
Peg,333.463072,2.618391,332.525184,2.613078
Peg,332.525184,2.613078,331.587300,2.607601
Peg,331.587300,2.607600,331.588785,2.357600
Peg,331.588800,2.357600,330.588449,2.351579
Peg,330.588449,2.351579,329.588103,2.345374
Peg,329.588103,2.345374,328.587763,2.338988
Peg,328.587763,2.338988,327.587429,2.332422
Peg,327.587429,2.332422,326.587100,2.325680
Peg,326.587100,2.325700,326.583679,2.825700
Peg,326.583679,2.825700,326.580254,3.325700
Peg,326.580200,3.325700,325.829818,3.320527
Peg,325.829818,3.320527,325.079440,3.315255
Peg,325.079440,3.315255,324.329068,3.309887
Peg,324.329068,3.309887,323.578700,3.304423
Peg,323.578700,3.304400,323.584224,2.554399
Peg,323.584300,2.554400,322.917364,2.549464
Peg,322.917364,2.549464,322.250430,2.544453
Peg,322.250430,2.544453,321.583500,2.539369
Per,42.628400,31.186500,42.637658,32.019801
Per,42.637658,32.019801,42.647085,32.853101
Per,42.647085,32.853101,42.656691,33.686401
Per,42.656691,33.686401,42.666486,34.519700
Per,42.666500,34.519700,41.911855,34.525736
Per,41.911855,34.525736,41.157155,34.531682
Per,41.157155,34.531682,40.402400,34.537536
Per,40.402400,34.537500,40.412912,35.454134
Per,40.412912,35.454134,40.423665,36.370768
Per,40.423665,36.370768,40.434676,37.287400
Per,40.434700,37.287400,39.679300,37.293166
Per,39.679300,37.293200,39.691206,38.275296
Per,39.691206,38.275296,39.703438,39.257392
Per,39.703438,39.257392,39.716018,40.239485
Per,39.716018,40.239485,39.728968,41.221578
Per,39.728968,41.221578,39.742313,42.203669
Per,39.742313,42.203669,39.756080,43.185758
Per,39.756080,43.185758,39.770297,44.167846
Per,39.770297,44.167846,39.784995,45.149932
Per,39.784995,45.149932,39.800209,46.132016
Per,39.800209,46.132016,39.815976,47.114097
Per,39.815976,47.114097,39.832335,48.096177
Per,39.832335,48.096177,39.849331,49.078254
Per,39.849331,49.078254,39.867013,50.060329
Per,39.867013,50.060329,39.885435,51.042400
Per,39.885500,51.042400,38.984483,51.049155
Per,38.984483,51.049155,38.083334,51.055777
Per,38.083334,51.055777,37.182055,51.062263
Per,37.182055,51.062263,36.280648,51.068613
Per,36.280648,51.068613,35.379116,51.074823
Per,35.379116,51.074823,34.477463,51.080894
Per,34.477463,51.080894,33.575690,51.086823
Per,33.575690,51.086823,32.673800,51.092608
Per,32.673800,51.092600,32.660009,50.217652
Per,32.660009,50.217652,32.646715,49.342703
Per,32.646715,49.342703,32.633886,48.467752
Per,32.633886,48.467752,32.621492,47.592800
Per,32.621500,47.592800,31.673411,47.598725
Per,31.673411,47.598725,30.725213,47.604488
Per,30.725213,47.604488,29.776910,47.610088
Per,29.776910,47.610088,28.828505,47.615523
Per,28.828505,47.615523,27.880001,47.620792
Per,27.880001,47.620792,26.931401,47.625892
Per,26.931400,47.625800,26.943269,48.625768
Per,26.943269,48.625768,26.955618,49.625735
Per,26.955618,49.625735,26.968484,50.625700
Per,26.968500,50.625700,26.056559,50.630444
Per,26.056559,50.630444,25.144525,50.635030
Per,25.144525,50.635030,24.232401,50.639458
Per,24.232401,50.639458,23.320192,50.643725
Per,23.320192,50.643725,22.407899,50.647833
Per,22.407900,50.647900,22.416834,51.447882
Per,22.416834,51.447882,22.426086,52.247862
Per,22.426086,52.247862,22.435678,53.047842
Per,22.435678,53.047842,22.445633,53.847822
Per,22.445633,53.847822,22.455976,54.647800
Per,22.456000,54.647800,23.471769,54.643217
Per,23.471769,54.643217,24.487419,54.638435
Per,24.487419,54.638435,25.502944,54.633456
Per,25.502944,54.633456,26.518339,54.628282
Per,26.518339,54.628282,27.533600,54.622913
Per,27.533600,54.622900,27.547962,55.497853
Per,27.547962,55.497853,27.562976,56.372804
Per,27.562976,56.372804,27.578696,57.247753
Per,27.578696,57.247753,27.595181,58.122700
Per,27.595200,58.122700,28.389953,58.118363
Per,28.389953,58.118363,29.184605,58.113909
Per,29.184605,58.113909,29.979155,58.109339
Per,29.979155,58.109339,30.773599,58.104655
Per,30.773600,58.104700,30.795598,59.104600
Per,30.795600,59.104600,31.797130,59.098531
Per,31.797130,59.098531,32.798475,59.092283
Per,32.798475,59.092283,33.799632,59.085858
Per,33.799632,59.085858,34.800594,59.079257
Per,34.800594,59.079257,35.801356,59.072484
Per,35.801356,59.072484,36.801915,59.065539
Per,36.801915,59.065539,37.802264,59.058425
Per,37.802264,59.058425,38.802398,59.051145
Per,38.802400,59.051200,38.781967,58.301251
Per,38.781967,58.301251,38.762382,57.551299
Per,38.762300,57.551300,39.684936,57.544436
Per,39.684936,57.544436,40.607393,57.537434
Per,40.607393,57.537434,41.529668,57.530296
Per,41.529668,57.530296,42.451756,57.523022
Per,42.451756,57.523022,43.373656,57.515616
Per,43.373656,57.515616,44.295363,57.508079
Per,44.295363,57.508079,45.216874,57.500413
Per,45.216874,57.500413,46.138186,57.492620
Per,46.138186,57.492620,47.059297,57.484703
Per,47.059297,57.484703,47.980202,57.476662
Per,47.980202,57.476662,48.900900,57.468502
Per,48.900900,57.468500,49.407232,57.463960
Per,49.407232,57.463960,49.913500,57.459385
Per,49.913500,57.459400,49.882981,56.459553
Per,49.882981,56.459553,49.854028,55.459700
Per,49.854000,55.459700,50.696802,55.452005
Per,50.696802,55.452005,51.539437,55.444214
Per,51.539437,55.444214,52.381901,55.436328
Per,52.381900,55.436300,52.358026,54.603071
Per,52.358026,54.603071,52.335109,53.769838
Per,52.335109,53.769838,52.313085,52.936600
Per,52.313100,52.936600,53.292877,52.927311
Per,53.292877,52.927311,54.272440,52.917900
Per,54.272440,52.917900,55.251785,52.908368
Per,55.251785,52.908368,56.230910,52.898720
Per,56.230910,52.898720,57.209813,52.888957
Per,57.209813,52.888957,58.188491,52.879083
Per,58.188491,52.879083,59.166942,52.869100
Per,59.166942,52.869100,60.145164,52.859012
Per,60.145164,52.859012,61.123154,52.848821
Per,61.123154,52.848821,62.100911,52.838531
Per,62.100911,52.838531,63.078432,52.828144
Per,63.078432,52.828144,64.055715,52.817663
Per,64.055715,52.817663,65.032760,52.807092
Per,65.032760,52.807092,66.009563,52.796434
Per,66.009563,52.796434,66.986123,52.785691
Per,66.986123,52.785691,67.962439,52.774867
Per,67.962439,52.774867,68.938509,52.763965
Per,68.938509,52.763965,69.914332,52.752989
Per,69.914332,52.752989,70.889906,52.741941
Per,70.889906,52.741941,71.865229,52.730824
Per,71.865229,52.730824,72.840301,52.719643
Per,72.840300,52.719600,72.810540,51.749189
Per,72.810540,51.749189,72.782031,50.778770
Per,72.782031,50.778770,72.754682,49.808345
Per,72.754682,49.808345,72.728408,48.837913
Per,72.728408,48.837913,72.703132,47.867476
Per,72.703132,47.867476,72.678786,46.897034
Per,72.678786,46.897034,72.655306,45.926586
Per,72.655306,45.926586,72.632633,44.956134
Per,72.632633,44.956134,72.610714,43.985678
Per,72.610714,43.985678,72.589500,43.015217
Per,72.589500,43.015217,72.568947,42.044753
Per,72.568947,42.044753,72.549012,41.074285
Per,72.549012,41.074285,72.529657,40.103814
Per,72.529657,40.103814,72.510847,39.133339
Per,72.510847,39.133339,72.492548,38.162862
Per,72.492548,38.162862,72.474729,37.192382
Per,72.474729,37.192382,72.457364,36.221899
Per,72.457300,36.221900,71.496270,36.232920
Per,71.496270,36.232920,70.535103,36.243875
Per,70.535103,36.243875,69.573801,36.254763
Per,69.573800,36.254700,69.558543,35.365904
Per,69.558543,35.365904,69.543617,34.477107
Per,69.543617,34.477107,69.529007,33.588308
Per,69.529007,33.588308,69.514694,32.699507
Per,69.514694,32.699507,69.500664,31.810704
Per,69.500664,31.810704,69.486901,30.921900
Per,69.486900,30.921900,68.484276,30.933179
Per,68.484276,30.933179,67.481533,30.944377
Per,67.481533,30.944377,66.478671,30.955490
Per,66.478671,30.955490,65.475692,30.966516
Per,65.475692,30.966516,64.472596,30.977452
Per,64.472596,30.977452,63.469385,30.988293
Per,63.469385,30.988293,62.466058,30.999036
Per,62.466058,30.999036,61.462618,31.009678
Per,61.462618,31.009678,60.459064,31.020216
Per,60.459064,31.020216,59.455399,31.030646
Per,59.455399,31.030646,58.451623,31.040966
Per,58.451623,31.040966,57.447736,31.051172
Per,57.447736,31.051172,56.443742,31.061261
Per,56.443742,31.061261,55.439639,31.071230
Per,55.439639,31.071230,54.435431,31.081075
Per,54.435431,31.081075,53.431117,31.090794
Per,53.431117,31.090794,52.426700,31.100384
Per,52.426700,31.100400,51.447287,31.109623
Per,51.447287,31.109623,50.467777,31.118718
Per,50.467777,31.118718,49.488173,31.127681
Per,49.488173,31.127681,48.508475,31.136511
Per,48.508475,31.136511,47.528684,31.145205
Per,47.528684,31.145205,46.548804,31.153759
Per,46.548804,31.153759,45.568833,31.162173
Per,45.568833,31.162173,44.588775,31.170442
Per,44.588775,31.170442,43.608630,31.178565
Per,43.608630,31.178565,42.628400,31.186540
Phe,351.692700,-39.312800,351.695992,-40.312795
Phe,351.695992,-40.312795,351.699383,-41.312790
Phe,351.699383,-41.312790,351.702880,-42.312785
Phe,351.702880,-42.312785,351.706490,-43.312780
Phe,351.706490,-43.312780,351.710220,-44.312775
Phe,351.710220,-44.312775,351.714080,-45.312770
Phe,351.714080,-45.312770,351.718078,-46.312764
Phe,351.718078,-46.312764,351.722226,-47.312759
Phe,351.722226,-47.312759,351.726533,-48.312753
Phe,351.726533,-48.312753,351.731012,-49.312747
Phe,351.731012,-49.312747,351.735678,-50.312741
Phe,351.735678,-50.312741,351.740543,-51.312735
Phe,351.740543,-51.312735,351.745626,-52.312728
Phe,351.745626,-52.312728,351.750943,-53.312722
Phe,351.750943,-53.312722,351.756516,-54.312715
Phe,351.756516,-54.312715,351.762366,-55.312707
Phe,351.762366,-55.312707,351.768519,-56.312700
Phe,351.768500,-56.312700,351.773330,-57.062700
Phe,351.773330,-57.062700,351.778360,-57.812700
Phe,351.778400,-57.812700,352.759237,-57.810898
Phe,352.759237,-57.810898,353.740030,-57.809301
Phe,353.740030,-57.809301,354.720783,-57.807911
Phe,354.720783,-57.807911,355.701501,-57.806728
Phe,355.701501,-57.806728,356.682192,-57.805752
Phe,356.682192,-57.805752,357.662859,-57.804983
Phe,357.662859,-57.804983,358.643509,-57.804422
Phe,358.643509,-57.804422,359.624146,-57.804068
Phe,359.624146,-57.804068,0.604777,-57.803923
Phe,0.604777,-57.803923,1.585407,-57.803985
Phe,1.585407,-57.803985,2.566041,-57.804256
Phe,2.566041,-57.804256,3.546685,-57.804734
Phe,3.546685,-57.804734,4.527345,-57.805420
Phe,4.527345,-57.805420,5.508025,-57.806313
Phe,5.508025,-57.806313,6.488732,-57.807414
Phe,6.488732,-57.807414,7.469471,-57.808721
Phe,7.469471,-57.808721,8.450247,-57.810235
Phe,8.450247,-57.810235,9.431066,-57.811955
Phe,9.431066,-57.811955,10.411933,-57.813881
Phe,10.411933,-57.813881,11.392853,-57.816012
Phe,11.392853,-57.816012,12.373833,-57.818347
Phe,12.373833,-57.818347,13.354877,-57.820886
Phe,13.354877,-57.820886,14.335991,-57.823628
Phe,14.335991,-57.823628,15.317181,-57.826573
Phe,15.317181,-57.826573,16.298451,-57.829719
Phe,16.298451,-57.829719,17.279807,-57.833065
Phe,17.279807,-57.833065,18.261255,-57.836611
Phe,18.261255,-57.836611,19.242800,-57.840355
Phe,19.242800,-57.840355,20.224446,-57.844297
Phe,20.224446,-57.844297,21.206199,-57.848435
Phe,21.206200,-57.848400,21.221024,-56.848443
Phe,21.221024,-56.848443,21.235076,-55.848484
Phe,21.235076,-55.848484,21.248423,-54.848524
Phe,21.248423,-54.848524,21.261124,-53.848563
Phe,21.261124,-53.848563,21.273233,-52.848600
Phe,21.273300,-52.848600,22.196692,-52.852669
Phe,22.196692,-52.852669,23.120170,-52.856910
Phe,23.120170,-52.856910,24.043738,-52.861320
Phe,24.043738,-52.861320,24.967400,-52.865899
Phe,24.967400,-52.865900,24.976495,-52.199234
Phe,24.976495,-52.199234,24.985321,-51.532568
Phe,24.985321,-51.532568,24.993892,-50.865900
Phe,24.993800,-50.865900,25.918531,-50.870651
Phe,25.918531,-50.870651,26.843356,-50.875569
Phe,26.843356,-50.875569,27.768278,-50.880652
Phe,27.768278,-50.880652,28.693300,-50.885899
Phe,28.693300,-50.885900,28.705149,-50.052602
Phe,28.705149,-50.052602,28.716593,-49.219302
Phe,28.716593,-49.219302,28.727658,-48.386002
Phe,28.727658,-48.386002,28.738366,-47.552700
Phe,28.738300,-47.552700,29.664773,-47.558117
Phe,29.664773,-47.558117,30.591340,-47.563696
Phe,30.591340,-47.563696,31.518006,-47.569434
Phe,31.518006,-47.569434,32.444772,-47.575331
Phe,32.444772,-47.575331,33.371642,-47.581384
Phe,33.371642,-47.581384,34.298618,-47.587593
Phe,34.298618,-47.587593,35.225703,-47.593956
Phe,35.225703,-47.593956,36.152900,-47.600470
Phe,36.152900,-47.600500,36.166842,-46.693139
Phe,36.166842,-46.693139,36.180324,-45.785776
Phe,36.180324,-45.785776,36.193373,-44.878412
Phe,36.193373,-44.878412,36.206018,-43.971047
Phe,36.206018,-43.971047,36.218282,-43.063680
Phe,36.218282,-43.063680,36.230188,-42.156311
Phe,36.230188,-42.156311,36.241757,-41.248942
Phe,36.241757,-41.248942,36.253009,-40.341571
Phe,36.253009,-40.341571,36.263963,-39.434200
Phe,36.264000,-39.434200,35.272269,-39.427237
Phe,35.272269,-39.427237,34.280634,-39.420448
Phe,34.280634,-39.420448,33.289092,-39.413835
Phe,33.289092,-39.413835,32.297641,-39.407398
Phe,32.297641,-39.407398,31.306279,-39.401141
Phe,31.306279,-39.401141,30.315002,-39.395065
Phe,30.315002,-39.395065,29.323808,-39.389171
Phe,29.323808,-39.389171,28.332695,-39.383463
Phe,28.332695,-39.383463,27.341660,-39.377941
Phe,27.341660,-39.377941,26.350700,-39.372606
Phe,26.350700,-39.372600,25.396500,-39.367642
Phe,25.396500,-39.367642,24.442365,-39.362862
Phe,24.442365,-39.362862,23.488293,-39.358260
Phe,23.488293,-39.358260,22.534281,-39.353838
Phe,22.534281,-39.353838,21.580327,-39.349596
Phe,21.580327,-39.349596,20.626428,-39.345537
Phe,20.626428,-39.345537,19.672582,-39.341661
Phe,19.672582,-39.341661,18.718786,-39.337969
Phe,18.718786,-39.337969,17.765039,-39.334463
Phe,17.765039,-39.334463,16.811336,-39.331142
Phe,16.811336,-39.331142,15.857677,-39.328009
Phe,15.857677,-39.328009,14.904058,-39.325064
Phe,14.904058,-39.325064,13.950477,-39.322308
Phe,13.950477,-39.322308,12.996932,-39.319742
Phe,12.996932,-39.319742,12.043419,-39.317365
Phe,12.043419,-39.317365,11.089937,-39.315180
Phe,11.089937,-39.315180,10.136482,-39.313186
Phe,10.136482,-39.313186,9.183053,-39.311385
Phe,9.183053,-39.311385,8.229646,-39.309776
Phe,8.229646,-39.309776,7.276260,-39.308360
Phe,7.276260,-39.308360,6.322891,-39.307137
Phe,6.322891,-39.307137,5.369536,-39.306108
Phe,5.369536,-39.306108,4.416195,-39.305273
Phe,4.416195,-39.305273,3.462863,-39.304633
Phe,3.462863,-39.304633,2.509538,-39.304186
Phe,2.509538,-39.304186,1.556218,-39.303935
Phe,1.556218,-39.303935,0.602900,-39.303878
Phe,0.602900,-39.303900,359.612919,-39.304047
Phe,359.612919,-39.304047,358.622934,-39.304404
Phe,358.622934,-39.304404,357.632943,-39.304970
Phe,357.632943,-39.304970,356.642942,-39.305746
Phe,356.642942,-39.305746,355.652929,-39.306732
Phe,355.652929,-39.306732,354.662902,-39.307926
Phe,354.662902,-39.307926,353.672856,-39.309329
Phe,353.672856,-39.309329,352.682790,-39.310941
Phe,352.682790,-39.310941,351.692700,-39.312760
Pic,90.951800,-43.005800,90.014424,-42.994411
Pic,90.014424,-42.994411,89.077221,-42.983024
Pic,89.077221,-42.983024,88.140191,-42.971643
Pic,88.140191,-42.971643,87.203335,-42.960270
Pic,87.203335,-42.960270,86.266652,-42.948909
Pic,86.266652,-42.948909,85.330141,-42.937563
Pic,85.330141,-42.937563,84.393802,-42.926235
Pic,84.393802,-42.926235,83.457634,-42.914927
Pic,83.457634,-42.914927,82.521638,-42.903644
Pic,82.521638,-42.903644,81.585812,-42.892387
Pic,81.585812,-42.892387,80.650156,-42.881159
Pic,80.650156,-42.881159,79.714669,-42.869965
Pic,79.714669,-42.869965,78.779351,-42.858806
Pic,78.779351,-42.858806,77.844201,-42.847686
Pic,77.844201,-42.847686,76.909217,-42.836608
Pic,76.909217,-42.836608,75.974401,-42.825574
Pic,75.974400,-42.825600,75.143603,-42.815832
Pic,75.143603,-42.815832,74.312937,-42.806104
Pic,74.312937,-42.806104,73.482400,-42.796418
Pic,73.482400,-42.796400,73.463217,-43.671280
Pic,73.463217,-43.671280,73.443466,-44.546157
Pic,73.443466,-44.546157,73.423112,-45.421031
Pic,73.423112,-45.421031,73.402118,-46.295900
Pic,73.402100,-46.295900,72.406087,-46.284339
Pic,72.406087,-46.284339,71.410282,-46.272845
Pic,71.410282,-46.272845,70.414684,-46.261421
Pic,70.414684,-46.261421,69.419290,-46.250070
Pic,69.419290,-46.250070,68.424100,-46.238797
Pic,68.424100,-46.238800,68.404133,-47.072004
Pic,68.404133,-47.072004,68.383531,-47.905204
Pic,68.383531,-47.905204,68.362255,-48.738401
Pic,68.362200,-48.738400,68.340206,-49.571612
Pic,68.340206,-49.571612,68.317449,-50.404819
Pic,68.317449,-50.404819,68.293876,-51.238022
Pic,68.293876,-51.238022,68.269435,-52.071220
Pic,68.269435,-52.071220,68.244063,-52.904413
Pic,68.244063,-52.904413,68.217697,-53.737600
Pic,68.217700,-53.737600,69.149287,-53.748151
Pic,69.149287,-53.748151,70.081107,-53.758771
Pic,70.081107,-53.758771,71.013161,-53.769456
Pic,71.013161,-53.769456,71.945451,-53.780204
Pic,71.945451,-53.780204,72.877979,-53.791012
Pic,72.877979,-53.791012,73.810745,-53.801877
Pic,73.810745,-53.801877,74.743752,-53.812796
Pic,74.743752,-53.812796,75.677001,-53.823767
Pic,75.677000,-53.823800,75.646789,-54.698613
Pic,75.646789,-54.698613,75.615247,-55.573417
Pic,75.615247,-55.573417,75.582267,-56.448213
Pic,75.582267,-56.448213,75.547733,-57.323000
Pic,75.547700,-57.323000,76.480604,-57.334012
Pic,76.480604,-57.334012,77.413786,-57.345071
Pic,77.413786,-57.345071,78.347249,-57.356172
Pic,78.347249,-57.356172,79.280992,-57.367313
Pic,79.280992,-57.367313,80.215018,-57.378491
Pic,80.215018,-57.378491,81.149328,-57.389703
Pic,81.149328,-57.389703,82.083923,-57.400947
Pic,82.083923,-57.400947,83.018803,-57.412219
Pic,83.018800,-57.412300,82.981511,-58.287068
Pic,82.981511,-58.287068,82.942332,-59.161825
Pic,82.942332,-59.161825,82.901097,-60.036569
Pic,82.901097,-60.036569,82.857619,-60.911300
Pic,82.857600,-60.911300,83.792374,-60.922593
Pic,83.792374,-60.922593,84.727478,-60.933908
Pic,84.727478,-60.933908,85.662915,-60.945243
Pic,85.662915,-60.945243,86.598683,-60.956595
Pic,86.598683,-60.956595,87.534785,-60.967960
Pic,87.534785,-60.967960,88.471222,-60.979336
Pic,88.471222,-60.979336,89.407993,-60.990720
Pic,89.407993,-60.990720,90.345100,-61.002108
Pic,90.345100,-61.002100,90.305392,-61.751869
Pic,90.305392,-61.751869,90.263701,-62.501627
Pic,90.263701,-62.501627,90.219860,-63.251371
Pic,90.219860,-63.251371,90.173682,-64.001101
Pic,90.173600,-64.001100,91.145685,-64.012911
Pic,91.145685,-64.012911,92.118181,-64.024721
Pic,92.118181,-64.024721,93.091089,-64.036526
Pic,93.091089,-64.036526,94.064409,-64.048324
Pic,94.064409,-64.048324,95.038141,-64.060110
Pic,95.038141,-64.060110,96.012286,-64.071881
Pic,96.012286,-64.071881,96.986843,-64.083633
Pic,96.986843,-64.083633,97.961813,-64.095365
Pic,97.961813,-64.095365,98.937196,-64.107071
Pic,98.937200,-64.107000,99.878152,-64.118261
Pic,99.878152,-64.118261,100.819487,-64.129493
Pic,100.819487,-64.129493,101.761204,-64.140692
Pic,101.761204,-64.140692,102.703303,-64.151856
Pic,102.703300,-64.151900,102.755021,-63.295060
Pic,102.755021,-63.295060,102.803755,-62.438203
Pic,102.803755,-62.438203,102.849774,-61.581329
Pic,102.849774,-61.581329,102.893317,-60.724441
Pic,102.893317,-60.724441,102.934598,-59.867539
Pic,102.934598,-59.867539,102.973804,-59.010625
Pic,102.973804,-59.010625,103.011105,-58.153700
Pic,103.011100,-58.153700,102.007223,-58.141804
Pic,102.007223,-58.141804,101.003684,-58.129867
Pic,101.003684,-58.129867,100.000483,-58.117892
Pic,100.000483,-58.117892,98.997621,-58.105884
Pic,98.997621,-58.105884,97.995098,-58.093845
Pic,97.995100,-58.093800,98.036965,-57.094079
Pic,98.036965,-57.094079,98.076631,-56.094346
Pic,98.076631,-56.094346,98.114290,-55.094600
Pic,98.114300,-55.094600,97.112312,-55.082537
Pic,97.112312,-55.082537,96.110628,-55.070451
Pic,96.110628,-55.070451,95.109247,-55.058345
Pic,95.109247,-55.058345,94.108170,-55.046223
Pic,94.108170,-55.046223,93.107397,-55.034089
Pic,93.107400,-55.034000,93.137549,-54.200874
Pic,93.137549,-54.200874,93.166505,-53.367740
Pic,93.166505,-53.367740,93.194351,-52.534599
Pic,93.194400,-52.534600,92.360641,-52.524482
Pic,92.360641,-52.524482,91.527074,-52.514359
Pic,91.527074,-52.514359,90.693699,-52.504235
Pic,90.693700,-52.504200,90.721830,-51.629353
Pic,90.721830,-51.629353,90.748896,-50.754500
Pic,90.748900,-50.754500,90.777709,-49.785933
Pic,90.777709,-49.785933,90.805388,-48.817360
Pic,90.805388,-48.817360,90.832018,-47.848780
Pic,90.832018,-47.848780,90.857672,-46.880194
Pic,90.857672,-46.880194,90.882415,-45.911603
Pic,90.882415,-45.911603,90.906310,-44.943007
Pic,90.906310,-44.943007,90.929411,-43.974405
Pic,90.929411,-43.974405,90.951771,-43.005800
Psc,342.849700,0.662200,342.847203,1.328867
Psc,342.847203,1.328867,342.844705,1.995533
Psc,342.844705,1.995533,342.842205,2.662200
Psc,342.842200,2.662200,342.838758,3.578867
Psc,342.838758,3.578867,342.835308,4.495533
Psc,342.835308,4.495533,342.831850,5.412200
Psc,342.831850,5.412200,342.828382,6.328867
Psc,342.828382,6.328867,342.824901,7.245533
Psc,342.824901,7.245533,342.821406,8.162200
Psc,342.821400,8.162200,343.778796,8.165692
Psc,343.778796,8.165692,344.736201,8.168999
Psc,344.736201,8.168999,345.693614,8.172119
Psc,345.693614,8.172119,346.651035,8.175052
Psc,346.651035,8.175052,347.608463,8.177796
Psc,347.608463,8.177796,348.565898,8.180352
Psc,348.565898,8.180352,349.523340,8.182718
Psc,349.523340,8.182718,350.480788,8.184894
Psc,350.480788,8.184894,351.438241,8.186878
Psc,351.438241,8.186878,352.395699,8.188672
Psc,352.395699,8.188672,353.353161,8.190273
Psc,353.353161,8.190273,354.310627,8.191682
Psc,354.310627,8.191682,355.268097,8.192898
Psc,355.268097,8.192898,356.225570,8.193921
Psc,356.225570,8.193921,357.183045,8.194751
Psc,357.183045,8.194751,358.140522,8.195387
Psc,358.140522,8.195387,359.098000,8.195829
Psc,359.098000,8.195800,359.097693,9.029133
Psc,359.097693,9.029133,359.097384,9.862467
Psc,359.097384,9.862467,359.097074,10.695800
Psc,359.097100,10.695800,359.932300,10.696027
Psc,359.932300,10.696027,0.767500,10.696107
Psc,0.767500,10.696107,1.602700,10.696039
Psc,1.602700,10.696000,1.602847,11.529333
Psc,1.602847,11.529333,1.602995,12.362667
Psc,1.602995,12.362667,1.603143,13.196000
Psc,1.603200,13.196000,2.313501,13.195826
Psc,2.313501,13.195826,3.023801,13.195546
Psc,3.023801,13.195546,3.734100,13.195159
Psc,3.734100,13.195200,3.734720,14.139644
Psc,3.734720,14.139644,3.735346,15.084089
Psc,3.735346,15.084089,3.735977,16.028533
Psc,3.735977,16.028533,3.736614,16.972978
Psc,3.736614,16.972978,3.737257,17.917422
Psc,3.737257,17.917422,3.737907,18.861867
Psc,3.737907,18.861867,3.738565,19.806311
Psc,3.738565,19.806311,3.739230,20.750756
Psc,3.739230,20.750756,3.739904,21.695200
Psc,3.739900,21.695200,4.710394,21.694499
Psc,4.710394,21.694499,5.680882,21.693600
Psc,5.680882,21.693600,6.651364,21.692503
Psc,6.651364,21.692503,7.621837,21.691208
Psc,7.621837,21.691208,8.592300,21.689715
Psc,8.592300,21.689715,9.562753,21.688026
Psc,9.562753,21.688026,10.533193,21.686140
Psc,10.533193,21.686140,11.503619,21.684059
Psc,11.503619,21.684059,12.474029,21.681782
Psc,12.474029,21.681782,13.444424,21.679310
Psc,13.444424,21.679310,14.414800,21.676645
Psc,14.414800,21.676600,14.417841,22.593267
Psc,14.417841,22.593267,14.420923,23.509933
Psc,14.420923,23.509933,14.424048,24.426600
Psc,14.424100,24.426600,13.418811,24.429358
Psc,13.418811,24.429358,12.413500,24.431908
Psc,12.413500,24.431900,12.416235,25.356900
Psc,12.416235,25.356900,12.419012,26.281901
Psc,12.419012,26.281901,12.421833,27.206901
Psc,12.421833,27.206901,12.424702,28.131901
Psc,12.424702,28.131901,12.427621,29.056901
Psc,12.427621,29.056901,12.430593,29.981901
Psc,12.430593,29.981901,12.433620,30.906901
Psc,12.433620,30.906901,12.436707,31.831901
Psc,12.436707,31.831901,12.439856,32.756900
Psc,12.439856,32.756900,12.443071,33.681900
Psc,12.443100,33.681900,13.393664,33.679495
Psc,13.393664,33.679495,14.344199,33.676904
Psc,14.344199,33.676904,15.294704,33.674128
Psc,15.294704,33.674128,16.245176,33.671168
Psc,16.245176,33.671168,17.195614,33.668026
Psc,17.195614,33.668026,18.146015,33.664700
Psc,18.146015,33.664700,19.096377,33.661194
Psc,19.096377,33.661194,20.046699,33.657507
Psc,20.046699,33.657507,20.996978,33.653640
Psc,20.996978,33.653640,21.947212,33.649595
Psc,21.947212,33.649595,22.897400,33.645373
Psc,22.897400,33.645400,22.891997,32.812067
Psc,22.891997,32.812067,22.886695,31.978734
Psc,22.886695,31.978734,22.881488,31.145401
Psc,22.881488,31.145401,22.876371,30.312067
Psc,22.876371,30.312067,22.871341,29.478734
Psc,22.871341,29.478734,22.866393,28.645400
Psc,22.866400,28.645400,23.841043,28.640886
Psc,23.841043,28.640886,24.815641,28.636188
Psc,24.815641,28.636188,25.790194,28.631307
Psc,25.790194,28.631307,26.764700,28.626244
Psc,26.764700,28.626300,26.759589,27.876300
Psc,26.759589,27.876300,26.754548,27.126300
Psc,26.754548,27.126300,26.749575,26.376300
Psc,26.749575,26.376300,26.744665,25.626300
Psc,26.744700,25.626300,26.738616,24.683608
Psc,26.738616,24.683608,26.732623,23.740915
Psc,26.732623,23.740915,26.726716,22.798222
Psc,26.726716,22.798222,26.720891,21.855529
Psc,26.720891,21.855529,26.715141,20.912836
Psc,26.715141,20.912836,26.709464,19.970142
Psc,26.709464,19.970142,26.703854,19.027449
Psc,26.703854,19.027449,26.698308,18.084755
Psc,26.698308,18.084755,26.692820,17.142061
Psc,26.692820,17.142061,26.687388,16.199367
Psc,26.687388,16.199367,26.682008,15.256673
Psc,26.682008,15.256673,26.676676,14.313978
Psc,26.676676,14.313978,26.671389,13.371284
Psc,26.671389,13.371284,26.666142,12.428589
Psc,26.666142,12.428589,26.660934,11.485894
Psc,26.660934,11.485894,26.655760,10.543200
Psc,26.655700,10.543200,27.657639,10.537807
Psc,27.657639,10.537807,28.659559,10.532224
Psc,28.659559,10.532224,29.661460,10.526453
Psc,29.661460,10.526453,30.663340,10.520496
Psc,30.663340,10.520496,31.665200,10.514356
Psc,31.665200,10.514400,31.658852,9.524838
Psc,31.658852,9.524838,31.652540,8.535276
Psc,31.652540,8.535276,31.646261,7.545713
Psc,31.646261,7.545713,31.640011,6.556151
Psc,31.640011,6.556151,31.633785,5.566588
Psc,31.633785,5.566588,31.627581,4.577026
Psc,31.627581,4.577026,31.621393,3.587463
Psc,31.621393,3.587463,31.615219,2.597901
Psc,31.615300,2.597900,30.653372,2.603800
Psc,30.653372,2.603800,29.691438,2.609529
Psc,29.691438,2.609529,28.729499,2.615087
Psc,28.729499,2.615087,27.767555,2.620471
Psc,27.767555,2.620471,26.805606,2.625681
Psc,26.805606,2.625681,25.843652,2.630714
Psc,25.843652,2.630714,24.881693,2.635570
Psc,24.881693,2.635570,23.919729,2.640247
Psc,23.919729,2.640247,22.957762,2.644743
Psc,22.957762,2.644743,21.995790,2.649058
Psc,21.995790,2.649058,21.033813,2.653190
Psc,21.033813,2.653190,20.071833,2.657137
Psc,20.071833,2.657137,19.109850,2.660900
Psc,19.109850,2.660900,18.147862,2.664477
Psc,18.147862,2.664477,17.185871,2.667866
Psc,17.185871,2.667866,16.223877,2.671067
Psc,16.223877,2.671067,15.261880,2.674079
Psc,15.261880,2.674079,14.299880,2.676901
Psc,14.299880,2.676901,13.337878,2.679532
Psc,13.337878,2.679532,12.375873,2.681972
Psc,12.375873,2.681972,11.413865,2.684220
Psc,11.413865,2.684220,10.451856,2.686275
Psc,10.451856,2.686275,9.489844,2.688137
Psc,9.489844,2.688137,8.527831,2.689805
Psc,8.527831,2.689805,7.565816,2.691278
Psc,7.565816,2.691278,6.603800,2.692557
Psc,6.603800,2.692500,6.602980,2.025833
Psc,6.602980,2.025833,6.602161,1.359167
Psc,6.602161,1.359167,6.601342,0.692500
Psc,6.601300,0.692500,6.600226,-0.182500
Psc,6.600226,-0.182500,6.599151,-1.057500
Psc,6.599151,-1.057500,6.598076,-1.932500
Psc,6.598076,-1.932500,6.597000,-2.807500
Psc,6.597000,-2.807500,6.595922,-3.682500
Psc,6.595922,-3.682500,6.594842,-4.557500
Psc,6.594842,-4.557500,6.593760,-5.432500
Psc,6.593760,-5.432500,6.592674,-6.307500
Psc,6.592700,-6.307500,5.656522,-6.306443
Psc,5.656522,-6.306443,4.720345,-6.305572
Psc,4.720345,-6.305572,3.784169,-6.304886
Psc,3.784169,-6.304886,2.847995,-6.304386
Psc,2.847995,-6.304386,1.911821,-6.304072
Psc,1.911821,-6.304072,0.975647,-6.303945
Psc,0.975647,-6.303945,0.039474,-6.304003
Psc,0.039474,-6.304003,359.103300,-6.304247
Psc,359.103300,-6.304200,359.103027,-5.554200
Psc,359.103027,-5.554200,359.102754,-4.804200
Psc,359.102754,-4.804200,359.102482,-4.054200
Psc,359.102482,-4.054200,359.102211,-3.304200
Psc,359.102200,-3.304200,358.147062,-3.304641
Psc,358.147062,-3.304641,357.191924,-3.305275
Psc,357.191924,-3.305275,356.236785,-3.306103
Psc,356.236785,-3.306103,355.281645,-3.307123
Psc,355.281645,-3.307123,354.326505,-3.308336
Psc,354.326505,-3.308336,353.371364,-3.309742
Psc,353.371364,-3.309742,352.416221,-3.311339
Psc,352.416221,-3.311339,351.461077,-3.313128
Psc,351.461077,-3.313128,350.505932,-3.315108
Psc,350.505932,-3.315108,349.550785,-3.317279
Psc,349.550785,-3.317279,348.595636,-3.319639
Psc,348.595636,-3.319639,347.640486,-3.322189
Psc,347.640486,-3.322189,346.685333,-3.324927
Psc,346.685333,-3.324927,345.730179,-3.327853
Psc,345.730179,-3.327853,344.775022,-3.330965
Psc,344.775022,-3.330965,343.819862,-3.334264
Psc,343.819862,-3.334264,342.864700,-3.337748
Psc,342.864700,-3.337800,342.861697,-2.537800
Psc,342.861697,-2.537800,342.858697,-1.737800
Psc,342.858697,-1.737800,342.855700,-0.937800
Psc,342.855700,-0.937800,342.852705,-0.137800
Psc,342.852705,-0.137800,342.849709,0.662200
PsA,346.681000,-24.825000,345.686513,-24.828066
PsA,345.686513,-24.828066,344.692001,-24.831335
PsA,344.692001,-24.831335,343.697463,-24.834807
PsA,343.697463,-24.834807,342.702897,-24.838481
PsA,342.702897,-24.838481,341.708301,-24.842355
PsA,341.708301,-24.842355,340.713675,-24.846428
PsA,340.713675,-24.846428,339.719016,-24.850699
PsA,339.719016,-24.850699,338.724323,-24.855167
PsA,338.724323,-24.855167,337.729594,-24.859831
PsA,337.729594,-24.859831,336.734828,-24.864688
PsA,336.734828,-24.864688,335.740024,-24.869738
PsA,335.740024,-24.869738,334.745179,-24.874980
PsA,334.745179,-24.874980,333.750293,-24.880410
PsA,333.750293,-24.880410,332.755363,-24.886029
PsA,332.755363,-24.886029,331.760389,-24.891834
PsA,331.760389,-24.891834,330.765368,-24.897823
PsA,330.765368,-24.897823,329.770300,-24.903995
PsA,329.770300,-24.904000,328.885746,-24.909638
PsA,328.885746,-24.909638,328.001153,-24.915418
PsA,328.001153,-24.915418,327.116518,-24.921337
PsA,327.116518,-24.921337,326.231842,-24.927396
PsA,326.231842,-24.927396,325.347123,-24.933592
PsA,325.347123,-24.933592,324.462360,-24.939923
PsA,324.462360,-24.939923,323.577553,-24.946389
PsA,323.577553,-24.946389,322.692699,-24.952988
PsA,322.692699,-24.952988,321.807799,-24.959718
PsA,321.807800,-24.959800,321.815638,-25.793100
PsA,321.815638,-25.793100,321.823588,-26.626400
PsA,321.823588,-26.626400,321.831654,-27.459700
PsA,321.831600,-27.459700,321.841442,-28.459659
PsA,321.841442,-28.459659,321.851473,-29.459617
PsA,321.851473,-29.459617,321.861703,-30.459575
PsA,321.861703,-30.459575,321.872145,-31.459531
PsA,321.872145,-31.459531,321.882812,-32.459487
PsA,321.882812,-32.459487,321.893720,-33.459442
PsA,321.893720,-33.459442,321.904881,-34.459396
PsA,321.904881,-34.459396,321.916314,-35.459349
PsA,321.916314,-35.459349,321.928034,-36.459301
PsA,321.928100,-36.459300,322.920990,-36.451758
PsA,322.920990,-36.451758,323.913786,-36.444382
PsA,323.913786,-36.444382,324.906491,-36.437174
PsA,324.906491,-36.437174,325.899106,-36.430137
PsA,325.899106,-36.430137,326.891635,-36.423272
PsA,326.891635,-36.423272,327.884079,-36.416583
PsA,327.884079,-36.416583,328.876440,-36.410069
PsA,328.876440,-36.410069,329.868721,-36.403735
PsA,329.868721,-36.403735,330.860924,-36.397580
PsA,330.860924,-36.397580,331.853051,-36.391609
PsA,331.853051,-36.391609,332.845105,-36.385821
PsA,332.845105,-36.385821,333.837088,-36.380219
PsA,333.837088,-36.380219,334.829003,-36.374804
PsA,334.829003,-36.374804,335.820851,-36.369579
PsA,335.820851,-36.369579,336.812635,-36.364544
PsA,336.812635,-36.364544,337.804357,-36.359701
PsA,337.804357,-36.359701,338.796021,-36.355052
PsA,338.796021,-36.355052,339.787628,-36.350598
PsA,339.787628,-36.350598,340.779181,-36.346340
PsA,340.779181,-36.346340,341.770682,-36.342279
PsA,341.770682,-36.342279,342.762134,-36.338417
PsA,342.762134,-36.338417,343.753539,-36.334755
PsA,343.753539,-36.334755,344.744900,-36.331295
PsA,344.744900,-36.331295,345.736220,-36.328036
PsA,345.736220,-36.328036,346.727500,-36.324980
PsA,346.727500,-36.325000,346.723153,-35.366667
PsA,346.723153,-35.366667,346.718908,-34.408335
PsA,346.718908,-34.408335,346.714760,-33.450002
PsA,346.714760,-33.450002,346.710702,-32.491669
PsA,346.710702,-32.491669,346.706729,-31.533335
PsA,346.706729,-31.533335,346.702838,-30.575002
PsA,346.702838,-30.575002,346.699022,-29.616669
PsA,346.699022,-29.616669,346.695278,-28.658335
PsA,346.695278,-28.658335,346.691603,-27.700002
PsA,346.691603,-27.700002,346.687991,-26.741668
PsA,346.687991,-26.741668,346.684439,-25.783334
PsA,346.684439,-25.783334,346.680945,-24.825000
Pup,111.973400,-11.252100,111.962106,-12.208561
Pup,111.962106,-12.208561,111.950730,-13.165022
Pup,111.950730,-13.165022,111.939265,-14.121482
Pup,111.939265,-14.121482,111.927703,-15.077942
Pup,111.927703,-15.077942,111.916037,-16.034401
Pup,111.916037,-16.034401,111.904258,-16.990859
Pup,111.904258,-16.990859,111.892359,-17.947317
Pup,111.892359,-17.947317,111.880330,-18.903774
Pup,111.880330,-18.903774,111.868163,-19.860230
Pup,111.868163,-19.860230,111.855848,-20.816685
Pup,111.855848,-20.816685,111.843376,-21.773140
Pup,111.843376,-21.773140,111.830736,-22.729593
Pup,111.830736,-22.729593,111.817918,-23.686046
Pup,111.817918,-23.686046,111.804911,-24.642497
Pup,111.804911,-24.642497,111.791704,-25.598948
Pup,111.791704,-25.598948,111.778283,-26.555397
Pup,111.778283,-26.555397,111.764637,-27.511845
Pup,111.764637,-27.511845,111.750751,-28.468291
Pup,111.750751,-28.468291,111.736611,-29.424736
Pup,111.736611,-29.424736,111.722203,-30.381180
Pup,111.722203,-30.381180,111.707510,-31.337621
Pup,111.707510,-31.337621,111.692515,-32.294062
Pup,111.692515,-32.294062,111.677200,-33.250500
Pup,111.677200,-33.250500,110.695384,-33.239349
Pup,110.695384,-33.239349,109.713696,-33.228129
Pup,109.713696,-33.228129,108.732134,-33.216843
Pup,108.732134,-33.216843,107.750701,-33.205494
Pup,107.750701,-33.205494,106.769396,-33.194086
Pup,106.769396,-33.194086,105.788220,-33.182622
Pup,105.788220,-33.182622,104.807173,-33.171105
Pup,104.807173,-33.171105,103.826257,-33.159539
Pup,103.826257,-33.159539,102.845471,-33.147927
Pup,102.845471,-33.147927,101.864816,-33.136272
Pup,101.864816,-33.136272,100.884292,-33.124578
Pup,100.884292,-33.124578,99.903899,-33.112849
Pup,99.903900,-33.112800,99.886625,-34.112693
Pup,99.886625,-34.112693,99.868937,-35.112584
Pup,99.868937,-35.112584,99.850809,-36.112473
Pup,99.850809,-36.112473,99.832213,-37.112358
Pup,99.832213,-37.112358,99.813120,-38.112240
Pup,99.813120,-38.112240,99.793497,-39.112120
Pup,99.793497,-39.112120,99.773308,-40.111996
Pup,99.773308,-40.111996,99.752518,-41.111868
Pup,99.752518,-41.111868,99.731084,-42.111736
Pup,99.731084,-42.111736,99.708963,-43.111601
Pup,99.708900,-43.111600,98.735141,-43.099916
Pup,98.735141,-43.099916,97.761569,-43.088205
Pup,97.761569,-43.088205,96.788184,-43.076469
Pup,96.788184,-43.076469,95.814985,-43.064712
Pup,95.814985,-43.064712,94.841974,-43.052938
Pup,94.841974,-43.052938,93.869150,-43.041150
Pup,93.869150,-43.041150,92.896513,-43.029350
Pup,92.896513,-43.029350,91.924064,-43.017544
Pup,91.924064,-43.017544,90.951802,-43.005734
Pup,90.951800,-43.005800,90.929440,-43.974406
Pup,90.929440,-43.974406,90.906338,-44.943007
Pup,90.906338,-44.943007,90.882444,-45.911603
Pup,90.882444,-45.911603,90.857700,-46.880195
Pup,90.857700,-46.880195,90.832047,-47.848780
Pup,90.832047,-47.848780,90.805417,-48.817360
Pup,90.805417,-48.817360,90.777737,-49.785934
Pup,90.777737,-49.785934,90.748929,-50.754500
Pup,90.748900,-50.754500,91.716679,-50.766256
Pup,91.716679,-50.766256,92.684702,-50.778010
Pup,92.684702,-50.778010,93.652968,-50.789757
Pup,93.652968,-50.789757,94.621478,-50.801494
Pup,94.621478,-50.801494,95.590231,-50.813217
Pup,95.590231,-50.813217,96.559228,-50.824924
Pup,96.559228,-50.824924,97.528469,-50.836611
Pup,97.528469,-50.836611,98.497952,-50.848275
Pup,98.497952,-50.848275,99.467678,-50.859912
Pup,99.467678,-50.859912,100.437648,-50.871519
Pup,100.437648,-50.871519,101.407859,-50.883093
Pup,101.407859,-50.883093,102.378312,-50.894631
Pup,102.378312,-50.894631,103.349006,-50.906128
Pup,103.349006,-50.906128,104.319941,-50.917582
Pup,104.319941,-50.917582,105.291116,-50.928989
Pup,105.291116,-50.928989,106.262530,-50.940347
Pup,106.262530,-50.940347,107.234182,-50.951651
Pup,107.234182,-50.951651,108.206072,-50.962899
Pup,108.206072,-50.962899,109.178198,-50.974087
Pup,109.178198,-50.974087,110.150560,-50.985212
Pup,110.150560,-50.985212,111.123155,-50.996272
Pup,111.123155,-50.996272,112.095984,-51.007262
Pup,112.095984,-51.007262,113.069045,-51.018179
Pup,113.069045,-51.018179,114.042336,-51.029021
Pup,114.042336,-51.029021,115.015857,-51.039784
Pup,115.015857,-51.039784,115.989605,-51.050465
Pup,115.989605,-51.050465,116.963579,-51.061061
Pup,116.963579,-51.061061,117.937777,-51.071569
Pup,117.937777,-51.071569,118.912198,-51.081985
Pup,118.912198,-51.081985,119.886840,-51.092308
Pup,119.886840,-51.092308,120.861702,-51.102533
Pup,120.861700,-51.102600,120.886815,-50.133978
Pup,120.886815,-50.133978,120.910934,-49.165352
Pup,120.910934,-49.165352,120.934126,-48.196720
Pup,120.934126,-48.196720,120.956458,-47.228084
Pup,120.956458,-47.228084,120.977989,-46.259443
Pup,120.977989,-46.259443,120.998772,-45.290799
Pup,120.998772,-45.290799,121.018856,-44.322151
Pup,121.018856,-44.322151,121.038289,-43.353500
Pup,121.038300,-43.353500,121.960271,-43.363076
Pup,121.960271,-43.363076,122.882389,-43.372559
Pup,122.882389,-43.372559,123.804652,-43.381947
Pup,123.804652,-43.381947,124.727059,-43.391237
Pup,124.727059,-43.391237,125.649609,-43.400427
Pup,125.649609,-43.400427,126.572300,-43.409515
Pup,126.572300,-43.409500,126.588626,-42.516720
Pup,126.588626,-42.516720,126.604491,-41.623939
Pup,126.604491,-41.623939,126.619924,-40.731155
Pup,126.619924,-40.731155,126.634947,-39.838369
Pup,126.634947,-39.838369,126.649585,-38.945581
Pup,126.649585,-38.945581,126.663859,-38.052791
Pup,126.663859,-38.052791,126.677789,-37.160000
Pup,126.677800,-37.160000,126.692828,-36.172578
Pup,126.692828,-36.172578,126.707482,-35.185153
Pup,126.707482,-35.185153,126.721785,-34.197727
Pup,126.721785,-34.197727,126.735756,-33.210300
Pup,126.735756,-33.210300,126.749415,-32.222870
Pup,126.749415,-32.222870,126.762781,-31.235440
Pup,126.762781,-31.235440,126.775870,-30.248008
Pup,126.775870,-30.248008,126.788699,-29.260575
Pup,126.788699,-29.260575,126.801283,-28.273140
Pup,126.801283,-28.273140,126.813635,-27.285705
Pup,126.813635,-27.285705,126.825769,-26.298268
Pup,126.825769,-26.298268,126.837699,-25.310830
Pup,126.837699,-25.310830,126.849436,-24.323392
Pup,126.849436,-24.323392,126.860991,-23.335952
Pup,126.860991,-23.335952,126.872375,-22.348512
Pup,126.872375,-22.348512,126.883600,-21.361071
Pup,126.883600,-21.361071,126.894674,-20.373629
Pup,126.894674,-20.373629,126.905607,-19.386187
Pup,126.905607,-19.386187,126.916409,-18.398744
Pup,126.916409,-18.398744,126.927087,-17.411300
Pup,126.927100,-17.411300,126.936275,-16.554201
Pup,126.936275,-16.554201,126.945369,-15.697102
Pup,126.945369,-15.697102,126.954387,-14.840002
Pup,126.954387,-14.840002,126.963334,-13.982902
Pup,126.963334,-13.982902,126.972214,-13.125802
Pup,126.972214,-13.125802,126.981033,-12.268701
Pup,126.981033,-12.268701,126.989794,-11.411600
Pup,126.989800,-11.411600,126.138627,-11.403221
Pup,126.138627,-11.403221,125.287480,-11.394752
Pup,125.287480,-11.394752,124.436360,-11.386197
Pup,124.436360,-11.386197,123.585266,-11.377557
Pup,123.585266,-11.377557,122.734200,-11.368834
Pup,122.734200,-11.368800,121.755761,-11.358671
Pup,121.755761,-11.358671,120.777358,-11.348438
Pup,120.777358,-11.348438,119.798992,-11.338103
Pup,119.798992,-11.338103,118.820662,-11.327670
Pup,118.820662,-11.327670,117.842369,-11.317142
Pup,117.842369,-11.317142,116.864113,-11.306522
Pup,116.864113,-11.306522,115.885894,-11.295812
Pup,115.885894,-11.295812,114.907714,-11.285017
Pup,114.907714,-11.285017,113.929571,-11.274139
Pup,113.929571,-11.274139,112.951466,-11.263181
Pup,112.951466,-11.263181,111.973399,-11.252147
Pyx,126.927100,-17.411300,127.741346,-17.419231
Pyx,127.741346,-17.419231,128.555629,-17.427078
Pyx,128.555629,-17.427078,129.369947,-17.434838
Pyx,129.369947,-17.434838,130.184300,-17.442512
Pyx,130.184300,-17.442500,130.173950,-18.442450
Pyx,130.173950,-18.442450,130.163479,-19.442400
Pyx,130.163500,-19.442400,131.103512,-19.451146
Pyx,131.103512,-19.451146,132.043575,-19.459771
Pyx,132.043575,-19.459771,132.983689,-19.468274
Pyx,132.983689,-19.468274,133.923854,-19.476650
Pyx,133.923854,-19.476650,134.864068,-19.484899
Pyx,134.864068,-19.484899,135.804331,-19.493018
Pyx,135.804331,-19.493018,136.744641,-19.501005
Pyx,136.744641,-19.501005,137.684999,-19.508857
Pyx,137.685000,-19.508800,137.675624,-20.508761
Pyx,137.675624,-20.508761,137.666125,-21.508722
Pyx,137.666125,-21.508722,137.656495,-22.508682
Pyx,137.656495,-22.508682,137.646724,-23.508641
Pyx,137.646724,-23.508641,137.636804,-24.508600
Pyx,137.636800,-24.508600,138.490205,-24.515608
Pyx,138.490205,-24.515608,139.343658,-24.522502
Pyx,139.343658,-24.522502,140.197159,-24.529281
Pyx,140.197159,-24.529281,141.050707,-24.535943
Pyx,141.050707,-24.535943,141.904300,-24.542487
Pyx,141.904300,-24.542500,141.895225,-25.523235
Pyx,141.895225,-25.523235,141.886000,-26.503970
Pyx,141.886000,-26.503970,141.876617,-27.484703
Pyx,141.876617,-27.484703,141.867065,-28.465437
Pyx,141.867065,-28.465437,141.857334,-29.446169
Pyx,141.857334,-29.446169,141.847413,-30.426901
Pyx,141.847413,-30.426901,141.837290,-31.407632
Pyx,141.837290,-31.407632,141.826954,-32.388362
Pyx,141.826954,-32.388362,141.816391,-33.369092
Pyx,141.816391,-33.369092,141.805587,-34.349820
Pyx,141.805587,-34.349820,141.794527,-35.330548
Pyx,141.794527,-35.330548,141.783195,-36.311274
Pyx,141.783195,-36.311274,141.771575,-37.292000
Pyx,141.771600,-37.292000,140.764539,-37.284267
Pyx,140.764539,-37.284267,139.757585,-37.276371
Pyx,139.757585,-37.276371,138.750740,-37.268313
Pyx,138.750740,-37.268313,137.744005,-37.260098
Pyx,137.744005,-37.260098,136.737383,-37.251726
Pyx,136.737383,-37.251726,135.730877,-37.243201
Pyx,135.730877,-37.243201,134.724487,-37.234525
Pyx,134.724487,-37.234525,133.718216,-37.225701
Pyx,133.718216,-37.225701,132.712065,-37.216732
Pyx,132.712065,-37.216732,131.706038,-37.207620
Pyx,131.706038,-37.207620,130.700134,-37.198368
Pyx,130.700134,-37.198368,129.694357,-37.188980
Pyx,129.694357,-37.188980,128.688708,-37.179458
Pyx,128.688708,-37.179458,127.683188,-37.169805
Pyx,127.683188,-37.169805,126.677800,-37.160024
Pyx,126.677800,-37.160000,126.692828,-36.172578
Pyx,126.692828,-36.172578,126.707482,-35.185153
Pyx,126.707482,-35.185153,126.721785,-34.197727
Pyx,126.721785,-34.197727,126.735756,-33.210300
Pyx,126.735756,-33.210300,126.749415,-32.222870
Pyx,126.749415,-32.222870,126.762781,-31.235440
Pyx,126.762781,-31.235440,126.775870,-30.248008
Pyx,126.775870,-30.248008,126.788699,-29.260575
Pyx,126.788699,-29.260575,126.801283,-28.273140
Pyx,126.801283,-28.273140,126.813635,-27.285705
Pyx,126.813635,-27.285705,126.825769,-26.298268
Pyx,126.825769,-26.298268,126.837699,-25.310830
Pyx,126.837699,-25.310830,126.849436,-24.323392
Pyx,126.849436,-24.323392,126.860991,-23.335952
Pyx,126.860991,-23.335952,126.872375,-22.348512
Pyx,126.872375,-22.348512,126.883600,-21.361071
Pyx,126.883600,-21.361071,126.894674,-20.373629
Pyx,126.894674,-20.373629,126.905607,-19.386187
Pyx,126.905607,-19.386187,126.916409,-18.398744
Pyx,126.916409,-18.398744,126.927087,-17.411300
Ret,48.362700,-67.035800,49.331775,-67.044727
Ret,49.331775,-67.044727,50.301202,-67.053789
Ret,50.301202,-67.053789,51.270985,-67.062983
Ret,51.270985,-67.062983,52.241131,-67.072306
Ret,52.241131,-67.072306,53.211644,-67.081755
Ret,53.211644,-67.081755,54.182530,-67.091329
Ret,54.182530,-67.091329,55.153795,-67.101024
Ret,55.153795,-67.101024,56.125443,-67.110838
Ret,56.125443,-67.110838,57.097481,-67.120768
Ret,57.097481,-67.120768,58.069912,-67.130810
Ret,58.069912,-67.130810,59.042742,-67.140963
Ret,59.042742,-67.140963,60.015976,-67.151223
Ret,60.015976,-67.151223,60.989618,-67.161588
Ret,60.989618,-67.161588,61.963673,-67.172053
Ret,61.963673,-67.172053,62.938146,-67.182618
Ret,62.938146,-67.182618,63.913041,-67.193278
Ret,63.913041,-67.193278,64.888363,-67.204030
Ret,64.888363,-67.204030,65.864116,-67.214871
Ret,65.864116,-67.214871,66.840304,-67.225799
Ret,66.840304,-67.225799,67.816930,-67.236810
Ret,67.816930,-67.236810,68.794000,-67.247900
Ret,68.794000,-67.247900,68.863166,-66.303856
Ret,68.863166,-66.303856,68.927326,-65.359784
Ret,68.927326,-65.359784,68.987036,-64.415687
Ret,68.987036,-64.415687,69.042772,-63.471567
Ret,69.042772,-63.471567,69.094946,-62.527427
Ret,69.094946,-62.527427,69.143914,-61.583268
Ret,69.143914,-61.583268,69.189988,-60.639093
Ret,69.189988,-60.639093,69.233438,-59.694904
Ret,69.233438,-59.694904,69.274506,-58.750700
Ret,69.274500,-58.750700,68.344109,-58.740139
Ret,68.344109,-58.740139,67.413998,-58.729649
Ret,67.413998,-58.729649,66.484162,-58.719233
Ret,66.484162,-58.719233,65.554600,-58.708892
Ret,65.554600,-58.708900,65.588034,-57.875741
Ret,65.588034,-57.875741,65.619955,-57.042574
Ret,65.619955,-57.042574,65.650475,-56.209400
Ret,65.650500,-56.209400,64.823754,-56.200267
Ret,64.823754,-56.200267,63.997202,-56.191198
Ret,63.997202,-56.191198,63.170842,-56.182195
Ret,63.170842,-56.182195,62.344673,-56.173260
Ret,62.344673,-56.173260,61.518693,-56.164394
Ret,61.518693,-56.164394,60.692900,-56.155599
Ret,60.692900,-56.155600,60.720789,-55.322409
Ret,60.720789,-55.322409,60.747529,-54.489211
Ret,60.747529,-54.489211,60.773202,-53.656008
Ret,60.773202,-53.656008,60.797879,-52.822800
Ret,60.797900,-52.822800,59.971370,-52.814069
Ret,59.971370,-52.814069,59.145004,-52.805413
Ret,59.145004,-52.805413,58.318799,-52.796834
Ret,58.318800,-52.796800,57.327591,-52.786609
Ret,57.327591,-52.786609,56.336610,-52.776533
Ret,56.336610,-52.776533,55.345853,-52.766577
Ret,55.345853,-52.766577,54.355318,-52.756742
Ret,54.355318,-52.756742,53.365002,-52.747032
Ret,53.365000,-52.747100,53.341492,-53.613650
Ret,53.341492,-53.613650,53.317000,-54.480196
Ret,53.317000,-54.480196,53.291446,-55.346736
Ret,53.291446,-55.346736,53.264750,-56.213271
Ret,53.264750,-56.213271,53.236818,-57.079800
Ret,53.236800,-57.079800,52.347262,-57.071185
Ret,52.347262,-57.071185,51.457925,-57.062676
Ret,51.457925,-57.062676,50.568788,-57.054274
Ret,50.568788,-57.054274,49.679847,-57.045981
Ret,49.679847,-57.045981,48.791100,-57.037801
Ret,48.791100,-57.037800,48.759364,-58.037651
Ret,48.759364,-58.037651,48.725802,-59.037493
Ret,48.725802,-59.037493,48.690228,-60.037326
Ret,48.690228,-60.037326,48.652434,-61.037149
Ret,48.652434,-61.037149,48.612178,-62.036961
Ret,48.612178,-62.036961,48.569186,-63.036760
Ret,48.569186,-63.036760,48.523139,-64.036546
Ret,48.523139,-64.036546,48.473669,-65.036315
Ret,48.473669,-65.036315,48.420346,-66.036068
Ret,48.420346,-66.036068,48.362665,-67.035800
Sge,284.373600,18.664700,284.362223,19.525734
Sge,284.362223,19.525734,284.350724,20.386767
Sge,284.350724,20.386767,284.339095,21.247800
Sge,284.339100,21.247800,285.298449,21.259096
Sge,285.298449,21.259096,286.257872,21.270343
Sge,286.257872,21.270343,287.217369,21.281537
Sge,287.217369,21.281537,288.176940,21.292677
Sge,288.176940,21.292677,289.136583,21.303759
Sge,289.136583,21.303759,290.096300,21.314779
Sge,290.096300,21.314800,290.108861,20.356550
Sge,290.108861,20.356550,290.121267,19.398300
Sge,290.121300,19.398300,291.094857,19.409412
Sge,291.094857,19.409412,292.068481,19.420455
Sge,292.068481,19.420455,293.042172,19.431425
Sge,293.042172,19.431425,294.015929,19.442319
Sge,294.015929,19.442319,294.989753,19.453134
Sge,294.989753,19.453134,295.963642,19.463867
Sge,295.963642,19.463867,296.937597,19.474514
Sge,296.937597,19.474514,297.911616,19.485073
Sge,297.911616,19.485073,298.885700,19.495540
Sge,298.885700,19.495500,298.877304,20.189900
Sge,298.877304,20.189900,298.868833,20.884300
Sge,298.868833,20.884300,298.860284,21.578700
Sge,298.860300,21.578700,299.755138,21.588232
Sge,299.755138,21.588232,300.650035,21.597682
Sge,300.650035,21.597682,301.544992,21.607048
Sge,301.544992,21.607048,302.440007,21.616327
Sge,302.440007,21.616327,303.335081,21.625517
Sge,303.335081,21.625517,304.230212,21.634616
Sge,304.230212,21.634616,305.125401,21.643621
Sge,305.125400,21.643700,305.134042,20.893700
Sge,305.134000,20.893700,305.144823,19.943761
Sge,305.144823,19.943761,305.155518,18.993822
Sge,305.155518,18.993822,305.166090,18.043882
Sge,305.166090,18.043882,305.176549,17.093941
Sge,305.176549,17.093941,305.186902,16.144000
Sge,305.186900,16.144000,304.372932,16.135815
Sge,304.372932,16.135815,303.558999,16.127553
Sge,303.559000,16.127500,302.632308,16.118001
Sge,302.632308,16.118001,301.705662,16.108405
Sge,301.705662,16.108405,300.779061,16.098717
Sge,300.779061,16.098717,299.852507,16.088937
Sge,299.852507,16.088937,298.926000,16.079069
Sge,298.926000,16.079100,298.921163,16.495700
Sge,298.921200,16.495700,297.958130,16.485352
Sge,297.958130,16.485352,296.995113,16.474913
Sge,296.995113,16.474913,296.032149,16.464389
Sge,296.032149,16.464389,295.069238,16.453780
Sge,295.069238,16.453780,294.106382,16.443091
Sge,294.106382,16.443091,293.143579,16.432324
Sge,293.143579,16.432324,292.180831,16.421483
Sge,292.180831,16.421483,291.218138,16.410570
Sge,291.218138,16.410570,290.255499,16.399589
Sge,290.255499,16.399589,289.292916,16.388542
Sge,289.292916,16.388542,288.330388,16.377433
Sge,288.330388,16.377433,287.367917,16.366265
Sge,287.367917,16.366265,286.405501,16.355041
Sge,286.405500,16.355100,286.395585,17.132800
Sge,286.395585,17.132800,286.385587,17.910501
Sge,286.385587,17.910501,286.375500,18.688200
Sge,286.375500,18.688200,285.374515,18.676469
Sge,285.374515,18.676469,284.373600,18.664685
Sgr,284.744100,-11.866400,284.756362,-12.858001
Sgr,284.756362,-12.858001,284.768722,-13.849601
Sgr,284.768722,-13.849601,284.781187,-14.841200
Sgr,284.781187,-14.841200,284.793768,-15.832799
Sgr,284.793700,-15.832800,283.869506,-15.843726
Sgr,283.869506,-15.843726,282.945262,-15.854693
Sgr,282.945262,-15.854693,282.020969,-15.865697
Sgr,282.020969,-15.865697,281.096625,-15.876738
Sgr,281.096625,-15.876738,280.172231,-15.887810
Sgr,280.172231,-15.887810,279.247787,-15.898912
Sgr,279.247787,-15.898912,278.323291,-15.910041
Sgr,278.323291,-15.910041,277.398745,-15.921193
Sgr,277.398745,-15.921193,276.474148,-15.932367
Sgr,276.474148,-15.932367,275.549499,-15.943558
Sgr,275.549500,-15.943600,274.574829,-15.955412
Sgr,274.574829,-15.955412,273.600101,-15.967238
Sgr,273.600101,-15.967238,272.625316,-15.979073
Sgr,272.625316,-15.979073,271.650473,-15.990915
Sgr,271.650473,-15.990915,270.675572,-16.002759
Sgr,270.675572,-16.002759,269.700614,-16.014604
Sgr,269.700614,-16.014604,268.725597,-16.026444
Sgr,268.725597,-16.026444,267.750523,-16.038277
Sgr,267.750523,-16.038277,266.775391,-16.050099
Sgr,266.775391,-16.050099,265.800200,-16.061908
Sgr,265.800200,-16.061900,265.812487,-16.995160
Sgr,265.812487,-16.995160,265.824897,-17.928420
Sgr,265.824897,-17.928420,265.837439,-18.861679
Sgr,265.837439,-18.861679,265.850121,-19.794936
Sgr,265.850121,-19.794936,265.862952,-20.728193
Sgr,265.862952,-20.728193,265.875943,-21.661450
Sgr,265.875943,-21.661450,265.889103,-22.594705
Sgr,265.889103,-22.594705,265.902442,-23.527958
Sgr,265.902442,-23.527958,265.915972,-24.461211
Sgr,265.915972,-24.461211,265.929704,-25.394463
Sgr,265.929704,-25.394463,265.943651,-26.327713
Sgr,265.943651,-26.327713,265.957823,-27.260962
Sgr,265.957823,-27.260962,265.972236,-28.194209
Sgr,265.972236,-28.194209,265.986903,-29.127455
Sgr,265.986903,-29.127455,266.001838,-30.060700
Sgr,266.001800,-30.060700,266.877191,-30.050101
Sgr,266.877191,-30.050101,267.752488,-30.039490
Sgr,267.752488,-30.039490,268.627691,-30.028871
Sgr,268.627691,-30.028871,269.502801,-30.018246
Sgr,269.502800,-30.018200,269.517100,-30.893119
Sgr,269.517100,-30.893119,269.531664,-31.768036
Sgr,269.531664,-31.768036,269.546506,-32.642952
Sgr,269.546506,-32.642952,269.561641,-33.517865
Sgr,269.561641,-33.517865,269.577085,-34.392777
Sgr,269.577085,-34.392777,269.592856,-35.267687
Sgr,269.592856,-35.267687,269.608971,-36.142595
Sgr,269.608971,-36.142595,269.625449,-37.017501
Sgr,269.625500,-37.017500,270.577919,-37.005931
Sgr,270.577919,-37.005931,271.530193,-36.994360
Sgr,271.530193,-36.994360,272.482323,-36.982793
Sgr,272.482323,-36.982793,273.434308,-36.971231
Sgr,273.434308,-36.971231,274.386148,-36.959678
Sgr,274.386148,-36.959678,275.337844,-36.948136
Sgr,275.337844,-36.948136,276.289397,-36.936610
Sgr,276.289397,-36.936610,277.240806,-36.925103
Sgr,277.240806,-36.925103,278.192072,-36.913617
Sgr,278.192072,-36.913617,279.143195,-36.902155
Sgr,279.143195,-36.902155,280.094177,-36.890722
Sgr,280.094177,-36.890722,281.045016,-36.879319
Sgr,281.045016,-36.879319,281.995715,-36.867951
Sgr,281.995715,-36.867951,282.946273,-36.856620
Sgr,282.946273,-36.856620,283.896691,-36.845329
Sgr,283.896691,-36.845329,284.846970,-36.834082
Sgr,284.846970,-36.834082,285.797110,-36.822882
Sgr,285.797110,-36.822882,286.747112,-36.811731
Sgr,286.747112,-36.811731,287.696978,-36.800632
Sgr,287.696978,-36.800632,288.646707,-36.789590
Sgr,288.646707,-36.789590,289.596300,-36.778606
Sgr,289.596300,-36.778600,289.613494,-37.722945
Sgr,289.613494,-37.722945,289.631132,-38.667288
Sgr,289.631132,-38.667288,289.649242,-39.611628
Sgr,289.649242,-39.611628,289.667853,-40.555965
Sgr,289.667853,-40.555965,289.686996,-41.500299
Sgr,289.686996,-41.500299,289.706706,-42.444630
Sgr,289.706706,-42.444630,289.727019,-43.388957
Sgr,289.727019,-43.388957,289.747975,-44.333280
Sgr,289.747975,-44.333280,289.769618,-45.277600
Sgr,289.769600,-45.277600,290.737776,-45.266463
Sgr,290.737776,-45.266463,291.705765,-45.255394
Sgr,291.705765,-45.255394,292.673567,-45.244396
Sgr,292.673567,-45.244396,293.641185,-45.233473
Sgr,293.641185,-45.233473,294.608618,-45.222627
Sgr,294.608618,-45.222627,295.575870,-45.211861
Sgr,295.575870,-45.211861,296.542941,-45.201180
Sgr,296.542941,-45.201180,297.509833,-45.190584
Sgr,297.509833,-45.190584,298.476548,-45.180078
Sgr,298.476548,-45.180078,299.443088,-45.169665
Sgr,299.443088,-45.169665,300.409453,-45.159347
Sgr,300.409453,-45.159347,301.375647,-45.149128
Sgr,301.375647,-45.149128,302.341670,-45.139010
Sgr,302.341670,-45.139010,303.307525,-45.128996
Sgr,303.307525,-45.128996,304.273214,-45.119089
Sgr,304.273214,-45.119089,305.238738,-45.109292
Sgr,305.238738,-45.109292,306.204100,-45.099608
Sgr,306.204100,-45.099608,307.169301,-45.090038
Sgr,307.169300,-45.090000,307.150400,-44.117869
Sgr,307.150400,-44.117869,307.132112,-43.145735
Sgr,307.132112,-43.145735,307.114396,-42.173598
Sgr,307.114396,-42.173598,307.097217,-41.201458
Sgr,307.097217,-41.201458,307.080541,-40.229316
Sgr,307.080541,-40.229316,307.064337,-39.257172
Sgr,307.064337,-39.257172,307.048576,-38.285025
Sgr,307.048576,-38.285025,307.033231,-37.312876
Sgr,307.033231,-37.312876,307.018279,-36.340726
Sgr,307.018279,-36.340726,307.003695,-35.368573
Sgr,307.003695,-35.368573,306.989458,-34.396419
Sgr,306.989458,-34.396419,306.975549,-33.424264
Sgr,306.975549,-33.424264,306.961947,-32.452106
Sgr,306.961947,-32.452106,306.948636,-31.479948
Sgr,306.948636,-31.479948,306.935599,-30.507788
Sgr,306.935599,-30.507788,306.922819,-29.535626
Sgr,306.922819,-29.535626,306.910283,-28.563464
Sgr,306.910283,-28.563464,306.897977,-27.591300
Sgr,306.898000,-27.591300,305.901780,-27.601178
Sgr,305.901780,-27.601178,304.905471,-27.611178
Sgr,304.905471,-27.611178,303.909072,-27.621296
Sgr,303.909072,-27.621296,302.912582,-27.631529
Sgr,302.912582,-27.631529,301.916000,-27.641875
Sgr,301.916000,-27.641900,301.902849,-26.644051
Sgr,301.902849,-26.644051,301.889925,-25.646200
Sgr,301.889925,-25.646200,301.877216,-24.648348
Sgr,301.877216,-24.648348,301.864709,-23.650495
Sgr,301.864709,-23.650495,301.852391,-22.652641
Sgr,301.852391,-22.652641,301.840250,-21.654787
Sgr,301.840250,-21.654787,301.828277,-20.656931
Sgr,301.828277,-20.656931,301.816459,-19.659075
Sgr,301.816459,-19.659075,301.804788,-18.661218
Sgr,301.804788,-18.661218,301.793253,-17.663360
Sgr,301.793253,-17.663360,301.781846,-16.665501
Sgr,301.781846,-16.665501,301.770557,-15.667642
Sgr,301.770557,-15.667642,301.759377,-14.669782
Sgr,301.759377,-14.669782,301.748299,-13.671922
Sgr,301.748299,-13.671922,301.737315,-12.674061
Sgr,301.737315,-12.674061,301.726416,-11.676200
Sgr,301.726400,-11.676200,300.727752,-11.686676
Sgr,300.727752,-11.686676,299.729067,-11.697257
Sgr,299.729067,-11.697257,298.730344,-11.707940
Sgr,298.730344,-11.707940,297.731584,-11.718723
Sgr,297.731584,-11.718723,296.732786,-11.729602
Sgr,296.732786,-11.729602,295.733949,-11.740573
Sgr,295.733949,-11.740573,294.735074,-11.751634
Sgr,294.735074,-11.751634,293.736159,-11.762780
Sgr,293.736159,-11.762780,292.737205,-11.774009
Sgr,292.737205,-11.774009,291.738210,-11.785318
Sgr,291.738210,-11.785318,290.739176,-11.796701
Sgr,290.739176,-11.796701,289.740100,-11.808158
Sgr,289.740100,-11.808158,288.740983,-11.819682
Sgr,288.740983,-11.819682,287.741825,-11.831273
Sgr,287.741825,-11.831273,286.742626,-11.842924
Sgr,286.742626,-11.842924,285.743384,-11.854634
Sgr,285.743384,-11.854634,284.744100,-11.866399
Sco,240.437300,-8.352300,241.313004,-8.343087
Sco,241.313004,-8.343087,242.188687,-8.333794
Sco,242.188687,-8.333794,243.064348,-8.324424
Sco,243.064348,-8.324424,243.939987,-8.314978
Sco,243.939987,-8.314978,244.815605,-8.305458
Sco,244.815605,-8.305458,245.691200,-8.295867
Sco,245.691200,-8.295900,245.701687,-9.227657
Sco,245.701687,-9.227657,245.712229,-10.159413
Sco,245.712229,-10.159413,245.722833,-11.091169
Sco,245.722833,-11.091169,245.733505,-12.022925
Sco,245.733505,-12.022925,245.744250,-12.954680
Sco,245.744250,-12.954680,245.755077,-13.886435
Sco,245.755077,-13.886435,245.765991,-14.818189
Sco,245.765991,-14.818189,245.776999,-15.749943
Sco,245.776999,-15.749943,245.788109,-16.681696
Sco,245.788109,-16.681696,245.799328,-17.613448
Sco,245.799328,-17.613448,245.810663,-18.545200
Sco,245.810700,-18.545200,246.624472,-18.536224
Sco,246.624472,-18.536224,247.438200,-18.527191
Sco,247.438200,-18.527200,247.444411,-19.027200
Sco,247.444411,-19.027200,247.450660,-19.527200
Sco,247.450700,-19.527200,246.636873,-19.536234
Sco,246.636873,-19.536234,245.823000,-19.545211
Sco,245.823000,-19.545200,245.834064,-20.434018
Sco,245.834064,-20.434018,245.845257,-21.322836
Sco,245.845257,-21.322836,245.856587,-22.211653
Sco,245.856587,-22.211653,245.868061,-23.100469
Sco,245.868061,-23.100469,245.879688,-23.989285
Sco,245.879688,-23.989285,245.891476,-24.878099
Sco,245.891400,-24.878100,246.799702,-24.868078
Sco,246.799702,-24.868078,247.707930,-24.857985
Sco,247.707930,-24.857985,248.616082,-24.847823
Sco,248.616082,-24.847823,249.524159,-24.837596
Sco,249.524159,-24.837596,250.432159,-24.827305
Sco,250.432159,-24.827305,251.340083,-24.816953
Sco,251.340083,-24.816953,252.247930,-24.806544
Sco,252.247930,-24.806544,253.155700,-24.796079
Sco,253.155700,-24.796100,253.168455,-25.698803
Sco,253.168455,-25.698803,253.181404,-26.601505
Sco,253.181404,-26.601505,253.194560,-27.504205
Sco,253.194560,-27.504205,253.207933,-28.406905
Sco,253.207933,-28.406905,253.221536,-29.309602
Sco,253.221536,-29.309602,253.235382,-30.212299
Sco,253.235300,-30.212300,254.218036,-30.200910
Sco,254.218036,-30.200910,255.200657,-30.189462
Sco,255.200657,-30.189462,256.183162,-30.177958
Sco,256.183162,-30.177958,257.165552,-30.166404
Sco,257.165552,-30.166404,258.147826,-30.154801
Sco,258.147826,-30.154801,259.129983,-30.143153
Sco,259.129983,-30.143153,260.112023,-30.131464
Sco,260.112023,-30.131464,261.093946,-30.119737
Sco,261.093946,-30.119737,262.075752,-30.107976
Sco,262.075752,-30.107976,263.057441,-30.096183
Sco,263.057441,-30.096183,264.039011,-30.084364
Sco,264.039011,-30.084364,265.020464,-30.072520
Sco,265.020464,-30.072520,266.001799,-30.060655
Sco,266.001800,-30.060700,266.877191,-30.050101
Sco,266.877191,-30.050101,267.752488,-30.039490
Sco,267.752488,-30.039490,268.627691,-30.028871
Sco,268.627691,-30.028871,269.502801,-30.018246
Sco,269.502800,-30.018200,269.517100,-30.893119
Sco,269.517100,-30.893119,269.531664,-31.768036
Sco,269.531664,-31.768036,269.546506,-32.642952
Sco,269.546506,-32.642952,269.561641,-33.517865
Sco,269.561641,-33.517865,269.577085,-34.392777
Sco,269.577085,-34.392777,269.592856,-35.267687
Sco,269.592856,-35.267687,269.608971,-36.142595
Sco,269.608971,-36.142595,269.625449,-37.017501
Sco,269.625500,-37.017500,269.643718,-37.961824
Sco,269.643718,-37.961824,269.662410,-38.906146
Sco,269.662410,-38.906146,269.681606,-39.850465
Sco,269.681606,-39.850465,269.701338,-40.794780
Sco,269.701338,-40.794780,269.721639,-41.739092
Sco,269.721639,-41.739092,269.742547,-42.683400
Sco,269.742547,-42.683400,269.764099,-43.627704
Sco,269.764099,-43.627704,269.786340,-44.572004
Sco,269.786340,-44.572004,269.809315,-45.516300
Sco,269.809300,-45.516300,268.845994,-45.527996
Sco,268.845994,-45.527996,267.882488,-45.539686
Sco,267.882488,-45.539686,266.918781,-45.551365
Sco,266.918781,-45.551365,265.954874,-45.563031
Sco,265.954874,-45.563031,264.990766,-45.574681
Sco,264.990766,-45.574681,264.026458,-45.586310
Sco,264.026458,-45.586310,263.061950,-45.597917
Sco,263.061950,-45.597917,262.097242,-45.609497
Sco,262.097242,-45.609497,261.132334,-45.621047
Sco,261.132334,-45.621047,260.167227,-45.632564
Sco,260.167227,-45.632564,259.201921,-45.644044
Sco,259.201921,-45.644044,258.236416,-45.655485
Sco,258.236416,-45.655485,257.270714,-45.666883
Sco,257.270714,-45.666883,256.304814,-45.678235
Sco,256.304814,-45.678235,255.338717,-45.689538
Sco,255.338717,-45.689538,254.372425,-45.700788
Sco,254.372425,-45.700788,253.405937,-45.711982
Sco,253.405937,-45.711982,252.439254,-45.723117
Sco,252.439254,-45.723117,251.472378,-45.734190
Sco,251.472378,-45.734190,250.505309,-45.745197
Sco,250.505309,-45.745197,249.538049,-45.756136
Sco,249.538049,-45.756136,248.570598,-45.767004
Sco,248.570600,-45.767100,248.550784,-44.892205
Sco,248.550784,-44.892205,248.531561,-44.017306
Sco,248.531561,-44.017306,248.512898,-43.142405
Sco,248.512898,-43.142405,248.494761,-42.267500
Sco,248.494800,-42.267500,247.589234,-42.277603
Sco,247.589234,-42.277603,246.683521,-42.287637
Sco,246.683521,-42.287637,245.777664,-42.297600
Sco,245.777664,-42.297600,244.871662,-42.307491
Sco,244.871662,-42.307491,243.965516,-42.317305
Sco,243.965516,-42.317305,243.059229,-42.327041
Sco,243.059229,-42.327041,242.152800,-42.336697
Sco,242.152800,-42.336700,242.134417,-41.375260
Sco,242.134417,-41.375260,242.116570,-40.413817
Sco,242.116570,-40.413817,242.099226,-39.452372
Sco,242.099226,-39.452372,242.082355,-38.490924
Sco,242.082355,-38.490924,242.065928,-37.529473
Sco,242.065928,-37.529473,242.049918,-36.568021
Sco,242.049918,-36.568021,242.034303,-35.606566
Sco,242.034303,-35.606566,242.019058,-34.645109
Sco,242.019058,-34.645109,242.004163,-33.683651
Sco,242.004163,-33.683651,241.989598,-32.722190
Sco,241.989598,-32.722190,241.975343,-31.760728
Sco,241.975343,-31.760728,241.961382,-30.799265
Sco,241.961382,-30.799265,241.947697,-29.837800
Sco,241.947700,-29.837800,240.944373,-29.848389
Sco,240.944373,-29.848389,239.940938,-29.858871
Sco,239.940938,-29.858871,238.937397,-29.869245
Sco,238.937397,-29.869245,237.933751,-29.879506
Sco,237.933751,-29.879506,236.930001,-29.889652
Sco,236.930000,-29.889600,236.917419,-28.939664
Sco,236.917419,-28.939664,236.905067,-27.989728
Sco,236.905067,-27.989728,236.892931,-27.039790
Sco,236.892931,-27.039790,236.880998,-26.089851
Sco,236.880998,-26.089851,236.869258,-25.139912
Sco,236.869258,-25.139912,236.857699,-24.189971
Sco,236.857699,-24.189971,236.846311,-23.240029
Sco,236.846311,-23.240029,236.835084,-22.290087
Sco,236.835084,-22.290087,236.824008,-21.340144
Sco,236.824008,-21.340144,236.813075,-20.390200
Sco,236.813100,-20.390200,237.752865,-20.380704
Sco,237.752865,-20.380704,238.692570,-20.371107
Sco,238.692570,-20.371107,239.632215,-20.361410
Sco,239.632215,-20.361410,240.571800,-20.351617
Sco,240.571800,-20.351600,240.560867,-19.428580
Sco,240.560867,-19.428580,240.550057,-18.505559
Sco,240.550057,-18.505559,240.539363,-17.582538
Sco,240.539363,-17.582538,240.528778,-16.659516
Sco,240.528778,-16.659516,240.518294,-15.736494
Sco,240.518294,-15.736494,240.507905,-14.813471
Sco,240.507905,-14.813471,240.497604,-13.890448
Sco,240.497604,-13.890448,240.487385,-12.967424
Sco,240.487385,-12.967424,240.477242,-12.044400
Sco,240.477242,-12.044400,240.467168,-11.121375
Sco,240.467168,-11.121375,240.457157,-10.198351
Sco,240.457157,-10.198351,240.447205,-9.275325
Sco,240.447205,-9.275325,240.437305,-8.352300
Scl,346.681000,-24.825000,347.637211,-24.822245
Scl,347.637211,-24.822245,348.593402,-24.819680
Scl,348.593402,-24.819680,349.549574,-24.817305
Scl,349.549574,-24.817305,350.505730,-24.815122
Scl,350.505730,-24.815122,351.461870,-24.813130
Scl,351.461870,-24.813130,352.417995,-24.811331
Scl,352.417995,-24.811331,353.374108,-24.809724
Scl,353.374108,-24.809724,354.330210,-24.808311
Scl,354.330210,-24.808311,355.286302,-24.807092
Scl,355.286302,-24.807092,356.242385,-24.806066
Scl,356.242385,-24.806066,357.198462,-24.805235
Scl,357.198462,-24.805235,358.154533,-24.804598
Scl,358.154533,-24.804598,359.110600,-24.804156
Scl,359.110600,-24.804200,0.087160,-24.803950
Scl,0.087160,-24.803950,1.063719,-24.803903
Scl,1.063719,-24.803903,2.040279,-24.804059
Scl,2.040279,-24.804059,3.016840,-24.804419
Scl,3.016840,-24.804419,3.993405,-24.804982
Scl,3.993405,-24.804982,4.969975,-24.805748
Scl,4.969975,-24.805748,5.946552,-24.806717
Scl,5.946552,-24.806717,6.923137,-24.807888
Scl,6.923137,-24.807888,7.899731,-24.809262
Scl,7.899731,-24.809262,8.876337,-24.810838
Scl,8.876337,-24.810838,9.852955,-24.812614
Scl,9.852955,-24.812614,10.829588,-24.814592
Scl,10.829588,-24.814592,11.806237,-24.816770
Scl,11.806237,-24.816770,12.782903,-24.819148
Scl,12.782903,-24.819148,13.759588,-24.821724
Scl,13.759588,-24.821724,14.736294,-24.824499
Scl,14.736294,-24.824499,15.713021,-24.827471
Scl,15.713021,-24.827471,16.689772,-24.830640
Scl,16.689772,-24.830640,17.666548,-24.834004
Scl,17.666548,-24.834004,18.643350,-24.837563
Scl,18.643350,-24.837563,19.620180,-24.841316
Scl,19.620180,-24.841316,20.597040,-24.845261
Scl,20.597040,-24.845261,21.573931,-24.849398
Scl,21.573931,-24.849398,22.550854,-24.853724
Scl,22.550854,-24.853724,23.527811,-24.858240
Scl,23.527811,-24.858240,24.504803,-24.862944
Scl,24.504803,-24.862944,25.481833,-24.867833
Scl,25.481833,-24.867833,26.458900,-24.872908
Scl,26.458900,-24.872900,26.452640,-25.839549
Scl,26.452640,-25.839549,26.446278,-26.806198
Scl,26.446278,-26.806198,26.439806,-27.772847
Scl,26.439806,-27.772847,26.433218,-28.739495
Scl,26.433218,-28.739495,26.426506,-29.706143
Scl,26.426506,-29.706143,26.419665,-30.672791
Scl,26.419665,-30.672791,26.412685,-31.639438
Scl,26.412685,-31.639438,26.405558,-32.606085
Scl,26.405558,-32.606085,26.398276,-33.572731
Scl,26.398276,-33.572731,26.390829,-34.539377
Scl,26.390829,-34.539377,26.383207,-35.506023
Scl,26.383207,-35.506023,26.375399,-36.472668
Scl,26.375399,-36.472668,26.367394,-37.439313
Scl,26.367394,-37.439313,26.359179,-38.405957
Scl,26.359179,-38.405957,26.350742,-39.372600
Scl,26.350700,-39.372600,25.396500,-39.367642
Scl,25.396500,-39.367642,24.442365,-39.362862
Scl,24.442365,-39.362862,23.488293,-39.358260
Scl,23.488293,-39.358260,22.534281,-39.353838
Scl,22.534281,-39.353838,21.580327,-39.349596
Scl,21.580327,-39.349596,20.626428,-39.345537
Scl,20.626428,-39.345537,19.672582,-39.341661
Scl,19.672582,-39.341661,18.718786,-39.337969
Scl,18.718786,-39.337969,17.765039,-39.334463
Scl,17.765039,-39.334463,16.811336,-39.331142
Scl,16.811336,-39.331142,15.857677,-39.328009
Scl,15.857677,-39.328009,14.904058,-39.325064
Scl,14.904058,-39.325064,13.950477,-39.322308
Scl,13.950477,-39.322308,12.996932,-39.319742
Scl,12.996932,-39.319742,12.043419,-39.317365
Scl,12.043419,-39.317365,11.089937,-39.315180
Scl,11.089937,-39.315180,10.136482,-39.313186
Scl,10.136482,-39.313186,9.183053,-39.311385
Scl,9.183053,-39.311385,8.229646,-39.309776
Scl,8.229646,-39.309776,7.276260,-39.308360
Scl,7.276260,-39.308360,6.322891,-39.307137
Scl,6.322891,-39.307137,5.369536,-39.306108
Scl,5.369536,-39.306108,4.416195,-39.305273
Scl,4.416195,-39.305273,3.462863,-39.304633
Scl,3.462863,-39.304633,2.509538,-39.304186
Scl,2.509538,-39.304186,1.556218,-39.303935
Scl,1.556218,-39.303935,0.602900,-39.303878
Scl,0.602900,-39.303900,359.612919,-39.304047
Scl,359.612919,-39.304047,358.622934,-39.304404
Scl,358.622934,-39.304404,357.632943,-39.304970
Scl,357.632943,-39.304970,356.642942,-39.305746
Scl,356.642942,-39.305746,355.652929,-39.306732
Scl,355.652929,-39.306732,354.662902,-39.307926
Scl,354.662902,-39.307926,353.672856,-39.309329
Scl,353.672856,-39.309329,352.682790,-39.310941
Scl,352.682790,-39.310941,351.692700,-39.312760
Scl,351.692700,-39.312800,351.690292,-38.562800
Scl,351.690292,-38.562800,351.687934,-37.812800
Scl,351.687934,-37.812800,351.685623,-37.062800
Scl,351.685623,-37.062800,351.683358,-36.312800
Scl,351.683400,-36.312800,350.692278,-36.314829
Scl,350.692278,-36.314829,349.701130,-36.317064
Scl,349.701130,-36.317064,348.709952,-36.319506
Scl,348.709952,-36.319506,347.718743,-36.322153
Scl,347.718743,-36.322153,346.727500,-36.325005
Scl,346.727500,-36.325000,346.723153,-35.366667
Scl,346.723153,-35.366667,346.718908,-34.408335
Scl,346.718908,-34.408335,346.714760,-33.450002
Scl,346.714760,-33.450002,346.710702,-32.491669
Scl,346.710702,-32.491669,346.706729,-31.533335
Scl,346.706729,-31.533335,346.702838,-30.575002
Scl,346.702838,-30.575002,346.699022,-29.616669
Scl,346.699022,-29.616669,346.695278,-28.658335
Scl,346.695278,-28.658335,346.691603,-27.700002
Scl,346.691603,-27.700002,346.687991,-26.741668
Scl,346.687991,-26.741668,346.684439,-25.783334
Scl,346.684439,-25.783334,346.680945,-24.825000
Sct,275.549500,-15.943600,276.474149,-15.932409
Sct,276.474149,-15.932409,277.398746,-15.921235
Sct,277.398746,-15.921235,278.323292,-15.910083
Sct,278.323292,-15.910083,279.247787,-15.898954
Sct,279.247787,-15.898954,280.172232,-15.887852
Sct,280.172232,-15.887852,281.096626,-15.876780
Sct,281.096626,-15.876780,282.020969,-15.865739
Sct,282.020969,-15.865739,282.945263,-15.854735
Sct,282.945263,-15.854735,283.869506,-15.843768
Sct,283.869506,-15.843768,284.793701,-15.832842
Sct,284.793700,-15.832800,284.781120,-14.841201
Sct,284.781120,-14.841201,284.768654,-13.849602
Sct,284.768654,-13.849602,284.756295,-12.858002
Sct,284.756295,-12.858002,284.744032,-11.866401
Sct,284.744100,-11.866400,284.733139,-10.973879
Sct,284.733139,-10.973879,284.722244,-10.081358
Sct,284.722244,-10.081358,284.711410,-9.188836
Sct,284.711410,-9.188836,284.700630,-8.296314
Sct,284.700630,-8.296314,284.689898,-7.403791
Sct,284.689898,-7.403791,284.679210,-6.511269
Sct,284.679210,-6.511269,284.668560,-5.618746
Sct,284.668560,-5.618746,284.657943,-4.726223
Sct,284.657943,-4.726223,284.647353,-3.833699
Sct,284.647300,-3.833700,283.797500,-3.843745
Sct,283.797500,-3.843745,282.947689,-3.853824
Sct,282.947689,-3.853824,282.097870,-3.863935
Sct,282.097870,-3.863935,281.248040,-3.874077
Sct,281.248040,-3.874077,280.398201,-3.884246
Sct,280.398200,-3.884200,279.398408,-3.896196
Sct,279.398408,-3.896196,278.398602,-3.908223
Sct,278.398602,-3.908223,277.398782,-3.920279
Sct,277.398782,-3.920279,276.398948,-3.932359
Sct,276.398948,-3.932359,275.399100,-3.944459
Sct,275.399100,-3.944500,275.410346,-4.867510
Sct,275.410346,-4.867510,275.421622,-5.790519
Sct,275.421622,-5.790519,275.432936,-6.713528
Sct,275.432936,-6.713528,275.444292,-7.636537
Sct,275.444292,-7.636537,275.455698,-8.559546
Sct,275.455698,-8.559546,275.467159,-9.482554
Sct,275.467159,-9.482554,275.478682,-10.405562
Sct,275.478682,-10.405562,275.490273,-11.328570
Sct,275.490273,-11.328570,275.501939,-12.251577
Sct,275.501939,-12.251577,275.513687,-13.174584
Sct,275.513687,-13.174584,275.525525,-14.097590
Sct,275.525525,-14.097590,275.537458,-15.020595
Sct,275.537458,-15.020595,275.549495,-15.943600
Ser,227.853000,-0.474300,227.845095,0.414556
Ser,227.845095,0.414556,227.837189,1.303411
Ser,227.837189,1.303411,227.829277,2.192267
Ser,227.829277,2.192267,227.821356,3.081123
Ser,227.821356,3.081123,227.813422,3.969978
Ser,227.813422,3.969978,227.805470,4.858834
Ser,227.805470,4.858834,227.797497,5.747689
Ser,227.797497,5.747689,227.789500,6.636545
Ser,227.789500,6.636545,227.781473,7.525400
Ser,227.781500,7.525400,227.772431,8.525359
Ser,227.772431,8.525359,227.763314,9.525317
Ser,227.763314,9.525317,227.754143,10.525275
Ser,227.754143,10.525275,227.744913,11.525233
Ser,227.744913,11.525233,227.735617,12.525191
Ser,227.735617,12.525191,227.726248,13.525149
Ser,227.726248,13.525149,227.716801,14.525106
Ser,227.716801,14.525106,227.707267,15.525062
Ser,227.707267,15.525062,227.697641,16.525018
Ser,227.697641,16.525018,227.687915,17.524974
Ser,227.687915,17.524974,227.678080,18.524930
Ser,227.678080,18.524930,227.668130,19.524884
Ser,227.668130,19.524884,227.658056,20.524839
Ser,227.658056,20.524839,227.647850,21.524792
Ser,227.647850,21.524792,227.637502,22.524745
Ser,227.637502,22.524745,227.627003,23.524698
Ser,227.627003,23.524698,227.616344,24.524649
Ser,227.616344,24.524649,227.605513,25.524600
Ser,227.605500,25.524600,228.352480,25.531283
Ser,228.352480,25.531283,229.099501,25.538046
Ser,229.099500,25.538100,230.076444,25.547063
Ser,230.076444,25.547063,231.053460,25.556159
Ser,231.053460,25.556159,232.030549,25.565385
Ser,232.030549,25.565385,233.007713,25.574738
Ser,233.007713,25.574738,233.984951,25.584216
Ser,233.984951,25.584216,234.962267,25.593815
Ser,234.962267,25.593815,235.939660,25.603533
Ser,235.939660,25.603533,236.917131,25.613368
Ser,236.917131,25.613368,237.894682,25.623316
Ser,237.894682,25.623316,238.872313,25.633374
Ser,238.872313,25.633374,239.850026,25.643540
Ser,239.850026,25.643540,240.827821,25.653810
Ser,240.827821,25.653810,241.805699,25.664182
Ser,241.805700,25.664100,241.818709,24.664176
Ser,241.818709,24.664176,241.831511,23.664252
Ser,241.831511,23.664252,241.844118,22.664326
Ser,241.844118,22.664326,241.856543,21.664399
Ser,241.856600,21.664400,240.983773,21.655137
Ser,240.983773,21.655137,240.111001,21.645955
Ser,240.111000,21.646000,240.121330,20.788902
Ser,240.121330,20.788902,240.131544,19.931803
Ser,240.131544,19.931803,240.141648,19.074703
Ser,240.141648,19.074703,240.151647,18.217603
Ser,240.151647,18.217603,240.161549,17.360502
Ser,240.161549,17.360502,240.171358,16.503401
Ser,240.171358,16.503401,240.181081,15.646300
Ser,240.181100,15.646300,241.012898,15.655049
Ser,241.012898,15.655049,241.844732,15.663871
Ser,241.844732,15.663871,242.676600,15.672764
Ser,242.676600,15.672800,242.687239,14.749779
Ser,242.687239,14.749779,242.697788,13.826758
Ser,242.697788,13.826758,242.708254,12.903736
Ser,242.708254,12.903736,242.718643,11.980713
Ser,242.718643,11.980713,242.728961,11.057691
Ser,242.728961,11.057691,242.739214,10.134668
Ser,242.739214,10.134668,242.749408,9.211644
Ser,242.749408,9.211644,242.759549,8.288621
Ser,242.759549,8.288621,242.769643,7.365597
Ser,242.769643,7.365597,242.779695,6.442573
Ser,242.779695,6.442573,242.789710,5.519549
Ser,242.789710,5.519549,242.799694,4.596524
Ser,242.799694,4.596524,242.809653,3.673499
Ser,242.809700,3.673500,243.725991,3.683375
Ser,243.725991,3.683375,244.642291,3.693332
Ser,244.642291,3.693332,245.558600,3.703367
Ser,245.558600,3.703400,245.567424,2.903440
Ser,245.567424,2.903440,245.576235,2.103480
Ser,245.576235,2.103480,245.585037,1.303520
Ser,245.585037,1.303520,245.593834,0.503560
Ser,245.593834,0.503560,245.602628,-0.296400
Ser,245.602600,-0.296400,245.611533,-1.108850
Ser,245.611533,-1.108850,245.620471,-1.921300
Ser,245.620471,-1.921300,245.629417,-2.733750
Ser,245.629417,-2.733750,245.638376,-3.546200
Ser,245.638400,-3.546200,244.763191,-3.555787
Ser,244.763191,-3.555787,243.887973,-3.565302
Ser,243.887973,-3.565302,243.012744,-3.574743
Ser,243.012744,-3.574743,242.137506,-3.584109
Ser,242.137506,-3.584109,241.262258,-3.593398
Ser,241.262258,-3.593398,240.387000,-3.602606
Ser,240.387000,-3.602600,239.425145,-3.612624
Ser,239.425145,-3.612624,238.463278,-3.622546
Ser,238.463278,-3.622546,237.501400,-3.632363
Ser,237.501400,-3.632363,236.539511,-3.642073
Ser,236.539511,-3.642073,235.577610,-3.651672
Ser,235.577610,-3.651672,234.615697,-3.661158
Ser,234.615697,-3.661158,233.653773,-3.670528
Ser,233.653773,-3.670528,232.691838,-3.679780
Ser,232.691838,-3.679780,231.729892,-3.688910
Ser,231.729892,-3.688910,230.767936,-3.697917
Ser,230.767936,-3.697917,229.805968,-3.706798
Ser,229.805968,-3.706798,228.843989,-3.715551
Ser,228.843989,-3.715551,227.882000,-3.724172
Ser,227.882000,-3.724200,227.874750,-2.911725
Ser,227.874750,-2.911725,227.867511,-2.099250
Ser,227.867511,-2.099250,227.860280,-1.286775
Ser,227.860280,-1.286775,227.853053,-0.474300
Ser,275.350600,0.055200,275.341516,0.805150
Ser,275.341516,0.805150,275.332429,1.555100
Ser,275.332429,1.555100,275.323336,2.305050
Ser,275.323336,2.305050,275.314233,3.055000
Ser,275.314200,3.055000,276.189191,3.065591
Ser,276.189191,3.065591,277.064191,3.076166
Ser,277.064191,3.076166,277.939200,3.086724
Ser,277.939200,3.086700,277.930126,3.836650
Ser,277.930126,3.836650,277.921037,4.586599
Ser,277.921100,4.586600,277.046054,4.576042
Ser,277.046054,4.576042,276.171020,4.565466
Ser,276.171020,4.565466,275.296000,4.554875
Ser,275.296000,4.554900,275.285322,5.429850
Ser,275.285322,5.429850,275.274613,6.304800
Ser,275.274600,6.304800,276.157973,6.315492
Ser,276.157973,6.315492,277.041365,6.326168
Ser,277.041365,6.326168,277.924775,6.336827
Ser,277.924775,6.336827,278.808203,6.347465
Ser,278.808203,6.347465,279.691650,6.358080
Ser,279.691650,6.358080,280.575116,6.368669
Ser,280.575116,6.368669,281.458600,6.379231
Ser,281.458600,6.379200,282.225429,6.388342
Ser,282.225429,6.388342,282.992272,6.397459
Ser,282.992272,6.397459,283.759129,6.406550
Ser,283.759129,6.406550,284.526000,6.415613
Ser,284.526000,6.415600,284.536139,5.565660
Ser,284.536139,5.565660,284.546249,4.715721
Ser,284.546249,4.715721,284.556334,3.865781
Ser,284.556334,3.865781,284.566399,3.015841
Ser,284.566399,3.015841,284.576448,2.165901
Ser,284.576400,2.165900,283.726348,2.155852
Ser,283.726348,2.155852,282.876302,2.145770
Ser,282.876302,2.145770,282.026262,2.135656
Ser,282.026262,2.135656,281.176228,2.125513
Ser,281.176228,2.125513,280.326200,2.115341
Ser,280.326200,2.115300,280.338190,1.115400
Ser,280.338190,1.115400,280.350172,0.115500
Ser,280.350200,0.115500,280.362181,-0.884425
Ser,280.362181,-0.884425,280.374169,-1.884350
Ser,280.374169,-1.884350,280.386171,-2.884275
Ser,280.386171,-2.884275,280.398193,-3.884200
Ser,280.398200,-3.884200,279.398408,-3.896196
Ser,279.398408,-3.896196,278.398602,-3.908223
Ser,278.398602,-3.908223,277.398782,-3.920279
Ser,277.398782,-3.920279,276.398948,-3.932359
Ser,276.398948,-3.932359,275.399100,-3.944459
Ser,275.399100,-3.944500,275.410346,-4.867510
Ser,275.410346,-4.867510,275.421622,-5.790519
Ser,275.421622,-5.790519,275.432936,-6.713528
Ser,275.432936,-6.713528,275.444292,-7.636537
Ser,275.444292,-7.636537,275.455698,-8.559546
Ser,275.455698,-8.559546,275.467159,-9.482554
Ser,275.467159,-9.482554,275.478682,-10.405562
Ser,275.478682,-10.405562,275.490273,-11.328570
Ser,275.490273,-11.328570,275.501939,-12.251577
Ser,275.501939,-12.251577,275.513687,-13.174584
Ser,275.513687,-13.174584,275.525525,-14.097590
Ser,275.525525,-14.097590,275.537458,-15.020595
Ser,275.537458,-15.020595,275.549495,-15.943600
Ser,275.549500,-15.943600,274.574829,-15.955412
Ser,274.574829,-15.955412,273.600101,-15.967238
Ser,273.600101,-15.967238,272.625316,-15.979073
Ser,272.625316,-15.979073,271.650473,-15.990915
Ser,271.650473,-15.990915,270.675572,-16.002759
Ser,270.675572,-16.002759,269.700614,-16.014604
Ser,269.700614,-16.014604,268.725597,-16.026444
Ser,268.725597,-16.026444,267.750523,-16.038277
Ser,267.750523,-16.038277,266.775391,-16.050099
Ser,266.775391,-16.050099,265.800200,-16.061908
Ser,265.800200,-16.061900,264.871386,-16.073130
Ser,264.871386,-16.073130,263.942520,-16.084341
Ser,263.942520,-16.084341,263.013601,-16.095530
Ser,263.013601,-16.095530,262.084630,-16.106694
Ser,262.084630,-16.106694,261.155606,-16.117830
Ser,261.155606,-16.117830,260.226529,-16.128936
Ser,260.226529,-16.128936,259.297400,-16.140008
Ser,259.297400,-16.140000,259.286396,-15.282916
Ser,259.286396,-15.282916,259.275481,-14.425831
Ser,259.275481,-14.425831,259.264650,-13.568746
Ser,259.264650,-13.568746,259.253897,-12.711660
Ser,259.253897,-12.711660,259.243217,-11.854574
Ser,259.243217,-11.854574,259.232603,-10.997487
Ser,259.232603,-10.997487,259.222051,-10.140401
Ser,259.222100,-10.140400,260.115247,-10.129757
Ser,260.115247,-10.129757,261.008365,-10.119083
Ser,261.008365,-10.119083,261.901452,-10.108380
Ser,261.901452,-10.108380,262.794509,-10.097651
Ser,262.794509,-10.097651,263.687536,-10.086899
Ser,263.687536,-10.086899,264.580532,-10.076125
Ser,264.580532,-10.076125,265.473499,-10.065333
Ser,265.473500,-10.065400,265.483923,-10.898650
Ser,265.483923,-10.898650,265.494405,-11.731900
Ser,265.494400,-11.731900,266.119558,-11.724335
Ser,266.119558,-11.724335,266.744700,-11.716763
Ser,266.744700,-11.716800,266.734199,-10.883500
Ser,266.734199,-10.883500,266.723757,-10.050201
Ser,266.723800,-10.050200,267.623841,-10.039288
Ser,267.623841,-10.039288,268.523851,-10.028367
Ser,268.523851,-10.028367,269.423831,-10.017439
Ser,269.423831,-10.017439,270.323780,-10.006507
Ser,270.323780,-10.006507,271.223700,-9.995573
Ser,271.223700,-9.995600,271.211211,-8.995684
Ser,271.211211,-8.995684,271.198791,-7.995768
Ser,271.198791,-7.995768,271.186432,-6.995852
Ser,271.186432,-6.995852,271.174125,-5.995935
Ser,271.174125,-5.995935,271.161864,-4.996018
Ser,271.161864,-4.996018,271.149640,-3.996101
Ser,271.149700,-3.996100,270.483040,-4.004200
Ser,270.483040,-4.004200,269.816373,-4.012299
Ser,269.816373,-4.012299,269.149700,-4.020396
Ser,269.149700,-4.020400,269.139946,-3.220440
Ser,269.139946,-3.220440,269.130207,-2.420480
Ser,269.130207,-2.420480,269.120480,-1.620520
Ser,269.120480,-1.620520,269.110760,-0.820560
Ser,269.110760,-0.820560,269.101044,-0.020599
Ser,269.101000,-0.020600,269.993800,-0.009755
Ser,269.993800,-0.009755,270.886599,0.001092
Ser,270.886599,0.001092,271.779399,0.011938
Ser,271.779399,0.011938,272.672199,0.022782
Ser,272.672199,0.022782,273.564999,0.033620
Ser,273.564999,0.033620,274.457799,0.044451
Ser,274.457799,0.044451,275.350599,0.055270
Sex,145.348900,-0.567100,145.355066,0.307888
Sex,145.355066,0.307888,145.361232,1.182875
Sex,145.361232,1.182875,145.367403,2.057863
Sex,145.367403,2.057863,145.373580,2.932850
Sex,145.373580,2.932850,145.379767,3.807838
Sex,145.379767,3.807838,145.385967,4.682825
Sex,145.385967,4.682825,145.392182,5.557813
Sex,145.392182,5.557813,145.398416,6.432800
Sex,145.398400,6.432800,146.369462,6.426039
Sex,146.369462,6.426039,147.340512,6.419444
Sex,147.340512,6.419444,148.311551,6.413015
Sex,148.311551,6.413015,149.282579,6.406756
Sex,149.282579,6.406756,150.253597,6.400667
Sex,150.253597,6.400667,151.224604,6.394750
Sex,151.224604,6.394750,152.195601,6.389008
Sex,152.195601,6.389008,153.166588,6.383441
Sex,153.166588,6.383441,154.137566,6.378051
Sex,154.137566,6.378051,155.108535,6.372841
Sex,155.108535,6.372841,156.079496,6.367810
Sex,156.079496,6.367810,157.050448,6.362962
Sex,157.050448,6.362962,158.021391,6.358297
Sex,158.021391,6.358297,158.992327,6.353816
Sex,158.992327,6.353816,159.963256,6.349521
Sex,159.963256,6.349521,160.934177,6.345413
Sex,160.934177,6.345413,161.905092,6.341494
Sex,161.905092,6.341494,162.876000,6.337764
Sex,162.876000,6.337700,162.872217,5.337714
Sex,162.872217,5.337714,162.868446,4.337729
Sex,162.868446,4.337729,162.864685,3.337743
Sex,162.864685,3.337743,162.860931,2.337757
Sex,162.860931,2.337757,162.857183,1.337771
Sex,162.857183,1.337771,162.853439,0.337786
Sex,162.853439,0.337786,162.849694,-0.662200
Sex,162.849700,-0.662200,162.846490,-1.519343
Sex,162.846490,-1.519343,162.843277,-2.376486
Sex,162.843277,-2.376486,162.840060,-3.233629
Sex,162.840060,-3.233629,162.836837,-4.090772
Sex,162.836837,-4.090772,162.833608,-4.947914
Sex,162.833608,-4.947914,162.830370,-5.805057
Sex,162.830370,-5.805057,162.827123,-6.662200
Sex,162.827100,-6.662200,162.823297,-7.662180
Sex,162.823297,-7.662180,162.819476,-8.662160
Sex,162.819476,-8.662160,162.815634,-9.662140
Sex,162.815634,-9.662140,162.811770,-10.662120
Sex,162.811770,-10.662120,162.807880,-11.662100
Sex,162.807900,-11.662100,161.833437,-11.658356
Sex,161.833437,-11.658356,160.858989,-11.654422
Sex,160.858989,-11.654422,159.884556,-11.650300
Sex,159.884556,-11.650300,158.910138,-11.645989
Sex,158.910138,-11.645989,157.935737,-11.641493
Sex,157.935737,-11.641493,156.961352,-11.636811
Sex,156.961352,-11.636811,155.986986,-11.631945
Sex,155.986986,-11.631945,155.012637,-11.626898
Sex,155.012637,-11.626898,154.038308,-11.621669
Sex,154.038308,-11.621669,153.063998,-11.616261
Sex,153.063998,-11.616261,152.089708,-11.610675
Sex,152.089708,-11.610675,151.115439,-11.604913
Sex,151.115439,-11.604913,150.141192,-11.598977
Sex,150.141192,-11.598977,149.166967,-11.592868
Sex,149.166967,-11.592868,148.192765,-11.586588
Sex,148.192765,-11.586588,147.218586,-11.580139
Sex,147.218586,-11.580139,146.244431,-11.573522
Sex,146.244431,-11.573522,145.270300,-11.566740
Sex,145.270300,-11.566800,145.277616,-10.566828
Sex,145.277616,-10.566828,145.284884,-9.566856
Sex,145.284884,-9.566856,145.292110,-8.566883
Sex,145.292110,-8.566883,145.299298,-7.566911
Sex,145.299298,-7.566911,145.306453,-6.566938
Sex,145.306453,-6.566938,145.313579,-5.566965
Sex,145.313579,-5.566965,145.320681,-4.566992
Sex,145.320681,-4.566992,145.327763,-3.567019
Sex,145.327763,-3.567019,145.334829,-2.567046
Sex,145.334829,-2.567046,145.341885,-1.567073
Sex,145.341885,-1.567073,145.348933,-0.567100
Tau,50.836700,-1.303000,50.844852,-0.428000
Tau,50.844852,-0.428000,50.853001,0.447000
Tau,50.853000,0.447000,50.862239,1.438620
Tau,50.862239,1.438620,50.871485,2.430241
Tau,50.871485,2.430241,50.880745,3.421861
Tau,50.880745,3.421861,50.890025,4.413482
Tau,50.890025,4.413482,50.899329,5.405102
Tau,50.899329,5.405102,50.908663,6.396722
Tau,50.908663,6.396722,50.918034,7.388342
Tau,50.918034,7.388342,50.927447,8.379961
Tau,50.927447,8.379961,50.936909,9.371581
Tau,50.936909,9.371581,50.946424,10.363200
Tau,50.946400,10.363200,50.955169,11.271491
Tau,50.955169,11.271491,50.963993,12.179783
Tau,50.963993,12.179783,50.972878,13.088074
Tau,50.972878,13.088074,50.981829,13.996364
Tau,50.981829,13.996364,50.990850,14.904654
Tau,50.990850,14.904654,50.999949,15.812944
Tau,50.999949,15.812944,51.009129,16.721234
Tau,51.009129,16.721234,51.018397,17.629523
Tau,51.018397,17.629523,51.027759,18.537812
Tau,51.027759,18.537812,51.037221,19.446100
Tau,51.037200,19.446100,51.663912,19.440236
Tau,51.663912,19.440236,52.290600,19.434320
Tau,52.290600,19.434300,52.301029,20.406479
Tau,52.301029,20.406479,52.311591,21.378658
Tau,52.311591,21.378658,52.322293,22.350836
Tau,52.322293,22.350836,52.333147,23.323013
Tau,52.333147,23.323013,52.344160,24.295190
Tau,52.344160,24.295190,52.355343,25.267366
Tau,52.355343,25.267366,52.366707,26.239541
Tau,52.366707,26.239541,52.378263,27.211715
Tau,52.378263,27.211715,52.390022,28.183888
Tau,52.390022,28.183888,52.401996,29.156060
Tau,52.401996,29.156060,52.414200,30.128231
Tau,52.414200,30.128231,52.426646,31.100401
Tau,52.426700,31.100400,53.431117,31.090810
Tau,53.431117,31.090810,54.435431,31.081091
Tau,54.435431,31.081091,55.439640,31.071245
Tau,55.439640,31.071245,56.443742,31.061277
Tau,56.443742,31.061277,57.447737,31.051188
Tau,57.447737,31.051188,58.451623,31.040982
Tau,58.451623,31.040982,59.455399,31.030662
Tau,59.455399,31.030662,60.459065,31.020232
Tau,60.459065,31.020232,61.462618,31.009694
Tau,61.462618,31.009694,62.466059,30.999051
Tau,62.466059,30.999051,63.469385,30.988308
Tau,63.469385,30.988308,64.472597,30.977467
Tau,64.472597,30.977467,65.475692,30.966532
Tau,65.475692,30.966532,66.478672,30.955506
Tau,66.478672,30.955506,67.481533,30.944392
Tau,67.481533,30.944392,68.484276,30.933194
Tau,68.484276,30.933194,69.486900,30.921916
Tau,69.486900,30.921900,69.476745,30.255301
Tau,69.476800,30.255300,70.416580,30.244657
Tau,70.416580,30.244657,71.356258,30.233949
Tau,71.356258,30.233949,72.295831,30.223178
Tau,72.295831,30.223178,73.235301,30.212349
Tau,73.235300,30.212300,73.223780,29.462351
Tau,73.223780,29.462351,73.212428,28.712401
Tau,73.212500,28.712400,74.214377,28.700788
Tau,74.214377,28.700788,75.216141,28.689115
Tau,75.216141,28.689115,76.217792,28.677384
Tau,76.217792,28.677384,77.219330,28.665601
Tau,77.219330,28.665601,78.220755,28.653767
Tau,78.220755,28.653767,79.222065,28.641888
Tau,79.222065,28.641888,80.223261,28.629965
Tau,80.223261,28.629965,81.224343,28.618004
Tau,81.224343,28.618004,82.225310,28.606008
Tau,82.225310,28.606008,83.226162,28.593979
Tau,83.226162,28.593979,84.226899,28.581923
Tau,84.226899,28.581923,85.227521,28.569843
Tau,85.227521,28.569843,86.228028,28.557742
Tau,86.228028,28.557742,87.228419,28.545624
Tau,87.228419,28.545624,88.228695,28.533493
Tau,88.228695,28.533493,89.228855,28.521352
Tau,89.228855,28.521352,90.228900,28.509205
Tau,90.228900,28.509200,90.221072,28.009300
Tau,90.221100,28.009300,90.207786,27.148269
Tau,90.207786,27.148269,90.194675,26.287238
Tau,90.194675,26.287238,90.181758,25.426205
Tau,90.181758,25.426205,90.169024,24.565170
Tau,90.169024,24.565170,90.156464,23.704135
Tau,90.156464,23.704135,90.144068,22.843099
Tau,90.144000,22.843100,89.227342,22.854234
Tau,89.227342,22.854234,88.310608,22.865363
Tau,88.310608,22.865363,87.393800,22.876484
Tau,87.393800,22.876500,87.380090,21.909902
Tau,87.380090,21.909902,87.366565,20.943303
Tau,87.366565,20.943303,87.353214,19.976703
Tau,87.353214,19.976703,87.340025,19.010102
Tau,87.340025,19.010102,87.326989,18.043500
Tau,87.327000,18.043500,87.827108,18.037435
Tau,87.827108,18.037435,88.327200,18.031367
Tau,88.327200,18.031400,88.314960,17.114818
Tau,88.314960,17.114818,88.302840,16.198236
Tau,88.302840,16.198236,88.290832,15.281653
Tau,88.290832,15.281653,88.278929,14.365069
Tau,88.278929,14.365069,88.267122,13.448485
Tau,88.267122,13.448485,88.255406,12.531900
Tau,88.255400,12.531900,87.422000,12.542011
Tau,87.422000,12.542011,86.588566,12.552113
Tau,86.588566,12.552113,85.755100,12.562204
Tau,85.755100,12.562200,85.767850,13.562100
Tau,85.767850,13.562100,85.780708,14.562000
Tau,85.780708,14.562000,85.793683,15.561899
Tau,85.793600,15.561900,84.993396,15.571576
Tau,84.993396,15.571576,84.193154,15.581238
Tau,84.193154,15.581238,83.392874,15.590885
Tau,83.392874,15.590885,82.592556,15.600514
Tau,82.592556,15.600514,81.792200,15.610123
Tau,81.792200,15.610100,81.798681,16.110100
Tau,81.798700,16.110100,80.881594,16.121085
Tau,80.881594,16.121085,79.964437,16.132039
Tau,79.964437,16.132039,79.047229,16.142959
Tau,79.047229,16.142959,78.129970,16.153843
Tau,78.129970,16.153843,77.212661,16.164688
Tau,77.212661,16.164688,76.295300,16.175491
Tau,76.295300,16.175500,76.288945,15.675499
Tau,76.288900,15.675500,75.413194,15.685770
Tau,75.413194,15.685770,74.537444,15.695998
Tau,74.537444,15.695998,73.661649,15.706179
Tau,73.661649,15.706179,72.785810,15.716313
Tau,72.785810,15.716313,71.909926,15.726397
Tau,71.909926,15.726397,71.033999,15.736428
Tau,71.034000,15.736500,71.022114,14.767816
Tau,71.022114,14.767816,71.010334,13.799131
Tau,71.010334,13.799131,70.998651,12.830445
Tau,70.998651,12.830445,70.987057,11.861759
Tau,70.987057,11.861759,70.975546,10.893072
Tau,70.975546,10.893072,70.964110,9.924385
Tau,70.964110,9.924385,70.952740,8.955698
Tau,70.952740,8.955698,70.941432,7.987010
Tau,70.941432,7.987010,70.930177,7.018322
Tau,70.930177,7.018322,70.918968,6.049634
Tau,70.918968,6.049634,70.907800,5.080945
Tau,70.907800,5.080945,70.896665,4.112257
Tau,70.896665,4.112257,70.885557,3.143568
Tau,70.885557,3.143568,70.874470,2.174879
Tau,70.874470,2.174879,70.863397,1.206190
Tau,70.863397,1.206190,70.852332,0.237501
Tau,70.852400,0.237500,69.883695,0.248529
Tau,69.883695,0.248529,68.914989,0.259486
Tau,68.914989,0.259486,67.946281,0.270370
Tau,67.946281,0.270370,66.977571,0.281176
Tau,66.977571,0.281176,66.008859,0.291902
Tau,66.008859,0.291902,65.040146,0.302544
Tau,65.040146,0.302544,64.071431,0.313100
Tau,64.071431,0.313100,63.102713,0.323567
Tau,63.102713,0.323567,62.133994,0.333941
Tau,62.133994,0.333941,61.165273,0.344219
Tau,61.165273,0.344219,60.196550,0.354399
Tau,60.196550,0.354399,59.227824,0.364478
Tau,59.227824,0.364478,58.259096,0.374453
Tau,58.259096,0.374453,57.290367,0.384320
Tau,57.290367,0.384320,56.321635,0.394078
Tau,56.321635,0.394078,55.352900,0.403723
Tau,55.352900,0.403700,55.344240,-0.471250
Tau,55.344240,-0.471250,55.335578,-1.346200
Tau,55.335600,-1.346200,54.435816,-1.337345
Tau,54.435816,-1.337345,53.536034,-1.328591
Tau,53.536034,-1.328591,52.636254,-1.319942
Tau,52.636254,-1.319942,51.736476,-1.311399
Tau,51.736476,-1.311399,50.836700,-1.302963
Tel,307.458800,-56.588600,307.428424,-55.630414
Tel,307.428424,-55.630414,307.399499,-54.672221
Tel,307.399499,-54.672221,307.371907,-53.714022
Tel,307.371907,-53.714022,307.345544,-52.755816
Tel,307.345544,-52.755816,307.320316,-51.797605
Tel,307.320316,-51.797605,307.296138,-50.839388
Tel,307.296138,-50.839388,307.272933,-49.881167
Tel,307.272933,-49.881167,307.250632,-48.922942
Tel,307.250632,-48.922942,307.229170,-47.964712
Tel,307.229170,-47.964712,307.208490,-47.006478
Tel,307.208490,-47.006478,307.188539,-46.048241
Tel,307.188539,-46.048241,307.169269,-45.090000
Tel,307.169300,-45.090000,306.204099,-45.099569
Tel,306.204099,-45.099569,305.238737,-45.109254
Tel,305.238737,-45.109254,304.273213,-45.119051
Tel,304.273213,-45.119051,303.307525,-45.128958
Tel,303.307525,-45.128958,302.341670,-45.138972
Tel,302.341670,-45.138972,301.375646,-45.149090
Tel,301.375646,-45.149090,300.409453,-45.159309
Tel,300.409453,-45.159309,299.443087,-45.169627
Tel,299.443087,-45.169627,298.476548,-45.180040
Tel,298.476548,-45.180040,297.509833,-45.190546
Tel,297.509833,-45.190546,296.542940,-45.201141
Tel,296.542940,-45.201141,295.575869,-45.211823
Tel,295.575869,-45.211823,294.608618,-45.222589
Tel,294.608618,-45.222589,293.641184,-45.233435
Tel,293.641184,-45.233435,292.673567,-45.244358
Tel,292.673567,-45.244358,291.705764,-45.255356
Tel,291.705764,-45.255356,290.737776,-45.266425
Tel,290.737776,-45.266425,289.769599,-45.277562
Tel,289.769600,-45.277600,288.801230,-45.288802
Tel,288.801230,-45.288802,287.832670,-45.300066
Tel,287.832670,-45.300066,286.863919,-45.311388
Tel,286.863919,-45.311388,285.894975,-45.322765
Tel,285.894975,-45.322765,284.925837,-45.334194
Tel,284.925837,-45.334194,283.956504,-45.345672
Tel,283.956504,-45.345672,282.986975,-45.357196
Tel,282.986975,-45.357196,282.017249,-45.368762
Tel,282.017249,-45.368762,281.047326,-45.380367
Tel,281.047326,-45.380367,280.077204,-45.392007
Tel,280.077204,-45.392007,279.106883,-45.403679
Tel,279.106883,-45.403679,278.136362,-45.415381
Tel,278.136362,-45.415381,277.165640,-45.427108
Tel,277.165640,-45.427108,276.194717,-45.438857
Tel,276.194717,-45.438857,275.223592,-45.450625
Tel,275.223592,-45.450625,274.252264,-45.462408
Tel,274.252264,-45.462408,273.280734,-45.474204
Tel,273.280734,-45.474204,272.309000,-45.486008
Tel,272.309000,-45.486000,272.333097,-46.444188
Tel,272.333097,-46.444188,272.358057,-47.402370
Tel,272.358057,-47.402370,272.383942,-48.360547
Tel,272.383942,-48.360547,272.410819,-49.318717
Tel,272.410819,-49.318717,272.438763,-50.276881
Tel,272.438763,-50.276881,272.467855,-51.235039
Tel,272.467855,-51.235039,272.498184,-52.193188
Tel,272.498184,-52.193188,272.529850,-53.151330
Tel,272.529850,-53.151330,272.562962,-54.109463
Tel,272.562962,-54.109463,272.597640,-55.067586
Tel,272.597640,-55.067586,272.634020,-56.025699
Tel,272.634020,-56.025699,272.672251,-56.983801
Tel,272.672300,-56.983800,273.671450,-56.971662
Tel,273.671450,-56.971662,274.670274,-56.959534
Tel,274.670274,-56.959534,275.668775,-56.947421
Tel,275.668775,-56.947421,276.666952,-56.935325
Tel,276.666952,-56.935325,277.664806,-56.923251
Tel,277.664806,-56.923251,278.662339,-56.911203
Tel,278.662339,-56.911203,279.659552,-56.899183
Tel,279.659552,-56.899183,280.656446,-56.887196
Tel,280.656446,-56.887196,281.653022,-56.875246
Tel,281.653022,-56.875246,282.649281,-56.863334
Tel,282.649281,-56.863334,283.645226,-56.851467
Tel,283.645226,-56.851467,284.640857,-56.839646
Tel,284.640857,-56.839646,285.636177,-56.827876
Tel,285.636177,-56.827876,286.631187,-56.816160
Tel,286.631187,-56.816160,287.625888,-56.804501
Tel,287.625888,-56.804501,288.620284,-56.792903
Tel,288.620284,-56.792903,289.614375,-56.781370
Tel,289.614375,-56.781370,290.608164,-56.769905
Tel,290.608164,-56.769905,291.601654,-56.758511
Tel,291.601654,-56.758511,292.594846,-56.747192
Tel,292.594846,-56.747192,293.587743,-56.735951
Tel,293.587743,-56.735951,294.580347,-56.724792
Tel,294.580347,-56.724792,295.572660,-56.713717
Tel,295.572660,-56.713717,296.564686,-56.702731
Tel,296.564686,-56.702731,297.556427,-56.691836
Tel,297.556427,-56.691836,298.547886,-56.681036
Tel,298.547886,-56.681036,299.539065,-56.670334
Tel,299.539065,-56.670334,300.529968,-56.659732
Tel,300.529968,-56.659732,301.520597,-56.649235
Tel,301.520597,-56.649235,302.510956,-56.638845
Tel,302.510956,-56.638845,303.501047,-56.628566
Tel,303.501047,-56.628566,304.490873,-56.618400
Tel,304.490873,-56.618400,305.480439,-56.608350
Tel,305.480439,-56.608350,306.469747,-56.598420
Tel,306.469747,-56.598420,307.458800,-56.588612
Tri,26.744700,25.626300,26.749609,26.376300
Tri,26.749609,26.376300,26.754583,27.126300
Tri,26.754583,27.126300,26.759624,27.876300
Tri,26.759624,27.876300,26.764735,28.626300
Tri,26.764700,28.626300,25.790194,28.631363
Tri,25.790194,28.631363,24.815641,28.636244
Tri,24.815641,28.636244,23.841043,28.640942
Tri,23.841043,28.640942,22.866400,28.645456
Tri,22.866400,28.645400,22.871348,29.478734
Tri,22.871348,29.478734,22.876378,30.312067
Tri,22.876378,30.312067,22.881494,31.145401
Tri,22.881494,31.145401,22.886701,31.978734
Tri,22.886701,31.978734,22.892004,32.812067
Tri,22.892004,32.812067,22.897407,33.645400
Tri,22.897400,33.645400,22.904023,34.645350
Tri,22.904023,34.645350,22.910808,35.645300
Tri,22.910800,35.645300,23.904784,35.640695
Tri,23.904784,35.640695,24.898707,35.635898
Tri,24.898707,35.635898,25.892569,35.630912
Tri,25.892569,35.630912,26.886366,35.625738
Tri,26.886366,35.625738,27.880096,35.620377
Tri,27.880096,35.620377,28.873757,35.614831
Tri,28.873757,35.614831,29.867346,35.609101
Tri,29.867346,35.609101,30.860861,35.603191
Tri,30.860861,35.603191,31.854300,35.597100
Tri,31.854300,35.597100,31.862624,36.472100
Tri,31.862624,36.472100,31.871139,37.347100
Tri,31.871100,37.347100,32.847430,37.340940
Tri,32.847430,37.340940,33.823678,37.334611
Tri,33.823678,37.334611,34.799840,37.328113
Tri,34.799840,37.328113,35.775915,37.321449
Tri,35.775915,37.321449,36.751900,37.314621
Tri,36.751900,37.314621,37.727794,37.307631
Tri,37.727794,37.307631,38.703595,37.300480
Tri,38.703595,37.300480,39.679300,37.293171
Tri,39.679300,37.293200,40.434700,37.287434
Tri,40.434700,37.287400,40.423690,36.370768
Tri,40.423690,36.370768,40.412936,35.454134
Tri,40.412936,35.454134,40.402424,34.537500
Tri,40.402400,34.537500,41.157155,34.531646
Tri,41.157155,34.531646,41.911855,34.525700
Tri,41.911855,34.525700,42.666500,34.519664
Tri,42.666500,34.519700,42.656706,33.686401
Tri,42.656706,33.686401,42.647099,32.853101
Tri,42.647099,32.853101,42.637672,32.019801
Tri,42.637672,32.019801,42.628414,31.186500
Tri,42.628400,31.186500,41.723497,31.193727
Tri,41.723497,31.193727,40.818525,31.200824
Tri,40.818525,31.200824,39.913484,31.207788
Tri,39.913484,31.207788,39.008375,31.214619
Tri,39.008375,31.214619,38.103200,31.221313
Tri,38.103200,31.221300,38.094727,30.367176
Tri,38.094727,30.367176,38.086400,29.513051
Tri,38.086400,29.513051,38.078212,28.658925
Tri,38.078212,28.658925,38.070158,27.804800
Tri,38.070100,27.804800,37.127863,27.811622
Tri,37.127863,27.811622,36.185566,27.818294
Tri,36.185566,27.818294,35.243210,27.824812
Tri,35.243210,27.824812,34.300797,27.831176
Tri,34.300797,27.831176,33.358329,27.837384
Tri,33.358329,27.837384,32.415805,27.843434
Tri,32.415805,27.843434,31.473229,27.849325
Tri,31.473229,27.849325,30.530600,27.855054
Tri,30.530600,27.855000,30.524891,27.105034
Tri,30.524891,27.105034,30.519257,26.355067
Tri,30.519257,26.355067,30.513696,25.605100
Tri,30.513700,25.605100,29.571515,25.610664
Tri,29.571515,25.610664,28.629286,25.616063
Tri,28.629286,25.616063,27.687014,25.621297
Tri,27.687014,25.621297,26.744700,25.626364
TrA,224.166400,-70.511500,224.107877,-69.678417
TrA,224.107877,-69.678417,224.053776,-68.845317
TrA,224.053776,-68.845317,224.003594,-68.012200
TrA,224.003600,-68.012200,224.855034,-68.005215
TrA,224.855034,-68.005215,225.706202,-67.998121
TrA,225.706202,-67.998121,226.557101,-67.990921
TrA,226.557100,-67.990900,226.500082,-67.011976
TrA,226.500082,-67.011976,226.447480,-66.033033
TrA,226.447480,-66.033033,226.398771,-65.054074
TrA,226.398771,-65.054074,226.353515,-64.075100
TrA,226.353500,-64.075100,227.307211,-64.066903
TrA,227.307211,-64.066903,228.260634,-64.058575
TrA,228.260634,-64.058575,229.213764,-64.050120
TrA,229.213764,-64.050120,230.166597,-64.041538
TrA,230.166600,-64.041600,230.127049,-63.180643
TrA,230.127049,-63.180643,230.089781,-62.319676
TrA,230.089781,-62.319676,230.054589,-61.458700
TrA,230.054600,-61.458700,230.899881,-61.450982
TrA,230.899881,-61.450982,231.744948,-61.443168
TrA,231.744948,-61.443168,232.589798,-61.435260
TrA,232.589800,-61.435300,232.549896,-60.435500
TrA,232.549900,-60.435500,233.521968,-60.426284
TrA,233.521968,-60.426284,234.493755,-60.416949
TrA,234.493755,-60.416949,235.465256,-60.407497
TrA,235.465256,-60.407497,236.436469,-60.397930
TrA,236.436469,-60.397930,237.407390,-60.388252
TrA,237.407390,-60.388252,238.378017,-60.378465
TrA,238.378017,-60.378465,239.348346,-60.368572
TrA,239.348346,-60.368572,240.318374,-60.358577
TrA,240.318374,-60.358577,241.288100,-60.348481
TrA,241.288100,-60.348481,242.257520,-60.338288
TrA,242.257520,-60.338288,243.226631,-60.328000
TrA,243.226631,-60.328000,244.195432,-60.317622
TrA,244.195432,-60.317622,245.163920,-60.307155
TrA,245.163920,-60.307155,246.132093,-60.296603
TrA,246.132093,-60.296603,247.099948,-60.285969
TrA,247.099948,-60.285969,248.067484,-60.275255
TrA,248.067484,-60.275255,249.034698,-60.264466
TrA,249.034700,-60.264500,249.081632,-61.264200
TrA,249.081600,-61.264200,249.900576,-61.255004
TrA,249.900576,-61.255004,250.719309,-61.245758
TrA,250.719309,-61.245758,251.537798,-61.236463
TrA,251.537800,-61.236500,251.581327,-62.097348
TrA,251.581327,-62.097348,251.627397,-62.958182
TrA,251.627397,-62.958182,251.676261,-63.819000
TrA,251.676300,-63.819000,252.516189,-63.809411
TrA,252.516189,-63.809411,253.355790,-63.799775
TrA,253.355790,-63.799775,254.195100,-63.790094
TrA,254.195100,-63.790100,254.238153,-64.498207
TrA,254.238153,-64.498207,254.283497,-65.206300
TrA,254.283500,-65.206300,254.913041,-65.199009
TrA,254.913041,-65.199009,255.542406,-65.191694
TrA,255.542400,-65.191600,255.599275,-66.024623
TrA,255.599275,-66.024623,255.659995,-66.857624
TrA,255.659995,-66.857624,255.724991,-67.690600
TrA,255.725000,-67.690600,256.564520,-67.680805
TrA,256.564520,-67.680805,257.403687,-67.670974
TrA,257.403687,-67.670974,258.242501,-67.661109
TrA,258.242500,-67.661100,258.312934,-68.494000
TrA,258.312934,-68.494000,258.388765,-69.326868
TrA,258.388765,-69.326868,258.470672,-70.159700
TrA,258.470700,-70.159700,257.470700,-70.171458
TrA,257.470700,-70.171458,256.470127,-70.183168
TrA,256.470127,-70.183168,255.468982,-70.194826
TrA,255.468982,-70.194826,254.467267,-70.206428
TrA,254.467267,-70.206428,253.464983,-70.217970
TrA,253.464983,-70.217970,252.462133,-70.229450
TrA,252.462133,-70.229450,251.458720,-70.240863
TrA,251.458720,-70.240863,250.454744,-70.252207
TrA,250.454744,-70.252207,249.450209,-70.263477
TrA,249.450209,-70.263477,248.445117,-70.274669
TrA,248.445117,-70.274669,247.439472,-70.285782
TrA,247.439472,-70.285782,246.433276,-70.296810
TrA,246.433276,-70.296810,245.426533,-70.307751
TrA,245.426533,-70.307751,244.419246,-70.318601
TrA,244.419246,-70.318601,243.411420,-70.329357
TrA,243.411420,-70.329357,242.403057,-70.340016
TrA,242.403057,-70.340016,241.394162,-70.350573
TrA,241.394162,-70.350573,240.384739,-70.361026
TrA,240.384739,-70.361026,239.374793,-70.371372
TrA,239.374793,-70.371372,238.364328,-70.381606
TrA,238.364328,-70.381606,237.353349,-70.391727
TrA,237.353349,-70.391727,236.341861,-70.401730
TrA,236.341861,-70.401730,235.329870,-70.411613
TrA,235.329870,-70.411613,234.317380,-70.421372
TrA,234.317380,-70.421372,233.304398,-70.431004
TrA,233.304398,-70.431004,232.290929,-70.440507
TrA,232.290929,-70.440507,231.276979,-70.449877
TrA,231.276979,-70.449877,230.262554,-70.459110
TrA,230.262554,-70.459110,229.247660,-70.468206
TrA,229.247660,-70.468206,228.232305,-70.477159
TrA,228.232305,-70.477159,227.216494,-70.485968
TrA,227.216494,-70.485968,226.200235,-70.494629
TrA,226.200235,-70.494629,225.183535,-70.503140
TrA,225.183535,-70.503140,224.166400,-70.511498
Tuc,351.997800,-74.312500,352.867927,-74.310893
Tuc,352.867927,-74.310893,353.737975,-74.309452
Tuc,353.737975,-74.309452,354.607954,-74.308177
Tuc,354.607954,-74.308177,355.477871,-74.307069
Tuc,355.477871,-74.307069,356.347736,-74.306128
Tuc,356.347736,-74.306128,357.217557,-74.305354
Tuc,357.217557,-74.305354,358.087342,-74.304747
Tuc,358.087342,-74.304747,358.957100,-74.304308
Tuc,358.957100,-74.304308,359.826840,-74.304037
Tuc,359.826840,-74.304037,0.696571,-74.303933
Tuc,0.696571,-74.303933,1.566300,-74.303997
Tuc,1.566300,-74.304000,2.463206,-74.304241
Tuc,2.463206,-74.304241,3.360129,-74.304661
Tuc,3.360129,-74.304661,4.257079,-74.305259
Tuc,4.257079,-74.305259,5.154066,-74.306034
Tuc,5.154066,-74.306034,6.051098,-74.306988
Tuc,6.051098,-74.306988,6.948186,-74.308119
Tuc,6.948186,-74.308119,7.845338,-74.309427
Tuc,7.845338,-74.309427,8.742565,-74.310912
Tuc,8.742565,-74.310912,9.639875,-74.312574
Tuc,9.639875,-74.312574,10.537278,-74.314412
Tuc,10.537278,-74.314412,11.434783,-74.316426
Tuc,11.434783,-74.316426,12.332399,-74.318616
Tuc,12.332400,-74.318600,12.295379,-75.318500
Tuc,12.295400,-75.318500,13.223445,-75.320947
Tuc,13.223445,-75.320947,14.151640,-75.323582
Tuc,14.151640,-75.323582,15.079994,-75.326402
Tuc,15.079994,-75.326402,16.008520,-75.329408
Tuc,16.008520,-75.329408,16.937228,-75.332599
Tuc,16.937228,-75.332599,17.866129,-75.335973
Tuc,17.866129,-75.335973,18.795234,-75.339531
Tuc,18.795234,-75.339531,19.724554,-75.343271
Tuc,19.724554,-75.343271,20.654101,-75.347192
Tuc,20.654100,-75.347200,20.715659,-74.375111
Tuc,20.715659,-74.375111,20.770176,-73.403007
Tuc,20.770176,-73.403007,20.818820,-72.430890
Tuc,20.818820,-72.430890,20.862516,-71.458763
Tuc,20.862516,-71.458763,20.902003,-70.486626
Tuc,20.902003,-70.486626,20.937881,-69.514482
Tuc,20.937881,-69.514482,20.970642,-68.542331
Tuc,20.970642,-68.542331,21.000691,-67.570174
Tuc,21.000691,-67.570174,21.028367,-66.598012
Tuc,21.028367,-66.598012,21.053955,-65.625845
Tuc,21.053955,-65.625845,21.077695,-64.653675
Tuc,21.077695,-64.653675,21.099793,-63.681501
Tuc,21.099793,-63.681501,21.120425,-62.709324
Tuc,21.120425,-62.709324,21.139744,-61.737144
Tuc,21.139744,-61.737144,21.157879,-60.764961
Tuc,21.157879,-60.764961,21.174948,-59.792776
Tuc,21.174948,-59.792776,21.191050,-58.820589
Tuc,21.191050,-58.820589,21.206273,-57.848400
Tuc,21.206200,-57.848400,20.224446,-57.844262
Tuc,20.224446,-57.844262,19.242800,-57.840320
Tuc,19.242800,-57.840320,18.261256,-57.836576
Tuc,18.261256,-57.836576,17.279808,-57.833030
Tuc,17.279808,-57.833030,16.298452,-57.829684
Tuc,16.298452,-57.829684,15.317181,-57.826538
Tuc,15.317181,-57.826538,14.335992,-57.823593
Tuc,14.335992,-57.823593,13.354878,-57.820851
Tuc,13.354878,-57.820851,12.373833,-57.818312
Tuc,12.373833,-57.818312,11.392853,-57.815977
Tuc,11.392853,-57.815977,10.411933,-57.813846
Tuc,10.411933,-57.813846,9.431066,-57.811920
Tuc,9.431066,-57.811920,8.450247,-57.810200
Tuc,8.450247,-57.810200,7.469471,-57.808686
Tuc,7.469471,-57.808686,6.488732,-57.807379
Tuc,6.488732,-57.807379,5.508026,-57.806278
Tuc,5.508026,-57.806278,4.527345,-57.805385
Tuc,4.527345,-57.805385,3.546686,-57.804699
Tuc,3.546686,-57.804699,2.566041,-57.804221
Tuc,2.566041,-57.804221,1.585407,-57.803950
Tuc,1.585407,-57.803950,0.604777,-57.803888
Tuc,0.604777,-57.803888,359.624146,-57.804033
Tuc,359.624146,-57.804033,358.643509,-57.804387
Tuc,358.643509,-57.804387,357.662859,-57.804948
Tuc,357.662859,-57.804948,356.682192,-57.805717
Tuc,356.682192,-57.805717,355.701501,-57.806693
Tuc,355.701501,-57.806693,354.720782,-57.807876
Tuc,354.720782,-57.807876,353.740030,-57.809266
Tuc,353.740030,-57.809266,352.759237,-57.810863
Tuc,352.759237,-57.810863,351.778400,-57.812665
Tuc,351.778400,-57.812700,351.773371,-57.062700
Tuc,351.773371,-57.062700,351.768540,-56.312700
Tuc,351.768500,-56.312700,350.786551,-56.314710
Tuc,350.786551,-56.314710,349.804550,-56.316925
Tuc,349.804550,-56.316925,348.822490,-56.319344
Tuc,348.822490,-56.319344,347.840367,-56.321967
Tuc,347.840367,-56.321967,346.858176,-56.324793
Tuc,346.858176,-56.324793,345.875912,-56.327822
Tuc,345.875912,-56.327822,344.893569,-56.331051
Tuc,344.893569,-56.331051,343.911142,-56.334481
Tuc,343.911142,-56.334481,342.928628,-56.338110
Tuc,342.928628,-56.338110,341.946019,-56.341937
Tuc,341.946019,-56.341937,340.963312,-56.345962
Tuc,340.963312,-56.345962,339.980502,-56.350182
Tuc,339.980502,-56.350182,338.997582,-56.354597
Tuc,338.997582,-56.354597,338.014550,-56.359206
Tuc,338.014550,-56.359206,337.031399,-56.364007
Tuc,337.031399,-56.364007,336.048125,-56.368999
Tuc,336.048125,-56.368999,335.064723,-56.374180
Tuc,335.064723,-56.374180,334.081188,-56.379549
Tuc,334.081188,-56.379549,333.097516,-56.385104
Tuc,333.097516,-56.385104,332.113701,-56.390844
Tuc,332.113700,-56.390800,332.132642,-57.345293
Tuc,332.132642,-57.345293,332.152594,-58.299784
Tuc,332.152594,-58.299784,332.173653,-59.254271
Tuc,332.173653,-59.254271,332.195926,-60.208754
Tuc,332.195926,-60.208754,332.219534,-61.163234
Tuc,332.219534,-61.163234,332.244615,-62.117709
Tuc,332.244615,-62.117709,332.271327,-63.072179
Tuc,332.271327,-63.072179,332.299850,-64.026644
Tuc,332.299850,-64.026644,332.330394,-64.981103
Tuc,332.330394,-64.981103,332.363199,-65.935556
Tuc,332.363199,-65.935556,332.398547,-66.890000
Tuc,332.398600,-66.890000,333.373370,-66.884313
Tuc,333.373370,-66.884313,334.347924,-66.878808
Tuc,334.347924,-66.878808,335.322268,-66.873489
Tuc,335.322268,-66.873489,336.296412,-66.868357
Tuc,336.296412,-66.868357,337.270361,-66.863412
Tuc,337.270361,-66.863412,338.244123,-66.858657
Tuc,338.244123,-66.858657,339.217706,-66.854092
Tuc,339.217706,-66.854092,340.191117,-66.849719
Tuc,340.191117,-66.849719,341.164363,-66.845540
Tuc,341.164363,-66.845540,342.137453,-66.841555
Tuc,342.137453,-66.841555,343.110393,-66.837765
Tuc,343.110393,-66.837765,344.083192,-66.834172
Tuc,344.083192,-66.834172,345.055856,-66.830776
Tuc,345.055856,-66.830776,346.028394,-66.827579
Tuc,346.028394,-66.827579,347.000814,-66.824581
Tuc,347.000814,-66.824581,347.973122,-66.821783
Tuc,347.973122,-66.821783,348.945327,-66.819187
Tuc,348.945327,-66.819187,349.917437,-66.816792
Tuc,349.917437,-66.816792,350.889458,-66.814599
Tuc,350.889458,-66.814599,351.861400,-66.812610
Tuc,351.861400,-66.812600,351.873613,-67.750092
Tuc,351.873613,-67.750092,351.886844,-68.687583
Tuc,351.886844,-68.687583,351.901234,-69.625073
Tuc,351.901234,-69.625073,351.916949,-70.562562
Tuc,351.916949,-70.562562,351.934194,-71.500050
Tuc,351.934194,-71.500050,351.953211,-72.437535
Tuc,351.953211,-72.437535,351.974303,-73.375019
Tuc,351.974303,-73.375019,351.997840,-74.312500
UMa,145.709200,41.431700,144.824222,41.438004
UMa,144.824222,41.438004,143.939158,41.444444
UMa,143.939158,41.444444,143.054008,41.451017
UMa,143.054008,41.451017,142.168769,41.457723
UMa,142.168769,41.457723,141.283439,41.464561
UMa,141.283439,41.464561,140.398017,41.471527
UMa,140.398017,41.471527,139.512500,41.478621
UMa,139.512500,41.478600,139.524656,42.311887
UMa,139.524656,42.311887,139.537137,43.145172
UMa,139.537137,43.145172,139.549964,43.978457
UMa,139.549964,43.978457,139.563156,44.811739
UMa,139.563156,44.811739,139.576735,45.645020
UMa,139.576735,45.645020,139.590724,46.478300
UMa,139.590700,46.478300,138.662230,46.485873
UMa,138.662230,46.485873,137.733632,46.493582
UMa,137.733632,46.493582,136.804903,46.501427
UMa,136.804903,46.501427,135.876042,46.509404
UMa,135.876042,46.509404,134.947045,46.517512
UMa,134.947045,46.517512,134.017911,46.525749
UMa,134.017911,46.525749,133.088638,46.534112
UMa,133.088638,46.534112,132.159223,46.542599
UMa,132.159223,46.542599,131.229664,46.551209
UMa,131.229664,46.551209,130.299958,46.559938
UMa,130.299958,46.559938,129.370105,46.568785
UMa,129.370105,46.568785,128.440101,46.577747
UMa,128.440100,46.577700,128.459490,47.506180
UMa,128.459490,47.506180,128.479578,48.434657
UMa,128.479578,48.434657,128.500414,49.363131
UMa,128.500414,49.363131,128.522052,50.291600
UMa,128.522052,50.291600,128.544551,51.220065
UMa,128.544551,51.220065,128.567977,52.148526
UMa,128.567977,52.148526,128.592401,53.076982
UMa,128.592401,53.076982,128.617901,54.005432
UMa,128.617901,54.005432,128.644565,54.933878
UMa,128.644565,54.933878,128.672489,55.862316
UMa,128.672489,55.862316,128.701781,56.790749
UMa,128.701781,56.790749,128.732560,57.719174
UMa,128.732560,57.719174,128.764960,58.647591
UMa,128.764960,58.647591,128.799130,59.576000
UMa,128.799100,59.576000,127.847041,59.585291
UMa,127.847041,59.585291,126.894721,59.594700
UMa,126.894721,59.594700,125.942138,59.604223
UMa,125.942138,59.604223,124.989288,59.613858
UMa,124.989288,59.613858,124.036167,59.623603
UMa,124.036167,59.623603,123.082772,59.633455
UMa,123.082772,59.633455,122.129100,59.643410
UMa,122.129100,59.643400,122.169877,60.607473
UMa,122.169877,60.607473,122.213165,61.571533
UMa,122.213165,61.571533,122.259231,62.535579
UMa,122.259231,62.535579,122.308380,63.499608
UMa,122.308380,63.499608,122.360961,64.463620
UMa,122.360961,64.463620,122.417382,65.427611
UMa,122.417382,65.427611,122.478114,66.391580
UMa,122.478114,66.391580,122.543709,67.355523
UMa,122.543709,67.355523,122.614818,68.319437
UMa,122.614818,68.319437,122.692211,69.283318
UMa,122.692211,69.283318,122.776810,70.247161
UMa,122.776810,70.247161,122.869726,71.210961
UMa,122.869726,71.210961,122.972309,72.174710
UMa,122.972309,72.174710,123.086218,73.138400
UMa,123.086200,73.138400,124.012966,73.128720
UMa,124.012966,73.128720,124.939232,73.119142
UMa,124.939232,73.119142,125.865003,73.109668
UMa,125.865003,73.109668,126.790285,73.100302
UMa,126.790285,73.100302,127.715086,73.091044
UMa,127.715086,73.091044,128.639411,73.081898
UMa,128.639411,73.081898,129.563268,73.072866
UMa,129.563268,73.072866,130.486663,73.063950
UMa,130.486663,73.063950,131.409602,73.055152
UMa,131.409602,73.055152,132.332093,73.046475
UMa,132.332093,73.046475,133.254142,73.037921
UMa,133.254142,73.037921,134.175757,73.029492
UMa,134.175757,73.029492,135.096945,73.021190
UMa,135.096945,73.021190,136.017713,73.013017
UMa,136.017713,73.013017,136.938068,73.004975
UMa,136.938068,73.004975,137.858017,72.997067
UMa,137.858017,72.997067,138.777568,72.989294
UMa,138.777568,72.989294,139.696728,72.981658
UMa,139.696728,72.981658,140.615506,72.974161
UMa,140.615500,72.974100,141.570222,72.966456
UMa,141.570222,72.966456,142.524546,72.958967
UMa,142.524546,72.958967,143.478482,72.951634
UMa,143.478482,72.951634,144.432038,72.944459
UMa,144.432038,72.944459,145.385223,72.937445
UMa,145.385223,72.937445,146.338046,72.930592
UMa,146.338046,72.930592,147.290516,72.923904
UMa,147.290516,72.923904,148.242642,72.917382
UMa,148.242642,72.917382,149.194433,72.911027
UMa,149.194433,72.911027,150.145898,72.904842
UMa,150.145898,72.904842,151.097047,72.898827
UMa,151.097047,72.898827,152.047888,72.892985
UMa,152.047888,72.892985,152.998431,72.887317
UMa,152.998431,72.887317,153.948685,72.881824
UMa,153.948685,72.881824,154.898660,72.876508
UMa,154.898660,72.876508,155.848365,72.871371
UMa,155.848365,72.871371,156.797810,72.866414
UMa,156.797810,72.866414,157.747003,72.861638
UMa,157.747003,72.861638,158.695956,72.857044
UMa,158.695956,72.857044,159.644677,72.852633
UMa,159.644677,72.852633,160.593175,72.848408
UMa,160.593175,72.848408,161.541462,72.844368
UMa,161.541462,72.844368,162.489545,72.840515
UMa,162.489545,72.840515,163.437436,72.836850
UMa,163.437436,72.836850,164.385144,72.833374
UMa,164.385144,72.833374,165.332678,72.830088
UMa,165.332678,72.830088,166.280050,72.826992
UMa,166.280050,72.826992,167.227267,72.824088
UMa,167.227267,72.824088,168.174341,72.821377
UMa,168.174341,72.821377,169.121281,72.818858
UMa,169.121281,72.818858,170.068098,72.816533
UMa,170.068098,72.816533,171.014800,72.814402
UMa,171.014800,72.814402,171.961399,72.812466
UMa,171.961400,72.812500,171.942851,71.937517
UMa,171.942851,71.937517,171.925962,71.062532
UMa,171.925962,71.062532,171.910512,70.187546
UMa,171.910512,70.187546,171.896319,69.312559
UMa,171.896319,69.312559,171.883229,68.437570
UMa,171.883229,68.437570,171.871114,67.562581
UMa,171.871114,67.562581,171.859862,66.687591
UMa,171.859862,66.687591,171.849381,65.812600
UMa,171.849300,65.812600,172.734018,65.810966
UMa,172.734018,65.810966,173.618685,65.809500
UMa,173.618685,65.809500,174.503306,65.808204
UMa,174.503306,65.808204,175.387887,65.807078
UMa,175.387887,65.807078,176.272433,65.806121
UMa,176.272433,65.806121,177.156951,65.805334
UMa,177.156951,65.805334,178.041444,65.804717
UMa,178.041444,65.804717,178.925921,65.804270
UMa,178.925921,65.804270,179.810385,65.803994
UMa,179.810385,65.803994,180.694843,65.803889
UMa,180.694843,65.803889,181.579300,65.803954
UMa,181.579300,65.804000,181.580116,64.970667
UMa,181.580116,64.970667,181.580882,64.137333
UMa,181.580882,64.137333,181.581603,63.304000
UMa,181.581600,63.304000,182.536156,63.304261
UMa,182.536156,63.304261,183.490724,63.304720
UMa,183.490724,63.304720,184.445310,63.305377
UMa,184.445310,63.305377,185.399920,63.306231
UMa,185.399920,63.306231,186.354561,63.307282
UMa,186.354561,63.307282,187.309239,63.308531
UMa,187.309239,63.308531,188.263960,63.309977
UMa,188.263960,63.309977,189.218730,63.311618
UMa,189.218730,63.311618,190.173557,63.313456
UMa,190.173557,63.313456,191.128446,63.315489
UMa,191.128446,63.315489,192.083403,63.317717
UMa,192.083403,63.317717,193.038435,63.320140
UMa,193.038435,63.320140,193.993548,63.322756
UMa,193.993548,63.322756,194.948748,63.325564
UMa,194.948748,63.325564,195.904042,63.328565
UMa,195.904042,63.328565,196.859435,63.331757
UMa,196.859435,63.331757,197.814934,63.335140
UMa,197.814934,63.335140,198.770546,63.338712
UMa,198.770546,63.338712,199.726275,63.342473
UMa,199.726275,63.342473,200.682129,63.346421
UMa,200.682129,63.346421,201.638114,63.350556
UMa,201.638114,63.350556,202.594235,63.354876
UMa,202.594235,63.354876,203.550498,63.359380
UMa,203.550500,63.359300,203.573599,62.359400
UMa,203.573600,62.359400,204.534744,62.364111
UMa,204.534744,62.364111,205.496038,62.369005
UMa,205.496038,62.369005,206.457487,62.374081
UMa,206.457487,62.374081,207.419097,62.379337
UMa,207.419097,62.379337,208.380874,62.384772
UMa,208.380874,62.384772,209.342824,62.390385
UMa,209.342824,62.390385,210.304952,62.396174
UMa,210.304952,62.396174,211.267263,62.402137
UMa,211.267263,62.402137,212.229764,62.408274
UMa,212.229764,62.408274,213.192460,62.414581
UMa,213.192460,62.414581,214.155356,62.421057
UMa,214.155356,62.421057,215.118458,62.427701
UMa,215.118458,62.427701,216.081771,62.434511
UMa,216.081771,62.434511,217.045301,62.441484
UMa,217.045300,62.441500,217.076388,61.504107
UMa,217.076388,61.504107,217.105658,60.566708
UMa,217.105658,60.566708,217.133277,59.629302
UMa,217.133277,59.629302,217.159396,58.691891
UMa,217.159396,58.691891,217.184147,57.754475
UMa,217.184147,57.754475,217.207646,56.817054
UMa,217.207646,56.817054,217.229997,55.879629
UMa,217.229997,55.879629,217.251295,54.942201
UMa,217.251200,54.942200,216.306357,54.935360
UMa,216.306357,54.935360,215.361670,54.928677
UMa,215.361670,54.928677,214.417135,54.922151
UMa,214.417135,54.922151,213.472747,54.915786
UMa,213.472747,54.915786,212.528504,54.909582
UMa,212.528504,54.909582,211.584401,54.903541
UMa,211.584400,54.903600,211.600752,54.028644
UMa,211.600752,54.028644,211.616431,53.153686
UMa,211.616431,53.153686,211.631483,52.278726
UMa,211.631483,52.278726,211.645952,51.403764
UMa,211.645952,51.403764,211.659878,50.528800
UMa,211.659878,50.528800,211.673297,49.653835
UMa,211.673297,49.653835,211.686242,48.778868
UMa,211.686242,48.778868,211.698743,47.903900
UMa,211.698700,47.903900,210.710378,47.897752
UMa,210.710378,47.897752,209.722170,47.891785
UMa,209.722170,47.891785,208.734071,47.886002
UMa,208.734071,47.886002,207.746079,47.880403
UMa,207.746079,47.880403,206.758189,47.874992
UMa,206.758189,47.874992,205.770398,47.869769
UMa,205.770398,47.869769,204.782703,47.864736
UMa,204.782703,47.864736,203.795100,47.859894
UMa,203.795100,47.859900,203.785322,48.759882
UMa,203.785322,48.759882,203.775187,49.659863
UMa,203.775187,49.659863,203.764670,50.559843
UMa,203.764670,50.559843,203.753744,51.459822
UMa,203.753744,51.459822,203.742378,52.359800
UMa,203.742400,52.359800,202.790618,52.355316
UMa,202.790618,52.355316,201.838929,52.351012
UMa,201.838929,52.351012,200.887329,52.346891
UMa,200.887329,52.346891,199.935813,52.342952
UMa,199.935813,52.342952,198.984377,52.339198
UMa,198.984377,52.339198,198.033019,52.335629
UMa,198.033019,52.335629,197.081734,52.332245
UMa,197.081734,52.332245,196.130517,52.329049
UMa,196.130517,52.329049,195.179366,52.326041
UMa,195.179366,52.326041,194.228276,52.323221
UMa,194.228276,52.323221,193.277243,52.320591
UMa,193.277243,52.320591,192.326263,52.318151
UMa,192.326263,52.318151,191.375332,52.315902
UMa,191.375332,52.315902,190.424446,52.313844
UMa,190.424446,52.313844,189.473602,52.311979
UMa,189.473602,52.311979,188.522794,52.310305
UMa,188.522794,52.310305,187.572020,52.308825
UMa,187.572020,52.308825,186.621274,52.307538
UMa,186.621274,52.307538,185.670553,52.306445
UMa,185.670553,52.306445,184.719853,52.305546
UMa,184.719853,52.305546,183.769170,52.304841
UMa,183.769170,52.304841,182.818500,52.304331
UMa,182.818500,52.304300,182.819513,51.415411
UMa,182.819513,51.415411,182.820487,50.526522
UMa,182.820487,50.526522,182.821426,49.637633
UMa,182.821426,49.637633,182.822331,48.748745
UMa,182.822331,48.748745,182.823204,47.859856
UMa,182.823204,47.859856,182.824048,46.970967
UMa,182.824048,46.970967,182.824864,46.082078
UMa,182.824864,46.082078,182.825654,45.193189
UMa,182.825654,45.193189,182.826420,44.304300
UMa,182.826400,44.304300,182.208899,44.304073
UMa,182.208899,44.304073,181.591400,44.303927
UMa,181.591400,44.304000,181.591699,43.387333
UMa,181.591699,43.387333,181.591989,42.470667
UMa,181.591989,42.470667,181.592271,41.554000
UMa,181.592271,41.554000,181.592545,40.637333
UMa,181.592545,40.637333,181.592811,39.720667
UMa,181.592811,39.720667,181.593071,38.804000
UMa,181.593071,38.804000,181.593324,37.887333
UMa,181.593324,37.887333,181.593570,36.970667
UMa,181.593570,36.970667,181.593811,36.054000
UMa,181.593811,36.054000,181.594047,35.137333
UMa,181.594047,35.137333,181.594277,34.220667
UMa,181.594277,34.220667,181.594502,33.304000
UMa,181.594500,33.304000,181.594701,32.470667
UMa,181.594701,32.470667,181.594897,31.637333
UMa,181.594897,31.637333,181.595091,30.804000
UMa,181.595091,30.804000,181.595281,29.970667
UMa,181.595281,29.970667,181.595468,29.137333
UMa,181.595468,29.137333,181.595652,28.304000
UMa,181.595700,28.304000,180.933433,28.303934
UMa,180.933433,28.303934,180.271167,28.303962
UMa,180.271167,28.303962,179.608900,28.304084
UMa,179.608900,28.304000,178.686469,28.304325
UMa,178.686469,28.304325,177.764035,28.304832
UMa,177.764035,28.304832,176.841596,28.305521
UMa,176.841596,28.305521,175.919151,28.306390
UMa,175.919151,28.306390,174.996697,28.307440
UMa,174.996697,28.307440,174.074234,28.308672
UMa,174.074234,28.308672,173.151759,28.310083
UMa,173.151759,28.310083,172.229272,28.311674
UMa,172.229272,28.311674,171.306771,28.313446
UMa,171.306771,28.313446,170.384254,28.315396
UMa,170.384254,28.315396,169.461720,28.317525
UMa,169.461720,28.317525,168.539168,28.319832
UMa,168.539168,28.319832,167.616595,28.322316
UMa,167.616595,28.322316,166.694000,28.324977
UMa,166.694000,28.325000,166.697231,29.158334
UMa,166.697231,29.158334,166.700514,29.991667
UMa,166.700514,29.991667,166.703853,30.825000
UMa,166.703853,30.825000,166.707250,31.658334
UMa,166.707250,31.658334,166.710709,32.491667
UMa,166.710709,32.491667,166.714233,33.325000
UMa,166.714200,33.325000,165.908035,33.327470
UMa,165.908035,33.327470,165.101848,33.330074
UMa,165.101848,33.330074,164.295637,33.332811
UMa,164.295637,33.332811,163.489400,33.335682
UMa,163.489400,33.335700,163.494680,34.335684
UMa,163.494680,34.335684,163.500088,35.335668
UMa,163.500088,35.335668,163.505632,36.335651
UMa,163.505632,36.335651,163.511319,37.335634
UMa,163.511319,37.335634,163.517160,38.335617
UMa,163.517160,38.335617,163.523165,39.335600
UMa,163.523200,39.335600,162.607048,39.339023
UMa,162.607048,39.339023,161.690851,39.342617
UMa,161.690851,39.342617,160.774607,39.346381
UMa,160.774607,39.346381,159.858314,39.350313
UMa,159.858314,39.350313,158.941970,39.354414
UMa,158.941970,39.354414,158.025572,39.358681
UMa,158.025572,39.358681,157.109118,39.363114
UMa,157.109118,39.363114,156.192606,39.367711
UMa,156.192606,39.367711,155.276034,39.372472
UMa,155.276034,39.372472,154.359400,39.377396
UMa,154.359400,39.377400,154.365550,40.044067
UMa,154.365550,40.044067,154.371821,40.710734
UMa,154.371821,40.710734,154.378219,41.377400
UMa,154.378200,41.377400,153.415316,41.382745
UMa,153.415316,41.382745,152.452354,41.388265
UMa,152.452354,41.388265,151.489310,41.393961
UMa,151.489310,41.393961,150.526183,41.399830
UMa,150.526183,41.399830,149.562969,41.405870
UMa,149.562969,41.405870,148.599666,41.412080
UMa,148.599666,41.412080,147.636272,41.418458
UMa,147.636272,41.418458,146.672784,41.425002
UMa,146.672784,41.425002,145.709200,41.431711
UMi,195.820600,76.328900,195.875859,75.328997
UMi,195.875859,75.328997,195.924211,74.329083
UMi,195.924211,74.329083,195.966898,73.329160
UMi,195.966898,73.329160,196.004884,72.329229
UMi,196.004884,72.329229,196.038923,71.329291
UMi,196.038923,71.329291,196.069619,70.329348
UMi,196.069619,70.329348,196.097457,69.329400
UMi,196.097500,69.329400,197.066433,69.332704
UMi,197.066433,69.332704,198.035514,69.336205
UMi,198.035514,69.336205,199.004750,69.339903
UMi,199.004750,69.339903,199.974150,69.343796
UMi,199.974150,69.343796,200.943723,69.347883
UMi,200.943723,69.347883,201.913477,69.352163
UMi,201.913477,69.352163,202.883421,69.356634
UMi,202.883421,69.356634,203.853562,69.361297
UMi,203.853562,69.361297,204.823910,69.366148
UMi,204.823910,69.366148,205.794473,69.371188
UMi,205.794473,69.371188,206.765259,69.376414
UMi,206.765259,69.376414,207.736276,69.381825
UMi,207.736276,69.381825,208.707533,69.387420
UMi,208.707533,69.387420,209.679037,69.393197
UMi,209.679037,69.393197,210.650797,69.399154
UMi,210.650800,69.399100,210.698822,68.399267
UMi,210.698822,68.399267,210.742790,67.399422
UMi,210.742790,67.399422,210.783219,66.399566
UMi,210.783219,66.399566,210.820542,65.399700
UMi,210.820600,65.399700,211.760080,65.405627
UMi,211.760080,65.405627,212.699769,65.411718
UMi,212.699769,65.411718,213.639673,65.417972
UMi,213.639673,65.417972,214.579798,65.424387
UMi,214.579798,65.424387,215.520150,65.430961
UMi,215.520150,65.430961,216.460734,65.437693
UMi,216.460734,65.437693,217.401556,65.444581
UMi,217.401556,65.444581,218.342623,65.451623
UMi,218.342623,65.451623,219.283938,65.458817
UMi,219.283938,65.458817,220.225508,65.466161
UMi,220.225508,65.466161,221.167339,65.473653
UMi,221.167339,65.473653,222.109435,65.481292
UMi,222.109435,65.481292,223.051803,65.489075
UMi,223.051803,65.489075,223.994447,65.497000
UMi,223.994447,65.497000,224.937373,65.505066
UMi,224.937373,65.505066,225.880585,65.513269
UMi,225.880585,65.513269,226.824090,65.521608
UMi,226.824090,65.521608,227.767892,65.530081
UMi,227.767892,65.530081,228.711996,65.538685
UMi,228.711996,65.538685,229.656408,65.547418
UMi,229.656408,65.547418,230.601131,65.556278
UMi,230.601131,65.556278,231.546171,65.565262
UMi,231.546171,65.565262,232.491533,65.574369
UMi,232.491533,65.574369,233.437221,65.583594
UMi,233.437221,65.583594,234.383240,65.592937
UMi,234.383240,65.592937,235.329594,65.602394
UMi,235.329600,65.602300,235.280989,66.402056
UMi,235.280989,66.402056,235.229168,67.201796
UMi,235.229168,67.201796,235.173787,68.001518
UMi,235.173787,68.001518,235.114443,68.801221
UMi,235.114443,68.801221,235.050667,69.600901
UMi,235.050600,69.600900,236.031660,69.610820
UMi,236.031660,69.610820,237.013169,69.620859
UMi,237.013169,69.620859,237.995135,69.631013
UMi,237.995135,69.631013,238.977562,69.641280
UMi,238.977562,69.641280,239.960457,69.651657
UMi,239.960457,69.651657,240.943825,69.662141
UMi,240.943825,69.662141,241.927672,69.672729
UMi,241.927672,69.672729,242.912003,69.683417
UMi,242.912003,69.683417,243.896824,69.694204
UMi,243.896824,69.694204,244.882139,69.705084
UMi,244.882139,69.705084,245.867954,69.716056
UMi,245.867954,69.716056,246.854274,69.727116
UMi,246.854274,69.727116,247.841104,69.738261
UMi,247.841100,69.738300,247.759164,70.571172
UMi,247.759164,70.571172,247.670183,71.404003
UMi,247.670183,71.404003,247.573167,72.236790
UMi,247.573167,72.236790,247.466929,73.069524
UMi,247.466929,73.069524,247.350037,73.902197
UMi,247.350037,73.902197,247.220747,74.734801
UMi,247.220700,74.734800,248.170404,74.745602
UMi,248.170404,74.745602,249.120754,74.756478
UMi,249.120754,74.756478,250.071757,74.767427
UMi,250.071757,74.767427,251.023417,74.778445
UMi,251.023417,74.778445,251.975742,74.789529
UMi,251.975742,74.789529,252.928736,74.800675
UMi,252.928736,74.800675,253.882404,74.811882
UMi,253.882404,74.811882,254.836751,74.823146
UMi,254.836751,74.823146,255.791783,74.834463
UMi,255.791783,74.834463,256.747503,74.845831
UMi,256.747503,74.845831,257.703918,74.857247
UMi,257.703918,74.857247,258.661030,74.868707
UMi,258.661030,74.868707,259.618844,74.880208
UMi,259.618844,74.880208,260.577365,74.891748
UMi,260.577365,74.891748,261.536596,74.903322
UMi,261.536600,74.903300,261.346416,75.902144
UMi,261.346416,75.902144,261.127859,76.900818
UMi,261.127859,76.900818,260.873909,77.899277
UMi,260.873909,77.899277,260.575024,78.897464
UMi,260.575024,78.897464,260.217906,79.895300
UMi,260.217900,79.895300,261.144094,79.906512
UMi,261.144094,79.906512,262.071296,79.917755
UMi,262.071296,79.917755,262.999512,79.929026
UMi,262.999512,79.929026,263.928749,79.940323
UMi,263.928749,79.940323,264.859010,79.951641
UMi,264.859010,79.951641,265.790303,79.962978
UMi,265.790303,79.962978,266.722631,79.974332
UMi,266.722631,79.974332,267.656000,79.985699
UMi,267.656000,79.985700,267.279851,80.840567
UMi,267.279851,80.840567,266.827006,81.694966
UMi,266.827006,81.694966,266.271148,82.548738
UMi,266.271148,82.548738,265.572414,83.401638
UMi,265.572414,83.401638,264.667448,84.253278
UMi,264.667448,84.253278,263.449240,85.103001
UMi,263.449240,85.103001,261.722169,85.949600
UMi,261.722200,85.949600,262.696457,85.961612
UMi,262.696457,85.961612,263.673543,85.973654
UMi,263.673543,85.973654,264.653490,85.985721
UMi,264.653490,85.985721,265.636328,85.997811
UMi,265.636328,85.997811,266.622090,86.009919
UMi,266.622090,86.009919,267.610807,86.022043
UMi,267.610807,86.022043,268.602508,86.034178
UMi,268.602508,86.034178,269.597224,86.046321
UMi,269.597224,86.046321,270.594985,86.058469
UMi,270.594985,86.058469,271.595818,86.070618
UMi,271.595818,86.070618,272.599753,86.082763
UMi,272.599753,86.082763,273.606817,86.094902
UMi,273.606817,86.094902,274.617038,86.107031
UMi,274.617038,86.107031,275.630442,86.119145
UMi,275.630442,86.119145,276.647054,86.131241
UMi,276.647054,86.131241,277.666899,86.143315
UMi,277.666899,86.143315,278.690001,86.155363
UMi,278.690001,86.155363,279.716384,86.167381
UMi,279.716384,86.167381,280.746070,86.179366
UMi,280.746070,86.179366,281.779080,86.191312
UMi,281.779080,86.191312,282.815434,86.203217
UMi,282.815434,86.203217,283.855151,86.215076
UMi,283.855151,86.215076,284.898250,86.226886
UMi,284.898250,86.226886,285.944748,86.238641
UMi,285.944748,86.238641,286.994660,86.250338
UMi,286.994660,86.250338,288.048000,86.261973
UMi,288.048000,86.261973,289.104782,86.273542
UMi,289.104782,86.273542,290.165017,86.285040
UMi,290.165017,86.285040,291.228716,86.296464
UMi,291.228716,86.296464,292.295888,86.307808
UMi,292.295888,86.307808,293.366539,86.319070
UMi,293.366539,86.319070,294.440675,86.330244
UMi,294.440675,86.330244,295.518301,86.341327
UMi,295.518301,86.341327,296.599418,86.352315
UMi,296.599418,86.352315,297.684027,86.363202
UMi,297.684027,86.363202,298.772126,86.373985
UMi,298.772126,86.373985,299.863713,86.384660
UMi,299.863713,86.384660,300.958782,86.395222
UMi,300.958782,86.395222,302.057325,86.405667
UMi,302.057325,86.405667,303.159334,86.415991
UMi,303.159334,86.415991,304.264798,86.426190
UMi,304.264798,86.426190,305.373701,86.436260
UMi,305.373701,86.436260,306.486030,86.446196
UMi,306.486030,86.446196,307.601765,86.455994
UMi,307.601765,86.455994,308.720887,86.465650
UMi,308.721000,86.465600,308.331415,86.630600
UMi,308.331400,86.630600,309.422397,86.639855
UMi,309.422397,86.639855,310.516720,86.648970
UMi,310.516720,86.648970,311.614345,86.657941
UMi,311.614345,86.657941,312.715244,86.666765
UMi,312.715244,86.666765,313.819388,86.675438
UMi,313.819388,86.675438,314.926745,86.683956
UMi,314.926745,86.683956,316.037282,86.692315
UMi,316.037282,86.692315,317.150961,86.700513
UMi,317.150961,86.700513,318.267744,86.708544
UMi,318.267744,86.708544,319.387589,86.716407
UMi,319.387589,86.716407,320.510451,86.724097
UMi,320.510451,86.724097,321.636284,86.731612
UMi,321.636284,86.731612,322.765039,86.738947
UMi,322.765039,86.738947,323.896662,86.746099
UMi,323.896662,86.746099,325.031101,86.753065
UMi,325.031101,86.753065,326.168298,86.759842
UMi,326.168298,86.759842,327.308193,86.766427
UMi,327.308193,86.766427,328.450725,86.772817
UMi,328.450725,86.772817,329.595827,86.779008
UMi,329.595827,86.779008,330.743434,86.784999
UMi,330.743434,86.784999,331.893475,86.790785
UMi,331.893475,86.790785,333.045878,86.796364
UMi,333.045878,86.796364,334.200568,86.801734
UMi,334.200568,86.801734,335.357469,86.806892
UMi,335.357469,86.806892,336.516502,86.811835
UMi,336.516502,86.811835,337.677584,86.816562
UMi,337.677584,86.816562,338.840633,86.821069
UMi,338.840633,86.821069,340.005561,86.825354
UMi,340.005561,86.825354,341.172282,86.829416
UMi,341.172282,86.829416,342.340705,86.833252
UMi,342.340705,86.833252,343.510738,86.836861
UMi,343.510700,86.836900,342.248653,87.751691
UMi,342.248653,87.751691,339.261001,88.663900
UMi,339.261000,88.663900,340.737700,88.668183
UMi,340.737700,88.668183,342.220508,88.672173
UMi,342.220508,88.672173,343.709042,88.675867
UMi,343.709042,88.675867,345.202900,88.679260
UMi,345.202900,88.679260,346.701668,88.682351
UMi,346.701668,88.682351,348.204914,88.685135
UMi,348.204914,88.685135,349.712196,88.687609
UMi,349.712196,88.687609,351.223057,88.689773
UMi,351.223057,88.689773,352.737030,88.691622
UMi,352.737030,88.691622,354.253636,88.693155
UMi,354.253636,88.693155,355.772392,88.694371
UMi,355.772392,88.694371,357.292804,88.695269
UMi,357.292804,88.695269,358.814375,88.695847
UMi,358.814375,88.695847,0.336603,88.696105
UMi,0.336603,88.696105,1.858984,88.696042
UMi,1.858984,88.696042,3.381016,88.695659
UMi,3.381016,88.695659,4.902194,88.694956
UMi,4.902194,88.694956,6.422018,88.693934
UMi,6.422018,88.693934,7.939993,88.692594
UMi,7.939993,88.692594,9.455628,88.690937
UMi,9.455628,88.690937,10.968442,88.688965
UMi,10.968442,88.688965,12.477961,88.686680
UMi,12.477961,88.686680,13.983721,88.684084
UMi,13.983721,88.684084,15.485272,88.681180
UMi,15.485272,88.681180,16.982173,88.677971
UMi,16.982173,88.677971,18.474001,88.674460
UMi,18.474001,88.674460,19.960346,88.670650
UMi,19.960346,88.670650,21.440815,88.666545
UMi,21.440815,88.666545,22.915030,88.662150
UMi,22.915030,88.662150,24.382631,88.657467
UMi,24.382631,88.657467,25.843278,88.652502
UMi,25.843278,88.652502,27.296647,88.647259
UMi,27.296647,88.647259,28.742435,88.641743
UMi,28.742435,88.641743,30.180357,88.635959
UMi,30.180357,88.635959,31.610148,88.629912
UMi,31.610148,88.629912,33.031561,88.623607
UMi,33.031561,88.623607,34.444370,88.617050
UMi,34.444370,88.617050,35.848367,88.610247
UMi,35.848367,88.610247,37.243365,88.603202
UMi,37.243365,88.603202,38.629194,88.595921
UMi,38.629194,88.595921,40.005702,88.588411
UMi,40.005702,88.588411,41.372756,88.580678
UMi,41.372756,88.580678,42.730240,88.572726
UMi,42.730240,88.572726,44.078057,88.564563
UMi,44.078057,88.564563,45.416123,88.556194
UMi,45.416123,88.556194,46.744373,88.547625
UMi,46.744373,88.547625,48.062754,88.538862
UMi,48.062754,88.538862,49.371230,88.529912
UMi,49.371230,88.529912,50.669778,88.520781
UMi,50.669778,88.520781,51.958389,88.511473
UMi,51.958389,88.511473,53.237065,88.501997
UMi,53.237065,88.501997,54.505821,88.492357
UMi,54.505821,88.492357,55.764682,88.482559
UMi,55.764682,88.482559,57.013685,88.472610
UMi,57.013685,88.472610,58.252876,88.462515
UMi,58.252876,88.462515,59.482310,88.452281
UMi,59.482310,88.452281,60.702050,88.441913
UMi,60.702050,88.441913,61.912167,88.431416
UMi,61.912167,88.431416,63.112740,88.420797
UMi,63.112740,88.420797,64.303855,88.410060
UMi,64.303855,88.410060,65.485601,88.399213
UMi,65.485601,88.399213,66.658078,88.388259
UMi,66.658078,88.388259,67.821384,88.377205
UMi,67.821384,88.377205,68.975628,88.366056
UMi,68.975628,88.366056,70.120920,88.354817
UMi,70.120920,88.354817,71.257372,88.343492
UMi,71.257372,88.343492,72.385103,88.332089
UMi,72.385103,88.332089,73.504231,88.320610
UMi,73.504231,88.320610,74.614878,88.309062
UMi,74.614878,88.309062,75.717170,88.297449
UMi,75.717170,88.297449,76.811230,88.285775
UMi,76.811230,88.285775,77.897188,88.274046
UMi,77.897188,88.274046,78.975169,88.262267
UMi,78.975169,88.262267,80.045304,88.250441
UMi,80.045304,88.250441,81.107721,88.238573
UMi,81.107721,88.238573,82.162550,88.226667
UMi,82.162550,88.226667,83.209921,88.214729
UMi,83.209921,88.214729,84.249964,88.202761
UMi,84.249964,88.202761,85.282807,88.190768
UMi,85.282807,88.190768,86.308580,88.178755
UMi,86.308580,88.178755,87.327410,88.166725
UMi,87.327410,88.166725,88.339426,88.154681
UMi,88.339426,88.154681,89.344753,88.142629
UMi,89.344753,88.142629,90.343517,88.130571
UMi,90.343517,88.130571,91.335842,88.118512
UMi,91.335842,88.118512,92.321852,88.106454
UMi,92.321852,88.106454,93.301668,88.094402
UMi,93.301668,88.094402,94.275410,88.082359
UMi,94.275410,88.082359,95.243198,88.070329
UMi,95.243198,88.070329,96.205150,88.058314
UMi,96.205150,88.058314,97.161381,88.046318
UMi,97.161381,88.046318,98.112005,88.034344
UMi,98.112005,88.034344,99.057137,88.022396
UMi,99.057137,88.022396,99.996885,88.010476
UMi,99.996885,88.010476,100.931361,87.998588
UMi,100.931361,87.998588,101.860672,87.986734
UMi,101.860672,87.986734,102.784924,87.974918
UMi,102.784924,87.974918,103.704221,87.963141
UMi,103.704221,87.963141,104.618666,87.951408
UMi,104.618666,87.951408,105.528361,87.939721
UMi,105.528361,87.939721,106.433404,87.928083
UMi,106.433404,87.928083,107.333893,87.916495
UMi,107.333893,87.916495,108.229923,87.904962
UMi,108.229923,87.904962,109.121590,87.893484
UMi,109.121590,87.893484,110.008985,87.882066
UMi,110.008985,87.882066,110.892199,87.870709
UMi,110.892199,87.870709,111.771322,87.859415
UMi,111.771322,87.859415,112.646440,87.848188
UMi,112.646440,87.848188,113.517641,87.837029
UMi,113.517641,87.837029,114.385007,87.825941
UMi,114.385007,87.825941,115.248622,87.814925
UMi,115.248622,87.814925,116.108568,87.803985
UMi,116.108568,87.803985,116.964923,87.793122
UMi,116.964923,87.793122,117.817766,87.782338
UMi,117.817766,87.782338,118.667174,87.771635
UMi,118.667174,87.771635,119.513222,87.761016
UMi,119.513222,87.761016,120.355984,87.750482
UMi,120.355984,87.750482,121.195532,87.740036
UMi,121.195532,87.740036,122.031937,87.729679
UMi,122.031937,87.729679,122.865270,87.719413
UMi,122.865270,87.719413,123.695598,87.709240
UMi,123.695598,87.709240,124.522988,87.699161
UMi,124.522988,87.699161,125.347507,87.689179
UMi,125.347507,87.689179,126.169218,87.679296
UMi,126.169218,87.679296,126.988186,87.669512
UMi,126.988186,87.669512,127.804473,87.659830
UMi,127.804473,87.659830,128.618139,87.650251
UMi,128.618139,87.650251,129.429245,87.640777
UMi,129.429245,87.640777,130.237849,87.631410
UMi,130.237849,87.631410,131.044009,87.622150
UMi,131.044009,87.622150,131.847782,87.613000
UMi,131.847782,87.613000,132.649223,87.603961
UMi,132.649223,87.603961,133.448387,87.595034
UMi,133.448387,87.595034,134.245328,87.586221
UMi,134.245328,87.586221,135.040098,87.577523
UMi,135.040098,87.577523,135.832748,87.568942
UMi,135.832500,87.568900,132.487148,86.836555
UMi,132.487148,86.836555,130.402868,86.097499
UMi,130.402800,86.097500,131.283766,86.088247
UMi,131.283766,86.088247,132.162938,86.079114
UMi,132.162938,86.079114,133.040352,86.070104
UMi,133.040352,86.070104,133.916043,86.061218
UMi,133.916043,86.061218,134.790047,86.052458
UMi,134.790047,86.052458,135.662399,86.043826
UMi,135.662399,86.043826,136.533134,86.035324
UMi,136.533134,86.035324,137.402288,86.026954
UMi,137.402288,86.026954,138.269895,86.018716
UMi,138.269895,86.018716,139.135989,86.010613
UMi,139.135989,86.010613,140.000605,86.002647
UMi,140.000605,86.002647,140.863776,85.994818
UMi,140.863776,85.994818,141.725537,85.987129
UMi,141.725537,85.987129,142.585920,85.979581
UMi,142.585920,85.979581,143.444959,85.972175
UMi,143.444959,85.972175,144.302686,85.964914
UMi,144.302686,85.964914,145.159136,85.957797
UMi,145.159136,85.957797,146.014340,85.950828
UMi,146.014340,85.950828,146.868330,85.944006
UMi,146.868330,85.944006,147.721139,85.937334
UMi,147.721139,85.937334,148.572799,85.930813
UMi,148.572799,85.930813,149.423341,85.924443
UMi,149.423341,85.924443,150.272798,85.918227
UMi,150.272798,85.918227,151.121200,85.912164
UMi,151.121200,85.912164,151.968578,85.906257
UMi,151.968578,85.906257,152.814964,85.900507
UMi,152.814964,85.900507,153.660389,85.894914
UMi,153.660389,85.894914,154.504883,85.889480
UMi,154.504883,85.889480,155.348476,85.884206
UMi,155.348476,85.884206,156.191198,85.879092
UMi,156.191198,85.879092,157.033081,85.874139
UMi,157.033081,85.874139,157.874154,85.869349
UMi,157.874154,85.869349,158.714446,85.864723
UMi,158.714446,85.864723,159.553988,85.860260
UMi,159.553988,85.860260,160.392808,85.855963
UMi,160.392808,85.855963,161.230937,85.851831
UMi,161.230937,85.851831,162.068403,85.847866
UMi,162.068403,85.847866,162.905237,85.844068
UMi,162.905237,85.844068,163.741465,85.840438
UMi,163.741465,85.840438,164.577119,85.836977
UMi,164.577119,85.836977,165.412225,85.833684
UMi,165.412225,85.833684,166.246814,85.830562
UMi,166.246814,85.830562,167.080913,85.827610
UMi,167.080913,85.827610,167.914552,85.824829
UMi,167.914552,85.824829,168.747757,85.822219
UMi,168.747757,85.822219,169.580559,85.819781
UMi,169.580559,85.819781,170.412984,85.817516
UMi,170.412984,85.817516,171.245062,85.815423
UMi,171.245062,85.815423,172.076820,85.813503
UMi,172.076820,85.813503,172.908286,85.811756
UMi,172.908286,85.811756,173.739488,85.810184
UMi,173.739488,85.810184,174.570455,85.808785
UMi,174.570455,85.808785,175.401213,85.807560
UMi,175.401213,85.807560,176.231791,85.806510
UMi,176.231791,85.806510,177.062217,85.805635
UMi,177.062217,85.805635,177.892517,85.804934
UMi,177.892517,85.804934,178.722721,85.804408
UMi,178.722721,85.804408,179.552856,85.804058
UMi,179.552856,85.804058,180.382949,85.803882
UMi,180.382949,85.803882,181.213027,85.803881
UMi,181.213027,85.803881,182.043120,85.804056
UMi,182.043120,85.804056,182.873254,85.804405
UMi,182.873254,85.804405,183.703458,85.804930
UMi,183.703458,85.804930,184.533758,85.805630
UMi,184.533758,85.805630,185.364182,85.806504
UMi,185.364182,85.806504,186.194759,85.807553
UMi,186.194759,85.807553,187.025516,85.808776
UMi,187.025516,85.808776,187.856481,85.810174
UMi,187.856481,85.810174,188.687682,85.811746
UMi,188.687682,85.811746,189.519146,85.813491
UMi,189.519146,85.813491,190.350902,85.815410
UMi,190.350902,85.815410,191.182978,85.817502
UMi,191.182978,85.817502,192.015401,85.819766
UMi,192.015401,85.819766,192.848200,85.822203
UMi,192.848200,85.822203,193.681403,85.824812
UMi,193.681403,85.824812,194.515039,85.827592
UMi,194.515039,85.827592,195.349135,85.830543
UMi,195.349135,85.830543,196.183720,85.833664
UMi,196.183720,85.833664,197.018824,85.836955
UMi,197.018824,85.836955,197.854473,85.840415
UMi,197.854473,85.840415,198.690698,85.844044
UMi,198.690698,85.844044,199.527527,85.847841
UMi,199.527527,85.847841,200.364990,85.851805
UMi,200.364990,85.851805,201.203114,85.855936
UMi,201.203114,85.855936,202.041930,85.860232
UMi,202.041930,85.860232,202.881467,85.864694
UMi,202.881467,85.864694,203.721755,85.869319
UMi,203.721755,85.869319,204.562822,85.874108
UMi,204.562822,85.874108,205.404700,85.879059
UMi,205.404700,85.879059,206.247417,85.884172
UMi,206.247417,85.884172,207.091004,85.889446
UMi,207.091004,85.889446,207.935492,85.894879
UMi,207.935492,85.894879,208.780910,85.900471
UMi,208.780910,85.900471,209.627290,85.906220
UMi,209.627290,85.906220,210.474662,85.912126
UMi,210.474662,85.912126,211.323058,85.918187
UMi,211.323058,85.918187,212.172507,85.924403
UMi,212.172507,85.924403,213.023043,85.930772
UMi,213.023000,85.930800,214.154996,85.006504
UMi,214.154996,85.006504,214.933909,84.080873
UMi,214.933909,84.080873,215.502713,83.154449
UMi,215.502713,83.154449,215.936441,82.227515
UMi,215.936441,82.227515,216.278226,81.300235
UMi,216.278226,81.300235,216.554615,80.372708
UMi,216.554615,80.372708,216.782838,79.445000
UMi,216.782900,79.445000,215.852927,79.438068
UMi,215.852927,79.438068,214.923516,79.431295
UMi,214.923516,79.431295,213.994653,79.424682
UMi,213.994653,79.424682,213.066323,79.418231
UMi,213.066323,79.418231,212.138511,79.411943
UMi,212.138511,79.411943,211.211205,79.405820
UMi,211.211205,79.405820,210.284389,79.399863
UMi,210.284389,79.399863,209.358049,79.394075
UMi,209.358049,79.394075,208.432170,79.388456
UMi,208.432170,79.388456,207.506739,79.383008
UMi,207.506739,79.383008,206.581740,79.377732
UMi,206.581740,79.377732,205.657159,79.372629
UMi,205.657159,79.372629,204.732982,79.367701
UMi,204.732982,79.367701,203.809193,79.362949
UMi,203.809200,79.362900,203.944766,78.363250
UMi,203.944766,78.363250,204.059153,77.363546
UMi,204.059153,77.363546,204.157019,76.363800
UMi,204.157000,76.363800,203.229701,76.359205
UMi,203.229701,76.359205,202.302687,76.354787
UMi,202.302687,76.354787,201.375946,76.350547
UMi,201.375946,76.350547,200.449468,76.346486
UMi,200.449468,76.346486,199.523239,76.342604
UMi,199.523239,76.342604,198.597250,76.338904
UMi,198.597250,76.338904,197.671489,76.335385
UMi,197.671489,76.335385,196.745942,76.332048
UMi,196.745942,76.332048,195.820600,76.328895
Vel,166.337300,-57.174400,166.347034,-56.189122
Vel,166.347034,-56.189122,166.356280,-55.203843
Vel,166.356280,-55.203843,166.365080,-54.218563
Vel,166.365080,-54.218563,166.373470,-53.233283
Vel,166.373470,-53.233283,166.381482,-52.248002
Vel,166.381482,-52.248002,166.389146,-51.262720
Vel,166.389146,-51.262720,166.396488,-50.277439
Vel,166.396488,-50.277439,166.403533,-49.292156
Vel,166.403533,-49.292156,166.410301,-48.306874
Vel,166.410301,-48.306874,166.416813,-47.321591
Vel,166.416813,-47.321591,166.423086,-46.336307
Vel,166.423086,-46.336307,166.429138,-45.351023
Vel,166.429138,-45.351023,166.434982,-44.365739
Vel,166.434982,-44.365739,166.440633,-43.380455
Vel,166.440633,-43.380455,166.446103,-42.395170
Vel,166.446103,-42.395170,166.451404,-41.409885
Vel,166.451404,-41.409885,166.456547,-40.424600
Vel,166.456500,-40.424600,165.466773,-40.421551
Vel,165.466773,-40.421551,164.477094,-40.418303
Vel,164.477094,-40.418303,163.487465,-40.414859
Vel,163.487465,-40.414859,162.497890,-40.411218
Vel,162.497890,-40.411218,161.508371,-40.407381
Vel,161.508371,-40.407381,160.518910,-40.403351
Vel,160.518910,-40.403351,159.529512,-40.399128
Vel,159.529512,-40.399128,158.540179,-40.394713
Vel,158.540179,-40.394713,157.550914,-40.390108
Vel,157.550914,-40.390108,156.561719,-40.385314
Vel,156.561719,-40.385314,155.572597,-40.380333
Vel,155.572597,-40.380333,154.583552,-40.375165
Vel,154.583552,-40.375165,153.594586,-40.369814
Vel,153.594586,-40.369814,152.605701,-40.364279
Vel,152.605701,-40.364279,151.616900,-40.358564
Vel,151.616900,-40.358564,150.628187,-40.352669
Vel,150.628187,-40.352669,149.639563,-40.346597
Vel,149.639563,-40.346597,148.651031,-40.340349
Vel,148.651031,-40.340349,147.662594,-40.333926
Vel,147.662594,-40.333926,146.674254,-40.327332
Vel,146.674254,-40.327332,145.686014,-40.320568
Vel,145.686014,-40.320568,144.697876,-40.313636
Vel,144.697876,-40.313636,143.709843,-40.306538
Vel,143.709843,-40.306538,142.721917,-40.299277
Vel,142.721917,-40.299277,141.734101,-40.291853
Vel,141.734100,-40.291900,141.743785,-39.541926
Vel,141.743785,-39.541926,141.753263,-38.791952
Vel,141.753263,-38.791952,141.762544,-38.041976
Vel,141.762544,-38.041976,141.771636,-37.292000
Vel,141.771600,-37.292000,140.764539,-37.284267
Vel,140.764539,-37.284267,139.757585,-37.276371
Vel,139.757585,-37.276371,138.750740,-37.268313
Vel,138.750740,-37.268313,137.744005,-37.260098
Vel,137.744005,-37.260098,136.737383,-37.251726
Vel,136.737383,-37.251726,135.730877,-37.243201
Vel,135.730877,-37.243201,134.724487,-37.234525
Vel,134.724487,-37.234525,133.718216,-37.225701
Vel,133.718216,-37.225701,132.712065,-37.216732
Vel,132.712065,-37.216732,131.706038,-37.207620
Vel,131.706038,-37.207620,130.700134,-37.198368
Vel,130.700134,-37.198368,129.694357,-37.188980
Vel,129.694357,-37.188980,128.688708,-37.179458
Vel,128.688708,-37.179458,127.683188,-37.169805
Vel,127.683188,-37.169805,126.677800,-37.160024
Vel,126.677800,-37.160000,126.663870,-38.052791
Vel,126.663870,-38.052791,126.649596,-38.945581
Vel,126.649596,-38.945581,126.634958,-39.838369
Vel,126.634958,-39.838369,126.619935,-40.731155
Vel,126.619935,-40.731155,126.604503,-41.623939
Vel,126.604503,-41.623939,126.588637,-42.516721
Vel,126.588637,-42.516721,126.572311,-43.409500
Vel,126.572300,-43.409500,125.649609,-43.400412
Vel,125.649609,-43.400412,124.727060,-43.391222
Vel,124.727060,-43.391222,123.804652,-43.381932
Vel,123.804652,-43.381932,122.882389,-43.372544
Vel,122.882389,-43.372544,121.960271,-43.363061
Vel,121.960271,-43.363061,121.038300,-43.353485
Vel,121.038300,-43.353500,121.018868,-44.322151
Vel,121.018868,-44.322151,120.998783,-45.290799
Vel,120.998783,-45.290799,120.978000,-46.259443
Vel,120.978000,-46.259443,120.956470,-47.228084
Vel,120.956470,-47.228084,120.934138,-48.196720
Vel,120.934138,-48.196720,120.910945,-49.165352
Vel,120.910945,-49.165352,120.886827,-50.133978
Vel,120.886827,-50.133978,120.861711,-51.102600
Vel,120.861700,-51.102600,121.701340,-51.111325
Vel,121.701340,-51.111325,122.541140,-51.119973
Vel,122.541140,-51.119973,123.381099,-51.128544
Vel,123.381100,-51.128500,123.361444,-51.878403
Vel,123.361444,-51.878403,123.341120,-52.628303
Vel,123.341120,-52.628303,123.320088,-53.378200
Vel,123.320100,-53.378200,124.177591,-53.386866
Vel,124.177591,-53.386866,125.035259,-53.395446
Vel,125.035259,-53.395446,125.893101,-53.403940
Vel,125.893101,-53.403940,126.751115,-53.412344
Vel,126.751115,-53.412344,127.609301,-53.420658
Vel,127.609300,-53.420700,127.588593,-54.170602
Vel,127.588593,-54.170602,127.567120,-54.920500
Vel,127.567100,-54.920500,128.535396,-54.929767
Vel,128.535396,-54.929767,129.503918,-54.938914
Vel,129.503918,-54.938914,130.472662,-54.947938
Vel,130.472662,-54.947938,131.441625,-54.956836
Vel,131.441625,-54.956836,132.410805,-54.965606
Vel,132.410805,-54.965606,133.380199,-54.974245
Vel,133.380200,-54.974200,133.362003,-55.640803
Vel,133.362003,-55.640803,133.343176,-56.307403
Vel,133.343176,-56.307403,133.323680,-56.974000
Vel,133.323700,-56.974000,134.321037,-56.982747
Vel,134.321037,-56.982747,135.318611,-56.991351
Vel,135.318611,-56.991351,136.316417,-56.999809
Vel,136.316417,-56.999809,137.314453,-57.008118
Vel,137.314453,-57.008118,138.312714,-57.016276
Vel,138.312714,-57.016276,139.311196,-57.024280
Vel,139.311196,-57.024280,140.309895,-57.032128
Vel,140.309895,-57.032128,141.308807,-57.039817
Vel,141.308807,-57.039817,142.307927,-57.047346
Vel,142.307927,-57.047346,143.307253,-57.054711
Vel,143.307253,-57.054711,144.306778,-57.061910
Vel,144.306778,-57.061910,145.306499,-57.068942
Vel,145.306499,-57.068942,146.306411,-57.075804
Vel,146.306411,-57.075804,147.306510,-57.082493
Vel,147.306510,-57.082493,148.306790,-57.089009
Vel,148.306790,-57.089009,149.307248,-57.095348
Vel,149.307248,-57.095348,150.307879,-57.101509
Vel,150.307879,-57.101509,151.308676,-57.107490
Vel,151.308676,-57.107490,152.309637,-57.113289
Vel,152.309637,-57.113289,153.310756,-57.118904
Vel,153.310756,-57.118904,154.312027,-57.124334
Vel,154.312027,-57.124334,155.313446,-57.129577
Vel,155.313446,-57.129577,156.315007,-57.134630
Vel,156.315007,-57.134630,157.316706,-57.139494
Vel,157.316706,-57.139494,158.318537,-57.144166
Vel,158.318537,-57.144166,159.320495,-57.148644
Vel,159.320495,-57.148644,160.322574,-57.152928
Vel,160.322574,-57.152928,161.324770,-57.157015
Vel,161.324770,-57.157015,162.327076,-57.160906
Vel,162.327076,-57.160906,163.329488,-57.164598
Vel,163.329488,-57.164598,164.331999,-57.168090
Vel,164.331999,-57.168090,165.334605,-57.171381
Vel,165.334605,-57.171381,166.337299,-57.174471
Vir,174.350500,-0.691700,174.351751,0.224967
Vir,174.351751,0.224967,174.353002,1.141633
Vir,174.353002,1.141633,174.354254,2.058300
Vir,174.354254,2.058300,174.355508,2.974967
Vir,174.355508,2.974967,174.356763,3.891633
Vir,174.356763,3.891633,174.358021,4.808300
Vir,174.358021,4.808300,174.359283,5.724967
Vir,174.359283,5.724967,174.360549,6.641633
Vir,174.360549,6.641633,174.361819,7.558300
Vir,174.361819,7.558300,174.363095,8.474967
Vir,174.363095,8.474967,174.364377,9.391633
Vir,174.364377,9.391633,174.365665,10.308300
Vir,174.365700,10.308300,175.238705,10.307189
Vir,175.238705,10.307189,176.111708,10.306239
Vir,176.111708,10.306239,176.984708,10.305451
Vir,176.984708,10.305451,177.857707,10.304825
Vir,177.857707,10.304825,178.730704,10.304360
Vir,178.730704,10.304360,179.603700,10.304057
Vir,179.603700,10.304000,179.603898,11.054000
Vir,179.603898,11.054000,179.604096,11.804000
Vir,179.604096,11.804000,179.604296,12.554000
Vir,179.604296,12.554000,179.604497,13.304000
Vir,179.604500,13.304000,180.568312,13.303854
Vir,180.568312,13.303854,181.532124,13.303905
Vir,181.532124,13.303905,182.495936,13.304153
Vir,182.495936,13.304153,183.459750,13.304600
Vir,183.459750,13.304600,184.423566,13.305243
Vir,184.423566,13.305243,185.387385,13.306084
Vir,185.387385,13.306084,186.351207,13.307121
Vir,186.351207,13.307121,187.315033,13.308355
Vir,187.315033,13.308355,188.278865,13.309786
Vir,188.278865,13.309786,189.242702,13.311412
Vir,189.242702,13.311412,190.206546,13.313234
Vir,190.206546,13.313234,191.170397,13.315251
Vir,191.170397,13.315251,192.134255,13.317461
Vir,192.134255,13.317461,193.098123,13.319866
Vir,193.098123,13.319866,194.062000,13.322464
Vir,194.062000,13.322500,194.060521,13.822500
Vir,194.060521,13.822500,194.059036,14.322500
Vir,194.059100,14.322500,195.056013,14.325389
Vir,195.056013,14.325389,196.052938,14.328483
Vir,196.052938,14.328483,197.049877,14.331781
Vir,197.049877,14.331781,198.046830,14.335281
Vir,198.046830,14.335281,199.043799,14.338984
Vir,199.043799,14.338984,200.040783,14.342887
Vir,200.040783,14.342887,201.037785,14.346990
Vir,201.037785,14.346990,202.034804,14.351292
Vir,202.034804,14.351292,203.031843,14.355790
Vir,203.031843,14.355790,204.028900,14.360484
Vir,204.028900,14.360500,204.033998,13.360515
Vir,204.033998,13.360515,204.039054,12.360529
Vir,204.039054,12.360529,204.044072,11.360543
Vir,204.044072,11.360543,204.049054,10.360558
Vir,204.049054,10.360558,204.054005,9.360572
Vir,204.054005,9.360572,204.058928,8.360586
Vir,204.058928,8.360586,204.063825,7.360600
Vir,204.063800,7.360600,205.051889,7.365443
Vir,205.051889,7.365443,206.039988,7.370476
Vir,206.039988,7.370476,207.028098,7.375695
Vir,207.028098,7.375695,208.016218,7.381101
Vir,208.016218,7.381101,209.004350,7.386691
Vir,209.004350,7.386691,209.992493,7.392464
Vir,209.992493,7.392464,210.980648,7.398418
Vir,210.980648,7.398418,211.968816,7.404551
Vir,211.968816,7.404551,212.956996,7.410862
Vir,212.956996,7.410862,213.945190,7.417348
Vir,213.945190,7.417348,214.933397,7.424008
Vir,214.933397,7.424008,215.921618,7.430839
Vir,215.921618,7.430839,216.909854,7.437840
Vir,216.909854,7.437840,217.898104,7.445009
Vir,217.898104,7.445009,218.886370,7.452343
Vir,218.886370,7.452343,219.874651,7.459840
Vir,219.874651,7.459840,220.862947,7.467498
Vir,220.862947,7.467498,221.851261,7.475314
Vir,221.851261,7.475314,222.839590,7.483288
Vir,222.839590,7.483288,223.827937,7.491415
Vir,223.827937,7.491415,224.816301,7.499694
Vir,224.816301,7.499694,225.804682,7.508122
Vir,225.804682,7.508122,226.793082,7.516696
Vir,226.793082,7.516696,227.781500,7.525415
Vir,227.781500,7.525400,227.789526,6.636545
Vir,227.789526,6.636545,227.797524,5.747690
Vir,227.797524,5.747690,227.805497,4.858834
Vir,227.805497,4.858834,227.813448,3.969979
Vir,227.813448,3.969979,227.821383,3.081123
Vir,227.821383,3.081123,227.829304,2.192267
Vir,227.829304,2.192267,227.837216,1.303412
Vir,227.837216,1.303412,227.845122,0.414556
Vir,227.845122,0.414556,227.853027,-0.474300
Vir,227.853000,-0.474300,226.960163,-0.482182
Vir,226.960163,-0.482182,226.067325,-0.489947
Vir,226.067325,-0.489947,225.174484,-0.497592
Vir,225.174484,-0.497592,224.281641,-0.505117
Vir,224.281641,-0.505117,223.388796,-0.512520
Vir,223.388796,-0.512520,222.495949,-0.519798
Vir,222.495949,-0.519798,221.603100,-0.526949
Vir,221.603100,-0.526900,221.610159,-1.415767
Vir,221.610159,-1.415767,221.617223,-2.304634
Vir,221.617223,-2.304634,221.624295,-3.193501
Vir,221.624295,-3.193501,221.631380,-4.082367
Vir,221.631380,-4.082367,221.638481,-4.971234
Vir,221.638481,-4.971234,221.645601,-5.860101
Vir,221.645601,-5.860101,221.652744,-6.748967
Vir,221.652744,-6.748967,221.659913,-7.637834
Vir,221.659913,-7.637834,221.667112,-8.526700
Vir,221.667100,-8.526700,220.773065,-8.533733
Vir,220.773065,-8.533733,219.879012,-8.540636
Vir,219.879012,-8.540636,218.984943,-8.547408
Vir,218.984943,-8.547408,218.090857,-8.554047
Vir,218.090857,-8.554047,217.196754,-8.560552
Vir,217.196754,-8.560552,216.302635,-8.566920
Vir,216.302635,-8.566920,215.408500,-8.573150
Vir,215.408500,-8.573100,215.415094,-9.506415
Vir,215.415094,-9.506415,215.421723,-10.439729
Vir,215.421723,-10.439729,215.428393,-11.373044
Vir,215.428393,-11.373044,215.435106,-12.306358
Vir,215.435106,-12.306358,215.441868,-13.239672
Vir,215.441868,-13.239672,215.448681,-14.172986
Vir,215.448681,-14.172986,215.455551,-15.106299
Vir,215.455551,-15.106299,215.462481,-16.039613
Vir,215.462481,-16.039613,215.469477,-16.972926
Vir,215.469477,-16.972926,215.476542,-17.906239
Vir,215.476542,-17.906239,215.483682,-18.839552
Vir,215.483682,-18.839552,215.490902,-19.772864
Vir,215.490902,-19.772864,215.498208,-20.706177
Vir,215.498208,-20.706177,215.505603,-21.639488
Vir,215.505603,-21.639488,215.513095,-22.572800
Vir,215.513100,-22.572800,214.543227,-22.579400
Vir,214.543227,-22.579400,213.573307,-22.585836
Vir,213.573307,-22.585836,212.603340,-22.592104
Vir,212.603340,-22.592104,211.633329,-22.598203
Vir,211.633329,-22.598203,210.663274,-22.604132
Vir,210.663274,-22.604132,209.693177,-22.609889
Vir,209.693177,-22.609889,208.723039,-22.615471
Vir,208.723039,-22.615471,207.752861,-22.620879
Vir,207.752861,-22.620879,206.782644,-22.626108
Vir,206.782644,-22.626108,205.812389,-22.631160
Vir,205.812389,-22.631160,204.842099,-22.636031
Vir,204.842099,-22.636031,203.871774,-22.640721
Vir,203.871774,-22.640721,202.901415,-22.645228
Vir,202.901415,-22.645228,201.931024,-22.649550
Vir,201.931024,-22.649550,200.960602,-22.653688
Vir,200.960602,-22.653688,199.990151,-22.657638
Vir,199.990151,-22.657638,199.019671,-22.661402
Vir,199.019671,-22.661402,198.049165,-22.664976
Vir,198.049165,-22.664976,197.078634,-22.668360
Vir,197.078634,-22.668360,196.108078,-22.671554
Vir,196.108078,-22.671554,195.137500,-22.674556
Vir,195.137500,-22.674556,194.166900,-22.677365
Vir,194.166900,-22.677300,194.163641,-21.677309
Vir,194.163641,-21.677309,194.160426,-20.677319
Vir,194.160426,-20.677319,194.157254,-19.677328
Vir,194.157254,-19.677328,194.154121,-18.677337
Vir,194.154121,-18.677337,194.151024,-17.677346
Vir,194.151024,-17.677346,194.147962,-16.677355
Vir,194.147962,-16.677355,194.144932,-15.677364
Vir,194.144932,-15.677364,194.141931,-14.677373
Vir,194.141931,-14.677373,194.138958,-13.677382
Vir,194.138958,-13.677382,194.136010,-12.677391
Vir,194.136010,-12.677391,194.133085,-11.677400
Vir,194.133100,-11.677400,193.193374,-11.679935
Vir,193.193374,-11.679935,192.253639,-11.682288
Vir,192.253639,-11.682288,191.313896,-11.684458
Vir,191.313896,-11.684458,190.374146,-11.686445
Vir,190.374146,-11.686445,189.434389,-11.688247
Vir,189.434389,-11.688247,188.494625,-11.689864
Vir,188.494625,-11.689864,187.554856,-11.691296
Vir,187.554856,-11.691296,186.615083,-11.692543
Vir,186.615083,-11.692543,185.675305,-11.693604
Vir,185.675305,-11.693604,184.735524,-11.694479
Vir,184.735524,-11.694479,183.795739,-11.695167
Vir,183.795739,-11.695167,182.855953,-11.695669
Vir,182.855953,-11.695669,181.916165,-11.695984
Vir,181.916165,-11.695984,180.976377,-11.696112
Vir,180.976377,-11.696112,180.036588,-11.696054
Vir,180.036588,-11.696054,179.096800,-11.695808
Vir,179.096800,-11.695800,179.097112,-10.862467
Vir,179.097112,-10.862467,179.097423,-10.029133
Vir,179.097423,-10.029133,179.097732,-9.195800
Vir,179.097732,-9.195800,179.098039,-8.362467
Vir,179.098039,-8.362467,179.098345,-7.529133
Vir,179.098345,-7.529133,179.098650,-6.695800
Vir,179.098600,-6.695800,178.147337,-6.695361
Vir,178.147337,-6.695361,177.196075,-6.694732
Vir,177.196075,-6.694732,176.244814,-6.693910
Vir,176.244814,-6.693910,175.293556,-6.692898
Vir,175.293556,-6.692898,174.342300,-6.691695
Vir,174.342300,-6.691700,174.343484,-5.834557
Vir,174.343484,-5.834557,174.344664,-4.977414
Vir,174.344664,-4.977414,174.345841,-4.120271
Vir,174.345841,-4.120271,174.347016,-3.263129
Vir,174.347016,-3.263129,174.348188,-2.405986
Vir,174.348188,-2.405986,174.349360,-1.548843
Vir,174.349360,-1.548843,174.350530,-0.691700
Vol,98.937200,-64.107000,98.872027,-65.106608
Vol,98.872027,-65.106608,98.801762,-66.106186
Vol,98.801762,-66.106186,98.725735,-67.105729
Vol,98.725735,-67.105729,98.643156,-68.105233
Vol,98.643156,-68.105233,98.553082,-69.104692
Vol,98.553082,-69.104692,98.454382,-70.104100
Vol,98.454400,-70.104100,98.345703,-71.103448
Vol,98.345703,-71.103448,98.225334,-72.102726
Vol,98.225334,-72.102726,98.091220,-73.101922
Vol,98.091220,-73.101922,97.940769,-74.101020
Vol,97.940769,-74.101020,97.770696,-75.100000
Vol,97.770700,-75.100000,98.732180,-75.111515
Vol,98.732180,-75.111515,99.694390,-75.123003
Vol,99.694390,-75.123003,100.657332,-75.134460
Vol,100.657332,-75.134460,101.621005,-75.145885
Vol,101.621005,-75.145885,102.585407,-75.157272
Vol,102.585407,-75.157272,103.550540,-75.168620
Vol,103.550540,-75.168620,104.516400,-75.179924
Vol,104.516400,-75.179924,105.482988,-75.191182
Vol,105.482988,-75.191182,106.450302,-75.202391
Vol,106.450302,-75.202391,107.418340,-75.213546
Vol,107.418340,-75.213546,108.387101,-75.224646
Vol,108.387101,-75.224646,109.356582,-75.235686
Vol,109.356582,-75.235686,110.326781,-75.246663
Vol,110.326781,-75.246663,111.297696,-75.257575
Vol,111.297696,-75.257575,112.269323,-75.268417
Vol,112.269323,-75.268417,113.241660,-75.279188
Vol,113.241660,-75.279188,114.214703,-75.289884
Vol,114.214700,-75.289900,115.209132,-75.300742
Vol,115.209132,-75.300742,116.204293,-75.311498
Vol,116.204293,-75.311498,117.200179,-75.322166
Vol,117.200179,-75.322166,118.196786,-75.332743
Vol,118.196786,-75.332743,119.194108,-75.343224
Vol,119.194108,-75.343224,120.192141,-75.353607
Vol,120.192141,-75.353607,121.190879,-75.363889
Vol,121.190879,-75.363889,122.190316,-75.374066
Vol,122.190316,-75.374066,123.190448,-75.384136
Vol,123.190448,-75.384136,124.191268,-75.394094
Vol,124.191268,-75.394094,125.192770,-75.403939
Vol,125.192770,-75.403939,126.194946,-75.413666
Vol,126.194946,-75.413666,127.197791,-75.423273
Vol,127.197791,-75.423273,128.201298,-75.432757
Vol,128.201298,-75.432757,129.205458,-75.442115
Vol,129.205458,-75.442115,130.210264,-75.451344
Vol,130.210264,-75.451344,131.215709,-75.460440
Vol,131.215709,-75.460440,132.221784,-75.469402
Vol,132.221784,-75.469402,133.228481,-75.478225
Vol,133.228481,-75.478225,134.235792,-75.486908
Vol,134.235792,-75.486908,135.243707,-75.495448
Vol,135.243700,-75.495500,135.359225,-74.579312
Vol,135.359225,-74.579312,135.462089,-73.663071
Vol,135.462089,-73.663071,135.554308,-72.746786
Vol,135.554308,-72.746786,135.637495,-71.830462
Vol,135.637495,-71.830462,135.712950,-70.914106
Vol,135.712950,-70.914106,135.781737,-69.997723
Vol,135.781737,-69.997723,135.844733,-69.081314
Vol,135.844733,-69.081314,135.902668,-68.164885
Vol,135.902668,-68.164885,135.956156,-67.248437
Vol,135.956156,-67.248437,136.005712,-66.331972
Vol,136.005712,-66.331972,136.051779,-65.415493
Vol,136.051779,-65.415493,136.094733,-64.499000
Vol,136.094700,-64.499000,135.076836,-64.490377
Vol,135.076836,-64.490377,134.059302,-64.481604
Vol,134.059302,-64.481604,133.042105,-64.472683
Vol,133.042105,-64.472683,132.025248,-64.463617
Vol,132.025248,-64.463617,131.008738,-64.454409
Vol,131.008738,-64.454409,129.992579,-64.445062
Vol,129.992579,-64.445062,128.976776,-64.435578
Vol,128.976776,-64.435578,127.961334,-64.425962
Vol,127.961334,-64.425962,126.946257,-64.416216
Vol,126.946257,-64.416216,125.931549,-64.406342
Vol,125.931549,-64.406342,124.917215,-64.396345
Vol,124.917215,-64.396345,123.903259,-64.386227
Vol,123.903259,-64.386227,122.889685,-64.375992
Vol,122.889685,-64.375992,121.876497,-64.365643
Vol,121.876497,-64.365643,120.863698,-64.355182
Vol,120.863698,-64.355182,119.851292,-64.344615
Vol,119.851292,-64.344615,118.839283,-64.333943
Vol,118.839283,-64.333943,117.827673,-64.323170
Vol,117.827673,-64.323170,116.816466,-64.312300
Vol,116.816466,-64.312300,115.805665,-64.301335
Vol,115.805665,-64.301335,114.795273,-64.290280
Vol,114.795273,-64.290280,113.785293,-64.279138
Vol,113.785293,-64.279138,112.775726,-64.267913
Vol,112.775726,-64.267913,111.766576,-64.256607
Vol,111.766576,-64.256607,110.757845,-64.245225
Vol,110.757845,-64.245225,109.749535,-64.233770
Vol,109.749535,-64.233770,108.741648,-64.222245
Vol,108.741648,-64.222245,107.734186,-64.210655
Vol,107.734186,-64.210655,106.727150,-64.199002
Vol,106.727150,-64.199002,105.720543,-64.187291
Vol,105.720543,-64.187291,104.714365,-64.175525
Vol,104.714365,-64.175525,103.708618,-64.163707
Vol,103.708618,-64.163707,102.703304,-64.151842
Vol,102.703300,-64.151900,101.761202,-64.140736
Vol,101.761202,-64.140736,100.819484,-64.129537
Vol,100.819484,-64.129537,99.878150,-64.118305
Vol,99.878150,-64.118305,98.937197,-64.107044
Vul,284.339100,21.247800,284.327029,22.131062
Vul,284.327029,22.131062,284.314806,23.014323
Vul,284.314806,23.014323,284.302422,23.897582
Vul,284.302422,23.897582,284.289868,24.780841
Vul,284.289868,24.780841,284.277133,25.664099
Vul,284.277200,25.664100,285.257646,25.675644
Vul,285.257646,25.675644,286.238187,25.687136
Vul,286.238187,25.687136,287.218824,25.698575
Vul,287.218824,25.698575,288.199555,25.709956
Vul,288.199555,25.709956,289.180381,25.721276
Vul,289.180381,25.721276,290.161301,25.732532
Vul,290.161300,25.732600,290.147082,26.732501
Vul,290.147082,26.732501,290.132612,27.732400
Vul,290.132600,27.732400,291.009444,27.742404
Vul,291.009444,27.742404,291.886370,27.752351
Vul,291.886370,27.752351,292.763376,27.762240
Vul,292.763376,27.762240,293.640463,27.772069
Vul,293.640463,27.772069,294.517630,27.781834
Vul,294.517630,27.781834,295.394876,27.791533
Vul,295.394876,27.791533,296.272200,27.801165
Vul,296.272200,27.801200,296.261642,28.551151
Vul,296.261642,28.551151,296.250933,29.301100
Vul,296.250900,29.301100,297.240615,29.311881
Vul,297.240615,29.311881,298.230436,29.322569
Vul,298.230436,29.322569,299.220362,29.333162
Vul,299.220362,29.333162,300.210391,29.343656
Vul,300.210391,29.343656,301.200523,29.354049
Vul,301.200523,29.354049,302.190758,29.364337
Vul,302.190758,29.364337,303.181093,29.374516
Vul,303.181093,29.374516,304.171528,29.384585
Vul,304.171528,29.384585,305.162062,29.394540
Vul,305.162062,29.394540,306.152694,29.404378
Vul,306.152694,29.404378,307.143423,29.414096
Vul,307.143423,29.414096,308.134247,29.423691
Vul,308.134247,29.423691,309.125166,29.433161
Vul,309.125166,29.433161,310.116179,29.442501
Vul,310.116179,29.442501,311.107284,29.451711
Vul,311.107284,29.451711,312.098479,29.460786
Vul,312.098479,29.460786,313.089765,29.469724
Vul,313.089765,29.469724,314.081138,29.478523
Vul,314.081138,29.478523,315.072599,29.487180
Vul,315.072600,29.487100,315.083915,28.487200
Vul,315.083900,28.487200,316.025690,28.495288
Vul,316.025690,28.495288,316.967554,28.503243
Vul,316.967554,28.503243,317.909489,28.511063
Vul,317.909489,28.511063,318.851495,28.518746
Vul,318.851495,28.518746,319.793570,28.526290
Vul,319.793570,28.526290,320.735713,28.533692
Vul,320.735713,28.533692,321.677924,28.540951
Vul,321.677924,28.540951,322.620200,28.548065
Vul,322.620200,28.548100,322.628841,27.648121
Vul,322.628841,27.648121,322.637341,26.748142
Vul,322.637341,26.748142,322.645708,25.848162
Vul,322.645708,25.848162,322.653948,24.948181
Vul,322.653948,24.948181,322.662069,24.048201
Vul,322.662000,24.048200,321.825190,24.041890
Vul,321.825190,24.041890,320.988423,24.035465
Vul,320.988423,24.035465,320.151700,24.028926
Vul,320.151700,24.028900,320.161076,23.028951
Vul,320.161076,23.028951,320.170315,22.029001
Vul,320.170315,22.029001,320.179424,21.029051
Vul,320.179424,21.029051,320.188411,20.029100
Vul,320.188400,20.029100,319.185147,20.021112
Vul,319.185147,20.021112,318.181946,20.012964
Vul,318.181946,20.012964,317.178799,20.004660
Vul,317.178800,20.004600,316.269748,19.996941
Vul,316.269748,19.996941,315.360741,19.989158
Vul,315.360741,19.989158,314.451781,19.981253
Vul,314.451781,19.981253,313.542868,19.973227
Vul,313.542868,19.973227,312.634003,19.965082
Vul,312.634003,19.965082,311.725186,19.956821
Vul,311.725186,19.956821,310.816418,19.948445
Vul,310.816418,19.948445,309.907700,19.939958
Vul,309.907700,19.940000,309.896993,20.939901
Vul,309.896900,20.939900,308.944201,20.930883
Vul,308.944201,20.930883,307.991560,20.921747
Vul,307.991560,20.921747,307.038980,20.912495
Vul,307.038980,20.912495,306.086460,20.903129
Vul,306.086460,20.903129,305.134001,20.893653
Vul,305.134000,20.893700,305.125358,21.643700
Vul,305.125400,21.643700,304.230211,21.634694
Vul,304.230211,21.634694,303.335080,21.625595
Vul,303.335080,21.625595,302.440006,21.616405
Vul,302.440006,21.616405,301.544991,21.607126
Vul,301.544991,21.607126,300.650034,21.597761
Vul,300.650034,21.597761,299.755137,21.588311
Vul,299.755137,21.588311,298.860299,21.578779
Vul,298.860300,21.578700,298.868850,20.884300
Vul,298.868850,20.884300,298.877321,20.189901
Vul,298.877321,20.189901,298.885716,19.495500
Vul,298.885700,19.495500,297.911616,19.485033
Vul,297.911616,19.485033,296.937597,19.474474
Vul,296.937597,19.474474,295.963642,19.463827
Vul,295.963642,19.463827,294.989753,19.453094
Vul,294.989753,19.453094,294.015930,19.442279
Vul,294.015930,19.442279,293.042172,19.431385
Vul,293.042172,19.431385,292.068481,19.420415
Vul,292.068481,19.420415,291.094857,19.409372
Vul,291.094857,19.409372,290.121301,19.398260
Vul,290.121300,19.398300,290.108894,20.356551
Vul,290.108894,20.356551,290.096333,21.314800
Vul,290.096300,21.314800,289.136583,21.303780
Vul,289.136583,21.303780,288.176939,21.292698
Vul,288.176939,21.292698,287.217369,21.281558
Vul,287.217369,21.281558,286.257872,21.270363
Vul,286.257872,21.270363,285.298449,21.259117
Vul,285.298449,21.259117,284.339100,21.247821
