# JPL Horizons response, kept whole (#472)
# request-url: https://ssd.jpl.nasa.gov/api/horizons.api?format=text&COMMAND=%27503%27&MAKE_EPHEM=%27YES%27&EPHEM_TYPE=%27OBSERVER%27&CENTER=%27coord%40399%27&COORD_TYPE=%27GEODETIC%27&QUANTITIES=%271%2C2%2C4%2C6%2C12%2C13%2C20%2C24%27&EXTRA_PREC=%27YES%27&ANG_FORMAT=%27DEG%27&APPARENT=%27AIRLESS%27&CSV_FORMAT=%27YES%27&TIME_DIGITS=%27SECONDS%27&SITE_COORD=%2710.75%2C59.91%2C0.0%27&START_TIME=%272026-12-01%2000%3A00%27&STOP_TIME=%272026-12-31%2023%3A00%27&STEP_SIZE=%271%20h%27
# requested-utc: 2026-10-07T13:53:38Z
# body-sha256: 84933fee6914133d4e32888f8cb71da3122521a0d5ddf24337e5ce6e216632c0
# body-bytes: 183488
# complete: True
API VERSION: 1.2
API SOURCE: NASA/JPL Horizons API

*******************************************************************************
 Revised: Mar 12, 2021           Ganymede / (Jupiter)                       503

 SATELLITE PHYSICAL PROPERTIES:
  Mean radius (km)       = 2631.2   +- 1.7    Density (g cm^-3)= 1.942 +- 0.005
  GM (km^3/s^2)          = 9887.8328+- 0.0074 Geometric Albedo = 0.43  +- 0.02
                                              V(1,0)           = -2.09

 SATELLITE ORBIT (at J2000.0 epoch, 2000-Jan-1.5):
  Semi-major axis, a (km) ~ 1,070,000         Orbital period   ~ 7.155 d
  Eccentricity, e         ~ 0.00146           Rotational period= Synchronous
  Inclination, i  (deg)   ~ 0.207 
*******************************************************************************


*******************************************************************************
Ephemeris / API_USER Wed Oct  7 06:53:39 2026 Pasadena, USA      / Horizons    
*******************************************************************************
Target body name: Ganymede (503)                  {source: jup365_merged}
Center body name: Earth (399)                     {source: DE441}
Center-site name: (user defined site below)
*******************************************************************************
Start time      : A.D. 2026-Dec-01 00:00:00.0000 UT      
Stop  time      : A.D. 2026-Dec-31 23:00:00.0000 UT      
Step-size       : 60 minutes
*******************************************************************************
Target pole/equ : IAU_GANYMEDE                    {West-longitude positive}
Target radii    : 2631.2, 2631.2, 2631.2 km       {Equator_a, b, pole_c}       
Center geodetic : 10.75, 59.91, 0.0               {E-lon(deg),Lat(deg),Alt(km)}
Center cylindric: 10.75, 3205.78431, 5495.4568    {E-lon(deg),Dxy(km),Dz(km)}
Center pole/equ : ITRF93                          {East-longitude positive}
Center radii    : 6378.137, 6378.137, 6356.752 km {Equator_a, b, pole_c}       
Target primary  : Jupiter
Vis. interferer : MOON (R_eq= 1737.400) km        {source: DE441}
Rel. light bend : Sun                             {source: jup365_merged}
Rel. lght bnd GM: 1.3271E+11 km^3/s^2                                          
Atmos refraction: NO (AIRLESS)
RA format       : DEG
Time format     : CAL 
Calendar mode   : Mixed Julian/Gregorian
EOP file        : eop.261006.p270102                                           
EOP coverage    : DATA-BASED 1962-JAN-20 TO 2026-OCT-06. PREDICTS-> 2027-JAN-01
Units conversion: 1 au= 149597870.700 km, c= 299792.458 km/s, 1 day= 86400.0 s 
Table cut-offs 1: Elevation (-90.0deg=NO ),Airmass (>38.000=NO), Daylight (NO )
Table cut-offs 2: Solar elongation (  0.0,180.0=NO ),Local Hour Angle( 0.0=NO )
Table cut-offs 3: RA/DEC angular rate (     0.0=NO )                           
Table format    : Comma Separated Values (spreadsheet)
***************************************************************************************************************************************************************************************************************************************
 Date__(UT)__HR:MN:SS, , , R.A.___(ICRF), DEC____(ICRF),  R.A.__(a-app), DEC___(a-app), Azimuth_(a-app), Elevation_(a-app),   X_(sat-prim), Y_(sat-prim), SatPANG,  ang-sep, vis.,  Ang-diam,             delta,     deldot,     S-T-O,
***************************************************************************************************************************************************************************************************************************************
$$SOE
 2026-Dec-01 00:00:00, ,m, 148.999536094,  13.435898608,  149.366646028,  13.306864152,   101.820520227,      22.086270991,        266.508,     -109.603, 112.345, 288.1813,    *,  1.441244,  5.03438060129955,-37.5204563,   10.4410,
 2026-Dec-01 01:00:00, ,m, 149.001615301,  13.435339707,  149.368738777,  13.306302045,   116.024970004,      29.204334725,        268.240,     -110.258, 112.335, 290.0319,    *,  1.441503,  5.03347718024323,-37.5561718,   10.4398,
 2026-Dec-01 02:00:00, ,m, 149.003573375,  13.434821045,  149.370708649,  13.305780909,   131.714253932,      35.455380276,        269.614,     -110.767, 112.324, 291.4964,    *,  1.441762,  5.03257322739895,-37.5650251,   10.4385,
 2026-Dec-01 03:00:00, ,m, 149.005412831,  13.434342117,  149.372557557,  13.305300109,   149.264498197,      40.249569999,        270.629,     -111.127, 112.314, 292.5725,    *,  1.442021,  5.03166935787420,-37.5497560,   10.4373,
 2026-Dec-01 04:00:00, ,m, 149.007137051,  13.433902570,  149.374288460,  13.304859129,   168.541913974,      42.964744291,        271.283,     -111.339, 112.304, 293.2584,    *,  1.442280,  5.03076611214697,-37.5137906,   10.4360,
 2026-Dec-01 05:00:00, ,m, 149.008750031,  13.433502241,  149.375905121,  13.304457622,   188.616279020,      43.151533746,        271.576,     -111.403, 112.294, 293.5530,    *,  1.442538,  5.02986394234632,-37.4610026,   10.4346,
 2026-Dec-01 06:00:00,A,m, 149.010256085,  13.433141169,  149.377411836,  13.304095439,   208.082389443,      40.775729681,        271.505,     -111.318, 112.283, 293.4556,    *,  1.442797,  5.02896320467158,-37.3954446,   10.4333,
 2026-Dec-01 07:00:00,C,m, 149.011659531,  13.432819603,  149.378813121,  13.303772641,   225.903748114,      36.239945728,        271.072,     -111.083, 112.273, 292.9660,    *,  1.443055,  5.02806415844015,-37.3210691,   10.4320,
 2026-Dec-01 08:00:00,*,m, 149.012964401,  13.432537979,  149.380113403,  13.303489499,   241.842562491,      30.157371274,        270.277,     -110.700, 112.263, 292.0847,    *,  1.443312,  5.02716697180164,-37.2414567,   10.4306,
 2026-Dec-01 09:00:00,*,m, 149.014174161,  13.432296891,  149.381316724,  13.303246468,   256.226931061,      23.129336708,        269.120,     -110.169, 112.252, 290.8126,    *,  1.443569,  5.02627173369899,-37.1595718,   10.4293,
 2026-Dec-01 10:00:00,*,m, 149.015291500,  13.432097040,  149.382426476,  13.303044152,   269.586342290,      15.662352187,        267.603,     -109.490, 112.242, 289.1511,    *,  1.443826,  5.02537847122779,-37.0775615,   10.4279,
 2026-Dec-01 11:00:00,*,m, 149.016318161,  13.431939176,  149.383445194,  13.302883247,   282.451460216,       8.179316080,        265.727,     -108.664, 112.231, 287.1023,    *,  1.444082,  5.02448717110367,-36.9966151,   10.4266,
 2026-Dec-01 12:00:00,*,m, 149.017254858,  13.431824032,  149.384374417,  13.302764483,   295.286611134,       1.058190972,        263.496,     -107.693, 112.220, 284.6687,    *,  1.444338,  5.02359780385207,-36.9168825,   10.4252,
 2026-Dec-01 13:00:00,*, , 149.018101272,  13.431752254,  149.385214627,  13.302688549,   308.467286073,      -5.333993356,        260.911,     -106.577, 112.209, 281.8532,    *,  1.444593,  5.02271034897874,-36.8374728,   10.4239,
 2026-Dec-01 14:00:00,*, , 149.018856123,  13.431724336,  149.385965263,  13.302656033,   322.251071809,     -10.625070610,        257.975,     -105.317, 112.198, 278.6594,    *,  1.444848,  5.02182481933945,-36.7565223,   10.4225,
 2026-Dec-01 15:00:00,C, , 149.019517321,  13.431740559,  149.386624827,  13.302667346,   336.727080865,     -14.449614792,        254.694,     -103.916, 112.186, 275.0914,    *,  1.445102,  5.02094128303933,-36.6713310,   10.4212,
 2026-Dec-01 16:00:00,N, , 149.020082177,  13.431800942,  149.387191051,  13.302722668,   351.767080121,     -16.495413564,        251.070,     -102.375, 112.174, 271.1537,    *,  1.445356,  5.02005988132243,-36.5785573,   10.4198,
 2026-Dec-01 17:00:00, , , 149.020547669,  13.431905208,  149.387661138,  13.302821906,     7.036620094,     -16.573994395,        247.109,     -100.697, 112.162, 266.8514,    *,  1.445609,  5.01918084119443,-36.4744581,   10.4184,
 2026-Dec-01 18:00:00, , , 149.020910736,  13.432052766,  149.388032037,  13.302964657,    22.109060694,     -14.677736979,        242.815,      -98.882, 112.149, 262.1899,    *,  1.445861,  5.01830448188353,-36.3551581,   10.4170,
 2026-Dec-01 19:00:00, , , 149.021168587,  13.432242713,  149.388300754,  13.303150199,    36.637258730,     -10.982415063,        238.194,      -96.934, 112.135, 257.1752,    *,  1.446113,  5.01743121466599,-36.2169291,   10.4156,
 2026-Dec-01 20:00:00, , , 149.021318999,  13.432473848,  149.388464658,  13.303377496,    50.475146916,      -5.793161743,        233.252,      -94.856, 112.121, 251.8139,    *,  1.446363,  5.01656153603776,-36.0564601,   10.4141,
 2026-Dec-01 21:00:00, , , 149.021360583,  13.432744713,  149.388521784,  13.303645221,    63.696190679,       0.526658639,        227.996,      -92.649, 112.106, 246.1128,    *,  1.446613,  5.01569601467072,-35.8711007,   10.4126,
 2026-Dec-01 22:00:00, , , 149.021293002,  13.433053634,  149.388471083,  13.303951796,    76.546851977,       7.604537034,        222.432,      -90.317, 112.091, 240.0794,    *,  1.446861,  5.01483527301759,-35.6590603,   10.4111,
 2026-Dec-01 23:00:00, , , 149.021117130,  13.433398791,  149.388312632,  13.304295448,    89.394778466,      15.073282660,        216.567,      -87.862, 112.075, 233.7216,    *,  1.447108,  5.01397996479672,-35.4195489,   10.4095,
 2026-Dec-02 00:00:00, ,m, 149.020835128,  13.433778282,  149.388047766,  13.304674272,   102.698148019,      22.556775692,        210.409,      -85.289, 112.057, 227.0476,    *,  1.447353,  5.01313074987196,-35.1528519,   10.4079,
 2026-Dec-02 01:00:00, ,m, 149.020450449,  13.434190189,  149.387679135,  13.305086301,   116.984008855,      29.636973397,        203.967,      -82.600, 112.039, 220.0662,    *,  1.447597,  5.01228826822101,-34.8603305,   10.4063,
 2026-Dec-02 02:00:00, ,m, 149.019967751,  13.434632654,  149.387210678,  13.305529578,   132.787095011,      35.814800405,        197.248,      -79.799, 112.019, 212.7865,    *,  1.447838,  5.01145311474924,-34.5443513,   10.4046,
 2026-Dec-02 03:00:00, ,m, 149.019392747,  13.435103936,  149.386647519,  13.306002224,   150.463037964,      40.494795634,        190.261,      -76.890, 111.998, 205.2183,    *,  1.448077,  5.01062581664959,-34.2081466,   10.4029,
 2026-Dec-02 04:00:00, ,m, 149.018731982,  13.435602462,  149.385995781,  13.306502497,   169.831801167,      43.057985793,        183.017,      -73.876, 111.975, 197.3715,    *,  1.448314,  5.00980681483417,-33.8556173,   10.4012,
 2026-Dec-02 05:00:00, ,m, 149.017992561,  13.436126861,  149.385262349,  13.307028840,   189.913550944,      43.075292559,        175.523,      -70.761, 111.950, 189.2565,    *,  1.448548,  5.00899645068654,-33.4910907,   10.3994,
 2026-Dec-02 06:00:00,A,m, 149.017181849,  13.436675989,  149.384454581,  13.307579912,   209.299901398,      40.543563652,        167.791,      -67.550, 111.923, 180.8842,    *,  1.448780,  5.00819495901866,-33.1190499,   10.3976,
 2026-Dec-02 07:00:00,C,m, 149.016307157,  13.437248925,  149.383579993,  13.308154606,   227.001186981,      35.887580305,        159.831,      -64.247, 111.893, 172.2656,    *,  1.449009,  5.00740246769245,-32.7438535,   10.3958,
 2026-Dec-02 08:00:00,*,m, 149.015375434,  13.437844958,  149.382645943,  13.308752039,   242.827761977,      29.725520503,        151.652,      -60.857, 111.860, 163.4123,    *,  1.449236,  5.00661900391042,-32.3694650,   10.3940,
 2026-Dec-02 09:00:00,*,m, 149.014393003,  13.438463551,  149.381659331,  13.309371537,   257.130834139,      22.653950149,        143.267,      -57.383, 111.822, 154.3362,    *,  1.449460,  5.00584450672246,-31.9992098,   10.3922,
 2026-Dec-02 10:00:00,*,m, 149.013365327,  13.439104298,  149.380626330,  13.310012592,   270.444394819,      15.173273474,        134.686,      -53.831, 111.780, 145.0494,    *,  1.449682,  5.00507884487199,-31.6355770,   10.3903,
 2026-Dec-02 11:00:00,*,m, 149.012296856,  13.439766859,  149.379552185,  13.310674813,   283.296168854,       7.702423559,        125.921,      -50.205, 111.733, 135.5643,    *,  1.449901,  5.00432183873853,-31.2800789,   10.3885,
 2026-Dec-02 12:00:00,*,m, 149.011190940,  13.440450900,  149.378441066,  13.311357859,   296.145385993,       0.617915948,        116.984,      -46.511, 111.677, 125.8938,    *,  1.450118,  5.00357328485434,-30.9331788,   10.3866,
 2026-Dec-02 13:00:00,*, , 149.010049826,  13.441156025,  149.377296012,  13.312061380,   309.360977593,      -5.712987600,        107.886,      -42.752, 111.613, 116.0507,    *,  1.450332,  5.00283298129892,-30.5942908,   10.3847,
 2026-Dec-02 14:00:00,*, , 149.008874728,  13.441881707,  149.376118950,  13.312784941,   323.191165562,     -10.917741957,         98.640,      -38.935, 111.536, 106.0484,    *,  1.450545,  5.00210075221427,-30.2618533,   10.3829,
 2026-Dec-02 15:00:00,C, , 149.007665985,  13.442627234,  149.374910797,  13.313527959,   337.711842262,     -14.632582929,         89.259,      -35.063, 111.443,  95.9004,    *,  1.450755,  5.00137646972228,-29.9334678,   10.3810,
 2026-Dec-02 16:00:00,N, , 149.006423275,  13.443391662,  149.373671637,  13.314289651,   352.779675004,     -16.551222565,         79.754,      -31.144, 111.328,  85.6203,    *,  1.450963,  5.00066007179825,-29.6060973,   10.3791,
 2026-Dec-02 17:00:00, , , 149.005145873,  13.444173778,  149.372400953,  13.315068984,     8.049451200,     -16.495903198,         70.138,      -27.181, 111.180,  75.2221,    *,  1.451168,  4.99995157477697,-29.2763095,   10.3771,
 2026-Dec-02 18:00:00, , , 149.003832952,  13.444972091,  149.371097913,  13.315864653,    23.094535562,     -14.471915076,         60.426,      -23.180, 110.985,  64.7200,    *,  1.451372,  4.99925107966123,-28.9405460,   10.3752,
 2026-Dec-02 19:00:00, , , 149.002483890,  13.445784832,  149.369761670,  13.316675067,    37.578591397,     -10.665822532,         50.628,      -19.147, 110.714,  54.1285,    *,  1.451573,  4.99855877179410,-28.5954018,   10.3732,
 2026-Dec-02 20:00:00, , , 149.001098556,  13.446609972,  149.368391675,  13.317498358,    51.370761024,      -5.388799307,         40.760,      -15.087, 110.310,  43.4627,    *,  1.451771,  4.99787491390476,-28.2378931,   10.3712,
 2026-Dec-02 21:00:00, , , 148.999677581,  13.447445265,  149.366987969,  13.318332407,    64.557896241,       0.994003501,         30.834,      -11.005, 109.641,  32.7388,    *,  1.451967,  4.99719983299314,-27.8656986,   10.3692,
 2026-Dec-02 22:00:00, , , 148.998222568,  13.448288295,  149.365551431,  13.319174887,    77.396045217,       8.110326366,         20.863,       -6.907, 108.317,  21.9765,    *,  1.452161,  4.99653390194396,-27.4773540,   10.3671,
 2026-Dec-02 23:00:00, , , 148.996736239,  13.449136543,  149.364083981,  13.320023321,    90.259728312,      15.593055395,         10.861,       -2.799, 104.449,  11.2158,    t,  1.452352,  4.99587751712288,-27.0723892,   10.3649,
 2026-Dec-03 00:00:00, , , 148.995222505,  13.449987452,  149.362588702,  13.320875146,   103.612688212,      23.064399247,          0.842,        1.314,  32.632,   1.5608,    t,  1.452540,  4.99523107348573,-26.6513966,   10.3628,
 2026-Dec-03 01:00:00, , , 148.993686466,  13.450838503,  149.361069893,  13.321727785,   117.985581146,      30.101986008,         -9.182,        5.427, 300.586,  10.6654,    t,  1.452725,  4.99459493890277,-26.2160279,   10.3606,
 2026-Dec-03 02:00:00, ,m, 148.992134312,  13.451687282,  149.359533029,  13.322578723,   133.909386912,      36.200042610,        -19.195,        9.533, 296.411,  21.4319,    *,  1.452907,  4.99396942945639,-25.7689169,   10.3583,
 2026-Dec-03 03:00:00, ,m, 148.990573166,  13.452531544,  149.357984653,  13.323425571,   151.716819787,      40.757508804,        -29.185,       13.627, 295.030,  32.2098,    *,  1.453085,  4.99335478740438,-25.3135360,   10.3561,
 2026-Dec-03 04:00:00, ,m, 148.989010854,  13.453369261,  149.356432181,  13.324266129,   171.178029206,      43.159647876,        -39.139,       17.704, 294.341,  42.9561,    *,  1.453261,  4.99275116332077,-24.8539948,   10.3538,
 2026-Dec-03 05:00:00, ,m, 148.987455628,  13.454198658,  149.354883655,  13.325098433,   191.262515722,      42.999683688,        -49.041,       21.758, 293.927,  53.6508,    *,  1.453434,  4.99215860363983,-24.3947952,   10.3515,
 2026-Dec-03 06:00:00,A,m, 148.985915858,  13.455018234,  149.353347454,  13.325920786,   210.562120931,      40.306945703,        -58.880,       25.783, 293.650,  64.2773,    *,  1.453603,  4.99157704446128,-23.9405586,   10.3491,
 2026-Dec-03 07:00:00,N,m, 148.984399719,  13.455826764,  149.351831972,  13.326731772,   228.137526748,      35.528283835,        -68.642,       29.774, 293.452,  74.8205,    *,  1.453769,  4.99100631204523,-23.4957459,   10.3468,
 2026-Dec-03 08:00:00,*,m, 148.982914884,  13.456623276,  149.350345300,  13.327530251,   243.848047340,      29.286112553,        -78.313,       33.726, 293.303,  85.2655,    *,  1.453932,  4.99044612996920,-23.0643874,   10.3444,
 2026-Dec-03 09:00:00,*,m, 148.981468254,  13.457407023,  149.348894926,  13.328315339,   258.067523112,      22.171658397,        -87.881,       37.634, 293.186,  95.5981,    *,  1.454093,  4.98989613246288,-22.6498418,   10.3420,
 2026-Dec-03 10:00:00,*,m, 148.980065730,  13.458177432,  149.347487470,  13.329086364,   271.333931173,      14.678920882,        -97.332,       41.491, 293.091, 105.8040,    *,  1.454250,  4.98935588301482,-22.2546020,   10.3397,
 2026-Dec-03 11:00:00,*,m, 148.978712068,  13.458934045,  149.346128483,  13.329842817,   284.171682490,       7.222720354,       -106.653,       45.293, 293.014, 115.8692,    *,  1.454405,  4.98882489698353,-21.8801583,   10.3373,
 2026-Dec-03 12:00:00,*,m, 148.977410787,  13.459676453,  149.344822306,  13.330584288,   297.034551206,       0.178024175,       -115.832,       49.034, 292.948, 125.7802,    *,  1.454557,  4.98830266667303,-21.5269312,   10.3349,
 2026-Dec-03 13:00:00,*, , 148.976164179,  13.460404228,  149.343572020,  13.331310398,   310.284446310,      -6.087816760,       -124.857,       52.710, 292.893, 135.5234,    *,  1.454707,  4.98778868716335,-21.1942766,   10.3325,
 2026-Dec-03 14:00:00,*, , 148.974973386,  13.461116860,  149.342379469,  13.332020732,   324.159631679,     -11.202158400,       -133.714,       56.316, 292.844, 145.0857,    *,  1.454855,  4.98728248113539,-20.8805637,   10.3301,
 2026-Dec-03 15:00:00,C, , 148.973838555,  13.461813699,  149.341245369,  13.332714770,   338.722224205,     -14.803388879,       -142.393,       59.846, 292.802, 154.4540,    *,  1.455000,  4.98678362099884,-20.5833196,   10.3277,
 2026-Dec-03 16:00:00,N, , 148.972759062,  13.462493904,  149.340169491,  13.333391837,   353.813673278,     -16.591796962,       -150.882,       63.297, 292.764, 163.6158,    *,  1.455144,  4.98629174681828,-20.2994314,   10.3254,
 2026-Dec-03 17:00:00, , , 148.971733778,  13.463156420,  149.339150898,  13.334051058,     9.078640662,     -16.400907850,       -159.168,       66.662, 292.731, 172.5586,    *,  1.455285,  4.98580657889688,-20.0253876,   10.3229,
 2026-Dec-03 18:00:00, , , 148.970761364,  13.463799955,  149.338188233,  13.334691329,    24.091620784,     -14.249110722,       -167.242,       69.938, 292.700, 181.2704,    *,  1.455425,  4.98532792407023,-19.7575539,   10.3205,
 2026-Dec-03 19:00:00, , , 148.969840586,  13.464422990,  149.337280024,  13.335311308,    38.527977216,     -10.333521415,       -175.091,       73.121, 292.673, 189.7394,    *,  1.455563,  4.98485567533353,-19.4924498,   10.3181,
 2026-Dec-03 20:00:00, , , 148.968970601,  13.465023798,  149.336424997,  13.335909429,    52.272328292,      -4.970921267,       -182.706,       76.205, 292.648, 197.9541,    *,  1.455699,  4.98438980487766,-19.2270163,   10.3156,
 2026-Dec-03 21:00:00, , , 148.968151222,  13.465600483,  149.335622366,  13.336483921,    65.424726803,       1.472125750,       -190.076,       79.188, 292.624, 205.9035,    *,  1.455833,  4.98393035100332,-18.9588541,   10.3131,
 2026-Dec-03 22:00:00, , , 148.967383130,  13.466151030,  149.334872081,  13.337032859,    78.250501052,       8.623821024,       -197.191,       82.063, 292.603, 213.5768,    *,  1.455965,  4.98347739983810,-18.6864149,   10.3106,
 2026-Dec-03 23:00:00, , , 148.966668015,  13.466673374,  149.334175031,  13.337554218,    91.130781518,      16.117187392,       -204.042,       84.829, 292.583, 220.9637,    *,  1.456096,  4.98303106313154,-18.4091340,   10.3081,
 2026-Dec-04 00:00:00, , , 148.966008647,  13.467165464,  149.333533156,  13.338045936,   104.534616140,      23.572718950,       -210.619,       87.481, 292.564, 228.0542,    *,  1.456224,  4.98259145367338,-18.1274943,   10.3055,
 2026-Dec-04 01:00:00, , , 148.965408864,  13.467625335,  149.332949501,  13.338505992,   118.995777844,      30.563642650,       -216.913,       90.016, 292.546, 234.8387,    *,  1.456351,  4.98215866004280,-17.8430175,   10.3029,
 2026-Dec-04 02:00:00, , , 148.964873478,  13.468051179,  149.332428172,  13.338932474,   135.040333996,      36.577554199,       -222.916,       92.429, 292.529, 241.3081,    *,  1.456475,  4.98173272244451,-17.5581832,   10.3003,
 2026-Dec-04 03:00:00, ,m, 148.964408109,  13.468441405,  149.331974219,  13.339323646,   152.976031467,      41.008347737,       -228.620,       94.719, 292.513, 247.4536,    *,  1.456598,  4.98131361131226,-17.2762810,   10.2977,
 2026-Dec-04 04:00:00, ,m, 148.964018953,  13.468794684,  149.331593446,  13.339678010,   172.521771154,      43.246839423,       -234.018,       96.881, 292.498, 253.2670,    *,  1.456719,  4.98090121017261,-17.0012063,   10.2950,
 2026-Dec-04 05:00:00, ,m, 148.963712508,  13.469109987,  149.331292157,  13.339994348,   192.598820174,      42.909893914,       -239.101,       98.914, 292.483, 258.7405,    *,  1.456837,  4.98049530396985,-16.7372135,   10.2924,
 2026-Dec-04 06:00:00,A,m, 148.963495266,  13.469386600,  149.331076866,  13.340271752,   211.804322283,      40.059133610,       -243.863,      100.813, 292.469, 263.8667,    *,  1.456954,  4.98009557367918,-16.4886429,   10.2897,
 2026-Dec-04 07:00:00,N,m, 148.963373397,  13.469624123,  149.330953982,  13.340509635,   229.251173120,      35.161917822,       -248.298,      102.577, 292.456, 268.6387,    *,  1.457069,  4.97970159760516,-16.2596413,   10.2870,
 2026-Dec-04 08:00:00,*,m, 148.963352452,  13.469822450,  149.330929488,  13.340707728,   244.845901510,      28.843563838,       -252.400,      104.204, 292.443, 273.0502,    *,  1.457183,  4.97931285930482,-16.0538942,   10.2844,
 2026-Dec-04 09:00:00,*,m, 148.963437095,  13.469981730,  149.331008649,  13.340866047,   258.982939636,      21.689429574,       -256.163,      105.690, 292.430, 277.0954,    *,  1.457296,  4.97892876162078,-15.8743886,   10.2817,
 2026-Dec-04 10:00:00,*,m, 148.963630888,  13.470102321,  149.331195751,  13.340984859,   272.203176414,      14.187040748,       -259.582,      107.035, 292.418, 280.7688,    *,  1.457407,  4.97854864589216,-15.7232222,   10.2791,
 2026-Dec-04 11:00:00,*,m, 148.963936143,  13.470184725,  149.331493912,  13.341064622,   285.027306827,       6.747151814,       -262.653,      108.237, 292.406, 284.0656,    *,  1.457517,  4.97817181505671,-15.6014728,   10.2765,
 2026-Dec-04 12:00:00,*,m, 148.964353853,  13.470229522,  149.331904945,  13.341105919,   297.903508699,      -0.256805365,       -265.372,      109.293, 292.394, 286.9814,    *,  1.457627,  4.97779755909080,-15.5091356,   10.2739,
 2026-Dec-04 13:00:00,*, , 148.964883698,  13.470237299,  149.332429319,  13.341109395,   311.186594338,      -6.457462717,       -267.735,      110.203, 292.383, 289.5125,    *,  1.457736,  4.97742518107544,-15.4451341,   10.2713,
 2026-Dec-04 14:00:00,*, , 148.965524141,  13.470208585,  149.333066196,  13.341075680,   325.104848684,     -11.482245415,       -269.739,      110.965, 292.371, 291.6556,    *,  1.457845,  4.97705402213280,-15.4074028,   10.2687,
 2026-Dec-04 15:00:00,C, , 148.966272587,  13.470143795,  149.333813543,  13.341005325,   339.706782354,     -14.971921124,       -271.382,      111.578, 292.360, 293.4078,    *,  1.457953,  4.97668348355673,-15.3930361,   10.2661,
 2026-Dec-04 16:00:00,N, , 148.967125619,  13.470043177,  149.334668324,  13.340898749,   354.819173008,     -16.633511345,       -272.661,      112.042, 292.349, 294.7669,    *,  1.458062,  4.97631304465284,-15.3984939,   10.2635,
 2026-Dec-04 17:00:00, , , 148.968079264,  13.469906783,  149.335626753,  13.340756191,    10.077422379,     -16.311710470,       -273.574,      112.355, 292.338, 295.7311,    *,  1.458170,  4.97594227509773,-15.4198492,   10.2610,
 2026-Dec-04 18:00:00, , , 148.969129306,  13.469734458,  149.336684579,  13.340577684,    25.057849061,     -14.037538373,       -274.121,      112.518, 292.327, 296.2992,    *,  1.458279,  4.97557084100336,-15.4530605,   10.2584,
 2026-Dec-04 19:00:00, , , 148.970271589,  13.469525836,  149.337837403,  13.340363046,    39.447548631,     -10.018018772,       -274.302,      112.531, 292.316, 296.4706,    *,  1.458388,  4.97519850430130,-15.4942517,   10.2558,
 2026-Dec-04 20:00:00, , , 148.971502322,  13.469280369,  149.339080992,  13.340111889,    53.146046812,      -4.575013109,       -274.114,      112.392, 292.305, 296.2450,    *,  1.458498,  4.97482511551939,-15.5399767,   10.2533,
 2026-Dec-04 21:00:00, , , 148.972818334,  13.468997358,  149.340411569,  13.339823645,    66.265861829,       1.923769886,       -273.560,      112.103, 292.294, 295.6228,    *,  1.458608,  4.97445060052031,-15.5874574,   10.2507,
 2026-Dec-04 22:00:00, , , 148.974217292,  13.468676010,  149.341826073,  13.339497606,    79.080997644,       9.107045752,       -272.640,      111.664, 292.283, 294.6048,    *,  1.458718,  4.97407494203085,-15.6347718,   10.2481,
 2026-Dec-04 23:00:00, , , 148.975697843,  13.468315495,  149.343322344,  13.339132989,    91.978734793,      16.607927833,       -271.355,      111.076, 292.271, 293.1925,    *,  1.458828,  4.97369815737845,-15.6809819,   10.2455,
 2026-Dec-05 00:00:00, , , 148.977259682,  13.467915021,  149.344899253,  13.338728988,   105.432949335,      24.045158935,       -269.706,      110.339, 292.260, 291.3877,    *,  1.458939,  4.97332027394747,-15.7261940,   10.2429,
 2026-Dec-05 01:00:00, , , 148.978903535,  13.467473896,  149.346556744,  13.338284858,   119.979797637,      30.987649161,       -267.697,      109.454, 292.248, 289.1929,    *,  1.459050,  4.97294130405924,-15.7715455,   10.2403,
 2026-Dec-05 02:00:00, , , 148.980631072,  13.466991599,  149.348295790,  13.337799974,   136.139258053,      36.916737158,       -265.329,      108.422, 292.236, 286.6111,    *,  1.459162,  4.97256122103045,-15.8191209,   10.2377,
 2026-Dec-05 03:00:00, , , 148.982444737,  13.466467837,  149.350118282,  13.337273904,   154.192942506,      41.222146143,       -262.606,      107.245, 292.224, 283.6458,    *,  1.459274,  4.97217993808266,-15.8718002,   10.2350,
 2026-Dec-05 04:00:00, , , 148.984347516,  13.465902590,  149.352026826,  13.336706457,   173.809527092,      43.301459164,       -259.532,      105.925, 292.212, 280.3010,    *,  1.459386,  4.97179729157930,-15.9330530,   10.2324,
 2026-Dec-05 05:00:00, ,m, 148.986342666,  13.465296143,  149.354024507,  13.336097736,   193.867317459,      42.795513587,       -256.110,      104.463, 292.199, 276.5811,    *,  1.459499,  4.97141302976884,-16.0066893,   10.2298,
 2026-Dec-05 06:00:00,A,m, 148.988433408,  13.464649100,  149.356114585,  13.335448154,   212.974114838,      39.796516192,       -252.346,      102.861, 292.186, 272.4913,    *,  1.459612,  4.97102680783522,-16.0965874,   10.2272,
 2026-Dec-05 07:00:00,N,m, 148.990622622,  13.463962378,  149.358300193,  13.334758449,   230.294636554,      34.789813302,       -248.245,      101.121, 292.173, 268.0370,    *,  1.459726,  4.97063818962313,-16.2064146,   10.2246,
 2026-Dec-05 08:00:00,*,m, 148.992912547,  13.463237185,  149.360584019,  13.334029670,   245.778748881,      28.402181836,       -243.811,       99.246, 292.159, 263.2243,    *,  1.459841,  4.97024665594841,-16.3393620,   10.2220,
 2026-Dec-05 09:00:00,*,m, 148.995304525,  13.462474980,  149.362968019,  13.333263152,   259.838493459,      21.212883651,       -239.052,       97.239, 292.144, 258.0597,    *,  1.459957,  4.96985161895148,-16.4979109,   10.2194,
 2026-Dec-05 10:00:00,*,m, 148.997798794,  13.461677421,  149.365453167,  13.332460468,   273.016440802,      13.703245963,       -233.973,       95.101, 292.129, 252.5501,    *,  1.460075,  4.96945244153773,-16.6836458,   10.2169,
 2026-Dec-05 11:00:00,*,m, 149.000394349,  13.460846300,  149.368039266,  13.331623374,   285.829332572,       6.280270186,       -228.581,       92.836, 292.113, 246.7030,    *,  1.460193,  4.96904846059932,-16.8971285,   10.2144,
 2026-Dec-05 12:00:00,*,m, 149.003088879,  13.459983475,  149.370724831,  13.330753740,   298.719892381,      -0.683943212,       -222.884,       90.447, 292.096, 240.5261,    *,  1.460314,  4.96863901245369,-17.1378412,   10.2119,
 2026-Dec-05 13:00:00,*, , 149.005878786,  13.459090797,  149.373507052,  13.329853481,   312.036114796,      -6.821917566,       -216.889,       87.937, 292.078, 234.0279,    *,  1.460436,  4.96822345878169,-17.4042024,   10.2095,
 2026-Dec-05 14:00:00,*, , 149.008759289,  13.458170043,  149.376381842,  13.328924481,   325.996700214,     -11.761118385,       -210.604,       85.309, 292.059, 227.2169,    *,  1.460560,  4.96780121131349,-17.6936542,   10.2071,
 2026-Dec-05 15:00:00,C, , 149.011724592,  13.457222858,  149.379343960,  13.327968531,   340.637138797,     -15.144632777,       -204.038,       82.567, 292.039, 220.1024,    *,  1.460686,  4.96737175359595,-18.0028159,   10.2046,
 2026-Dec-05 16:00:00,N, , 149.014768124,  13.456250706,  149.382387209,  13.326987269,   355.770335872,     -16.685983907,       -197.200,       79.715, 292.018, 212.6937,    *,  1.460815,  4.96693465837446,-18.3276932,   10.2023,
 2026-Dec-05 17:00:00, , , 149.017882819,  13.455254838,  149.385504698,  13.325982137,    11.023202125,     -16.240517157,       -190.098,       76.755, 291.994, 205.0008,    *,  1.460946,  4.96648959942203,-18.6639279,   10.1999,
 2026-Dec-05 18:00:00, , , 149.021061424,  13.454236278,  149.388689132,  13.324954352,    25.974136359,     -13.851137264,       -182.742,       73.693, 291.969, 197.0339,    *,  1.461079,  4.96603635702879,-19.0070719,   10.1975,
 2026-Dec-05 19:00:00, , , 149.024296817,  13.453195822,  149.391933134,  13.323904897,    40.321477465,      -9.734067728,       -175.141,       70.533, 291.942, 188.8036,    *,  1.461215,  4.96557481679812,-19.3528662,   10.1952,
 2026-Dec-05 20:00:00, , , 149.027582305,  13.452134064,  149.395229564,  13.322834528,    53.978745911,      -4.215829968,       -167.307,       67.278, 291.912, 180.3208,    *,  1.461353,  4.96510496185419,-19.6975066,   10.1928,
 2026-Dec-05 21:00:00, , , 149.030911889,  13.451051432,  149.398571810,  13.321743803,    67.070074815,       2.334816427,       -159.248,       63.932, 291.880, 171.5968,    *,  1.461494,  4.96462685901694,-20.0378765,   10.1905,
 2026-Dec-05 22:00:00, , , 149.034280475,  13.449948235,  149.401954046,  13.320633122,    79.877565321,       9.546994080,       -150.977,       60.501, 291.843, 162.6431,    *,  1.461637,  4.96414063991241,-20.3717325,   10.1881,
 2026-Dec-05 23:00:00, , , 149.037684019,  13.448824730,  149.405371424,  13.319502783,    92.794262093,      17.053747693,       -142.503,       56.989, 291.802, 153.4717,    *,  1.461782,  4.96364647832050,-20.6978298,   10.1858,
 2026-Dec-06 00:00:00, , , 149.041119589,  13.447681186,  149.408820193,  13.318353048,   106.298475808,      24.471970134,       -133.839,       53.400, 291.756, 144.0947,    *,  1.461930,  4.96314456533177,-21.0159782,   10.1834,
 2026-Dec-06 01:00:00, , , 149.044585357,  13.446517952,  149.412297748,  13.317184208,   120.928135825,      31.366316407,       -124.995,       49.739, 291.704, 134.5245,    *,  1.462080,  4.96263508401444,-21.3270255,   10.1810,
 2026-Dec-06 02:00:00, , , 149.048080498,  13.445335522,  149.415802579,  13.315996658,   137.196237937,      37.212224928,       -115.984,       46.011, 291.643, 124.7739,    *,  1.462233,  4.96211818537187,-21.6327684,   10.1787,
 2026-Dec-06 03:00:00, , , 149.051605026,  13.444134592,  149.419334158,  13.314790954,   155.357725806,      41.396020481,       -106.816,       42.222, 291.572, 114.8558,    *,  1.462387,  4.96159396723789,-21.9357987,   10.1763,
 2026-Dec-06 04:00:00, , , 149.055159560,  13.442916102,  149.422892742,  13.313567870,   175.032962704,      43.322935198,        -97.506,       38.375, 291.487, 104.7834,    *,  1.462544,  4.96106245756571,-22.2392940,   10.1740,
 2026-Dec-06 05:00:00, , , 149.058745052,  13.441681268,  149.426479125,  13.312328439,   195.062759030,      42.657577945,        -88.064,       34.476, 291.383,  94.5701,    *,  1.462703,  4.96052360326860,-22.5467679,   10.1716,
 2026-Dec-06 06:00:00,A,m, 149.062362486,  13.440431589,  149.430094344,  13.311073976,   214.069813460,      39.520726782,        -78.503,       30.531, 291.255,  84.2296,    *,  1.462864,  4.95997726538814,-22.8617971,   10.1693,
 2026-Dec-06 07:00:00,N,m, 149.066012567,  13.439168845,  149.433739373,  13.309806085,   231.269148802,      34.413386710,        -68.836,       26.544, 291.090,  73.7758,    *,  1.463027,  4.95942322093215,-23.1877435,   10.1670,
 2026-Dec-06 08:00:00,C,m, 149.069695433,  13.437895068,  149.437414814,  13.308526645,   246.649923001,      27.962749949,        -59.076,       22.521, 290.870,  63.2227,    u,  1.463193,  4.95886117126607,-23.5274902,   10.1647,
 2026-Dec-06 09:00:00,*,m, 149.073410399,  13.436612505,  149.441120603,  13.307237782,   260.639124665,      20.742069381,        -49.236,       18.467, 290.562,  52.5848,    u,  1.463361,  4.95829075649168,-23.8832108,   10.1624,
 2026-Dec-06 10:00:00,*,m, 149.077155757,  13.435323558,  149.444855778,  13.305941820,   273.780094644,      13.226948691,        -39.328,       14.388, 290.096,  41.8772,    u,  1.463532,  4.95771157483585,-24.2561862,   10.1602,
 2026-Dec-06 11:00:00,*,m, 149.080928642,  13.434030724,  149.448618285,  13.304641225,   286.585592847,       5.821091020,        -29.367,       10.288, 289.308,  31.1163,    *,  1.463706,  4.95712320572817,-24.6466828,   10.1580,
 2026-Dec-06 12:00:00,*,m, 149.084724976,  13.432736521,  149.452404876,  13.303338533,   299.493147793,      -1.104403548,        -19.364,        6.173, 287.683,  20.3239,    O,  1.463883,  4.95652523499213,-25.0539001,   10.1558,
 2026-Dec-06 13:00:00,*, , 149.088539498,  13.431443416,  149.456211071,  13.302036280,   312.844249834,      -7.181730542,         -9.333,        2.049, 282.385,   9.5554,    O,  1.464062,  4.95591728042945,-25.4759904,   10.1536,
 2026-Dec-06 14:00:00,*, , 149.092365864,  13.430153763,  149.460031217,  13.300736931,   326.848341291,     -12.038248218,          0.712,       -2.078, 161.083,   2.1971,    O,  1.464245,  4.95529901604874,-25.9101508,   10.1515,
 2026-Dec-06 15:00:00,C, , 149.096196832,  13.428869735,  149.463858618,  13.299442808,   341.528281861,     -15.319230971,         10.759,       -6.205, 119.972,  12.4200,    O,  1.464431,  4.95467019328180,-26.3527806,   10.1494,
 2026-Dec-06 16:00:00,N, , 149.100024502,  13.427593283,  149.467685738,  13.298156040,   356.683607138,     -16.744502933,         20.794,      -10.324, 116.404,  23.2160,    *,  1.464620,  4.95403065773605,-26.7996927,   10.1473,
 2026-Dec-06 17:00:00, , , 149.103840600,  13.426326100,  149.471504466,  13.296878512,    11.933236889,     -16.179710713,         30.804,      -14.431, 115.101,  34.0169,    *,  1.464812,  4.95338036033609,-27.2463658,   10.1452,
 2026-Dec-06 18:00:00, , , 149.107636789,  13.425069609,  149.475306411,  13.295611841,    26.857840686,     -13.679171088,         40.775,      -18.520, 114.426,  44.7848,    *,  1.465008,  4.95271936209052,-27.6882188,   10.1431,
 2026-Dec-06 19:00:00, , , 149.111404989,  13.423824966,  149.479083227,  13.294357369,    41.166712558,      -9.467879393,         50.696,      -22.586, 114.012,  55.5002,    *,  1.465206,  4.95204783215581,-28.1208906,   10.1411,
 2026-Dec-06 20:00:00, , , 149.115137675,  13.422593081,  149.482826933,  13.293116169,    54.786812324,      -3.876798008,         60.552,      -26.624, 113.732,  66.1470,    *,  1.465408,  4.95136603932616,-28.5405035,   10.1390,
 2026-Dec-06 21:00:00, , , 149.118828142,  13.421374656,  149.486530202,  13.291889070,    67.853402019,       2.724250895,         70.330,      -30.627, 113.529,  76.7105,    *,  1.465613,  4.95067433752791,-28.9438949,   10.1369,
 2026-Dec-06 22:00:00, , , 149.122470709,  13.420170236,  149.490186618,  13.290676706,    80.656412877,       9.964640276,         80.018,      -34.591, 113.376,  87.1763,    *,  1.465820,  4.94997314630638,-29.3287997,   10.1348,
 2026-Dec-06 23:00:00, , , 149.126060867,  13.418980273,  149.493790865,  13.289479568,    93.594555382,      17.477138121,         89.603,      -38.511, 113.254,  97.5302,    *,  1.466031,  4.94926292763444,-29.6939718,   10.1327,
 2026-Dec-07 00:00:00, , , 149.129595337,  13.417805190,  149.497338845,  13.288298069,   107.150502802,      24.876588726,         99.072,      -42.381, 113.157, 107.7583,    *,  1.466244,  4.94854416062358,-30.0392358,   10.1306,
 2026-Dec-07 01:00:00, , , 149.133072051,  13.416645448,  149.500827719,  13.287132611,   121.863717917,      31.723255010,        108.412,      -46.196, 113.075, 117.8471,    *,  1.466459,  4.94781731586263,-30.3654656,   10.1285,
 2026-Dec-07 02:00:00, , , 149.136490054,  13.415501614,  149.504255854,  13.285983660,   138.239604048,      37.486704160,        117.612,      -49.951, 113.007, 127.7829,    *,  1.466677,  4.94708283115560,-30.6744921,   10.1264,
 2026-Dec-07 03:00:00, , , 149.139849332,  13.414374414,  149.507622705,  13.284851799,   156.505660145,      41.550232789,        126.659,      -53.641, 112.948, 137.5526,    *,  1.466897,  4.94634109024477,-30.9689456,   10.1242,
 2026-Dec-07 04:00:00, , , 149.143150577,  13.413264776,  149.510928611,  13.283737790,   176.234466561,      43.327389859,        135.540,      -57.261, 112.897, 147.1431,    *,  1.467119,  4.94559240605334,-31.2520431,   10.1221,
 2026-Dec-07 05:00:00, , , 149.146394912,  13.412173860,  149.514174548,  13.282642611,   196.232508408,      42.506750051,        144.244,      -60.807, 112.853, 156.5416,    *,  1.467343,  4.94483700951923,-31.5273372,   10.1200,
 2026-Dec-07 06:00:00,A, , 149.149583582,  13.411103066,  149.517361831,  13.281567475,   215.140268649,      39.236711087,        152.760,      -64.273, 112.813, 165.7354,    *,  1.467569,  4.94407504478795,-31.7984420,   10.1179,
 2026-Dec-07 07:00:00,N, , 149.152717651,  13.410054028,  149.520491804,  13.280513843,   232.222391398,      34.032695758,        161.075,      -67.654, 112.777, 174.7123,    *,  1.467797,  4.94330657108833,-32.0687553,   10.1157,
 2026-Dec-07 08:00:00,C,m, 149.155797710,  13.409028587,  149.523565526,  13.279483404,   247.505033784,      27.521820186,        169.180,      -70.948, 112.745, 183.4603,    *,  1.468027,  4.94253157114607,-32.3411962,   10.1136,
 2026-Dec-07 09:00:00,*,m, 149.158823621,  13.408028750,  149.526583494,  13.278478046,   261.428700708,      20.271505297,        177.062,      -74.148, 112.716, 191.9676,    *,  1.468259,  4.94174996554247,-32.6179760,   10.1116,
 2026-Dec-07 10:00:00,*,m, 149.161794319,  13.407056636,  149.529545390,  13.277499812,   274.537103546,      12.752028282,        184.712,      -77.251, 112.689, 200.2228,    *,  1.468494,  4.94096163201807,-32.9004187,   10.1095,
 2026-Dec-07 11:00:00,*,m, 149.164707686,  13.406114407,  149.532449910,  13.276550834,   287.339073758,       5.364177419,        192.119,      -80.252, 112.664, 208.2149,    *,  1.468730,  4.94016642838105,-33.1888430,   10.1074,
 2026-Dec-07 12:00:00,*,m, 149.167560492,  13.405204202,  149.535294650,  13.275633273,   300.267058102,      -1.521637930,        199.273,      -83.148, 112.641, 215.9331,    *,  1.468969,  4.93936421743334,-33.4825132,   10.1054,
 2026-Dec-07 13:00:00,*, , 149.170348430,  13.404328064,  149.538076081,  13.274749238,   313.656033855,      -7.537067671,        206.165,      -85.934, 112.620, 223.3670,    *,  1.469209,  4.93855489218805,-33.7796644,   10.1034,
 2026-Dec-07 14:00:00,*, , 149.173066224,  13.403487869,  149.540789606,  13.273900720,   327.706001067,     -12.309272711,        212.785,      -88.607, 112.600, 230.5067,    *,  1.469452,  4.93773839963123,-34.0775978,   10.1013,
 2026-Dec-07 15:00:00,C, , 149.175707812,  13.402685276,  149.543429700,  13.273089526,   342.426928495,     -15.485796248,        219.125,      -91.163, 112.581, 237.3424,    *,  1.469697,  4.93691476137998,-34.3728415,   10.0993,
 2026-Dec-07 16:00:00,N, , 149.178266591,  13.401921672,  149.545990109,  13.272317220,   357.604909718,     -16.792997950,        225.175,      -93.599, 112.563, 243.8651,    *,  1.469945,  4.93608408980054,-34.6613650,   10.0973,
 2026-Dec-07 17:00:00, , , 149.180735701,  13.401198145,  149.548464123,  13.271585080,    12.851201483,     -16.107078815,        230.928,      -95.912, 112.546, 250.0657,    *,  1.470194,  4.93524659846031,-34.9388329,   10.0953,
 2026-Dec-07 18:00:00, , , 149.183108341,  13.400515475,  149.550844871,  13.270894078,    27.749324075,     -13.493881601,        236.376,      -98.097, 112.530, 255.9360,    *,  1.470446,  4.93440260617469,-35.2008807,   10.0933,
 2026-Dec-07 19:00:00, , , 149.185378082,  13.399874130,  149.553125644,  13.270244865,    42.019990188,      -9.187130360,        241.512,     -100.153, 112.514, 261.4678,    *,  1.470699,  4.93355253434791,-35.4433928,   10.0913,
 2026-Dec-07 20:00:00, , , 149.187539169,  13.399274299,  149.555300216,  13.269637787,    55.603796894,      -3.522142140,        246.328,     -102.076, 112.499, 266.6535,    *,  1.470954,  4.93269689776507,-35.6627656,   10.0892,
 2026-Dec-07 21:00:00, , , 149.189586775,  13.398715925,  149.557363130,  13.269072911,    68.647198174,       3.130223151,        250.818,     -103.864, 112.485, 271.4862,    *,  1.471211,  4.93183628944083,-35.8561359,   10.0872,
 2026-Dec-07 22:00:00, , , 149.191517211,  13.398198761,  149.559309951,  13.268550073,    81.448051442,      10.399516133,        254.975,     -105.514, 112.471, 275.9589,    *,  1.471469,  4.93097136053619,-36.0215597,   10.0851,
 2026-Dec-07 23:00:00, , , 149.193328058,  13.397722432,  149.561137450,  13.268068930,    94.410932708,      17.918054100,        258.794,     -107.024, 112.458, 280.0656,    *,  1.471728,  4.93010279669225,-36.1581295,   10.0830,
 2026-Dec-08 00:00:00, , , 149.195018223,  13.397286502,  149.562843713,  13.267629033,   108.023135448,      25.298351149,        262.270,     -108.392, 112.445, 283.8005,    *,  1.471988,  4.92923129237441,-36.2660214,   10.0808,
 2026-Dec-08 01:00:00, , , 149.196587913,  13.396890545,  149.564428176,  13.267229891,   122.825743198,      32.095895788,        265.397,     -109.615, 112.432, 287.1583,    *,  1.472249,  4.92835752495613,-36.3464696,   10.0787,
 2026-Dec-08 02:00:00, , , 149.198038529,  13.396534211,  149.565891568,  13.266871044,   139.315952797,      37.774014520,        268.171,     -110.693, 112.419, 290.1343,    *,  1.472511,  4.92748213028856,-36.4016690,   10.0765,
 2026-Dec-08 03:00:00, , , 149.199372486,  13.396217278,  149.567235777,  13.266552126,   157.691978547,      41.712979232,        270.589,     -111.623, 112.407, 292.7242,    *,  1.472773,  4.92660568139955,-36.4346140,   10.0743,
 2026-Dec-08 04:00:00, , , 149.200592969,  13.395939698,  149.568463647,  13.266272918,   177.476535763,      43.335457187,        272.646,     -112.404, 112.395, 294.9242,    *,  1.473035,  4.92572867174990,-36.4488836,   10.0721,
 2026-Dec-08 05:00:00, , , 149.201703653,  13.395701629,  149.569578717,  13.266033390,   197.442125946,      42.355231197,        274.340,     -113.036, 112.383, 296.7312,    *,  1.473297,  4.92485150416941,-36.4483860,   10.0698,
 2026-Dec-08 06:00:00,A, , 149.202708394,  13.395503438,  149.570584918,  13.265833723,   216.249440040,      38.948937788,        275.669,     -113.516, 112.371, 298.1424,    *,  1.473560,  4.92397448622152,-36.4370838,   10.0676,
 2026-Dec-08 07:00:00,N, , 149.203610914,  13.395345700,  149.571486263,  13.265674314,   233.214100217,      33.646304258,        276.629,     -113.845, 112.359, 299.1558,    *,  1.473822,  4.92309783225641,-36.4187157,   10.0653,
 2026-Dec-08 08:00:00,C, , 149.204414508,  13.395229171,  149.572286526,  13.265555764,   248.399248432,      27.074187937,        277.220,     -114.022, 112.347, 299.7698,    *,  1.474085,  4.92222167199425,-36.3965352,   10.0631,
 2026-Dec-08 09:00:00,*,m, 149.205121789,  13.395154744,  149.572988958,  13.265478849,   262.258701795,      19.794178867,        277.441,     -114.046, 112.335, 299.9831,    *,  1.474347,  4.92134606501974,-36.3730835,   10.0608,
 2026-Dec-08 10:00:00,*,m, 149.205734490,  13.395123399,  149.573596041,  13.265444468,   275.336484735,      12.271344728,        277.291,     -113.918, 112.324, 299.7954,    *,  1.474609,  4.92047102016275,-36.3500129,   10.0585,
 2026-Dec-08 11:00:00,*,m, 149.206253332,  13.395136131,  149.574109310,  13.265453588,   288.137455153,       4.903721089,        276.769,     -113.637, 112.312, 299.2066,    *,  1.474871,  4.91959651840639,-36.3279720,   10.0563,
 2026-Dec-08 12:00:00,*,m, 149.206677975,  13.395193890,  149.574529244,  13.265507178,   301.088784719,      -1.938812512,        275.878,     -113.204, 112.300, 298.2174,    *,  1.475133,  4.91872253772152,-36.3065612,   10.0540,
 2026-Dec-08 13:00:00,*, , 149.207007046,  13.395297503,  149.574855243,  13.265606132,   314.518470462,      -7.887273808,        274.617,     -112.619, 112.288, 296.8287,    *,  1.475395,  4.91784907809486,-36.2843611,   10.0518,
 2026-Dec-08 14:00:00,*, , 149.207238256,  13.395447613,  149.575085684,  13.265751204,   328.616289626,     -12.568738555,        272.988,     -111.883, 112.276, 295.0421,    *,  1.475657,  4.91697618500425,-36.2590327,   10.0495,
 2026-Dec-08 15:00:00,C, , 149.207368579,  13.395644620,  149.575218064,  13.265942942,   343.378429103,     -15.633460772,        270.993,     -110.996, 112.263, 292.8600,    *,  1.475919,  4.91610396970088,-36.2274810,   10.0472,
 2026-Dec-08 16:00:00,N, , 149.207394499,  13.395888639,  149.575249203,  13.266181634,   358.577062320,     -16.815106260,        268.635,     -109.961, 112.251, 290.2848,    *,  1.476181,  4.91523262487729,-36.1860724,   10.0449,
 2026-Dec-08 17:00:00, , , 149.207312297,  13.396179469,  149.575175509,  13.266467265,    13.816198334,     -16.001280738,        265.916,     -108.778, 112.238, 287.3199,    *,  1.476442,  4.91436243461548,-36.1308901,   10.0426,
 2026-Dec-08 18:00:00, , , 149.207118360,  13.396516586,  149.574993285,  13.266799500,    28.683362052,     -13.269929336,        262.840,     -107.448, 112.225, 283.9688,    *,  1.476703,  4.91349377790240,-36.0580103,   10.0403,
 2026-Dec-08 19:00:00, , , 149.206809495,  13.396899149,  149.574699041,  13.267177673,    42.911891591,      -8.863664687,        259.410,     -105.974, 112.211, 280.2359,    *,  1.476964,  4.91262712543932,-35.9637799,   10.0379,
 2026-Dec-08 20:00:00, , , 149.206383224,  13.397326026,  149.574289811,  13.267600804,    56.456808578,      -3.122043528,        255.631,     -104.357, 112.197, 276.1258,    *,  1.477223,  4.91176302993317,-35.8450776,   10.0356,
 2026-Dec-08 21:00:00, , , 149.205838034,  13.397795837,  149.573763440,  13.268067632,    69.476158284,       3.583204901,        251.508,     -102.600, 112.183, 271.6439,    *,  1.477482,  4.91090211050308,-35.6995391,   10.0331,
 2026-Dec-08 22:00:00, , , 149.205173580,  13.398307009,  149.573118826,  13.268576659,    82.275982620,      10.881884040,        247.046,     -100.703, 112.168, 266.7957,    *,  1.477740,  4.91004503223999,-35.5257321,   10.0307,
 2026-Dec-08 23:00:00, , , 149.204390805,  13.398857844,  149.572356096,  13.269126212,    95.267026513,      18.405770498,        242.251,      -98.671, 112.153, 261.5877,    *,  1.477997,  4.90919248228931,-35.3232689,   10.0282,
 2026-Dec-09 00:00:00, , , 149.203491991,  13.399446585,  149.571476708,  13.269714511,   108.941563021,      25.764752339,        237.129,      -96.506, 112.136, 256.0265,    *,  1.478252,  4.90834514406560,-35.0928479,   10.0257,
 2026-Dec-09 01:00:00, , , 149.202480721,  13.400071492,  149.570483473,  13.270339745,   123.842408452,      32.509041472,        231.686,      -94.210, 112.119, 250.1193,    *,  1.478505,  4.90750367133684,-34.8362230,   10.0231,
 2026-Dec-09 02:00:00, , , 149.201361761,  13.400730903,  149.569380491,  13.271000138,   140.457587438,      38.095181967,        225.930,      -91.786, 112.101, 243.8739,    *,  1.478757,  4.90666866392549,-34.5561008,   10.0205,
 2026-Dec-09 03:00:00, , , 149.200140874,  13.401423297,  149.568173004,  13.271694015,   158.953013163,      41.900395244,        219.868,      -89.238, 112.083, 237.2985,    *,  1.479007,  4.90584064666342,-34.2559742,   10.0178,
 2026-Dec-09 04:00:00, , , 149.198824568,  13.402147337,  149.566867187,  13.272419864,   178.797588061,      43.357694617,        213.509,      -86.570, 112.063, 230.4016,    *,  1.479254,  4.90502005301564,-33.9399032,   10.0152,
 2026-Dec-09 05:00:00, , , 149.197419802,  13.402901899,  149.565469871,  13.273176367,   198.729038105,      42.208230463,        206.860,      -83.783, 112.041, 223.1924,    *,  1.479499,  4.90420721446810,-33.6122578,   10.0125,
 2026-Dec-09 06:00:00,A, , 149.195933673,  13.403686083,  149.563988243,  13.273962434,   217.431380112,      38.658381984,        199.931,      -80.883, 112.019, 215.6805,    *,  1.479742,  4.90340235638106,-33.2774409,   10.0098,
 2026-Dec-09 07:00:00,N, , 149.194373096,  13.404499207,  149.562429515,  13.274777201,   234.274163420,      33.252426461,        192.730,      -77.873, 111.994, 207.8757,    *,  1.479983,  4.90260560056489,-32.9396099,   10.0070,
 2026-Dec-09 08:00:00,C, , 149.192744508,  13.405340782,  149.560800612,  13.275620024,   249.358639120,      26.616664521,        185.267,      -74.758, 111.968, 199.7885,    *,  1.480221,  4.90181697437650,-32.6024155,   10.0043,
 2026-Dec-09 09:00:00,*, , 149.191053607,  13.406210472,  149.559107874,  13.276490444,   263.152132771,      19.306565453,        177.552,      -71.540, 111.939, 191.4297,    *,  1.480456,  4.90103642571576,-32.2687777,   10.0015,
 2026-Dec-09 10:00:00,*,m, 149.189305154,  13.407108037,  149.557356817,  13.277388143,   276.198894292,      11.781826126,        169.596,      -68.225, 111.908, 182.8103,    *,  1.480690,  4.90026384279742,-31.9407122,    9.9988,
 2026-Dec-09 11:00:00,*,m, 149.187502845,  13.408033273,  149.555551945,  13.278312886,   288.999567875,       4.437672493,        161.408,      -64.817, 111.873, 173.9420,    *,  1.480921,  4.89949907739764,-31.6192188,    9.9960,
 2026-Dec-09 12:00:00,*,m, 149.185649255,  13.408985942,  149.553696652,  13.279264452,   301.975606432,      -2.356564308,        153.001,      -61.321, 111.835, 164.8365,    *,  1.481150,  4.89874196993217,-31.3042412,    9.9932,
 2026-Dec-09 13:00:00,*,m, 149.183745876,  13.409965702,  149.551793193,  13.280242567,   315.447287664,      -8.231362379,        144.384,      -57.740, 111.791, 155.5060,    *,  1.481377,  4.89799237462082,-30.9946998,    9.9904,
 2026-Dec-09 14:00:00,*, , 149.181793231,  13.410972048,  149.549842744,  13.281246836,   329.593131980,     -12.814039257,        135.570,      -54.081, 111.743, 145.9632,    *,  1.481601,  4.89725018299475,-30.6885961,    9.9876,
 2026-Dec-09 15:00:00,C, , 149.179791053,  13.412004251,  149.547845548,  13.282276675,   344.394512465,     -15.758258813,        126.571,      -50.348, 111.687, 136.2206,    *,  1.481823,  4.89651534411718,-30.3831799,    9.9848,
 2026-Dec-09 16:00:00,N, , 149.177738538,  13.413061321,  149.545801117,  13.283331264,   359.609286075,     -16.806011783,        117.398,      -46.545, 111.623, 126.2915,    *,  1.482044,  4.89578788011425,-30.0751692,    9.9819,
 2026-Dec-09 17:00:00, , , 149.175634626,  13.414141978,  149.543708505,  13.284409510,    14.834923603,     -15.857305594,        108.064,      -42.679, 111.547, 116.1892,    *,  1.482262,  4.89506789593466,-29.7610076,    9.9791,
 2026-Dec-09 18:00:00, , , 149.173478310,  13.415244650,  149.541566602,  13.285510023,    29.664430188,     -13.002755456,         98.581,      -38.754, 111.457, 105.9273,    *,  1.482477,  4.89435558265303,-29.4371401,    9.9762,
 2026-Dec-09 19:00:00, , , 149.171268952,  13.416367475,  149.539374453,  13.286631114,    43.845141769,      -8.493896685,         88.963,      -34.776, 111.347,  95.5196,    *,  1.482691,  4.89365121407559,-29.1002909,    9.9733,
 2026-Dec-09 20:00:00, , , 149.169006564,  13.417508339,  149.537131572,  13.287770815,    57.347277158,      -2.674250270,         79.221,      -30.749, 111.210,  84.9803,    *,  1.482902,  4.89295513686654,-28.7477209,    9.9703,
 2026-Dec-09 21:00:00, , , 149.166692062,  13.418664916,  149.534838217,  13.288926913,    70.340756010,       4.083892284,         69.369,      -26.680, 111.034,  74.3237,    *,  1.483110,  4.89226775485894,-28.3774508,    9.9673,
 2026-Dec-09 22:00:00, , , 149.164327453,  13.419834726,  149.532495631,  13.290096996,    83.139912505,      11.410764665,         59.421,      -22.573, 110.799,  63.5645,    *,  1.483316,  4.89158950861299,-27.9884308,    9.9643,
 2026-Dec-09 23:00:00, , , 149.161915954,  13.421015205,  149.530106207,  13.291278522,    96.161794980,      18.937589262,         49.389,      -18.435, 110.467,  52.7179,    *,  1.483518,  4.89092085161267,-27.5806484,    9.9612,
 2026-Dec-10 00:00:00, , , 149.159462027,  13.422203777,  149.527673586,  13.292468884,   109.903797972,      26.271406268,         39.288,      -14.271, 109.962,  41.7997,    *,  1.483718,  4.89026222472219,-27.1551646,    9.9581,
 2026-Dec-10 01:00:00, , , 149.156971339,  13.423397925,  149.525202663,  13.293665489,   124.910252833,      32.956759473,         29.130,      -10.087, 109.098,  30.8275,    *,  1.483915,  4.88961403064502,-26.7140775,    9.9550,
 2026-Dec-10 02:00:00, , , 149.154450629,  13.424595260,  149.522699516,  13.294865827,   141.658570190,      38.443080815,         18.931,       -5.888, 107.275,  19.8254,    t,  1.484108,  4.88897661012942,-26.2604145,    9.9518,
 2026-Dec-10 03:00:00, , , 149.151907516,  13.425793581,  149.520171256,  13.296067538,   160.278969907,      42.104885249,          8.703,       -1.680, 100.923,   8.8636,    t,  1.484299,  4.88835022154555,-25.7979612,    9.9486,
 2026-Dec-10 04:00:00, , , 149.149350237,  13.426990916,  149.517625795,  13.297268472,   180.183072095,      43.387158971,         -1.539,        2.532, 328.698,   2.9629,    t,  1.484485,  4.88773502523022,-25.3310386,    9.9453,
 2026-Dec-10 05:00:00, , , 149.146787351,  13.428185556,  149.515071580,  13.298466723,   200.074576778,      42.060591277,        -11.782,        6.740, 299.773,  13.5741,    t,  1.484669,  4.88713107366906,-24.8642438,    9.9420,
 2026-Dec-10 06:00:00,A, , 149.144227417,  13.429376064,  149.512517272,  13.299660661,   218.665038499,      38.362270775,        -22.012,       10.941, 296.430,  24.5811,    *,  1.484849,  4.88653830818805,-24.4021712,    9.9388,
 2026-Dec-10 07:00:00,N, , 149.141678676,  13.430561267,  149.509971420,  13.300848931,   235.380595341,      32.850624404,        -32.214,       15.128, 295.156,  35.5893,    *,  1.485026,  4.88595656238072,-23.9491348,    9.9355,
 2026-Dec-10 08:00:00,C, , 149.139148747,  13.431740231,  149.507442144,  13.302030444,   250.360897368,      26.150705423,        -42.376,       19.295, 294.483,  46.5612,    *,  1.485199,  4.88538557203797,-23.5089084,    9.9322,
 2026-Dec-10 09:00:00,*, , 149.136644376,  13.432912221,  149.504936836,  13.303204342,   264.086347242,      18.811407098,        -52.482,       23.437, 294.066,  57.4767,    *,  1.485370,  4.88482499090275,-23.0845041,    9.9288,
 2026-Dec-10 10:00:00,*, , 149.134171230,  13.434076643,  149.502461927,  13.304369956,   277.101010310,      11.286819767,        -62.520,       27.548, 293.782,  68.3188,    *,  1.485537,  4.88427441117624,-22.6780011,    9.9255,
 2026-Dec-10 11:00:00,*,m, 149.131733781,  13.435232987,  149.500022698,  13.305526744,   289.900950577,       3.969234347,        -72.475,       31.622, 293.575,  79.0722,    *,  1.485702,  4.88373338739402,-22.2904393,    9.9222,
 2026-Dec-10 12:00:00,*,m, 149.129335251,  13.436380748,  149.497623186,  13.306674225,   302.901458128,      -2.772676546,        -82.335,       35.655, 293.418,  89.7218,    *,  1.485864,  4.88320146197787,-21.9217856,    9.9189,
 2026-Dec-10 13:00:00,*,m, 149.126977657,  13.437519368,  149.495266162,  13.307811908,   316.414480006,      -8.569048377,        -92.085,       39.640, 293.294, 100.2528,    *,  1.486023,  4.88267819076902,-21.5709704,    9.9156,
 2026-Dec-10 14:00:00,*,m, 149.124661923,  13.438648166,  149.492953200,  13.308939225,   330.606546542,     -13.047836786,       -101.713,       43.573, 293.194, 110.6509,    *,  1.486180,  4.88216316679060,-21.2359967,    9.9122,
 2026-Dec-10 15:00:00,C, , 149.122388075,  13.439766288,  149.490684819,  13.310055470,   345.443669164,     -15.866763870,       -111.206,       47.447, 293.110, 120.9019,    *,  1.486334,  4.88165604061412,-20.9141119,    9.9089,
 2026-Dec-10 16:00:00,N, , 149.120155489,  13.440872662,  149.488460699,  13.311159743,     0.669515919,     -16.776910723,       -120.550,       51.258, 293.040, 130.9919,    *,  1.486486,  4.88115653594976,-20.6020308,    9.9055,
 2026-Dec-10 17:00:00, , , 149.117963179,  13.441965981,  149.486279951,  13.312250920,    15.875982366,     -15.691237731,       -129.734,       55.001, 292.979, 140.9072,    *,  1.486636,  4.88066445940427,-20.2961941,    9.9022,
 2026-Dec-10 18:00:00, , , 149.115810106,  13.443044687,  149.484141420,  13.313327630,    30.662796417,     -12.713108649,       -138.744,       58.669, 292.927, 150.6343,    *,  1.486784,  4.88017970375102,-19.9930463,    9.8988,
 2026-Dec-10 19:00:00, , , 149.113695494,  13.444106991,  149.482043999,  13.314388254,    44.792076054,      -8.102661895,       -147.569,       62.260, 292.881, 160.1600,    *,  1.486929,  4.87970224450287,-19.6893113,    9.8954,
 2026-Dec-10 20:00:00, , , 149.111619112,  13.445150900,  149.479986946,  13.315430945,    58.249384529,      -2.206951893,       -156.196,       65.766, 292.839, 169.4715,    *,  1.487072,  4.87923213003831,-19.3822493,    9.8920,
 2026-Dec-10 21:00:00, , , 149.109581522,  13.446174265,  149.477970159,  13.316453662,    71.216320649,       4.601492256,       -164.614,       69.185, 292.803, 178.5562,    *,  1.487213,  4.87876946597432,-19.0698754,    9.8885,
 2026-Dec-10 22:00:00, , , 149.107584267,  13.447174836,  149.475994408,  13.317454224,    84.015270260,      11.953489547,       -172.812,       72.511, 292.769, 187.4017,    *,  1.487352,  4.87831439487464,-18.7511263,    9.8851,
 2026-Dec-10 23:00:00, , , 149.105629977,  13.448150335,  149.474061502,  13.318430370,    97.069393555,      19.479713469,       -180.778,       75.739, 292.739, 195.9960,    *,  1.487488,  4.87786707270300,-18.4259628,    9.8816,
 2026-Dec-11 00:00:00, , , 149.103722412,  13.449098526,  149.472174378,  13.319379832,   110.880948507,      26.784258639,       -188.502,       78.866, 292.711, 204.3276,    *,  1.487623,  4.87742764365454,-18.0954015,    9.8780,
 2026-Dec-11 01:00:00, , , 149.101866401,  13.450017289,  149.470337106,  13.320300410,   125.995097345,      33.405897709,       -195.973,       81.887, 292.685, 212.3850,    *,  1.487754,  4.87699621511125,-17.7614725,    9.8745,
 2026-Dec-11 02:00:00, , , 149.100067719,  13.450904683,  149.468554808,  13.321190040,   142.876970551,      38.787099772,       -203.182,       84.798, 292.661, 220.1576,    *,  1.487883,  4.87657283445924,-17.4271077,    9.8709,
 2026-Dec-11 03:00:00, , , 149.098332884,  13.451759007,  149.466833504,  13.322046865,   161.618592825,      42.300531631,       -210.117,       87.595, 292.638, 227.6346,    *,  1.488010,  4.87615746937917,-17.0959660,    9.8673,
 2026-Dec-11 04:00:00, , , 149.096668893,  13.452578844,  149.465179887,  13.322869285,   181.573646586,      43.404780729,       -216.770,       90.274, 292.617, 234.8061,    *,  1.488134,  4.87574999298382,-16.7722074,    9.8637,
 2026-Dec-11 05:00:00, , , 149.095082925,  13.453363084,  149.463601037,  13.323655998,   201.415698874,      41.901172212,       -223.133,       92.832, 292.598, 241.6623,    *,  1.488256,  4.87535017484510,-16.4602320,    9.8601,
 2026-Dec-11 06:00:00,A, , 149.093582022,  13.454110939,  149.462104116,  13.324406022,   219.888322128,      38.056814099,       -229.196,       95.265, 292.579, 248.1940,    *,  1.488376,  4.87495767855035,-16.1644015,    9.8565,
 2026-Dec-11 07:00:00,N, , 149.092172771,  13.454821927,  149.460696035,  13.325118697,   236.474630591,      32.442767567,       -234.951,       97.570, 292.561, 254.3924,    *,  1.488494,  4.87457206598028,-15.8887625,    9.8528,
 2026-Dec-11 08:00:00,C, , 149.090861005,  13.455495847,  149.459383141,  13.325793673,   251.350785016,      25.681855650,       -240.390,       99.744, 292.544, 260.2493,    *,  1.488610,  4.87419280804149,-15.6367896,    9.8492,
 2026-Dec-11 09:00:00,*, , 149.089651557,  13.456132738,  149.458170927,  13.326430870,   265.008750127,      18.316066432,       -245.507,      101.785, 292.528, 265.7567,    *,  1.488724,  4.87381930114408,-15.4111676,    9.8456,
 2026-Dec-11 10:00:00,*, , 149.088548064,  13.456732817,  149.457063797,  13.327030433,   277.991691824,      10.793842877,       -250.294,      103.688, 292.512, 270.9073,    *,  1.488836,  4.87345088832260,-15.2136257,    9.8420,
 2026-Dec-11 11:00:00,*,m, 149.087552856,  13.457296415,  149.456064899,  13.327592673,   290.790798964,       3.504546875,       -254.745,      105.452, 292.497, 275.6943,    *,  1.488948,  4.87308688358049,-15.0448365,    9.8385,
 2026-Dec-11 12:00:00,*,m, 149.086666913,  13.457823911,  149.455176024,  13.328117994,   303.815026757,      -3.183855037,       -258.854,      107.075, 292.482, 280.1113,    *,  1.489058,  4.87272659781828,-14.9043866,    9.8349,
 2026-Dec-11 13:00:00,*,m, 149.085889913,  13.458315656,  149.454397606,  13.328606823,   317.367835283,      -8.901301261,       -262.616,      108.554, 292.468, 284.1524,    *,  1.489167,  4.87236936459843,-14.7908192,    9.8313,
 2026-Dec-11 14:00:00,*,m, 149.085220365,  13.458771911,  149.453728793,  13.329059540,   331.603688018,     -13.276641084,       -266.025,      109.888, 292.454, 287.8123,    *,  1.489275,  4.87201456400948,-14.7017490,    9.8278,
 2026-Dec-11 15:00:00,C,m, 149.084655801,  13.459192795,  149.453167602,  13.329476416,   346.473453424,     -15.971958099,       -269.078,      111.074, 292.441, 291.0862,    *,  1.489383,  4.87166164301490,-14.6340367,    9.8243,
 2026-Dec-11 16:00:00,N, , 149.084193036,  13.459578240,  149.452711143,  13.329857560,     1.707304689,     -16.747592676,       -271.770,      112.111, 292.427, 293.9697,    *,  1.489491,  4.87131013095648,-14.5840162,    9.8208,
 2026-Dec-11 17:00:00, , , 149.083828462,  13.459927969,  149.452355894,  13.330202885,    16.892504420,     -15.529281919,       -274.097,      112.998, 292.414, 296.4590,    *,  1.489598,  4.87095964914388,-14.5477555,    9.8172,
 2026-Dec-11 18:00:00, , , 149.083558366,  13.460241487,  149.452098010,  13.330512083,    31.636074733,     -12.432611365,       -276.057,      113.733, 292.402, 298.5508,    *,  1.489705,  4.87060991391868,-14.5213348,    9.8137,
 2026-Dec-11 19:00:00, , , 149.083379241,  13.460518096,  149.451933649,  13.330784629,    45.714763160,      -7.725703327,       -277.647,      114.316, 292.389, 300.2425,    *,  1.489812,  4.87026073301725,-14.5011226,    9.8102,
 2026-Dec-11 20:00:00, , , 149.083288077,  13.460756923,  149.451859279,  13.331019799,    59.128853650,      -1.758702389,       -278.864,      114.745, 292.376, 301.5317,    *,  1.489918,  4.86991199551284,-14.4840299,    9.8067,
 2026-Dec-11 21:00:00, , , 149.083282609,  13.460956967,  149.451871965,  13.331216701,    72.070958428,       5.095817909,       -279.708,      115.021, 292.364, 302.4167,    *,  1.490025,  4.86956365605758,-14.4677272,    9.8031,
 2026-Dec-11 22:00:00, , , 149.083361499,  13.461117156,  149.451969597,  13.331374332,    84.870998108,      12.469280654,       -280.177,      115.142, 292.351, 302.8965,    *,  1.490131,  4.86921571453593,-14.4508067,    9.7996,
 2026-Dec-11 23:00:00, , , 149.083524451,  13.461236414,  149.452151060,  13.331491633,    97.957813657,      19.991764254,       -280.270,      115.109, 292.339, 302.9703,    *,  1.490238,  4.86886819255533,-14.4328813,    9.7960,
 2026-Dec-12 00:00:00, , , 149.083772241,  13.461313735,  149.452416313,  13.331567566,   111.837976435,      27.264408943,       -279.988,      114.922, 292.326, 302.6382,    *,  1.490344,  4.86852110841641,-14.4146114,    9.7924,
 2026-Dec-12 01:00:00, , , 149.084106666,  13.461348248,  149.452766403,  13.331601183,   127.056533898,      33.820377713,       -279.330,      114.580, 292.314, 301.9005,    *,  1.490450,  4.86817445230995,-14.3976592,    9.7888,
 2026-Dec-12 02:00:00, , , 149.084530412,  13.461339288,  149.453203377,  13.331591697,   144.064894047,      39.095731410,       -278.299,      114.086, 292.301, 300.7584,    *,  1.490556,  4.86782816347122,-14.3845729,    9.7852,
 2026-Dec-12 03:00:00, , , 149.085046852,  13.461286445,  149.453730128,  13.331538543,   162.916003371,      42.462422615,       -276.894,      113.438, 292.288, 299.2133,    *,  1.490662,  4.86748211088872,-14.3786085,    9.7816,
 2026-Dec-12 04:00:00, , , 149.085659788,  13.461189609,  149.454350168,  13.331441432,   182.908188374,      43.393815803,       -275.119,      112.638, 292.275, 297.2674,    *,  1.490768,  4.86713607892015,-14.3835026,    9.7781,
 2026-Dec-12 05:00:00, , , 149.086373150,  13.461048992,  149.455067349,  13.331300387,   202.691145393,      41.721515818,       -272.975,      111.688, 292.262, 294.9234,    *,  1.490874,  4.86678975883236,-14.4032102,    9.7745,
 2026-Dec-12 06:00:00,A, , 149.087190687,  13.460865134,  149.455885556,  13.331115760,   221.043908791,      37.740394303,       -270.465,      110.587, 292.249, 292.1844,    *,  1.490980,  4.86644274687545,-14.4416268,    9.7709,
 2026-Dec-12 07:00:00,N, , 149.088115647,  13.460638891,  149.456808380,  13.330888235,   237.504245952,      32.031936104,       -267.594,      109.339, 292.235, 289.0542,    *,  1.491087,  4.86609454905314,-14.5023130,    9.7674,
 2026-Dec-12 08:00:00,C, , 149.089150490,  13.460371402,  149.457838809,  13.330618807,   252.281090952,      25.215833546,       -264.364,      107.944, 292.221, 285.5371,    *,  1.491194,  4.86574459229289,-14.5882409,    9.7638,
 2026-Dec-12 09:00:00,*, , 149.090296650,  13.460064045,  149.458978950,  13.330308743,   265.875798562,      17.827187157,       -260.780,      106.405, 292.207, 281.6377,    *,  1.491302,  4.86539224127961,-14.7015798,    9.7603,
 2026-Dec-12 10:00:00,*, , 149.091554347,  13.459718376,  149.460229798,  13.329959536,   278.829899524,      10.309075086,       -256.847,      104.724, 292.192, 277.3615,    *,  1.491411,  4.86503681982923,-14.8435354,    9.7568,
 2026-Dec-12 11:00:00,*,m, 149.092922480,  13.459336061,  149.461591076,  13.329572837,   291.629641579,       3.048168988,       -252.570,      102.902, 292.176, 272.7143,    *,  1.491521,  4.86467763536638,-15.0142542,    9.7534,
 2026-Dec-12 12:00:00,*,m, 149.094398605,  13.458918803,  149.463061154,  13.329150385,   304.677815558,      -3.588149331,       -247.956,      100.942, 292.160, 267.7022,    *,  1.491633,  4.86431400485819,-15.2127986,    9.7499,
 2026-Dec-12 13:00:00,*,m, 149.095978986,  13.458468274,  149.464637046,  13.328693934,   318.269676137,      -9.229599577,       -243.010,       98.848, 292.144, 262.3321,    *,  1.491746,  4.86394528045508,-15.4371958,    9.7465,
 2026-Dec-12 14:00:00,*,m, 149.097658736,  13.457986044,  149.466314502,  13.328205180,   332.548058687,     -13.505938307,       -237.739,       96.621, 292.127, 256.6111,    *,  1.491861,  4.86357087311008,-15.6845564,    9.7432,
 2026-Dec-12 15:00:00,C,m, 149.099432022,  13.457473532,  149.468088165,  13.327685700,   347.449382541,     -16.083538518,       -232.150,       94.265, 292.108, 250.5471,    *,  1.491978,  4.86319027258573,-15.9512543,    9.7398,
 2026-Dec-12 16:00:00,N,m, 149.101292330,  13.456931958,  149.469951809,  13.327136899,     2.691215794,     -16.731680599,       -226.251,       91.783, 292.089, 244.1479,    *,  1.492096,  4.86280306250256,-16.2331563,    9.7365,
 2026-Dec-12 17:00:00, ,m, 149.103232768,  13.456362322,  149.471898614,  13.326559969,    17.856865918,     -15.388237242,       -220.049,       89.178, 292.069, 237.4224,    *,  1.492217,  4.86240892940379,-16.5258867,    9.7332,
 2026-Dec-12 18:00:00, , , 149.105246384,  13.455765397,  149.473921492,  13.325955874,    32.560619443,     -12.180216197,       -213.553,       86.453, 292.048, 230.3793,    *,  1.492341,  4.86200766528496,-16.8251037,    9.7298,
 2026-Dec-12 19:00:00, , , 149.107326487,  13.455141737,  149.476013404,  13.325325344,    46.593110574,      -7.383079177,       -206.772,       83.613, 292.025, 223.0282,    *,  1.492466,  4.86159916341469,-17.1267763,    9.7265,
 2026-Dec-12 20:00:00, , , 149.109466937,  13.454491710,  149.478167682,  13.324668898,    59.968372361,      -1.349757155,       -199.714,       80.661, 292.000, 215.3788,    *,  1.492594,  4.86118340775854,-17.4274368,    9.7232,
 2026-Dec-12 21:00:00, , , 149.111662392,  13.453815542,  149.480378311,  13.323986874,    72.889250669,       5.547140156,       -192.388,       77.601, 291.974, 207.4412,    *,  1.492723,  4.86076045675887,-17.7243945,    9.7199,
 2026-Dec-12 22:00:00, , , 149.113908492,  13.453113376,  149.482640160,  13.323279481,    85.692688139,      12.939506225,       -184.806,       74.437, 291.946, 199.2261,    *,  1.492856,  4.86033042260034,-18.0158948,    9.7166,
 2026-Dec-12 23:00:00, , , 149.116201976,  13.452385334,  149.484949149,  13.322546861,    98.812805002,      20.456689128,       -176.976,       71.173, 291.915, 190.7443,    *,  1.492990,  4.85989344740218,-18.3012142,    9.7133,
 2026-Dec-13 00:00:00, , , 149.118540705,  13.451631590,  149.487302331,  13.321789160,   112.759968717,      27.696846154,       -168.909,       67.814, 291.881, 182.0072,    *,  1.493126,  4.85944967798799,-18.5806830,    9.7100,
 2026-Dec-13 01:00:00, , , 149.120923613,  13.450852439,  149.489697898,  13.321006592,   128.078283697,      34.187729528,       -160.616,       64.364, 291.843, 173.0264,    *,  1.493265,  4.85899924098049,-18.8556357,    9.7066,
 2026-Dec-13 02:00:00, , , 149.123350574,  13.450048357,  149.492135098,  13.320199515,   145.204436399,      39.359582226,       -152.107,       60.827, 291.802, 163.8138,    *,  1.493405,  4.85854221994593,-19.1282909,    9.7033,
 2026-Dec-13 03:00:00, , , 149.125822200,  13.449220057,  149.494614078,  13.319368487,   164.152471138,      42.584643381,       -143.395,       57.209, 291.755, 154.3817,    *,  1.493547,  4.85807863617143,-19.4015716,    9.7000,
 2026-Dec-13 04:00:00, , , 149.128339577,  13.448368524,  149.497135651,  13.318514319,   184.169201123,      43.351717166,       -134.491,       53.514, 291.703, 144.7426,    *,  1.493692,  4.85760843440863,-19.6788744,    9.6967,
 2026-Dec-13 05:00:00, , , 149.130903978,  13.447495038,  149.499701027,  13.317638106,   203.886688930,      41.521606315,       -125.406,       49.747, 291.642, 134.9095,    *,  1.493839,  4.85713147457660,-19.9638075,    9.6934,
 2026-Dec-13 06:00:00,A, , 149.133516541,  13.446601179,  149.502311497,  13.316741243,   222.121411623,      37.414352253,       -116.153,       45.913, 291.572, 124.8953,    *,  1.493988,  4.85664753000717,-20.2599126,    9.6901,
 2026-Dec-13 07:00:00,N, , 149.136177963,  13.445688811,  149.504968120,  13.315825425,   238.462335418,      31.619854998,       -106.744,       42.017, 291.490, 114.7135,    *,  1.494139,  4.85615629236692,-20.5703911,    9.6869,
 2026-Dec-13 08:00:00,C, , 149.138888220,  13.444760044,  149.507671408,  13.314892627,   253.147245351,      24.754147293,        -97.191,       38.065, 291.391, 104.3776,    *,  1.494292,  4.85565738293227,-20.8978527,    9.6836,
 2026-Dec-13 09:00:00,*, , 149.141646322,  13.443817193,  149.510421057,  13.313945058,   266.684935296,      17.345760178,        -87.508,       34.061, 291.271,  93.9014,    *,  1.494448,  4.85515036945728,-21.2441049,    9.6804,
 2026-Dec-13 10:00:00,*, , 149.144450145,  13.442862713,  149.513215725,  13.312985115,   279.614817073,       9.832899778,        -77.706,       30.011, 291.120,  83.2990,    *,  1.494607,  4.85463478749003,-21.6099959,    9.6773,
 2026-Dec-13 11:00:00,*, , 149.147296326,  13.441899127,  149.516052875,  13.312015313,   292.418327134,       2.599947671,        -67.800,       25.920, 290.925,  72.5845,    *,  1.494769,  4.85411016468831,-21.9953238,    9.6741,
 2026-Dec-13 12:00:00,*,m, 149.150180245,  13.440928958,  149.518928703,  13.311038216,   305.492400112,      -3.986031364,        -57.801,       21.794, 290.661,  61.7727,    u,  1.494933,  4.85357604647807,-22.3988166,    9.6710,
 2026-Dec-13 13:00:00,*,m, 149.153096090,  13.439954653,  149.521838143,  13.310056359,   319.124439806,      -9.554369741,        -47.724,       17.638, 290.285,  50.8784,    u,  1.495101,  4.85303202130619,-22.8181854,    9.6679,
 2026-Dec-13 14:00:00,*,m, 149.156037001,  13.438978518,  149.524774964,  13.309072179,   333.446070721,     -13.735604179,        -37.581,       13.457, 289.703,  39.9176,    u,  1.495271,  4.85247774376538,-23.2502474,    9.6648,
 2026-Dec-13 15:00:00,C,m, 149.158995282,  13.438002663,  149.527731940,  13.308087949,   348.379807854,     -16.200225597,        -27.386,        9.258, 288.678,  28.9086,    *,  1.495445,  4.85191295401387,-23.6911090,    9.6618,
 2026-Dec-13 16:00:00,N,m, 149.161962673,  13.437028960,  149.530701085,  13.307105726,     3.631249226,     -16.726131953,        -17.153,        5.044, 286.388,  17.8794,    O,  1.495623,  4.85133749216568,-24.1363983,    9.6587,
 2026-Dec-13 17:00:00, ,m, 149.164930654,  13.436059018,  149.533673943,  13.306127315,    18.780189809,     -15.262817351,         -6.895,        0.824, 276.812,   6.9436,    O,  1.495804,  4.85075130667012,-24.5815293,    9.6557,
 2026-Dec-13 18:00:00, ,m, 149.167890769,  13.435094176,  149.536641908,  13.305154248,    33.448096029,     -11.948135058,          3.375,       -3.400, 135.205,   4.7908,    O,  1.495988,  4.85015445610985,-25.0219815,    9.6527,
 2026-Dec-13 19:00:00, , , 149.170834946,  13.434135517,  149.539596552,  13.304187782,    47.438913648,      -7.064472195,         13.644,       -7.620, 119.182,  15.6271,    O,  1.496175,  4.84954710429652,-25.4535743,    9.6497,
 2026-Dec-13 20:00:00, , , 149.173755787,  13.433183895,  149.542529941,  13.303228923,    60.779741854,      -0.967411436,         23.896,      -11.831, 116.338,  26.6645,    *,  1.496366,  4.84892950899670,-25.8727188,    9.6466,
 2026-Dec-13 21:00:00, , , 149.176646817,  13.432239984,  149.545434921,  13.302278453,    73.683176876,       5.970309736,         34.120,      -16.027, 115.160,  37.6968,    *,  1.496559,  4.84830200506490,-26.2766283,    9.6436,
 2026-Dec-13 22:00:00, , , 149.179502662,  13.431304331,  149.548305342,  13.301336987,    86.492941775,      13.380856757,         44.301,      -20.204, 114.514,  48.6908,    *,  1.496756,  4.84766498313657,-26.6634745,    9.6406,
 2026-Dec-13 23:00:00, , , 149.182319161,  13.430377427,  149.551136227,  13.300405034,    99.648311748,      20.892637452,         54.426,      -24.355, 114.106,  59.6273,    *,  1.496955,  4.84701886533487,-27.0324782,    9.6375,
 2026-Dec-14 00:00:00, , , 149.185093393,  13.429459773,  149.553923849,  13.299483062,   113.663258778,      28.100667805,         64.482,      -28.474, 113.823,  70.4898,    *,  1.497158,  4.84636407965544,-27.3839278,    9.6345,
 2026-Dec-14 01:00:00, , , 149.187823617,  13.428551949,  149.556665732,  13.298571570,   129.080474829,      34.527260330,         74.455,      -32.558, 113.616,  81.2632,    *,  1.497363,  4.84570103477857,-27.7191255,    9.6314,
 2026-Dec-14 02:00:00, , , 149.190509137,  13.427654676,  149.559360564,  13.297671160,   146.321125482,      39.597087859,         84.332,      -36.599, 113.457,  91.9326,    *,  1.497570,  4.84503009702950,-28.0402635,    9.6283,
 2026-Dec-14 03:00:00, , , 149.193150097,  13.426768868,  149.562008036,  13.296782591,   165.360084577,      42.683311535,         94.099,      -40.593, 113.331, 102.4837,    *,  1.497780,  4.84435157105830,-28.3502405,    9.6253,
 2026-Dec-14 04:00:00, , , 149.195747217,  13.425895668,  149.564608607,  13.295906830,   185.394933812,      43.290753283,        103.745,      -44.534, 113.228, 112.9022,    *,  1.497992,  4.84366568555556,-28.6524291,    9.6222,
 2026-Dec-14 05:00:00, , , 149.198301498,  13.425036470,  149.567163229,  13.295045087,   205.044329703,      41.308882847,        113.256,      -48.418, 113.143, 123.1742,    *,  1.498206,  4.84297258497459,-28.9504120,    9.6191,
 2026-Dec-14 06:00:00,A, , 149.200813905,  13.424192922,  149.569673035,  13.294198825,   223.163583772,      37.081345513,        122.619,      -52.238, 113.070, 133.2859,    *,  1.498423,  4.84227232781744,-29.2477036,    9.6161,
 2026-Dec-14 07:00:00,N, , 149.203285058,  13.423366904,  149.572139016,  13.293369762,   239.390588532,      31.205292385,        131.822,      -55.990, 113.008, 143.2238,    *,  1.498642,  4.84156489159278,-29.5474769,    9.6130,
 2026-Dec-14 08:00:00,C, , 149.205714953,  13.422560503,  149.574561716,  13.292559844,   253.989516815,      24.292915965,        140.853,      -59.669, 112.954, 152.9746,    *,  1.498863,  4.84085018409451,-29.8523142,    9.6100,
 2026-Dec-14 09:00:00,*, , 149.208102724,  13.421775955,  149.576940961,  13.291771207,   267.475498487,      16.866530868,        149.699,      -63.270, 112.906, 162.5252,    *,  1.499087,  4.84012806021637,-30.1639993,    9.6070,
 2026-Dec-14 10:00:00,*, , 149.210446472,  13.421015587,  149.579275637,  13.291006125,   280.385645044,       9.359919971,        158.349,      -66.788, 112.863, 171.8628,    *,  1.499313,  4.83939834313830,-30.4833641,    9.6040,
 2026-Dec-14 11:00:00,*, , 149.212743166,  13.420281747,  149.581563542,  13.290266938,   293.196712966,       2.155558022,        166.791,      -70.218, 112.825, 180.9750,    *,  1.499541,  4.83866084841837,-30.8102015,    9.6010,
 2026-Dec-14 12:00:00,*,m, 149.214988631,  13.419576731,  149.583801312,  13.289555985,   306.299905835,      -4.379519108,        175.014,      -73.556, 112.790, 189.8496,    *,  1.499772,  4.83791540932588,-31.1432502,    9.5980,
 2026-Dec-14 13:00:00,*,m, 149.217177618,  13.418902710,  149.585984438,  13.288875527,   319.974770462,      -9.874076068,        183.007,      -76.798, 112.758, 198.4747,    *,  1.500006,  4.83716190166393,-31.4802522,    9.5951,
 2026-Dec-14 14:00:00,*,m, 149.219303946,  13.418261667,  149.588107361,  13.288227678,   334.341593117,     -13.959384370,        190.759,      -79.938, 112.729, 206.8388,    *,  1.500242,  4.83640026636424,-31.8180795,    9.5921,
 2026-Dec-14 15:00:00,C,m, 149.221360726,  13.417655337,  149.590163645,  13.287614339,   349.308901224,     -16.310150122,        198.260,      -82.973, 112.702, 214.9305,    *,  1.500481,  4.83563052828921,-32.1529203,    9.5892,
 2026-Dec-14 16:00:00,N,m, 149.223340628,  13.417085176,  149.592146224,  13.287037148,     4.570515934,     -16.713050972,        205.499,      -85.899, 112.677, 222.7390,    *,  1.500722,  4.83485280993393,-32.4805147,    9.5862,
 2026-Dec-14 17:00:00, ,m, 149.225236192,  13.416552326,  149.594047688,  13.286497442,    19.703198272,     -15.129283826,        212.468,      -88.711, 112.654, 230.2539,    *,  1.500966,  4.83406733907075,-32.7964195,    9.5833,
 2026-Dec-14 18:00:00, ,m, 149.227040150,  13.416057620,  149.595860603,  13.285996243,    34.336050645,     -11.707480944,        219.156,      -91.406, 112.632, 237.4649,    *,  1.501212,  4.83327444979137,-33.0962885,    9.5803,
 2026-Dec-14 19:00:00, ,m, 149.228745745,  13.415601589,  149.597577842,  13.285534256,    48.286515584,      -6.736826020,        225.555,      -93.981, 112.611, 244.3623,    *,  1.501461,  4.83247457685457,-33.3761462,    9.5774,
 2026-Dec-14 20:00:00, ,m, 149.230347019,  13.415184496,  149.599192900,  13.285111889,    61.594743045,      -0.575484960,        231.656,      -96.431, 112.592, 250.9367,    *,  1.501711,  4.83166824370427,-33.6326364,    9.5744,
 2026-Dec-14 21:00:00, , , 149.231839057,  13.414806385,  149.600700174,  13.284729291,    74.483063626,       6.403635437,        237.450,      -98.753, 112.573, 257.1792,    *,  1.501964,  4.83085604495589,-33.8632309,    9.5714,
 2026-Dec-14 22:00:00, , , 149.233218162,  13.414467135,  149.602095187,  13.284386403,    87.302077929,      13.832828860,        242.930,     -100.945, 112.555, 263.0812,    *,  1.502218,  4.83003862452897,-34.0663806,    9.5683,
 2026-Dec-14 23:00:00, , , 149.234481963,  13.414166531,  149.603374745,  13.284083023,   100.496421176,      21.339328742,        248.088,     -103.002, 112.538, 268.6345,    *,  1.502474,  4.82921665090392,-34.2416025,    9.5653,
 2026-Dec-15 00:00:00, , , 149.235629429,  13.413904334,  149.604537013,  13.283818873,   114.583854130,      28.514687703,        252.917,     -104.923, 112.522, 273.8317,    *,  1.502731,  4.82839079114942,-34.3894928,    9.5622,
 2026-Dec-15 01:00:00, , , 149.236660806,  13.413680347,  149.605581507,  13.283593672,   130.105474089,      34.875411800,        257.411,     -106.705, 112.506, 278.6654,    *,  1.502989,  4.82756168551886,-34.5116686,    9.5591,
 2026-Dec-15 02:00:00, , , 149.237577476,  13.413494483,  149.606508999,  13.283407206,   147.465811378,      39.840399845,        261.563,     -108.344, 112.490, 283.1289,    *,  1.503248,  4.82672992428172,-34.6106405,    9.5560,
 2026-Dec-15 03:00:00, , , 149.238381741,  13.413346811,  149.607321345,  13.283259387,   166.598575417,      42.784112282,        265.367,     -109.840, 112.476, 287.2161,    *,  1.503508,  4.82589602836762,-34.6896251,    9.5528,
 2026-Dec-15 04:00:00, , , 149.239076557,  13.413237597,  149.608021251,  13.283150301,   186.651331853,      43.228446246,        268.818,     -111.189, 112.461, 290.9213,    *,  1.503768,  4.82506043512721,-34.7523096,    9.5497,
 2026-Dec-15 05:00:00, , , 149.239665230,  13.413167326,  149.608611985,  13.283080242,   206.231368818,      41.092394763,        271.911,     -112.390, 112.447, 294.2391,    *,  1.504029,  4.82422349015895,-34.8025863,    9.5465,
 2026-Dec-15 06:00:00,A, , 149.240151095,  13.413136699,  149.609097061,  13.283049730,   224.234962944,      36.743178851,        274.642,     -113.441, 112.433, 297.1650,    *,  1.504290,  4.82338544573313,-34.8442727,    9.5433,
 2026-Dec-15 07:00:00,N, , 149.240537206,  13.413146622,  149.609479911,  13.283059502,   240.349114638,      30.784861126,        277.007,     -114.341, 112.419, 299.6948,    *,  1.504552,  4.82254646589348,-34.8808397,    9.5401,
 2026-Dec-15 08:00:00,C, , 149.240826053,  13.413198171,  149.609763582,  13.283110493,   254.863863352,      23.825695903,        279.003,     -115.088, 112.406, 301.8248,    *,  1.504814,  4.82170663785724,-34.9151632,    9.5369,
 2026-Dec-15 09:00:00,*, , 149.241019324,  13.413292537,  149.609950459,  13.283203796,   268.300412600,      16.381901703,        280.626,     -115.681, 112.392, 303.5521,    *,  1.505076,  4.82086598890383,-34.9493185,    9.5338,
 2026-Dec-15 10:00:00,*, , 149.241117732,  13.413430974,  149.610042043,  13.283340606,   281.193528968,       8.883038644,        281.875,     -116.120, 112.379, 304.8740,    *,  1.505339,  4.82002450756426,-34.9844310,    9.5306,
 2026-Dec-15 11:00:00,*, , 149.241120924,  13.413614722,  149.610038804,  13.283522158,   294.015226722,       1.709886096,        282.747,     -116.404, 112.366, 305.7885,    *,  1.505602,  4.81918216763001,-35.0205924,    9.5274,
 2026-Dec-15 12:00:00,*,m, 149.241027463,  13.413844939,  149.609940112,  13.283749651,   307.150724188,      -4.770377433,        283.242,     -116.532, 112.353, 306.2943,    *,  1.505866,  4.81833895330445,-35.0568499,    9.5242,
 2026-Dec-15 13:00:00,*,m, 149.240834903,  13.414122628,  149.609744252,  13.284024178,   320.871158556,     -10.185905466,        283.357,     -116.504, 112.340, 306.3903,    *,  1.506130,  4.81749488374353,-35.0912678,    9.5210,
 2026-Dec-15 14:00:00,*,m, 149.240539935,  13.414448577,  149.609448523,  13.284346655,   335.284672010,     -14.168918004,        283.093,     -116.319, 112.326, 306.0763,    *,  1.506394,  4.81665003527218,-35.1210576,    9.5178,
 2026-Dec-15 15:00:00,C,m, 149.240138609,  13.414823303,  149.609049416,  13.284717760,   350.285090909,     -16.398891105,        282.451,     -115.979, 112.313, 305.3524,    *,  1.506658,  4.81580455972254,-35.1427685,    9.5146,
 2026-Dec-15 16:00:00,N,m, 149.239626603,  13.415247012,  149.608542855,  13.285137884,     5.554390880,     -16.672068255,        281.429,     -115.483, 112.300, 304.2193,    *,  1.506923,  4.81495869760633,-35.1525240,    9.5114,
 2026-Dec-15 17:00:00, ,m, 149.238999535,  13.415719585,  149.607924489,  13.285607094,    20.667093792,     -14.962048598,        280.031,     -114.833, 112.287, 302.6782,    *,  1.507188,  4.81411278518588,-35.1462892,    9.5081,
 2026-Dec-15 18:00:00, ,m, 149.238253279,  13.416240567,  149.607190011,  13.286125122,    35.261134178,     -11.428586526,        278.257,     -114.028, 112.273, 300.7311,    *,  1.507452,  4.81326725492838,-35.1201502,    9.5048,
 2026-Dec-15 19:00:00, ,m, 149.237384285,  13.416809191,  149.606335483,  13.286691369,    49.168414390,      -6.367660261,        276.109,     -113.069, 112.259, 298.3801,    *,  1.507717,  4.81242262927878,-35.0705867,    9.5015,
 2026-Dec-15 20:00:00, ,m, 149.236389859,  13.417424408,  149.605357652,  13.287304922,    62.442668855,      -0.139871603,        273.590,     -111.959, 112.245, 295.6282,    *,  1.507981,  4.81157950814736,-34.9947191,    9.4982,
 2026-Dec-15 21:00:00, ,m, 149.235268401,  13.418084936,  149.604254215,  13.287964601,    75.316249219,       6.881814861,        270.704,     -110.698, 112.231, 292.4787,    *,  1.508245,  4.81073855093633,-34.8905125,    9.4948,
 2026-Dec-15 22:00:00, , , 149.234019574,  13.418789325,  149.603024049,  13.288669009,    88.146903239,      14.329800762,        267.453,     -109.288, 112.216, 288.9357,    *,  1.508508,  4.80990045430637,-34.7569244,    9.4914,
 2026-Dec-15 23:00:00, , , 149.232644400,  13.419536024,  149.601667346,  13.289416599,   101.384984100,      21.829943700,        263.842,     -107.730, 112.201, 285.0034,    *,  1.508769,  4.80906592717491,-34.5939861,    9.4880,
 2026-Dec-16 00:00:00, , , 149.231145265,  13.420323455,  149.600185690,  13.290205749,   115.552374070,      28.969921169,        259.875,     -106.027, 112.185, 280.6871,    *,  1.509030,  4.80823566462950,-34.4028109,    9.4845,
 2026-Dec-16 01:00:00, , , 149.229525851,  13.421150082,  149.598582030,  13.291034830,   131.188357442,      35.259859315,        255.558,     -104.181, 112.169, 275.9922,    *,  1.509289,  4.80741032251274,-34.1855303,    9.4810,
 2026-Dec-16 02:00:00, , , 149.227790975,  13.422014478,  149.596860583,  13.291902281,   148.679024034,      40.112466358,        250.896,     -102.195, 112.153, 270.9247,    *,  1.509546,  4.80659049437971,-33.9451617,    9.4774,
 2026-Dec-16 03:00:00, , , 149.225946373,  13.422915376,  149.595026646,  13.292806672,   167.913138255,      42.903968453,        245.896,     -100.070, 112.135, 265.4912,    *,  1.509802,  4.80577669239655,-33.6854152,    9.4739,
 2026-Dec-16 04:00:00, , , 149.223998421,  13.423851708,  149.593086353,  13.293746748,   187.985293680,      43.175119183,        240.562,      -97.810, 112.117, 259.6988,    *,  1.510056,  4.80496933345404,-33.4104559,    9.4702,
 2026-Dec-16 05:00:00, , , 149.221953820,  13.424822627,  149.591046380,  13.294721469,   207.492802162,      40.876454063,        234.904,      -95.417, 112.098, 253.5551,    *,  1.510307,  4.80416873140994,-33.1246352,    9.4666,
 2026-Dec-16 06:00:00,A, , 149.219819278,  13.425827510,  149.588913620,  13.295730025,   225.376411765,      36.399628830,        228.927,      -92.895, 112.078, 247.0682,    *,  1.510557,  4.80337509597135,-32.8322106,    9.4629,
 2026-Dec-16 07:00:00,N, , 149.217601184,  13.426865942,  149.586694854,  13.296771828,   241.374226990,      30.355511650,        222.640,      -90.248, 112.057, 240.2466,    *,  1.510804,  4.80258853826431,-32.5370735,    9.4593,
 2026-Dec-16 08:00:00,C, , 149.215305329,  13.427937682,  149.584396434,  13.297846497,   255.802676086,      23.348116690,        216.052,      -87.477, 112.035, 233.0992,    *,  1.511049,  4.80180908268206,-32.2425027,    9.4556,
 2026-Dec-16 09:00:00,*, , 149.212936662,  13.429042616,  149.582024010,  13.298953813,   269.189055978,      15.887370203,        209.170,      -84.589, 112.011, 225.6357,    *,  1.511293,  4.80103668417210,-31.9509612,    9.4519,
 2026-Dec-16 10:00:00,*, , 149.210499120,  13.430180695,  149.579582308,  13.300093670,   282.065644050,       8.398536531,        202.004,      -81.585, 111.985, 217.8659,    *,  1.511534,  4.80027124975137,-31.6639503,    9.4482,
 2026-Dec-16 11:00:00,*, , 149.207995533,  13.431351866,  149.577074981,  13.301266007,   294.899404693,       1.260701758,        194.564,      -78.470, 111.958, 209.8001,    *,  1.511772,  4.79951266274836,-31.3819301,    9.4444,
 2026-Dec-16 12:00:00,*,m, 149.205427613,  13.432556005,  149.574504538,  13.302470741,   308.069006586,      -5.158820858,        186.859,      -75.249, 111.928, 201.4491,    *,  1.512009,  4.79876080808595,-31.1043129,    9.4407,
 2026-Dec-16 13:00:00,*,m, 149.202796022,  13.433792842,  149.571872364,  13.303707690,   321.836277469,     -10.487730765,        178.900,      -71.925, 111.896, 192.8239,    *,  1.512244,  4.79801559684704,-30.8295290,    9.4370,
 2026-Dec-16 14:00:00,*,m, 149.200100530,  13.435061907,  149.569178822,  13.304976512,   336.296089363,     -14.359674023,        170.697,      -68.504, 111.860, 183.9361,    *,  1.512477,  4.79727698841604,-30.5551614,    9.4332,
 2026-Dec-16 15:00:00,C,m, 149.197340227,  13.436362474,  149.566423430,  13.306276638,   351.326698503,     -16.459775782,        162.261,      -64.989, 111.821, 174.7976,    *,  1.512708,  4.79654500865562,-30.2781385,    9.4295,
 2026-Dec-16 16:00:00,N,m, 149.194513802,  13.437693525,  149.563605102,  13.307607232,     6.598300460,     -16.594939106,        153.604,      -61.385, 111.777, 165.4205,    *,  1.512937,  4.79581976285084,-29.9949738,    9.4257,
 2026-Dec-16 17:00:00, ,m, 149.191619846,  13.439053735,  149.560722443,  13.308967155,    21.684341670,     -14.752044572,        144.737,      -57.697, 111.728, 155.8175,    *,  1.513163,  4.79510144251257,-29.7020338,    9.4219,
 2026-Dec-16 18:00:00, ,m, 149.188657172,  13.440441473,  149.557774067,  13.310354954,    36.233162004,     -11.102316902,        135.672,      -53.930, 111.673, 146.0013,    *,  1.513388,  4.79439032555393,-29.3958174,    9.4180,
 2026-Dec-16 19:00:00, ,m, 149.185625124,  13.441854817,  149.554758915,  13.311768871,    50.092294943,      -5.948408243,        126.420,      -50.089, 111.609, 135.9851,    *,  1.513610,  4.79368676980827,-29.0732268,    9.4141,
 2026-Dec-16 20:00:00, ,m, 149.182523859,  13.443291595,  149.551676567,  13.313206867,    63.329622621,       0.346948158,        116.995,      -46.180, 111.536, 125.7824,    *,  1.513829,  4.79299120031525,-28.7318117,    9.4102,
 2026-Dec-16 21:00:00, ,m, 149.179354569,  13.444749436,  149.548527505,  13.314666665,    76.187731102,       7.410980324,        107.409,      -42.207, 111.449, 115.4070,    *,  1.514046,  4.79230409122908,-28.3699691,    9.4063,
 2026-Dec-16 22:00:00, ,m, 149.176119652,  13.446225837,  149.545313329,  13.316145807,    89.031671266,      14.876279267,         97.675,      -38.176, 111.344, 104.8729,    *,  1.514261,  4.79162594357368,-27.9870870,    9.4023,
 2026-Dec-16 23:00:00, , , 149.172822787,  13.447718231,  149.542036889,  13.317641725,   102.317731642,      22.367194923,         87.806,      -34.093, 111.217,  94.1944,    *,  1.514472,  4.79095726035411,-27.5836193,    9.3983,
 2026-Dec-17 00:00:00, , , 149.169468941,  13.449224063,  149.538702345,  13.319151812,   116.572038501,      29.467176694,         77.816,      -29.962, 111.056,  83.3860,    *,  1.514680,  4.79029852071760,-27.1610888,    9.3942,
 2026-Dec-17 01:00:00, , , 149.166064280,  13.450740864,  149.535315140,  13.320673500,   132.331468254,      35.679492705,         67.717,      -25.790, 110.847,  72.4627,    *,  1.514885,  4.78965015492223,-26.7220180,    9.3901,
 2026-Dec-17 02:00:00, , , 149.162616007,  13.452266317,  149.531881879,  13.322204333,   149.961274576,      40.410463835,         57.524,      -21.582, 110.563,  61.4397,    *,  1.515087,  4.78901252181878,-26.2697908,    9.3859,
 2026-Dec-17 03:00:00, , , 149.159132132,  13.453798306,  149.528410144,  13.323742025,   169.301064280,      43.038955181,         47.250,      -17.344, 110.155,  50.3328,    *,  1.515285,  4.78838589037868,-25.8084558,    9.3817,
 2026-Dec-17 04:00:00, , , 149.155621183,  13.455334963,  149.524908237,  13.325284518,   189.390068036,      43.126757082,         36.909,      -13.081, 109.514,  39.1588,    *,  1.515480,  4.78777042652436,-25.3424856,    9.3775,
 2026-Dec-17 05:00:00, , , 149.152091892,  13.456874681,  149.521384874,  13.326830010,   208.818377596,      40.657943535,         26.516,       -8.800, 108.359,  27.9379,    *,  1.515671,  4.78716618614970,-24.8765049,    9.3733,
 2026-Dec-17 06:00:00,A, , 149.148552866,  13.458416125,  149.517848861,  13.328376972,   226.575409077,      36.049014911,         16.084,       -4.506, 105.651,  16.7029,    t,  1.515859,  4.78657311484453,-24.4150105,    9.3691,
 2026-Dec-17 07:00:00,N, , 149.145012261,  13.459958210,  149.514308757,  13.329924149,   242.452073184,      29.917067119,          5.627,       -0.205,  92.088,   5.6309,    t,  1.516044,  4.78599105424854,-23.9621007,    9.3648,
 2026-Dec-17 08:00:00,C, , 149.141477500,  13.461500069,  149.510772556,  13.331470531,   256.791159793,      22.861280009,         -4.839,        4.097, 310.251,   6.3407,    t,  1.516225,  4.78541975468187,-23.5212293,    9.3605,
 2026-Dec-17 09:00:00,*, , 149.137955034,  13.463041005,  149.507247417,  13.333015318,   270.125679521,      15.384933890,        -15.302,        8.394, 298.749,  17.4532,    t,  1.516402,  4.78485889316174,-23.0950060,    9.3563,
 2026-Dec-17 10:00:00,*, , 149.134450168,  13.464580429,  149.503739437,  13.334557866,   282.985052022,       7.908816519,        -25.746,       12.681, 296.223,  28.6997,    *,  1.516577,  4.78430809555991,-22.6850536,    9.3520,
 2026-Dec-17 11:00:00,*, , 149.130966976,  13.466117793,  149.500253510,  13.336097620,   295.830778840,       0.810214658,        -36.158,       16.952, 295.120,  39.9343,    *,  1.516748,  4.78376696138013,-22.2919342,    9.3477,
 2026-Dec-17 12:00:00,*,m, 149.127508290,  13.467652519,  149.496793261,  13.337634043,   309.034407731,      -5.543555929,        -46.523,       21.200, 294.500,  51.1256,    *,  1.516917,  4.78323508945833,-21.9151473,    9.3435,
 2026-Dec-17 13:00:00,*,m, 149.124075774,  13.469183929,  149.493361071,  13.339166549,   322.847678695,     -10.780022866,        -56.828,       25.421, 294.102,  62.2539,    *,  1.517083,  4.78271210282532,-21.5532002,    9.3392,
 2026-Dec-17 14:00:00,*,m, 149.120670086,  13.470711188,  149.489958177,  13.340694430,   337.351368285,     -14.534808464,        -67.058,       29.607, 293.825,  73.3025,    *,  1.517246,  4.78219767103188,-21.2037477,    9.3349,
 2026-Dec-17 15:00:00,C,m, 149.117291096,  13.472233251,  149.486584861,  13.342216803,   352.407756565,     -16.499500031,        -77.200,       33.755, 293.620,  84.2556,    *,  1.517407,  4.78169152841056,-20.8637880,    9.3306,
 2026-Dec-17 16:00:00,N,m, 149.113938162,  13.473748831,  149.483240695,  13.343732561,     7.675756732,     -16.492486578,        -87.239,       37.858, 293.462,  95.0978,    *,  1.517565,  4.78119348702963,-20.5299052,    9.3263,
 2026-Dec-17 17:00:00, ,m, 149.110610441,  13.475256382,  149.479924834,  13.345240342,    22.729006956,     -14.514390983,        -97.163,       41.910, 293.336, 105.8142,    *,  1.517720,  4.78070344345843,-20.1985387,    9.3220,
 2026-Dec-17 18:00:00, ,m, 149.107307207,  13.476754101,  149.476636334,  13.346738524,    37.227497373,     -10.747848242,       -106.958,       45.906, 293.233, 116.3901,    *,  1.517873,  4.78022137889035,-19.8662621,    9.3176,
 2026-Dec-17 19:00:00, ,m, 149.104028157,  13.478239949,  149.473374478,  13.348225228,    51.035011431,      -5.501801628,       -116.610,       49.840, 293.147, 126.8112,    *,  1.518024,  4.77974735262497,-19.5300532,    9.3132,
 2026-Dec-17 20:00:00, ,m, 149.100773692,  13.479711691,  149.470139078,  13.349698350,    64.233626375,       0.859291075,       -126.106,       53.708, 293.074, 137.0632,    *,  1.518172,  4.77928148936780,-19.1875353,    9.3089,
 2026-Dec-17 21:00:00, ,m, 149.097545137,  13.481166949,  149.466930740,  13.351155602,    77.075987914,       7.963114424,       -135.434,       57.504, 293.011, 147.1321,    *,  1.518317,  4.77882396123131,-18.8371732,    9.3044,
 2026-Dec-17 22:00:00, ,m, 149.094344900,  13.482603268,  149.463751072,  13.352594573,    89.934288713,      15.442536991,       -144.581,       61.223, 292.956, 157.0043,    *,  1.518460,  4.77837496568431,-18.4784120,    9.3000,
 2026-Dec-17 23:00:00, ,m, 149.091176549,  13.484018188,  149.460602810,  13.354012796,   103.270622390,      22.920335854,       -153.534,       64.860, 292.907, 166.6664,    *,  1.518600,  4.77793470097657,-18.1117475,    9.2955,
 2026-Dec-18 00:00:00, ,m, 149.088044807,  13.485409319,  149.457489879,  13.355407828,   117.615036857,      29.975566004,       -162.282,       68.409, 292.864, 176.1052,    *,  1.518737,  4.77750334073882,-17.7387236,    9.2910,
 2026-Dec-18 01:00:00, , , 149.084955460,  13.486774414,  149.454417345,  13.356777319,   133.500945869,      36.104523339,       -170.812,       71.866, 292.825, 185.3079,    *,  1.518871,  4.77708100951649,-17.3618575,    9.2865,
 2026-Dec-18 02:00:00, , , 149.081915189,  13.488111434,  149.451391306,  13.358119089,   151.270390240,      40.707476417,       -179.113,       75.227, 292.789, 194.2620,    *,  1.519003,  4.77666776093177,-16.9844977,    9.2819,
 2026-Dec-18 03:00:00, , , 149.078931334,  13.489418601,  149.448418690,  13.359431188,   170.711133546,      43.167219662,       -187.173,       78.487, 292.757, 202.9553,    *,  1.519131,  4.77626355998981,-16.6106235,    9.2773,
 2026-Dec-18 04:00:00, , , 149.076011608,  13.490694431,  149.445506995,  13.360711944,   190.807853724,      43.068409979,       -194.983,       81.641, 292.727, 211.3761,    *,  1.519257,  4.77586827076090,-16.2446009,    9.2728,
 2026-Dec-18 05:00:00, , , 149.073163775,  13.491937762,  149.442663988,  13.361959997,   210.148370765,      40.429292151,       -202.530,       84.685, 292.699, 219.5130,    *,  1.519380,  4.77548165030304,-15.8909115,    9.2682,
 2026-Dec-18 06:00:00,A, , 149.070395322,  13.493147748,  149.439897373,  13.363174313,   227.773988941,      35.690142547,       -209.805,       87.615, 292.674, 227.3549,    *,  1.519500,  4.77510334926144,-15.5538718,    9.2636,
 2026-Dec-18 07:00:00,N, , 149.067713142,  13.494323843,  149.437214458,  13.364354176,   243.527774536,      29.472967483,       -216.799,       90.428, 292.649, 234.8914,    *,  1.519618,  4.77473291912604,-15.2373630,    9.2590,
 2026-Dec-18 08:00:00,C, , 149.065123252,  13.495465766,  149.434621846,  13.365499167,   257.777202356,      22.371425833,       -223.501,       93.119, 292.627, 242.1121,    *,  1.519734,  4.77436982570249,-14.9445890,    9.2544,
 2026-Dec-18 09:00:00,*, , 149.062630555,  13.496573447,  149.432125158,  13.366609118,   271.059932143,      14.881941540,       -229.902,       95.684, 292.606, 249.0075,    *,  1.519847,  4.77401346784063,-14.6778826,    9.2499,
 2026-Dec-18 10:00:00,*, , 149.060238687,  13.497646966,  149.429728825,  13.367684060,   283.902029135,       7.420784063,       -235.995,       98.121, 292.585, 255.5683,    *,  1.519959,  4.77366320019350,-14.4385673,    9.2453,
 2026-Dec-18 11:00:00,*, , 149.057949926,  13.498686486,  149.427435949,  13.368724152,   296.759259984,       0.363403447,       -241.771,      100.426, 292.566, 261.7856,    *,  1.520069,  4.77331835847843,-14.2268880,    9.2408,
 2026-Dec-18 12:00:00,*,m, 149.055765197,  13.499692175,  149.425248247,  13.369729614,   309.995804579,      -5.922993036,       -247.221,      102.596, 292.548, 267.6512,    *,  1.520177,  4.77297828552293,-14.0420156,    9.2363,
 2026-Dec-18 13:00:00,*,m, 149.053684155,  13.500664142,  149.423166084,  13.370700649,   323.853064172,     -11.065993808,       -252.340,      104.628, 292.530, 273.1573,    *,  1.520284,  4.77264235634022,-13.8821230,    9.2317,
 2026-Dec-18 14:00:00,*,m, 149.051705354,  13.501602373,  149.421188586,  13.371637378,   338.397621592,     -14.703555474,       -257.120,      106.520, 292.513, 278.2964,    *,  1.520390,  4.77231000054424,-13.7445284,    9.2272,
 2026-Dec-18 15:00:00,C,m, 149.049826474,  13.502506682,  149.419313834,  13.372539781,   353.476123890,     -16.534100924,       -261.554,      108.268, 292.497, 283.0618,    *,  1.520495,  4.77198072059611,-13.6258967,    9.2228,
 2026-Dec-18 16:00:00,N,m, 149.048044603,  13.503376676,  149.417539117,  13.373407648,     8.737080580,     -16.387654252,       -265.637,      109.871, 292.481, 287.4471,    *,  1.520599,  4.77165410466159,-13.5224835,    9.2183,
 2026-Dec-18 17:00:00, ,m, 149.046356554,  13.504211740,  149.415861235,  13.374240553,    23.755286182,     -14.278319985,       -269.363,      111.327, 292.465, 291.4465,    *,  1.520702,  4.77132983322794,-13.4304065,    9.2138,
 2026-Dec-18 18:00:00, ,m, 149.044759186,  13.505011036,  149.414276817,  13.375037843,    38.202777888,     -10.399575058,       -272.728,      112.633, 292.450, 295.0546,    *,  1.520805,  4.77100767905733,-13.3459250,    9.2093,
 2026-Dec-18 19:00:00, ,m, 149.043249716,  13.505773529,  149.412782655,  13.375798643,    51.959284163,      -5.066084436,       -275.727,      113.788, 292.435, 298.2666,    *,  1.520907,  4.77068750051106,-13.2657081,    9.2048,
 2026-Dec-18 20:00:00, ,m, 149.041825993,  13.506498023,  149.411376004,  13.376521889,    65.120455762,       1.356326296,       -278.355,      114.789, 292.421, 301.0782,    *,  1.521008,  4.77036922873273,-13.1870739,    9.2003,
 2026-Dec-18 21:00:00, ,m, 149.040486727,  13.507183212,  149.410054851,  13.377206367,    77.948423434,       8.495928761,       -280.610,      115.637, 292.407, 303.4858,    *,  1.521109,  4.77005284960060,-13.1081829,    9.1958,
 2026-Dec-18 22:00:00, ,m, 149.039231642,  13.507827752,  149.408818117,  13.377850775,    90.822080858,      15.985862295,       -282.489,      116.330, 292.393, 305.4861,    *,  1.521209,  4.76973838171682,-13.0281718,    9.1912,
 2026-Dec-18 23:00:00, ,m, 149.038061550,  13.508430325,  149.407665790,  13.378453792,   104.208893953,      23.447286131,       -283.988,      116.866, 292.379, 307.0763,    *,  1.521309,  4.76942585197416,-12.9472197,    9.1867,
 2026-Dec-19 00:00:00, ,m, 149.036978348,  13.508989717,  149.406598972,  13.379014148,   118.642148615,      30.454883742,       -285.106,      117.245, 292.365, 308.2545,    *,  1.521408,  4.76911527040583,-12.8665416,    9.1821,
 2026-Dec-19 01:00:00, ,m, 149.035984920,  13.509504887,  149.405619843,  13.379530702,   134.650544380,      36.498247070,       -285.841,      117.467, 292.351, 309.0190,    *,  1.521507,  4.76880660607377,-12.7883088,    9.1776,
 2026-Dec-19 02:00:00, , , 149.035084972,  13.509975029,  149.404731539,  13.380002507,   152.551231142,      40.972392421,       -286.193,      117.532, 292.337, 309.3689,    *,  1.521605,  4.76849976567974,-12.7155035,    9.1730,
 2026-Dec-19 03:00:00, , , 149.034282794,  13.510399623,  149.403937953,  13.380428876,   172.080013555,      43.265423746,       -286.161,      117.439, 292.324, 309.3037,    *,  1.521702,  4.76819457639625,-12.6517156,    9.1685,
 2026-Dec-19 04:00:00, , , 149.033582972,  13.510778471,  149.403243478,  13.380809421,   192.171441828,      42.985748930,       -285.745,      117.188, 292.310, 308.8236,    *,  1.521799,  4.76789077412584,-12.6008974,    9.1639,
 2026-Dec-19 05:00:00, , , 149.032990077,  13.511111708,  149.402652706,  13.381144088,   211.417179789,      40.184628834,       -284.945,      116.780, 292.296, 307.9293,    *,  1.521896,  4.76758799802433,-12.5670911,    9.1594,
 2026-Dec-19 06:00:00,A, , 149.032508335,  13.511399808,  149.402170095,  13.381433165,   228.911395064,      35.323662352,       -283.764,      116.215, 292.282, 306.6220,    *,  1.521992,  4.76728579169505,-12.5541500,    9.1548,
 2026-Dec-19 07:00:00,N, , 149.032141316,  13.511643553,  149.401799650,  13.381677274,   244.545941711,      29.028074343,       -282.202,      115.495, 292.268, 304.9035,    *,  1.522089,  4.76698361100275,-12.5654705,    9.1503,
 2026-Dec-19 08:00:00,C, , 149.031891661,  13.511844002,  149.401544612,  13.381877339,   258.709873826,      21.885544564,       -280.261,      114.619, 292.254, 302.7764,    *,  1.522185,  4.76668083800304,-12.6037544,    9.1458,
 2026-Dec-19 09:00:00,*, , 149.031760858,  13.512002432,  149.401407195,  13.382034550,   271.944051460,      14.385784334,       -277.945,      113.591, 292.239, 300.2434,    *,  1.522282,  4.76637680006340,-12.6708179,    9.1414,
 2026-Dec-19 10:00:00,*, , 149.031749087,  13.512120273,  149.401388385,  13.382150293,   284.770786832,       6.940787431,       -275.256,      112.410, 292.225, 297.3081,    *,  1.522380,  4.76607079289697,-12.7674591,    9.1369,
 2026-Dec-19 11:00:00,*, , 149.031855153,  13.512199038,  149.401487811,  13.382226089,   297.640134048,      -0.075676841,       -272.199,      111.078, 292.209, 293.9746,    *,  1.522479,  4.76576210596561,-12.8933953,    9.1325,
 2026-Dec-19 12:00:00,*,m, 149.032076489,  13.512240250,  149.401703701,  13.382263517,   310.909074898,      -6.296469946,       -268.777,      109.598, 292.194, 290.2473,    *,  1.522578,  4.76545004851358,-13.0472720,    9.1281,
 2026-Dec-19 13:00:00,*,m, 149.032409259,  13.512245365,  149.402032923,  13.382264138,   324.808959589,     -11.349285940,       -264.995,      107.970, 292.178, 286.1314,    *,  1.522679,  4.76513397453653,-13.2267438,    9.1238,
 2026-Dec-19 14:00:00,*,m, 149.032848532,  13.512215718,  149.402471112,  13.382229427,   339.392687747,     -14.874460265,       -260.858,      106.199, 292.162, 281.6323,    *,  1.522782,  4.76481330495738,-13.4286232,    9.1195,
 2026-Dec-19 15:00:00,C,m, 149.033388516,  13.512152465,  149.403012869,  13.382160713,   354.492093086,     -16.577140331,       -256.372,      104.285, 292.145, 276.7562,    *,  1.522886,  4.76448754552215,-13.6490859,    9.1151,
 2026-Dec-19 16:00:00,N,m, 149.034022854,  13.512056552,  149.403652028,  13.382059132,     9.746207844,     -16.298553102,       -251.543,      102.231, 292.127, 271.5097,    *,  1.522992,  4.76415629922511,-13.8839174,    9.1109,
 2026-Dec-19 17:00:00, ,m, 149.034744940,  13.511928697,  149.404381958,  13.381925596,    24.731463739,     -14.065537934,       -246.377,      100.041, 292.109, 265.8998,    *,  1.523100,  4.76381927244164,-14.1287863,    9.1066,
 2026-Dec-19 18:00:00, ,m, 149.035548249,  13.511769393,  149.405195896,  13.381760784,    39.131600972,     -10.081618312,       -240.881,       97.717, 292.090, 259.9341,    *,  1.523209,  4.76347627437776,-14.3795235,    9.1023,
 2026-Dec-19 19:00:00, ,m, 149.036426649,  13.511578926,  149.406087277,  13.381565147,    52.841377801,      -4.666644026,       -235.063,       95.261, 292.070, 253.6204,    *,  1.523321,  4.76312720990145,-14.6323898,    9.0980,
 2026-Dec-19 20:00:00, ,m, 149.037374683,  13.511357416,  149.407050042,  13.381338939,    65.969074675,       1.812377735,       -228.930,       92.679, 292.048, 246.9673,    *,  1.523434,  4.76277206627388,-14.8843124,    9.0938,
 2026-Dec-19 21:00:00, ,m, 149.038387787,  13.511104869,  149.408078905,  13.381082259,    78.785624219,       8.984250842,       -222.491,       89.972, 292.026, 239.9836,    *,  1.523550,  4.76241089471538,-15.1330753,    9.0895,
 2026-Dec-19 22:00:00, ,m, 149.039462455,  13.510821242,  149.409169556,  13.380795107,    91.676152832,      16.482248493,       -215.754,       87.145, 292.002, 232.6787,    *,  1.523667,  4.76204378809338,-15.3774494,    9.0852,
 2026-Dec-19 23:00:00, ,m, 149.040596304,  13.510506508,  149.410318792,  13.380477455,   105.113037469,      23.925820879,       -208.728,       84.201, 291.977, 225.0624,    *,  1.523787,  4.76167085628555,-15.6172542,    9.0809,
 2026-Dec-20 00:00:00, ,m, 149.041788073,  13.510160734,  149.411524569,  13.380129315,   119.632103989,      30.885348294,       -201.423,       81.144, 291.950, 217.1447,    *,  1.523908,  4.76129220092834,-15.8533472,    9.0767,
 2026-Dec-20 01:00:00, ,m, 149.043037525,  13.509784148,  149.412785953,  13.379750816,   135.756269443,      36.844101910,       -193.848,       77.979, 291.921, 208.9363,    *,  1.524031,  4.76090789130357,-16.0875404,    9.0724,
 2026-Dec-20 02:00:00, ,m, 149.044345276,  13.509377197,  149.414103006,  13.379342266,   153.776915241,      41.192712597,       -186.013,       74.709, 291.889, 200.4481,    *,  1.524156,  4.76051794303649,-16.3224514,    9.0681,
 2026-Dec-20 03:00:00, ,m, 149.045712563,  13.508940594,  149.415476585,  13.378904214,   173.379441834,      43.325706732,       -177.930,       71.339, 291.854, 191.6915,    *,  1.524283,  4.76012230108514,-16.5612978,    9.0638,
 2026-Dec-20 04:00:00, , , 149.047140954,  13.508475355,  149.416908082,  13.378437492,   193.454106101,      42.875322922,       -169.608,       67.873, 291.817, 182.6782,    *,  1.524411,  4.75972082820652,-16.8076500,    9.0596,
 2026-Dec-20 05:00:00, , , 149.048632040,  13.507982808,  149.418399125,  13.377943239,   212.601892885,      39.923798111,       -161.058,       64.317, 291.775, 173.4201,    *,  1.524542,  4.75931329970858,-17.0651593,    9.0553,
 2026-Dec-20 06:00:00,A, , 149.050187109,  13.507464590,  149.419951252,  13.377422915,   229.968979944,      34.951317197,       -152.293,       60.674, 291.728, 163.9297,    *,  1.524674,  4.75889940486582,-17.3372788,    9.0511,
 2026-Dec-20 07:00:00,N, , 149.051806839,  13.506922621,  149.421565592,  13.376878282,   245.491566644,      28.584884413,       -143.324,       56.950, 291.676, 154.2197,    *,  1.524809,  4.75847875491911,-17.6269986,    9.0469,
 2026-Dec-20 08:00:00,C, , 149.053491032,  13.506359063,  149.423242558,  13.376311379,   259.577019017,      21.406112645,       -134.162,       53.149, 291.616, 144.3029,    *,  1.524946,  4.75805089712809,-17.9366106,    9.0427,
 2026-Dec-20 09:00:00,*, , 149.055238398,  13.505776267,  149.424981595,  13.375724472,   272.768133137,      13.898441998,       -124.821,       49.277, 291.548, 134.1926,    *,  1.525086,  4.75761533392982,-18.2675215,    9.0386,
 2026-Dec-20 10:00:00,*, , 149.057046406,  13.505176699,  149.426780984,  13.375119993,   285.583303637,       6.470050140,       -115.312,       45.339, 291.468, 123.9022,    *,  1.525228,  4.75717154590638,-18.6201251,    9.0345,
 2026-Dec-20 11:00:00,*, , 149.058911222,  13.504562874,  149.428637720,  13.374500469,   298.467104950,      -0.506646011,       -105.648,       41.340, 291.374, 113.4456,    *,  1.525373,  4.75671901700307,-18.9937442,    9.0304,
 2026-Dec-20 12:00:00,*,m, 149.060827730,  13.503937274,  149.430547477,  13.373868447,   311.769667839,      -6.664375898,        -95.842,       37.284, 291.261, 102.8366,    *,  1.525521,  4.75625726028465,-19.3866443,    9.0263,
 2026-Dec-20 13:00:00,*,m, 149.062789637,  13.503302281,  149.432504660,  13.373226420,   325.712707214,     -11.630814417,        -85.906,       33.179, 291.121,  92.0894,    *,  1.525672,  4.75578584247621,-19.7961204,    9.0223,
 2026-Dec-20 14:00:00,*,m, 149.064789649,  13.502660114,  149.434502537,  13.372576751,   340.335984159,     -15.048544882,        -75.855,       29.028, 290.944,  81.2185,    *,  1.525827,  4.75530440558695,-20.2186499,    9.0183,
 2026-Dec-20 15:00:00,C,m, 149.066819723,  13.502012775,  149.436533447,  13.371921621,   355.457225497,     -16.629184021,        -65.701,       24.838, 290.712,  70.2384,    *,  1.525985,  4.75481268422436,-20.6500988,    9.0143,
 2026-Dec-20 16:00:00,N,m, 149.068871361,  13.501362016,  149.438589070,  13.371262973,    10.706664751,     -16.224680264,        -55.458,       20.614, 290.393,  59.1644,    u,  1.526146,  4.75431051733785,-21.0859729,    9.0103,
 2026-Dec-20 17:00:00, ,m, 149.070935932,  13.500709321,  149.440660740,  13.370602491,    25.662605476,     -13.873946498,        -45.138,       16.362, 289.926,  48.0120,    u,  1.526310,  4.75379785364416,-21.5216902,    9.0063,
 2026-Dec-20 18:00:00, ,m, 149.073005005,  13.500055911,  149.442739777,  13.369941580,    40.020067820,      -9.789942446,        -34.757,       12.087, 289.177,  36.7984,    u,  1.526478,  4.75327475036218,-21.9528610,    9.0024,
 2026-Dec-20 19:00:00, ,m, 149.075070660,  13.499402762,  149.444817819,  13.369281385,    53.688045345,      -4.297365686,        -24.327,        7.795, 287.767,  25.5452,    *,  1.526650,  4.75274136534273,-22.3755538,    8.9984,
 2026-Dec-20 20:00:00, ,m, 149.077125772,  13.498750647,  149.446887133,  13.368622810,    66.786731350,       2.235626750,        -13.862,        3.491, 284.136,  14.2953,    O,  1.526824,  4.75219794313769,-22.7865300,    8.9945,
 2026-Dec-20 21:00:00, ,m, 149.079164230,  13.498100183,  149.448940877,  13.367966566,    79.595421682,       9.438212826,         -3.377,       -0.818, 256.379,   3.4747,    O,  1.527002,  4.75164479596699,-23.1834309,    8.9905,
 2026-Dec-20 22:00:00, ,m, 149.081181090,  13.497451901,  149.450973306,  13.367313228,    92.505249219,      16.943583086,          7.116,       -5.128, 125.777,   8.7707,    O,  1.527183,  4.75108228089048,-23.5649042,    8.9865,
 2026-Dec-20 23:00:00, ,m, 149.083172649,  13.496806312,  149.452979899,  13.366663301,   105.993307997,      24.369294260,         17.601,       -9.431, 118.183,  19.9690,    O,  1.527367,  4.75051077474981,-23.9306618,    8.9825,
 2026-Dec-21 00:00:00, ,m, 149.085136431,  13.496163980,  149.454957399,  13.366017295,   120.597588114,      31.281344558,         28.066,      -13.723, 116.056,  31.2422,    *,  1.527553,  4.74993064859793,-24.2814646,    8.9785,
 2026-Dec-21 01:00:00, ,m, 149.087071089,  13.495525589,  149.456903774,  13.365375792,   136.834496938,      37.156827357,         38.497,      -17.999, 115.056,  42.4970,    *,  1.527742,  4.74934224336714,-24.6190350,    8.9745,
 2026-Dec-21 02:00:00, ,m, 149.088976232,  13.494892001,  149.458818090,  13.364739519,   154.968905659,      41.382515872,         48.879,      -22.251, 114.474,  53.7059,    *,  1.527934,  4.74874584844134,-24.9459045,    8.9705,
 2026-Dec-21 03:00:00, ,m, 149.090852187,  13.494264304,  149.460700306,  13.364109396,   174.636797343,      43.360151803,         59.199,      -26.475, 114.093,  64.8500,    *,  1.528129,  4.74814168459796,-25.2652050,    8.9665,
 2026-Dec-21 04:00:00, ,m, 149.092699713,  13.493643842,  149.462551017,  13.363486584,   194.688378166,      42.745905812,         69.443,      -30.665, 113.823,  75.9130,    *,  1.528326,  4.74752989248475,-25.5804203,    8.9625,
 2026-Dec-21 05:00:00, ,m, 149.094519684,  13.493032226,  149.464371151,  13.362872510,   213.737845274,      39.651576288,         79.597,      -34.815, 113.621,  86.8793,    *,  1.528525,  4.74691052741626,-25.8951124,    8.9585,
 2026-Dec-21 06:00:00,A, , 149.096312769,  13.492431330,  149.466161641,  13.362268871,   230.982545617,      34.574101653,         89.648,      -38.920, 113.464,  97.7340,    *,  1.528727,  4.74628356084149,-26.2126436,    8.9545,
 2026-Dec-21 07:00:00,N, , 149.098079128,  13.491843262,  149.467923105,  13.361677620,   246.399796455,      28.141439900,         99.583,      -42.975, 113.339, 108.4624,    *,  1.528931,  4.74564888837513,-26.5359123,    8.9505,
 2026-Dec-21 08:00:00,C, , 149.099818143,  13.491270324,  149.469655547,  13.361100938,   260.413103540,      20.929267772,        109.388,      -46.973, 113.235, 119.0500,    *,  1.529138,  4.74500634383525,-26.8671210,    8.9465,
 2026-Dec-21 09:00:00,*, , 149.101528208,  13.490714955,  149.471358103,  13.360541183,   273.566486411,      13.415223800,        119.051,      -50.910, 113.149, 129.4826,    *,  1.529348,  4.74435571831662,-27.2075921,    8.9426,
 2026-Dec-21 10:00:00,*, , 149.103206585,  13.490179658,  149.473028850,  13.360000828,   286.374425921,       6.004130534,        128.557,      -54.781, 113.075, 139.7463,    *,  1.529560,  4.74369678298373,-27.5576446,    8.9387,
 2026-Dec-21 11:00:00,*, , 149.104849350,  13.489666934,  149.474664690,  13.359482390,   299.276203144,      -0.932587554,        137.896,      -58.580, 113.011, 149.8274,    *,  1.529776,  4.74302931401133,-27.9165402,    8.9347,
 2026-Dec-21 12:00:00,*,m, 149.106451413,  13.489179199,  149.476261318,  13.358988352,   312.615234082,      -7.027276916,        147.054,      -62.303, 112.955, 159.7123,    *,  1.529994,  4.74235311795202,-28.2825018,    8.9309,
 2026-Dec-21 13:00:00,*,m, 149.108006628,  13.488718719,  149.477813280,  13.358521092,   326.603623982,     -11.907456867,        156.019,      -65.943, 112.906, 169.3879,    *,  1.530215,  4.74166805578025,-28.6528045,    8.9270,
 2026-Dec-21 14:00:00,*,m, 149.109507980,  13.488287545,  149.479314111,  13.358082809,   341.267988133,     -15.217942771,        164.779,      -69.497, 112.862, 178.8412,    *,  1.530439,  4.74097406395189,-29.0239311,    8.9231,
 2026-Dec-21 15:00:00,C,m, 149.110947836,  13.487887461,  149.480756546,  13.357675465,   356.412095552,     -16.676883023,        173.323,      -72.960, 112.822, 188.0596,    *,  1.530666,  4.74027117102121,-29.3917837,    8.9192,
 2026-Dec-21 16:00:00,N,m, 149.112318240,  13.487519954,  149.482132795,  13.357300740,    11.657787749,     -16.146970984,        181.638,      -76.326, 112.786, 197.0307,    *,  1.530896,  4.73955950866074,-29.7519348,    8.9154,
 2026-Dec-21 17:00:00, ,m, 149.113611242,  13.487186196,  149.483434856,  13.356960001,    26.585697568,     -13.679081900,        189.715,      -79.592, 112.753, 205.7426,    *,  1.531128,  4.73883931632397,-30.0999009,    8.9115,
 2026-Dec-21 18:00:00, ,m, 149.114819225,  13.486887048,  149.484654850,  13.356654294,    40.902322172,      -9.495415556,        197.542,      -82.753, 112.722, 214.1834,    *,  1.531364,  4.73811093921756,-30.4314232,    8.9076,
 2026-Dec-21 19:00:00, ,m, 149.115935219,  13.486623083,  149.485785351,  13.356384358,    54.530804181,      -3.925375300,        205.108,      -85.805, 112.694, 222.3419,    *,  1.531602,  4.73737481964967,-30.7427325,    8.9037,
 2026-Dec-21 20:00:00, ,m, 149.116953179,  13.486394627,  149.486819697,  13.356150646,    67.603100602,       2.661740235,        212.403,      -88.744, 112.667, 230.2070,    *,  1.531842,  4.73663148238758,-31.0307801,    8.8998,
 2026-Dec-21 21:00:00, ,m, 149.117868204,  13.486201810,  149.487752247,  13.355953377,    80.406835227,       9.895367162,        219.419,      -91.565, 112.643, 237.7681,    *,  1.532085,  4.73588151499592,-31.2934218,    8.8958,
 2026-Dec-21 22:00:00, ,m, 149.118676680,  13.486044635,  149.488578581,  13.355792592,    93.339258515,      17.408408159,        226.144,      -94.265, 112.620, 245.0149,    *,  1.532329,  4.73512554447610,-31.5295394,    8.8919,
 2026-Dec-21 23:00:00, ,m, 149.119376352,  13.485923043,  149.489295623,  13.355668225,   106.882358727,      24.816250159,        232.570,      -96.840, 112.598, 251.9376,    *,  1.532576,  4.73436421178368,-31.7390943,    8.8879,
 2026-Dec-22 00:00:00, ,m, 149.119966301,  13.485836992,  149.489901678,  13.355580173,   121.576313525,      31.680180557,        238.688,      -99.286, 112.577, 258.5266,    *,  1.532824,  4.73359814594613,-31.9231073,    8.8839,
 2026-Dec-22 01:00:00, ,m, 149.120446839,  13.485786519,  149.490396378,  13.355528368,   137.930447706,      37.470838016,        244.489,     -101.601, 112.557, 264.7731,    *,  1.533073,  4.73282793953120,-32.0835670,    8.8798,
 2026-Dec-22 02:00:00, ,m, 149.120819334,  13.485771803,  149.490780552,  13.355512847,   156.181591986,      41.571217749,        249.967,     -103.781, 112.538, 270.6684,    *,  1.533324,  4.73205412712238,-32.2232729,    8.8758,
 2026-Dec-22 03:00:00, ,m, 149.121085959,  13.485793209,  149.491056016,  13.355533806,   175.914895819,      43.391030641,        255.112,     -105.823, 112.519, 276.2044,    *,  1.533576,  4.73127716825242,-32.3456240,    8.8717,
 2026-Dec-22 04:00:00, ,m, 149.121249401,  13.485851320,  149.491225306,  13.355591643,   195.941671047,      42.611354711,        259.919,     -107.724, 112.502, 281.3735,    *,  1.533828,  4.73049743594020,-32.4543670,    8.8676,
 2026-Dec-22 05:00:00, ,m, 149.121312547,  13.485946952,  149.491291370,  13.355686983,   214.892130218,      39.373718276,        264.381,     -109.482, 112.485, 286.1687,    *,  1.534082,  4.72971521159072,-32.5533225,    8.8635,
 2026-Dec-22 06:00:00,A,m, 149.121278150,  13.486081139,  149.491257238,  13.355820686,   232.015688286,      34.191303123,        268.491,     -111.095, 112.468, 290.5832,    *,  1.534337,  4.72893068658290,-32.6461062,    8.8594,
 2026-Dec-22 07:00:00,N,m, 149.121148532,  13.486255116,  149.491125697,  13.355993830,   247.329987417,      27.692694457,        272.243,     -112.559, 112.452, 294.6110,    *,  1.534592,  4.72814397040978,-32.7358662,    8.8553,
 2026-Dec-22 08:00:00,C, , 149.120925307,  13.486470272,  149.490898990,  13.356207681,   261.273977765,      20.447688134,        275.634,     -113.873, 112.437, 298.2465,    *,  1.534848,  4.72735510478660,-32.8250528,    8.8512,
 2026-Dec-22 09:00:00,*, , 149.120609178,  13.486728092,  149.490578563,  13.356463645,   274.392692695,      12.928351765,        278.656,     -115.036, 112.421, 301.4845,    *,  1.535105,  4.72656408273300,-32.9152374,    8.8470,
 2026-Dec-22 10:00:00,*, , 149.120199788,  13.487030093,  149.490164875,  13.356763205,   287.196682721,       5.536415673,        281.308,     -116.044, 112.406, 304.3206,    *,  1.535362,  4.72577087129311,-33.0069929,    8.8429,
 2026-Dec-22 11:00:00,*, , 149.119695671,  13.487377747,  149.489657281,  13.357107852,   300.119847513,      -1.357450847,        283.584,     -116.898, 112.392, 306.7508,    *,  1.535621,  4.72497543630826,-33.0998443,    8.8388,
 2026-Dec-22 12:00:00,*,m, 149.119094275,  13.487772409,  149.489054008,  13.357499007,   313.498567023,      -7.385056970,        285.482,     -117.596, 112.377, 308.7716,    *,  1.535880,  4.72417776751560,-33.1922907,    8.8347,
 2026-Dec-22 13:00:00,*,m, 149.118392073,  13.488215247,  149.488352209,  13.357937949,   327.534726324,     -12.173794909,        286.999,     -118.137, 112.363, 310.3801,    *,  1.536140,  4.72337790222239,-33.2819009,    8.8306,
 2026-Dec-22 14:00:00,*,m, 149.117584755,  13.488707180,  149.487548107,  13.358425744,   342.241059503,     -15.371035284,        288.132,     -118.520, 112.348, 311.5739,    *,  1.536401,  4.72257594590325,-33.3654725,    8.8265,
 2026-Dec-22 15:00:00,C,m, 149.116667474,  13.489248833,  149.486637210,  13.358963192,   357.406973410,     -16.702079630,        288.880,     -118.744, 112.334, 312.3511,    *,  1.536663,  4.72177208827773,-33.4392460,    8.8223,
 2026-Dec-22 16:00:00,N,m, 149.115635149,  13.489840501,  149.485614584,  13.359550777,    12.646281036,     -16.041072567,        289.242,     -118.809, 112.320, 312.7106,    *,  1.536925,  4.72096661373388,-33.4991580,    8.8182,
 2026-Dec-22 17:00:00, ,m, 149.114482787,  13.490482138,  149.484475166,  13.360188646,    27.542952593,     -13.451331258,        289.217,     -118.715, 112.306, 312.6515,    *,  1.537188,  4.72015990535041,-33.5411167,    8.8140,
 2026-Dec-22 18:00:00, ,m, 149.113205811,  13.491173365,  149.483214100,  13.360876600,    41.816006638,      -9.164422765,        288.804,     -118.462, 112.292, 312.1737,    *,  1.537451,  4.71935244220803,-33.5612811,    8.8098,
 2026-Dec-22 19:00:00, ,m, 149.111800369,  13.491913493,  149.481827062,  13.361614108,    55.403401648,      -3.514360241,        288.005,     -118.049, 112.277, 311.2775,    *,  1.537714,  4.71854479014147,-33.5563234,    8.8056,
 2026-Dec-22 20:00:00, ,m, 149.110263608,  13.492701568,  149.480310565,  13.362400338,    68.449195298,       3.128539712,        286.819,     -117.479, 112.263, 309.9638,    *,  1.537977,  4.71773758658971,-33.5236558,    8.8013,
 2026-Dec-22 21:00:00, ,m, 149.108593881,  13.493536423,  149.478662215,  13.363234206,    81.249580174,      10.393999628,        285.249,     -116.750, 112.248, 308.2342,    *,  1.538240,  4.71693152044714,-33.4616143,    8.7970,
 2026-Dec-22 22:00:00, ,m, 149.106790888,  13.494416751,  149.476880897,  13.364114437,    94.208236065,      17.914509600,        283.295,     -115.865, 112.233, 306.0905,    *,  1.538502,  4.71612730832473,-33.3695734,    8.7926,
 2026-Dec-22 23:00:00, ,m, 149.104855735,  13.495341176,  149.474966893,  13.365039635,   107.812434713,      25.302972557,        280.961,     -114.824, 112.218, 303.5355,    *,  1.538764,  4.71532566882428,-33.2479950,    8.7882,
 2026-Dec-23 00:00:00, ,m, 149.102790901,  13.496308323,  149.472921905,  13.366008361,   122.604730151,      32.115453539,        278.248,     -113.628, 112.203, 300.5722,    *,  1.539024,  4.71452729653681,-33.0984023,    8.7838,
 2026-Dec-23 01:00:00, ,m, 149.100600124,  13.497316894,  149.470748996,  13.367019204,   139.086570767,      37.815568251,        275.162,     -112.279, 112.187, 297.2043,    *,  1.539283,  4.71373283752125,-32.9232835,    8.7794,
 2026-Dec-23 02:00:00, ,m, 149.098288217,  13.498365726,  149.468452443,  13.368070853,   157.463973083,      41.782422538,        271.705,     -110.779, 112.171, 293.4361,    *,  1.539542,  4.71294286791341,-32.7259295,    8.7749,
 2026-Dec-23 03:00:00, ,m, 149.095860804,  13.499453837,  149.466037524,  13.369162150,   177.267399936,      43.434783645,        267.881,     -109.129, 112.155, 289.2724,    *,  1.539798,  4.71215787710094,-32.5102191,    8.7703,
 2026-Dec-23 04:00:00, ,m, 149.093324027,  13.500580462,  149.463510238,  13.370292138,   197.268339093,      42.480698074,        263.696,     -107.332, 112.138, 284.7185,    *,  1.540053,  4.71137825658687,-32.2803636,    8.7658,
 2026-Dec-23 05:00:00, ,m, 149.090684216,  13.501745059,  149.460876988,  13.371460084,   216.116050814,      39.092906774,        259.156,     -105.391, 112.120, 279.7803,    *,  1.540306,  4.71060429527520,-32.0406314,    8.7612,
 2026-Dec-23 06:00:00,A,m, 149.087947560,  13.502947310,  149.458144247,  13.372665488,   233.114920934,      33.801083013,        254.265,     -103.307, 112.102, 274.4643,    *,  1.540557,  4.70983618147211,-31.7950689,    8.7566,
 2026-Dec-23 07:00:00,N,m, 149.085119795,  13.504187091,  149.455318225,  13.373908066,   248.323937357,      27.234172281,        249.031,     -101.083, 112.083, 268.7773,    *,  1.540806,  4.70907401143584,-31.5472380,    8.7520,
 2026-Dec-23 08:00:00,C,m, 149.082205935,  13.505464432,  149.452404569,  13.375187725,   262.197629733,      19.955861497,        243.460,      -98.722, 112.063, 262.7269,    *,  1.541054,  4.70831780385996,-31.2999887,    8.7474,
 2026-Dec-23 09:00:00,*, , 149.079210055,  13.506779458,  149.449408103,  13.376504508,   275.281968014,      12.432555480,        237.559,      -96.228, 112.042, 256.3210,    *,  1.541299,  4.70756751926869,-31.0552804,    8.7428,
 2026-Dec-23 10:00:00,*, , 149.076135157,  13.508132327,  149.446332638,  13.377858538,   288.083376687,       5.062900295,        231.337,      -93.604, 112.021, 249.5680,    *,  1.541543,  4.70682308296580,-30.8140671,    8.7381,
 2026-Dec-23 11:00:00,*, , 149.072983110,  13.509523154,  149.443180861,  13.379249946,   301.029978657,      -1.783146771,        224.801,      -90.852, 111.997, 242.4769,    *,  1.541785,  4.70608440993592,-30.5762508,    8.7335,
 2026-Dec-23 12:00:00,*, , 149.069754678,  13.510951938,  149.439954307,  13.380678798,   314.450411224,      -7.736887367,        217.961,      -87.978, 111.973, 235.0570,    *,  1.542025,  4.70535142996426,-30.3407100,    8.7288,
 2026-Dec-23 13:00:00,*,m, 149.066449634,  13.512418499,  149.436653416,  13.382145022,   328.535298343,     -12.425852158,        210.824,      -84.984, 111.947, 227.3182,    *,  1.542264,  4.70462411122506,-30.1053978,    8.7242,
 2026-Dec-23 14:00:00,*,m, 149.063066953,  13.513922412,  149.433277680,  13.383648339,   343.282389221,     -15.500623029,        203.402,      -81.875, 111.919, 219.2706,    *,  1.542500,  4.70390248069613,-29.8675059,    8.7195,
 2026-Dec-23 15:00:00,C,m, 149.059605057,  13.515462968,  149.429825859,  13.385188211,   358.466204647,     -16.694677985,        195.702,      -78.654, 111.888, 210.9251,    *,  1.542735,  4.70318663997388,-29.6236809,    8.7148,
 2026-Dec-23 16:00:00,N,m, 149.056062118,  13.517039143,  149.426296252,  13.386763802,    13.693132587,     -15.894677106,        187.737,      -75.327, 111.855, 202.2926,    *,  1.542968,  4.70247677538033,-29.3702795,    8.7100,
 2026-Dec-23 17:00:00, ,m, 149.052436378,  13.518649586,  149.422687013,  13.388373946,    28.551958806,     -13.177050006,        179.515,      -71.897, 111.820, 193.3847,    *,  1.543199,  4.70177316164461,-29.1036441,    8.7053,
 2026-Dec-23 18:00:00, ,m, 149.048726475,  13.520292630,  149.418996481,  13.390017155,    42.775700788,      -8.782854513,        171.049,      -68.369, 111.780, 184.2132,    *,  1.543428,  4.70107615888323,-28.8203810,    8.7005,
 2026-Dec-23 19:00:00, ,m, 149.044931744,  13.521966324,  149.415223504,  13.391691627,    56.318037862,      -3.050489688,        162.350,      -64.748, 111.737, 174.7904,    *,  1.543654,  4.70038620306397,-28.5176209,    8.6957,
 2026-Dec-23 20:00:00, ,m, 149.041052487,  13.523668470,  149.411367735,  13.393395283,    69.335522310,       3.648994699,        153.428,      -61.038, 111.688, 165.1289,    *,  1.543878,  4.69970379058492,-28.1932444,    8.6908,
 2026-Dec-23 21:00:00, ,m, 149.037090170,  13.525396694,  149.407429883,  13.395125821,    82.133115245,      10.945772428,        144.297,      -57.245, 111.634, 155.2416,    *,  1.544100,  4.69902945800532,-27.8460570,    8.6859,
 2026-Dec-23 22:00:00, ,m, 149.033047556,  13.527148506,  149.403411888,  13.396880777,    95.121159854,      18.471886882,        134.968,      -53.374, 111.572, 145.1417,    *,  1.544319,  4.69836375829751,-27.4759020,    8.6810,
 2026-Dec-23 23:00:00, ,m, 149.028928750,  13.528921382,  149.399317030,  13.398657601,   108.792489729,      25.837489418,        125.453,      -49.429, 111.500, 134.8430,    *,  1.544535,  4.69770723523154,-27.0837013,    8.6760,
 2026-Dec-24 00:00:00, ,m, 149.024739162,  13.530712836,  149.395149942,  13.400453735,   123.692002636,      32.592937876,        115.766,      -45.417, 111.417, 124.3592,    *,  1.544747,  4.69706039763777,-26.6714257,    8.6709,
 2026-Dec-24 01:00:00, ,m, 149.020485377,  13.532520496,  149.390916537,  13.402266686,   140.311986087,      38.194331554,        105.920,      -41.343, 111.318, 113.7047,    *,  1.544957,  4.69642369525731,-26.2419917,    8.6659,
 2026-Dec-24 02:00:00, ,m, 149.016174961,  13.534342162,  149.386623857,  13.404094100,   158.824070789,      42.017026450,         95.927,      -37.211, 111.198, 102.8938,    *,  1.545163,  4.69579749788480,-25.7990945,    8.6608,
 2026-Dec-24 03:00:00, ,m, 149.011816190,  13.536175854,  149.382279841,  13.405933817,   178.699673056,      43.490416761,         85.802,      -33.029, 111.051,  91.9414,    *,  1.545365,  4.69518207917886,-25.3469883,    8.6556,
 2026-Dec-24 04:00:00, ,m, 149.007417748,  13.538019851,  149.377893042,  13.407783917,   198.670172127,      42.352008226,         75.558,      -28.801, 110.863,  80.8625,    *,  1.545564,  4.69457760623560,-24.8902298,    8.6505,
 2026-Dec-24 05:00:00, ,m, 149.002988391,  13.539872693,  149.373472300,  13.409642747,   217.408109107,      38.807230181,         65.209,      -24.533, 110.615,  69.6725,    *,  1.545760,  4.69398413563286,-24.4334004,    8.6453,
 2026-Dec-24 06:00:00,A,m, 148.998536611,  13.541733185,  149.369026404,  13.411508925,   234.276268379,      33.402151740,         54.770,      -20.231, 110.272,  58.3873,    *,  1.545951,  4.69340161620785,-23.9808274,    8.6401,
 2026-Dec-24 07:00:00,N,m, 148.994070327,  13.543600366,  149.364563757,  13.413381332,   249.375852432,      26.765452039,         44.253,      -15.901, 109.763,  47.0234,    *,  1.546140,  4.69282989837008,-23.5363226,    8.6349,
 2026-Dec-24 08:00:00,C,m, 148.989596608,  13.545473468,  149.360092069,  13.415259074,   263.176777921,      19.454228307,         33.674,      -11.549, 108.929,  35.5992,    *,  1.546325,  4.69226874930340,-23.1029572,    8.6297,
 2026-Dec-24 09:00:00,*,m, 148.985121464,  13.547351860,  149.355618101,  13.417141437,   276.225603517,      11.928959491,         23.046,       -7.180, 107.304,  24.1389,    *,  1.546506,  4.69171787300764,-22.6828872,    8.6245,
 2026-Dec-24 10:00:00,*, , 148.980649709,  13.549234979,  149.351147479,  13.419027826,   289.024247835,       4.585076569,         12.385,       -2.801, 102.742,  12.6979,    t,  1.546685,  4.69117693379961,-22.2772418,    8.6193,
 2026-Dec-24 11:00:00,*, , 148.976184906,  13.551122263,  149.346684580,  13.420917697,   301.994551134,      -2.208271132,          1.705,        1.583,  47.120,   2.3264,    t,  1.546860,  4.69064558165684,-21.8860828,    8.6141,
 2026-Dec-24 12:00:00,*, , 148.971729402,  13.553013075,  149.342232513,  13.422810478,   315.456675606,      -8.082057817,         -8.980,        5.965, 303.596,  10.7811,    t,  1.547032,  4.69012347766255,-21.5084370,    8.6089,
 2026-Dec-24 13:00:00,*, , 148.967284442,  13.554906638,  149.337793180,  13.424705501,   329.589050317,     -12.664361331,        -19.656,       10.341, 297.749,  22.2097,    *,  1.547201,  4.68961031780433,-21.1423995,    8.6036,
 2026-Dec-24 14:00:00,*,m, 148.962850366,  13.556801976,  149.333367426,  13.426601938,   344.373627117,     -15.609708349,        -30.307,       14.702, 295.880,  33.6846,    *,  1.547368,  4.68910585349338,-20.7853016,    8.5984,
 2026-Dec-24 15:00:00,C,m, 148.958426859,  13.558697872,  149.328955256,  13.428498744,   359.569942026,     -16.660704248,        -40.919,       19.045, 294.960,  45.1339,    *,  1.547531,  4.68860990739779,-20.4339301,    8.5932,
 2026-Dec-24 16:00:00,N,m, 148.954013255,  13.560592841,  149.324556114,  13.430394619,    14.777892327,     -15.717328440,        -51.479,       23.362, 294.412,  56.5315,    *,  1.547692,  4.68812238350515,-20.0847846,    8.5879,
 2026-Dec-24 17:00:00, ,m, 148.949608855,  13.562485119,  149.320169199,  13.432287985,    29.592544789,     -12.869426683,        -61.971,       27.649, 294.047,  67.8584,    *,  1.547851,  4.68764327072770,-19.7343540,    8.5826,
 2026-Dec-24 18:00:00, ,m, 148.945213256,  13.564372679,  149.315793790,  13.434176989,    43.762039783,      -8.367348098,        -72.382,       31.899, 293.786,  79.0977,    *,  1.548006,  4.68717263980675,-19.3793937,    8.5773,
 2026-Dec-24 19:00:00, ,m, 148.940826645,  13.566253260,  149.311429574,  13.436059519,    57.256211260,      -2.553462985,        -82.697,       36.106, 293.589,  90.2334,    *,  1.548159,  4.68671063373454,-19.0171840,    8.5720,
 2026-Dec-24 20:00:00, ,m, 148.936450066,  13.568124413,  149.307076938,  13.437933240,    70.244091190,       4.200805552,        -92.902,       40.264, 293.436, 101.2501,    *,  1.548308,  4.68625745235699,-18.6457523,    8.5667,
 2026-Dec-24 21:00:00, ,m, 148.932085613,  13.569983565,  149.302737207,  13.439795647,    83.039286417,      11.526272446,       -102.983,       44.369, 293.312, 112.1324,    *,  1.548455,  4.68581333222228,-18.2640443,    8.5613,
 2026-Dec-24 22:00:00, ,m, 148.927736553,  13.571828089,  149.298412826,  13.441644134,    96.058730726,      19.054540747,       -112.928,       48.415, 293.210, 122.8656,    *,  1.548599,  4.68537852306723,-17.8720302,    8.5559,
 2026-Dec-24 23:00:00, ,m, 148.923407368,  13.573655381,  149.294107452,  13.443476069,   109.800720064,      26.392855824,       -122.721,       52.395, 293.124, 133.4349,    *,  1.548739,  4.68495326256690,-17.4707420,    8.5504,
 2026-Dec-25 00:00:00, ,m, 148.919103705,  13.575462936,  149.289825961,  13.445288867,   124.811981754,      33.085629328,       -132.351,       56.305, 293.051, 143.8258,    *,  1.548877,  4.68453775109353,-17.0622357,    8.5449,
 2026-Dec-25 01:00:00, ,m, 148.914832247,  13.577248419,  149.285574373,  13.447080071,   141.573955330,      38.581380711,       -141.803,       60.139, 292.987, 154.0242,    *,  1.549011,  4.68413212822956,-16.6494847,    8.5395,
 2026-Dec-25 02:00:00, ,m, 148.910600504,  13.579009729,  149.281359688,  13.448847423,   160.220699877,      42.252399423,       -151.065,       63.892, 292.931, 164.0161,    *,  1.549142,  4.68373645259448,-16.2362105,    8.5339,
 2026-Dec-25 03:00:00, ,m, 148.906416546,  13.580745042,  149.277189651,  13.450588915,   180.162386413,      43.540502925,       -160.125,       67.559, 292.882, 173.7879,    *,  1.549269,  4.68335068649422,-15.8266562,    8.5284,
 2026-Dec-25 04:00:00, ,m, 148.902288690,  13.582452846,  149.273072466,  13.452302839,   200.093064612,      42.214429302,       -168.970,       71.135, 292.837, 183.3265,    *,  1.549394,  4.68297468640279,-15.4253292,    8.5229,
 2026-Dec-25 05:00:00, ,m, 148.898225167,  13.584131951,  149.269016467,  13.453987808,   218.713679006,      38.512323523,       -177.587,       74.616, 292.797, 192.6187,    *,  1.549515,  4.68260819993315,-15.0367228,    8.5173,
 2026-Dec-25 06:00:00,A,m, 148.894233790,  13.585781480,  149.265029775,  13.455642761,   235.447111712,      32.995406286,       -185.966,       77.996, 292.761, 201.6520,    *,  1.549633,  4.68225086954560,-14.6650381,    8.5118,
 2026-Dec-25 07:00:00,N,m, 148.890321637,  13.587400839,  149.261119970,  13.457266950,   250.435625916,      26.291043836,       -194.095,       81.270, 292.727, 210.4141,    *,  1.549749,  4.68190224275211,-14.3139250,    8.5063,
 2026-Dec-25 08:00:00,C,m, 148.886494791,  13.588989681,  149.257293784,  13.458859902,   264.163205346,      18.949276247,       -201.963,       84.435, 292.696, 218.8932,    *,  1.549861,  4.68156178813671,-13.9862606,    8.5008,
 2026-Dec-25 09:00:00,*,m, 148.882758129,  13.590547836,  149.253556855,  13.460421373,   277.176257861,      11.424509654,       -209.559,       87.487, 292.668, 227.0779,    *,  1.549971,  4.68122891611409,-13.6839792,    8.4952,
 2026-Dec-25 10:00:00,*, , 148.879115195,  13.592075254,  149.249913542,  13.461951283,   289.971803026,       4.108903791,       -216.873,       90.420, 292.641, 234.9570,    *,  1.550079,  4.68090300302522,-13.4079667,    8.4897,
 2026-Dec-25 11:00:00,*, , 148.875568155,  13.593571925,  149.246366825,  13.463449644,   302.965084250,      -2.629283624,       -223.895,       93.232, 292.616, 242.5201,    *,  1.550185,  4.68058341694048,-13.1580252,    8.4843,
 2026-Dec-25 12:00:00,*, , 148.872117834,  13.595037807,  149.242918288,  13.464916487,   316.467434154,      -8.420885331,       -230.617,       95.918, 292.592, 249.7569,    *,  1.550289,  4.68026954342526,-12.9329110,    8.4788,
 2026-Dec-25 13:00:00,*, , 148.868763850,  13.596472762,  149.239568197,  13.466351788,   330.644750704,     -12.894867127,       -237.028,       98.476, 292.570, 256.6577,    *,  1.550391,  4.67996080952650,-12.7304439,    8.4733,
 2026-Dec-25 14:00:00,*, , 148.865504804,  13.597876493,  149.236315650,  13.467755401,   345.463139279,     -15.710171693,       -243.120,      100.900, 292.549, 263.2133,    *,  1.550492,  4.67965670436135,-12.5476789,    8.4679,
 2026-Dec-25 15:00:00,C, , 148.862338553,  13.599248503,  149.233158811,  13.469127006,     0.667705355,     -16.618951033,       -248.885,      103.189, 292.529, 269.4148,    *,  1.550592,  4.67935679492358,-12.3811292,    8.4624,
 2026-Dec-25 16:00:00,N,m, 148.859262507,  13.600588070,  149.230095187,  13.470466070,    15.852915505,     -15.534590035,       -254.316,      105.339, 292.509, 275.2540,    *,  1.550690,  4.67906073605138,-12.2270260,    8.4570,
 2026-Dec-25 17:00:00,A,m, 148.856273959,  13.601894237,  149.227121956,  13.471771823,    30.621021716,     -12.559995149,       -259.404,      107.347, 292.491, 280.7230,    *,  1.550787,  4.67876827390156,-12.0815951,    8.4516,
 2026-Dec-25 18:00:00, ,m, 148.853370411,  13.603165822,  149.224236292,  13.473043261,    44.735483450,      -7.954223695,       -264.144,      109.210, 292.473, 285.8146,    *,  1.550882,  4.67847924272067,-11.9413343,    8.4461,
 2026-Dec-25 19:00:00, ,m, 148.850549876,  13.604401453,  149.221435697,  13.474279160,    58.181884896,      -2.063116799,       -268.528,      110.927, 292.455, 290.5218,    *,  1.550977,  4.67819355516383,-11.8032693,    8.4407,
 2026-Dec-25 20:00:00, ,m, 148.847811138,  13.605599616,  149.218718292,  13.475478119,    71.141165524,       4.741803747,       -272.552,      112.494, 292.439, 294.8383,    *,  1.551071,  4.67791118685425,-11.6651734,    8.4352,
 2026-Dec-25 21:00:00, ,m, 148.845153946,  13.606758710,  149.216083057,  13.476638608,    83.935101594,      12.092072434,       -276.208,      113.910, 292.422, 298.7584,    *,  1.551163,  4.67763215627214,-11.5257341,    8.4297,
 2026-Dec-25 22:00:00, ,m, 148.842579137,  13.607877127,  149.213530008,  13.477759038,    96.986834003,      19.618822290,       -279.494,      115.173, 292.406, 302.2768,    *,  1.551255,  4.67735650138157,-11.3846559,    8.4242,
 2026-Dec-25 23:00:00, ,m, 148.840088673,  13.608953317,  149.211060285,  13.478837830,   110.799642286,      26.926346347,       -282.404,      116.281, 292.390, 305.3887,    *,  1.551345,  4.67708425462852,-11.2426923,    8.4187,
 2026-Dec-26 00:00:00, ,m, 148.837685589,  13.609985874,  149.208676164,  13.479873499,   125.921171237,      33.553175514,       -284.934,      117.232, 292.375, 308.0901,    *,  1.551434,  4.67681541805422,-11.1016038,    8.4132,
 2026-Dec-26 01:00:00, ,m, 148.835373860,  13.610973596,  149.206380971,  13.480864720,   142.820344640,      38.940679762,       -287.080,      118.026, 292.360, 310.3772,    *,  1.551522,  4.67654994026112,-10.9640473,    8.4077,
 2026-Dec-26 02:00:00, ,m, 148.833158195,  13.611915549,  149.204178920,  13.481810405,   161.591925462,      42.459203974,       -288.841,      118.661, 292.345, 312.2470,    *,  1.551609,  4.67628769684143,-10.8334004,    8.4022,
 2026-Dec-26 03:00:00, ,m, 148.831043765,  13.612811112,  149.202074876,  13.482709748,   181.586158864,      43.564508316,       -290.214,      119.136, 292.330, 313.6971,    *,  1.551695,  4.67602847564110,-10.7135374,    8.3967,
 2026-Dec-26 04:00:00, ,m, 148.829035897,  13.613660003,  149.200074074,  13.483562275,   201.465759975,      42.056855133,       -291.196,      119.451, 292.315, 314.7255,    *,  1.551780,  4.67577196790301,-10.6085675,    8.3912,
 2026-Dec-26 05:00:00, ,m, 148.827139741,  13.614462285,  149.198181782,  13.484367858,   219.964711375,      38.205256164,       -291.787,      119.606, 292.300, 315.3310,    *,  1.551865,  4.67551776592688,-10.5225590,    8.3857,
 2026-Dec-26 06:00:00,A,m, 148.825359942,  13.615218358,  149.196402976,  13.485126719,   236.564726231,      32.583813075,       -291.986,      119.600, 292.286, 315.5128,    *,  1.551949,  4.67526536740197,-10.4592610,    8.3802,
 2026-Dec-26 07:00:00,N,m, 148.823700336,  13.615928929,  149.194742007,  13.485839412,   251.445625079,      25.817452669,       -291.793,      119.434, 292.271, 315.2706,    *,  1.552032,  4.67501418625556,-10.4218470,    8.3748,
 2026-Dec-26 08:00:00,C,m, 148.822163690,  13.616594960,  149.193202307,  13.486506785,   265.103161354,      18.449000955,       -291.207,      119.107, 292.256, 314.6051,    *,  1.552115,  4.67476356917716,-10.4126993,    8.3693,
 2026-Dec-26 09:00:00,*,m, 148.820751506,  13.617217608,  149.191786148,  13.487129926,   278.082698747,      10.926971350,       -290.231,      118.620, 292.241, 313.5171,    *,  1.552198,  4.67451281677225,-10.4332436,    8.3639,
 2026-Dec-26 10:00:00,*,m, 148.819463904,  13.617798160,  149.190494470,  13.487710100,   290.876161312,       3.640428749,       -288.865,      117.974, 292.226, 312.0082,    *,  1.552282,  4.67426120793439,-10.4838477,    8.3586,
 2026-Dec-26 11:00:00,*, , 148.818299586,  13.618337948,  149.189326793,  13.488248672,   303.892244976,      -3.043190319,       -287.111,      117.169, 292.211, 310.0805,    *,  1.552366,  4.67400802579291,-10.5637929,    8.3532,
 2026-Dec-26 12:00:00,*, , 148.817255888,  13.618838283,  149.188281209,  13.488747030,   317.433605188,      -8.754618390,       -284.971,      116.208, 292.196, 307.7368,    *,  1.552451,  4.67375258348700,-10.6713170,    8.3479,
 2026-Dec-26 13:00:00,*, , 148.816328917,  13.619300381,  149.187354469,  13.489206514,   331.653919195,     -13.123817085,       -282.450,      115.091, 292.180, 304.9803,    *,  1.552537,  4.67349424802964,-10.8037289,    8.3426,
 2026-Dec-26 14:00:00,*, , 148.815513761,  13.619725304,  149.186542149,  13.489628344,   346.504064215,     -15.814203427,       -279.549,      113.819, 292.164, 301.8147,    *,  1.552624,  4.67323246065629,-10.9575849,    8.3374,
 2026-Dec-26 15:00:00,C, , 148.814804760,  13.620113919,  149.185838887,  13.490013568,     1.715658578,     -16.587294481,       -276.274,      112.394, 292.148, 298.2444,    *,  1.552712,  4.67296675229458,-11.1289151,    8.3321,
 2026-Dec-26 16:00:00,N, , 148.814195817,  13.620466867,  149.185238676,  13.490363023,    16.878612022,     -15.369323751,       -272.628,      110.819, 292.131, 294.2742,    *,  1.552802,  4.67269675312575,-11.3134855,    8.3269,
 2026-Dec-26 17:00:00,A, , 148.813680732,  13.620784557,  149.184735188,  13.490677311,    31.602557878,     -12.275446620,       -268.616,      109.096, 292.114, 289.9096,    *,  1.552893,  4.67242219561304,-11.5070760,    8.3217,
 2026-Dec-26 18:00:00, ,m, 148.813253532,  13.621067177,  149.184322114,  13.490956797,    45.665650659,      -7.572696855,       -264.245,      107.226, 292.097, 285.1563,    *,  1.552986,  4.67214291081984,-11.7057565,    8.3164,
 2026-Dec-26 19:00:00, ,m, 148.812908773,  13.621314726,  149.183993493,  13.491201634,    59.068241880,      -1.609979991,       -259.519,      105.213, 292.078, 280.0209,    *,  1.553080,  4.67185881829956,-11.9061420,    8.3112,
 2026-Dec-26 20:00:00, ,m, 148.812641805,  13.621527057,  149.183744006,  13.491411789,    72.002324649,       5.241168274,       -254.446,      103.058, 292.059, 274.5102,    *,  1.553176,  4.67156991027906,-12.1056094,    8.3060,
 2026-Dec-26 21:00:00, ,m, 148.812448962,  13.621703942,  149.183569222,  13.491587105,    84.797256141,      12.612910502,       -249.031,      100.766, 292.039, 268.6315,    *,  1.553274,  4.67127623124790,-12.3024602,    8.3008,
 2026-Dec-26 22:00:00, ,m, 148.812327690,  13.621845139,  149.183465764,  13.491727362,    97.881923912,      20.135790781,       -243.283,       98.338, 292.018, 262.3930,    *,  1.553373,  4.67097785437971,-12.4960194,    8.2956,
 2026-Dec-26 23:00:00, ,m, 148.812276576,  13.621950465,  149.183431409,  13.491832348,   111.764014741,      27.411122675,       -237.208,       95.779, 291.997, 255.8028,    *,  1.553474,  4.67067485642813,-12.6866629,    8.2904,
 2026-Dec-27 00:00:00, ,m, 148.812295299,  13.622019873,  149.183465086,  13.491901938,   126.991149558,      33.971756081,       -230.816,       93.091, 291.974, 248.8698,    *,  1.553576,  4.67036729284388,-12.8757719,    8.2851,
 2026-Dec-27 01:00:00, ,m, 148.812384497,  13.622053514,  149.183566797,  13.491936163,   144.018466890,      39.252536902,       -224.114,       90.279, 291.949, 241.6034,    *,  1.553680,  4.67005517484307,-13.0656168,    8.2799,
 2026-Dec-27 02:00:00, ,m, 148.812545555,  13.622051796,  149.183737450,  13.491935277,   162.901136842,      42.623013307,       -217.112,       87.346, 291.924, 234.0133,    *,  1.553785,  4.66973845002228,-13.2591806,    8.2747,
 2026-Dec-27 03:00:00, ,m, 148.812780344,  13.622015429,  149.183978629,  13.491899811,   182.933097686,      43.553854661,       -209.819,       84.296, 291.896, 226.1097,    *,  1.553892,  4.66941698787218,-13.4599307,    8.2695,
 2026-Dec-27 04:00:00, ,m, 148.813090907,  13.621945442,  149.184292302,  13.491830605,   202.752759506,      41.875993847,       -202.245,       81.133, 291.866, 217.9032,    *,  1.554001,  4.66909057120408,-13.6715583,    8.2643,
 2026-Dec-27 05:00:00, ,m, 148.813479136,  13.621843196,  149.184680499,  13.491728833,   221.130254670,      37.886540797,       -194.400,       77.861, 291.834, 209.4048,    *,  1.554111,  4.66875889409735,-13.8977003,    8.2592,
 2026-Dec-27 06:00:00,A,m, 148.813946445,  13.621710364,  149.185144983,  13.491595995,   237.602836466,      32.170068394,       -186.295,       74.485, 291.800, 200.6259,    *,  1.554224,  4.66842156652746,-14.1416653,    8.2540,
 2026-Dec-27 07:00:00,N,m, 148.814493475,  13.621548900,  149.185686923,  13.491433901,   252.383459106,      25.348260303,       -177.940,       71.009, 291.762, 191.5782,    *,  1.554338,  4.66807812537691,-14.4061798,    8.2489,
 2026-Dec-27 08:00:00,C,m, 148.815119839,  13.621360987,  149.186306612,  13.491244626,   265.977255427,      17.956947376,       -169.346,       67.438, 291.720, 182.2740,    *,  1.554455,  4.66772805112458,-14.6931741,    8.2438,
 2026-Dec-27 09:00:00,*,m, 148.815823940,  13.621148977,  149.187003228,  13.491030460,   278.927845097,      10.439223067,       -160.526,       63.777, 291.674, 172.7256,    *,  1.554574,  4.66737078902793,-15.0036228,    8.2387,
 2026-Dec-27 10:00:00,*,m, 148.816602853,  13.620915314,  149.187774676,  13.490793832,   291.722108194,       3.181449452,       -151.490,       60.030, 291.622, 162.9457,    *,  1.554695,  4.66700577343389,-15.3374482,    8.2337,
 2026-Dec-27 11:00:00,*, , 148.817452306,  13.620662459,  149.188617500,  13.490537243,   304.762489508,      -3.449510579,       -142.251,       56.203, 291.564, 152.9475,    *,  1.554820,  4.66663245352246,-15.6934970,    8.2287,
 2026-Dec-27 12:00:00,*, , 148.818366740,  13.620392814,  149.189526896,  13.490263180,   318.343355864,      -9.084153513,       -132.822,       52.300, 291.498, 142.7443,    *,  1.554947,  4.66625031874640,-16.0695894,    8.2237,
 2026-Dec-27 13:00:00,*, , 148.819339452,  13.620108652,  149.190496799,  13.489974047,   332.606671169,     -13.353340545,       -123.214,       48.328, 291.421, 132.3496,    *,  1.555077,  4.66585892224604,-16.4626371,    8.2188,
 2026-Dec-27 14:00:00,*, , 148.820362815,  13.619812059,  149.191520062,  13.489672092,   347.488786419,     -15.924792040,       -113.441,       44.290, 291.331, 121.7774,    *,  1.555211,  4.66545790064952,-16.8688239,    8.2138,
 2026-Dec-27 15:00:00,C, , 148.821428555,  13.619504886,  149.192588700,  13.489359353,     2.708662239,     -16.569004379,       -103.515,       40.192, 291.224, 111.0416,    *,  1.555348,  4.66504698891521,-17.2838351,    8.2089,
 2026-Dec-27 16:00:00,N, , 148.822528067,  13.619188725,  149.193694186,  13.489037620,    17.852233360,     -15.224407180,        -93.449,       36.040, 291.093, 100.1566,    *,  1.555488,  4.66462602921214,-17.7031208,    8.2040,
 2026-Dec-27 17:00:00,A, , 148.823652753,  13.618864899,  149.194827783,  13.488708412,    32.536416463,     -12.017650898,        -83.258,       31.840, 290.931,  89.1370,    *,  1.555632,  4.66419497324162,-18.1221742,    8.1991,
 2026-Dec-27 18:00:00, , , 148.824794353,  13.618534474,  149.195980889,  13.488372976,    46.553319825,      -7.223180615,        -72.954,       27.596, 290.723,  77.9976,    *,  1.555779,  4.66375387785157,-18.5368076,    8.1943,
 2026-Dec-27 19:00:00, , , 148.825945254,  13.618198292,  149.197145363,  13.488032305,    59.917156766,      -1.192746767,        -62.551,       23.315, 290.445,  66.7536,    *,  1.555930,  4.66330289425344,-18.9434057,    8.1894,
 2026-Dec-27 20:00:00, ,m, 148.827098745,  13.617857014,  149.198313821,  13.487687177,    72.830299054,       5.702034862,        -52.062,       19.002, 290.053,  55.4208,    u,  1.556083,  4.66284225158889,-19.3391385,    8.1845,
 2026-Dec-27 21:00:00, ,m, 148.828249212,  13.617511183,  149.199479882,  13.487338204,    85.629301214,      13.093754591,        -41.502,       14.663, 289.460,  44.0157,    u,  1.556240,  4.66237223597918,-19.7221219,    8.1796,
 2026-Dec-27 22:00:00, ,m, 148.829392260,  13.617161293,  149.200638331,  13.486985902,    98.748553363,      20.612160333,        -30.885,       10.303, 288.450,  32.5577,    u,  1.556400,  4.66189316649883,-20.0915113,    8.1747,
 2026-Dec-27 23:00:00, ,m, 148.830524742,  13.616807861,  149.201785213,  13.486630757,   112.699826032,      27.855459666,        -20.224,        5.929, 286.341,  21.0749,    O,  1.556563,  4.66140536972459,-20.4475256,    8.1698,
 2026-Dec-28 00:00:00, ,m, 148.831644703,  13.616451499,  149.202917834,  13.486273305,   128.030092883,      34.350873167,         -9.534,        1.546, 279.212,   9.6582,    O,  1.556729,  4.66090915460770,-20.7913968,    8.1648,
 2026-Dec-28 01:00:00, ,m, 148.832751247,  13.616092982,  149.204034672,  13.485914199,   145.179789089,      39.527111400,          1.172,       -2.840, 157.581,   3.0719,    O,  1.556897,  4.66040478939387,-21.1252507,    8.1599,
 2026-Dec-28 02:00:00, ,m, 148.833844319,  13.615733302,  149.205135211,  13.485554275,   164.164347356,      42.753739675,         11.878,       -7.223, 121.304,  13.9014,    O,  1.557068,  4.65989248217475,-21.4519265,    8.1550,
 2026-Dec-28 03:00:00, ,m, 148.834924447,  13.615373706,  149.206219704,  13.485194606,   184.224417245,      43.517002737,         22.570,      -11.597, 117.195,  25.3757,    *,  1.557242,  4.65937236640434,-21.7747467,    8.1501,
 2026-Dec-28 04:00:00, ,m, 148.835992422,  13.615015723,  149.207288884,  13.484836530,   203.979582024,      41.677731486,         33.236,      -15.957, 115.646,  36.8682,    *,  1.557419,  4.65884449237326,-22.0972551,    8.1451,
 2026-Dec-28 05:00:00, ,m, 148.837048979,  13.614661162,  149.208343639,  13.484481675,   222.238079525,      37.558992897,         43.859,      -20.297, 114.832,  48.3285,    *,  1.557598,  4.65830882522427,-22.4229381,    8.1402,
 2026-Dec-28 06:00:00,A,m, 148.838094470,  13.614312103,  149.209384683,  13.484131947,   238.589780551,      31.754163189,         54.427,      -24.611, 114.330,  59.7332,    *,  1.557779,  4.65776524964357,-22.7549518,    8.1353,
 2026-Dec-28 07:00:00,N,m, 148.839128573,  13.613970854,  149.210412236,  13.483789516,   253.277394505,      24.881314844,         64.925,      -28.893, 113.988,  71.0644,    *,  1.557964,  4.65721358090424,-23.0958701,    8.1304,
 2026-Dec-28 08:00:00,C,m, 148.840150041,  13.613639904,  149.211425738,  13.483456766,   266.813807144,      17.469657824,         75.339,      -33.138, 113.739,  82.3057,    *,  1.558151,  4.65665358150173,-23.4474744,    8.1256,
 2026-Dec-28 09:00:00,*,m, 148.841156521,  13.613321858,  149.212423619,  13.483136244,   279.740544992,       9.957388054,         85.655,      -37.339, 113.550,  93.4415,    *,  1.558342,  4.65608498223809,-23.8105965,    8.1207,
 2026-Dec-28 10:00:00,*,m, 148.842144449,  13.613019364,  149.213403143,  13.482830588,   292.539586784,       2.728604264,         95.860,      -41.492, 113.401, 104.4566,    *,  1.558535,  4.65550750630152,-24.1850286,    8.1159,
 2026-Dec-28 11:00:00,*, , 148.843109030,  13.612735031,  149.214360332,  13.482542450,   305.607349707,      -3.850086301,        105.940,      -45.591, 113.281, 115.3361,    *,  1.558731,  4.65492089465542,-24.5695027,    8.1111,
 2026-Dec-28 12:00:00,*, , 148.844044303,  13.612471360,  149.215289974,  13.482274420,   319.230071386,      -9.408740197,        115.882,      -49.631, 113.180, 126.0655,    *,  1.558931,  4.65432493108246,-24.9617445,    8.1063,
 2026-Dec-28 13:00:00,*, , 148.844943297,  13.612230670,  149.216185728,  13.482028948,   333.538106241,     -13.579020481,        125.672,      -53.605, 113.096, 136.6303,    *,  1.559134,  4.65371946501753,-25.3585973,    8.1015,
 2026-Dec-28 14:00:00,*, , 148.845798248,  13.612015039,  149.217040299,  13.481808279,   348.453456007,     -16.032928991,        135.297,      -57.509, 113.023, 147.0165,    *,  1.559340,  4.65310443071546,-25.7562036,    8.0967,
 2026-Dec-28 15:00:00,C, , 148.846600884,  13.611826262,  149.217845691,  13.481614397,     3.682806555,     -16.549904157,        144.746,      -61.338, 112.960, 157.2102,    *,  1.559549,  4.65247986138837,-26.1502387,    8.0920,
 2026-Dec-28 16:00:00,N, , 148.847342742,  13.611665826,  149.218593505,  13.481448982,    18.808602616,     -15.080410413,        154.004,      -65.086, 112.904, 167.1978,    *,  1.559762,  4.65184589732222,-26.5361748,    8.0872,
 2026-Dec-28 17:00:00,A, , 148.848015508,  13.611534898,  149.219275273,  13.481313400,    33.455302466,     -11.762315922,        163.060,      -68.748, 112.855, 176.9658,    *,  1.559977,  4.65120278740662,-26.9095605,    8.0824,
 2026-Dec-28 18:00:00, , , 148.848611346,  13.611434344,  149.219882806,  13.481208694,    47.428853918,      -6.877228505,        171.901,      -72.320, 112.810, 186.5012,    *,  1.560196,  4.65055088396117,-27.2662958,    8.0776,
 2026-Dec-28 19:00:00, , , 148.849123206,  13.611364757,  149.220408512,  13.481135607,    60.757046149,      -0.779650003,        180.517,      -75.796, 112.770, 195.7912,    *,  1.560418,  4.64989063119918,-27.6028828,    8.0728,
 2026-Dec-28 20:00:00, , , 148.849545075,  13.611326508,  149.220845702,  13.481094622,    73.652429733,       6.158651756,        188.894,      -79.173, 112.733, 204.8234,    *,  1.560642,  4.64922254810332,-27.9166365,    8.0680,
 2026-Dec-28 21:00:00, , , 148.849872171,  13.611319805,  149.221188816,  13.481086013,    86.458737403,      13.570511525,        197.023,      -82.444, 112.699, 213.5855,    *,  1.560869,  4.64854720686979,-28.2058404,    8.0631,
 2026-Dec-28 22:00:00, ,m, 148.850101057,  13.611344764,  149.221433597,  13.481109912,    99.615973264,      21.084631799,        204.891,      -85.607, 112.668, 222.0657,    *,  1.561098,  4.64786520837985,-28.4698366,    8.0582,
 2026-Dec-28 23:00:00, ,m, 148.850229662,  13.611401482,  149.221577168,  13.481166383,   113.640079525,      28.295822270,        212.489,      -88.657, 112.639, 230.2526,    *,  1.561329,  4.64717715636035,-28.7090436,    8.0533,
 2026-Dec-29 00:00:00, ,m, 148.850257222,  13.611490112,  149.221618030,  13.481255495,   129.077133572,      34.725391352,        219.806,      -91.589, 112.612, 238.1350,    *,  1.561562,  4.64648363198369,-28.9249026,    8.0484,
 2026-Dec-29 01:00:00, ,m, 148.850184139,  13.611610925,  149.221555967,  13.481377397,   146.351845555,      39.795828989,        226.832,      -94.400, 112.587, 245.7023,    *,  1.561797,  4.64578517062734,-29.1197526,    8.0434,
 2026-Dec-29 02:00:00, ,m, 148.850011761,  13.611764369,  149.221391873,  13.481532377,   165.438377343,      42.877169703,        233.557,      -97.085, 112.563, 252.9442,    *,  1.562033,  4.64508224236377,-29.2966469,    8.0385,
 2026-Dec-29 03:00:00, ,m, 148.849742108,  13.611951106,  149.221127508,  13.481720918,   185.524209927,      43.472178550,        239.974,      -99.642, 112.540, 259.8507,    *,  1.562271,  4.64437523749599,-29.4591200,    8.0335,
 2026-Dec-29 04:00:00, ,m, 148.849377560,  13.612172038,  149.220765203,  13.481943730,   205.213027125,      41.472038809,        246.071,     -102.066, 112.518, 266.4126,    *,  1.562510,  4.64366445810725,-29.6109236,    8.0285,
 2026-Dec-29 05:00:00, ,m, 148.848920525,  13.612428306,  149.220307535,  13.482201769,   223.353322749,      37.225210205,        251.842,     -104.354, 112.498, 272.6208,    *,  1.562750,  4.64295011618043,-29.7557476,    8.0235,
 2026-Dec-29 06:00:00,A,m, 148.848373118,  13.612721274,  149.219756987,  13.482496229,   239.586958995,      31.333193701,        257.279,     -106.504, 112.478, 278.4669,    *,  1.562992,  4.64223233839282,-29.8969478,    8.0185,
 2026-Dec-29 07:00:00,N,m, 148.847736861,  13.613052498,  149.219115633,  13.482828523,   254.185106439,      24.410303138,        262.374,     -108.512, 112.459, 283.9429,    *,  1.563235,  4.64151117723255,-30.0372956,    8.0134,
 2026-Dec-29 08:00:00,C,m, 148.847012436,  13.613423668,  149.218384847,  13.483200238,   267.667782504,      16.979344086,        267.119,     -110.376, 112.441, 289.0412,    *,  1.563479,  4.64078662765061,-30.1787710,    8.0084,
 2026-Dec-29 09:00:00,*,m, 148.846199507,  13.613836548,  149.217565080,  13.483613079,   280.574311144,       9.473929532,        271.510,     -112.092, 112.423, 293.7549,    *,  1.563724,  4.64005864808184,-30.3224086,    8.0034,
 2026-Dec-29 10:00:00,*,m, 148.845296614,  13.614292901,  149.216655697,  13.484068801,   293.381775917,       2.276194072,        275.539,     -113.660, 112.406, 298.0775,    *,  1.563971,  4.63932718436928,-30.4682117,    7.9984,
 2026-Dec-29 11:00:00,*, , 148.844301156,  13.614794412,  149.215654910,  13.484569130,   306.480441453,      -4.247274188,        279.201,     -115.075, 112.389, 302.0031,    *,  1.564218,  4.63859219492698,-30.6151360,    7.9934,
 2026-Dec-29 12:00:00,*, , 148.843209465,  13.615342614,  149.214559791,  13.485115690,   320.148035235,      -9.725983433,        282.491,     -116.338, 112.372, 305.5261,    *,  1.564467,  4.63785367539243,-30.7611477,    7.9884,
 2026-Dec-29 13:00:00,*, , 148.842016956,  13.615938821,  149.213366372,  13.485709924,   334.502694044,     -13.792518260,        285.404,     -117.445, 112.356, 308.6418,    *,  1.564718,  4.63711168105297,-30.9033500,    7.9834,
 2026-Dec-29 14:00:00,*, , 148.840718352,  13.616584065,  149.212069831,  13.486353031,   349.451527450,     -16.123575160,        287.936,     -118.395, 112.341, 311.3457,    *,  1.564969,  4.63636634544671,-31.0381721,    7.9783,
 2026-Dec-29 15:00:00,C, , 148.839307968,  13.617279063,  149.210664741,  13.487045910,     4.688939076,     -16.508144212,        290.085,     -119.186, 112.325, 313.6339,    *,  1.565222,  4.63561789387369,-31.1616011,    7.9733,
 2026-Dec-29 16:00:00,N, , 148.837780028,  13.618024186,  149.209145375,  13.487789128,    19.794587613,     -14.909259401,        291.846,     -119.819, 112.310, 315.5033,    *,  1.565476,  4.63486665085286,-31.2694500,    7.9682,
 2026-Dec-29 17:00:00,A, , 148.836129006,  13.618819458,  149.207506035,  13.488582900,    34.401475322,     -11.476246061,        293.216,     -120.291, 112.295, 316.9510,    *,  1.565730,  4.63411304096915,-31.3576363,    7.9632,
 2026-Dec-29 18:00:00, , , 148.834349949,  13.619664569,  149.205741396,  13.489427088,    48.330153499,      -6.497845924,        294.195,     -120.602, 112.279, 317.9749,    *,  1.565986,  4.63335758303212,-31.4224560,    7.9580,
 2026-Dec-29 19:00:00, , , 148.832438782,  13.620558914,  149.203846831,  13.490321233,    61.622383716,      -0.331194691,        294.781,     -120.752, 112.264, 318.5732,    *,  1.566241,  4.63260087791306,-31.4608317,    7.9529,
 2026-Dec-29 20:00:00, , , 148.830392554,  13.621501641,  149.201818697,  13.491264586,    74.501115899,       6.651846798,        294.971,     -120.740, 112.249, 318.7449,    *,  1.566497,  4.63184359086254,-31.4705205,    7.9477,
 2026-Dec-29 21:00:00, , , 148.828209623,  13.622491712,  149.199654566,  13.492256170,    87.317510734,      14.084289332,        294.767,     -120.566, 112.234, 318.4896,    *,  1.566754,  4.63108642948884,-31.4502652,    7.9425,
 2026-Dec-29 22:00:00, , , 148.825889760,  13.623527981,  149.197353385,  13.493294848,   100.517546424,      21.593559194,        294.167,     -120.230, 112.219, 317.8071,    *,  1.567009,  4.63033011887459,-31.3998791,    7.9372,
 2026-Dec-29 23:00:00, ,m, 148.823434164,  13.624609266,  149.194915545,  13.494379396,   114.621692991,      28.770648758,        293.172,     -119.732, 112.204, 316.6982,    *,  1.567265,  4.62957537550550,-31.3202592,    7.9319,
 2026-Dec-30 00:00:00, ,m, 148.820845390,  13.625734425,  149.192342868,  13.495508581,   130.174992483,      35.130384532,        291.784,     -119.074, 112.189, 315.1640,    *,  1.567520,  4.62882288176683,-31.2133266,    7.9266,
 2026-Dec-30 01:00:00, ,m, 148.818127199,  13.626902423,  149.189638503,  13.496681238,   147.584809319,      40.088603683,        290.004,     -118.255, 112.173, 313.2063,    *,  1.567774,  4.62807326272382,-31.0818971,    7.9212,
 2026-Dec-30 02:00:00, ,m, 148.815284330,  13.628112386,  149.186806742,  13.497896329,   166.780508269,      43.016201993,        287.834,     -117.278, 112.157, 310.8274,    *,  1.568026,  4.62732706674688,-30.9294929,    7.9158,
 2026-Dec-30 03:00:00, ,m, 148.812322215,  13.629363648,  149.183852766,  13.499153000,   186.893632715,      43.434117508,        285.277,     -116.142, 112.141, 308.0303,    *,  1.568278,  4.62658475127826,-30.7601061,    7.9104,
 2026-Dec-30 04:00:00, ,m, 148.809246659,  13.630655766,  149.180782344,  13.500450615,   206.513453092,      41.265764747,        282.335,     -114.850, 112.125, 304.8185,    *,  1.568528,  4.62584667468501,-30.5779322,    7.9049,
 2026-Dec-30 05:00:00, ,m, 148.806063507,  13.631988533,  149.177601496,  13.501788774,   224.532165272,      36.885731159,        279.013,     -113.403, 112.108, 301.1960,    *,  1.568777,  4.62511309472594,-30.3870903,    7.8994,
 2026-Dec-30 06:00:00,A,m, 148.802778310,  13.633361951,  149.174316154,  13.503167307,   240.645361661,      30.903484750,        275.315,     -111.804, 112.091, 297.1674,    *,  1.569024,  4.62438417370678,-30.1913501,    7.8939,
 2026-Dec-30 07:00:00,N,m, 148.799396025,  13.634776206,  149.170931833,  13.504586255,   255.152965484,      23.929318071,        271.246,     -110.053, 112.074, 292.7379,    *,  1.569270,  4.62365998993963,-29.9938840,    7.8884,
 2026-Dec-30 08:00:00,C,m, 148.795920772,  13.636231610,  149.167453349,  13.506045824,   268.582064062,      16.479517385,        266.810,     -108.154, 112.055, 287.9134,    *,  1.569514,  4.62294055469054,-29.7970617,    7.8829,
 2026-Dec-30 09:00:00,*,m, 148.792355648,  13.637728541,  149.163884585,  13.507546332,   281.469652422,       8.983121192,        262.015,     -106.109, 112.037, 282.7000,    *,  1.569757,  4.62222583342296,-29.6023004,    7.8773,
 2026-Dec-30 10:00:00,*,m, 148.788702624,  13.639267370,  149.160228337,  13.509088139,   294.287665458,       1.820372872,        256.865,     -103.921, 112.017, 277.1046,    *,  1.569998,  4.62151576985080,-29.4099824,    7.8718,
 2026-Dec-30 11:00:00,*, , 148.784962532,  13.640848383,  149.156486241,  13.510671574,   307.419709597,      -4.642102050,        251.367,     -101.591, 111.997, 271.1344,    *,  1.570238,  4.62081031112212,-29.2194443,    7.8662,
 2026-Dec-30 12:00:00,*, , 148.781135135,  13.642471712,  149.152658789,  13.512296854,   321.134147684,     -10.033356397,        245.530,      -99.125, 111.975, 264.7975,    *,  1.570476,  4.62010943237770,-29.0290393,    7.8607,
 2026-Dec-30 13:00:00,*, , 148.777219283,  13.644137267,  149.148745435,  13.513964020,   335.535782795,     -13.987311371,        239.360,      -96.524, 111.953, 258.1019,    *,  1.570713,  4.61941315897168,-28.8362681,    7.8551,
 2026-Dec-30 14:00:00,*, , 148.773213139,  13.645844678,  149.144744780,  13.515672864,   350.515916961,     -16.186190886,        232.866,      -93.793, 111.930, 251.0566,    *,  1.570948,  4.61872158480259,-28.6379693,    7.8495,
 2026-Dec-30 15:00:00,C, , 148.769114459,  13.647593263,  149.140654820,  13.517422883,     5.756647645,     -16.429623122,        226.055,      -90.934, 111.905, 243.6709,    *,  1.571182,  4.61803488546979,-28.4305567,    7.8439,
 2026-Dec-30 16:00:00,N, , 148.764920913,  13.649381999,  149.136473253,  13.519213249,    20.835941388,     -14.694130360,        218.938,      -87.952, 111.878, 235.9545,    *,  1.571413,  4.61735332532947,-28.2102858,    7.8383,
 2026-Dec-30 17:00:00,A, , 148.760630419,  13.651209527,  149.132197807,  13.521042786,    35.396919776,     -11.140907639,        211.524,      -84.851, 111.850, 227.9177,    *,  1.571644,  4.61667725793927,-27.9735355,    7.8326,
 2026-Dec-30 18:00:00, , , 148.756241465,  13.653074168,  149.127826579,  13.522909983,    49.275970563,      -6.065768758,        203.822,      -81.634, 111.819, 219.5709,    *,  1.571872,  4.61600711977569,-27.7170771,    7.8269,
 2026-Dec-30 19:00:00, , , 148.751753402,  13.654973963,  149.123358354,  13.524813020,    62.529470846,       0.171780359,        195.842,      -78.307, 111.786, 210.9255,    *,  1.572098,  4.61534341779631,-27.4383205,    7.8211,
 2026-Dec-30 20:00:00, , , 148.747166690,  13.656906725,  149.118792885,  13.526749805,    75.391061744,       7.200008543,        187.596,      -74.873, 111.751, 201.9927,    *,  1.572322,  4.61468671149128,-27.1355192,    7.8153,
 2026-Dec-30 21:00:00, , , 148.742483069,  13.658870105,  149.114131117,  13.528718045,    88.219571034,      14.652158805,        179.093,      -71.336, 111.712, 192.7846,    *,  1.572543,  4.61403759070108,-26.8079160,    7.8095,
 2026-Dec-30 22:00:00, , , 148.737705651,  13.660861672,  149.109375334,  13.530715307,   101.467274503,      22.154214128,        170.346,      -67.703, 111.669, 183.3135,    *,  1.572761,  4.61339665070931,-26.4558226,    7.8036,
 2026-Dec-30 23:00:00, , , 148.732838928,  13.662878986,  149.104529219,  13.532739102,   115.659439341,      29.292934664,        161.366,      -63.977, 111.621, 173.5920,    *,  1.572977,  4.61276446629222,-26.0806265,    7.7977,
 2026-Dec-31 00:00:00, , , 148.727888689,  13.664919676,  149.099597829,  13.534786963,   131.339649369,      35.576076093,        152.166,      -60.164, 111.567, 163.6333,    *,  1.573189,  4.61214156648069,-25.6847249,    7.7918,
 2026-Dec-31 01:00:00, ,m, 148.722861855,  13.666981511,  149.094587481,  13.536856520,   148.895578208,      40.412458165,        142.757,      -56.269, 111.507, 153.4506,    *,  1.573398,  4.61152841174322,-25.2713907,    7.7858,
 2026-Dec-31 02:00:00, ,m, 148.717766242,  13.669062457,  149.089505552,  13.538945566,   168.207169410,      43.174566253,        133.152,      -52.297, 111.438, 143.0578,    *,  1.573604,  4.61092537513454,-24.8445791,    7.7798,
 2026-Dec-31 03:00:00, ,m, 148.712610269,  13.671160715,  149.084360222,  13.541052113,   188.346738582,      43.403776685,        123.364,      -48.254, 111.358, 132.4689,    *,  1.573806,  4.61033272868417,-24.4086880,    7.7737,
 2026-Dec-31 04:00:00, ,m, 148.707402629,  13.673274751,  149.079160158,  13.543174426,   207.891423525,      41.058098116,        113.407,      -44.144, 111.265, 121.6984,    *,  1.574005,  4.60975063594098,-23.9682885,    7.7676,
 2026-Dec-31 05:00:00, ,m, 148.702151946,  13.675403295,  149.073914174,  13.545311041,   225.781730078,      36.539006569,        103.293,      -39.974, 111.152, 110.7608,    *,  1.574200,  4.60917915116949,-23.5278452,    7.7615,
 2026-Dec-31 06:00:00,A,m, 148.696866443,  13.677545328,  149.068630882,  13.547460761,   241.769259613,      30.463504248,         93.037,      -35.749, 111.016,  99.6712,    *,  1.574392,  4.60861822523816,-23.0914429,    7.7554,
 2026-Dec-31 07:00:00,N,m, 148.691553639,  13.679700043,  149.063318369,  13.549622634,   256.182971450,      23.437286703,         82.653,      -31.476, 110.845,  88.4446,    *,  1.574580,  4.60806771778247,-22.6625411,    7.7493,
 2026-Dec-31 08:00:00,C,m, 148.686220100,  13.681866798,  149.057983901,  13.551795911,   269.556756367,      15.969757213,         72.154,      -27.158, 110.623,  77.0968,    *,  1.574765,  4.60752741479642,-22.2437713,    7.7432,
 2026-Dec-31 09:00:00,*,m, 148.680871258,  13.684045052,  149.052633701,  13.553979991,   282.424935418,       8.485198734,         61.555,      -22.803, 110.325,  65.6435,    *,  1.574946,  4.60699705043473,-21.8367913,    7.7371,
 2026-Dec-31 10:00:00,*,m, 148.675511312,  13.686234289,  149.047272787,  13.556174349,   295.253858134,       1.361873862,         50.870,      -18.417, 109.901,  54.1013,    *,  1.575124,  4.60647633152075,-21.4422077,    7.7310,
 2026-Dec-31 11:00:00,*, , 148.670143214,  13.688433950,  149.041904913,  13.558378467,   308.419832272,      -5.033660845,         40.113,      -14.005, 109.245,  42.4880,    *,  1.575299,  4.60596496307061,-21.0595694,    7.7248,
 2026-Dec-31 12:00:00,*, , 148.664768749,  13.690643354,  149.036532580,  13.560591753,   322.180946011,     -10.330269762,         29.300,       -9.574, 108.094,  30.8244,    *,  1.575471,  4.60546267307576,-20.6874349,    7.7187,
 2026-Dec-31 13:00:00,*, , 148.659388685,  13.692861640,  149.031157149,  13.562813474,   336.627640189,     -14.163789449,         18.444,       -5.129, 105.539,  19.1442,    t,  1.575639,  4.60496923483814,-20.3235078,    7.7125,
 2026-Dec-31 14:00:00,*, , 148.654003011,  13.695087707,  149.025779029,  13.565042692,   351.634771843,     -16.222892668,          7.562,       -0.676,  95.108,   7.5917,    t,  1.575805,  4.60448448532110,-19.9648302,    7.7064,
 2026-Dec-31 15:00:00,C, , 148.648611214,  13.697320181,  149.020397932,  13.567278215,     6.872490377,     -16.318865421,         -3.334,        3.778, 318.575,   5.0388,    t,  1.575968,  4.60400833825373,-19.6080228,    7.7002,
 2026-Dec-31 16:00:00,N, , 148.643212600,  13.699557398,  149.015013172,  13.569518567,    21.918406377,     -14.442402338,        -14.227,        8.228, 300.042,  16.4351,    t,  1.576128,  4.60354079108660,-19.2495529,    7.6940,
 2026-Dec-31 17:00:00,A, , 148.637806630,  13.701797402,  149.009624003,  13.571761975,    36.427259611,     -10.766676239,        -25.104,       12.667, 296.776,  28.1183,    *,  1.576285,  4.60308192531947,-18.8860141,    7.6878,
 2026-Dec-31 18:00:00, , , 148.632393236,  13.704037966,  149.004229950,  13.574006379,    50.252185775,      -5.594261879,        -35.949,       17.089, 295.427,  39.8035,    *,  1.576440,  4.60263190017654,-18.5143964,    7.6816,
 2026-Dec-31 19:00:00, , , 148.626973111,  13.706276637,  148.998831125,  13.576249458,    63.464446526,       0.713372998,        -46.747,       21.489, 294.690,  51.4491,    *,  1.576591,  4.60219094005914,-18.1323304,    7.6754,
 2026-Dec-31 20:00:00, , , 148.621547949,  13.708510789,  148.993428507,  13.578488679,    76.308344820,       7.784917403,        -57.484,       25.860, 294.224,  63.0326,    *,  1.576739,  4.60175931661970,-17.7382863,    7.6691,
 2026-Dec-31 21:00:00, , , 148.616120607,  13.710737689,  148.988024152,  13.580721359,    89.150333459,      15.253947113,        -68.146,       30.197, 293.902,  74.5357,    *,  1.576883,  4.60133732676348,-17.3317137,    7.6628,
 2026-Dec-31 22:00:00, , , 148.610695193,  13.712954582,  148.982621337,  13.582944736,   102.448998359,      22.744907539,        -78.718,       34.493, 293.666,  85.9418,    *,  1.577024,  4.60092526802369,-16.9131169,    7.6564,
 2026-Dec-31 23:00:00, , , 148.605277063,  13.715158761,  148.977224609,  13.585156050,   116.734260864,      29.840066233,        -89.185,       38.743, 293.484,  97.2345,    *,  1.577162,  4.60052341301940,-16.4840561,    7.6500,
$$EOE
***************************************************************************************************************************************************************************************************************************************
Column meaning:
 
TIME

  Times PRIOR to 1962 are UT1, a mean-solar time closely related to the
prior but now-deprecated GMT. Times AFTER 1962 are in UTC, the current
civil or "wall-clock" time-scale. UTC is kept within 0.9 seconds of UT1
using integer leap-seconds for 1972 and later years.

  Conversion from the internal Barycentric Dynamical Time (TDB) of solar
system dynamics to the non-uniform civil UT time-scale requested for output
has not been determined for UTC times after the next July or January 1st.
Therefore, the last known leap-second is used as a constant over future
intervals.

  Time tags refer to the UT time-scale conversion from TDB on Earth
regardless of observer location within the solar system, although clock
rates may differ due to the local gravity field and no analog to "UT"
may be defined for that location.

  Any 'b' symbol in the 1st-column denotes a B.C. date. First-column blank
(" ") denotes an A.D. date.
 
CALENDAR SYSTEM

  Mixed calendar mode was active such that calendar dates after AD 1582-Oct-15
(if any) are in the modern Gregorian system. Dates prior to 1582-Oct-5 (if any)
are in the Julian calendar system, which is automatically extended for dates
prior to its adoption on 45-Jan-1 BC.  The Julian calendar is useful for
matching historical dates. The Gregorian calendar more accurately corresponds
to the Earth's orbital motion and seasons. A "Gregorian-only" calendar mode is
available if such physical events are the primary interest.

  NOTE: "n.a." in output means quantity "not available" at the print-time.
 
SOLAR PRESENCE (OBSERVING SITE)
  Time tag is followed by a blank, then a solar-presence symbol:

       '*'  Daylight (refracted solar upper-limb on or above apparent horizon)
       'C'  Civil twilight/dawn
       'N'  Nautical twilight/dawn
       'A'  Astronomical twilight/dawn
       ' '  Night OR geocentric ephemeris

LUNAR PRESENCE (OBSERVING SITE)
  The solar-presence symbol is immediately followed by a lunar-presence symbol:

       'm'  Refracted upper-limb of Moon on or above apparent horizon
       ' '  Refracted upper-limb of Moon below apparent horizon OR geocentric
            ephemeris
 
 'R.A.___(ICRF), DEC____(ICRF),' =
  Astrometric right ascension and declination of the target center with
respect to the observing site (coordinate origin) in the reference frame of
the planetary ephemeris (ICRF). Compensated for down-leg light-time delay
aberration.

  Units: RA  in decimal degrees,  ddd.fffff{ffff}
         DEC in decimal degrees,  sdd.fffff{ffff}
 
 'R.A.__(a-app), DEC___(a-app),' =
  Airless apparent right ascension and declination of the target center
with respect to an instantaneous reference frame defined by the Earth equator
of-date (z-axis) and meridian containing the Earth equinox of-date (x-axis,
EOP-corrected IAU76/80). Compensated for down-leg light-time delay,
gravitational deflection of light, stellar aberration, precession & nutation.
Note: equinox (RA origin) is offset -53 mas from the of-date frame defined by
the IAU06/00a P & N system.

  Units: RA  in decimal degrees, ddd.fffff{ffff}
         DEC in decimal degrees  sdd.fffff{ffff}

 
 'Azimuth_(a-app), Elevation_(a-app),' =
  Airless apparent azimuth and elevation of target center. Compensated
for light-time, the gravitational deflection of light, stellar aberration,
precession and nutation. Azimuth is measured clockwise from north:

  North(0) -> East(90) -> South(180) -> West(270) -> North (360)

Elevation angle is with respect to a plane perpendicular to the reference
surface local zenith direction. TOPOCENTRIC ONLY.  Units: DEGREES
 
 'X_(sat-prim), Y_(sat-prim), SatPANG,' =
   Satellite apparent differential coordinates in the plane-of-sky with
respect to the primary body along with the satellite position angle.
Differential coordinates are defined in RA as:

     X= ((RA_sat - RA_primary) * cosine(DEC_primary))

... and in DEC as:

     Y= (DEC_sat - DEC_primary)

Non-lunar satellites only. "SatPANG" is the counter-clockwise (CCW) position
angle from the reference-frame of-date north-pole to a line from the primary
center to the satellite center. Units: ARCSECONDS (X & Y), DEGREES (pos, angle)
 
 'ang-sep, vis.,' =
  The angular separation between the center of the target object and the center
of the (remote) primary body it revolves around, as seen by the observer, with
target visibility code.

  Visibility codes (refers to limb-to-limb):

    /t = Transiting primary body disk    /O = Occulted by primary body disk
    /p = Partial umbral eclipse          /P = Occulted partial umbral eclipse
    /u = Total umbral eclipse            /U = Occulted total umbral eclipse
    /- = Target is the primary body      /* = None of above ("free and clear")

  The radius of both primary and target body is taken to be the equatorial
value (maximum, given a triaxial shape). Atmospheric effects and oblateness
aspect are NOT currently considered.  Light-time is considered.

  Units: ARCSECONDS and visibility code
 
 'Ang-diam,' =
   The equatorial angular width of the target body full disk, if it were fully
illuminated and visible to the observer. If the target body diameter is unknown
"n.a." is output.

   Units: ARCSECONDS
 
 'delta,     deldot,' =
   Apparent range ("delta", light-time aberrated) and range-rate ("delta-dot")
of the target center relative to the observer. A positive "deldot" means the
target center is moving away from the observer, negative indicates movement
toward the observer.  Units: AU and KM/S
 
 'S-T-O,' =
   The Sun-Target-Observer angle; the interior vertex angle at target center
formed by a vector from the target to the apparent center of the Sun (at
reflection time on the target) and the apparent vector from target to the
observer at print-time. Slightly different from true PHASE ANGLE (requestable
separately) at the few arcsecond level in that it includes stellar aberration
on the down-leg from target to observer.  Units: DEGREES

Computations by ...

    Solar System Dynamics Group, Horizons On-Line Ephemeris System
    4800 Oak Grove Drive, Jet Propulsion Laboratory
    Pasadena, CA  91109   USA

    General site: https://ssd.jpl.nasa.gov/
    Mailing list: https://ssd.jpl.nasa.gov/email_list.html
    System news : https://ssd.jpl.nasa.gov/horizons/news.html
    User Guide  : https://ssd.jpl.nasa.gov/horizons/manual.html
    Connect     : browser        https://ssd.jpl.nasa.gov/horizons/app.html#/x
                  API            https://ssd-api.jpl.nasa.gov/doc/horizons.html
                  command-line   telnet ssd.jpl.nasa.gov 6775
                  e-mail/batch   https://ssd.jpl.nasa.gov/ftp/ssd/horizons_batch.txt
                  scripts        https://ssd.jpl.nasa.gov/ftp/ssd/SCRIPTS
    Inquiries   : Jon.D.Giorgini@jpl.nasa.gov

***************************************************************************************************************************************************************************************************************************************
