# JPL Horizons response, kept whole (#472)
# request-url: https://ssd.jpl.nasa.gov/api/horizons.api?format=text&COMMAND=%27501%27&MAKE_EPHEM=%27YES%27&EPHEM_TYPE=%27OBSERVER%27&CENTER=%27coord%40399%27&COORD_TYPE=%27GEODETIC%27&QUANTITIES=%271%2C2%2C4%2C6%2C12%2C13%2C20%2C24%27&EXTRA_PREC=%27YES%27&ANG_FORMAT=%27DEG%27&APPARENT=%27AIRLESS%27&CSV_FORMAT=%27YES%27&TIME_DIGITS=%27SECONDS%27&SITE_COORD=%2710.75%2C59.91%2C0.0%27&START_TIME=%272026-12-01%2000%3A00%27&STOP_TIME=%272026-12-31%2023%3A00%27&STEP_SIZE=%271%20h%27
# requested-utc: 2026-10-07T13:53:04Z
# body-sha256: d4d4fb555a4f40a2ed78104bb62fad82c4e640c07a2f93d31cafa469bd99f7a9
# body-bytes: 183486
# complete: True
API VERSION: 1.2
API SOURCE: NASA/JPL Horizons API

*******************************************************************************
 Revised: Mar 12, 2021             Io  / (Jupiter)                          501

 SATELLITE PHYSICAL PROPERTIES:
  Mean radius (km)       = 1821.49           Density (g cm^-3) = 3.528 +- 0.006
  GM (km^3/s^2)          = 5959.9155+- 0.004 Geometric Albedo  = 0.63  +- 0.02
                                             V(1,0)            = -1.68

 SATELLITE ORBIT (at J2000.0 epoch, 2000-Jan-1.5):
  Semi-major axis, a (km)~ 422,000           Orbital period    ~ 1.77 d
  Eccentricity, e        ~ 0.00472           Rotational period = Synchronous
  Inclination, i  (deg)  ~ 0.0375
*******************************************************************************


*******************************************************************************
Ephemeris / API_USER Wed Oct  7 06:53:04 2026 Pasadena, USA      / Horizons    
*******************************************************************************
Target body name: Io (501)                        {source: jup365_merged}
Center body name: Earth (399)                     {source: DE441}
Center-site name: (user defined site below)
*******************************************************************************
Start time      : A.D. 2026-Dec-01 00:00:00.0000 UT      
Stop  time      : A.D. 2026-Dec-31 23:00:00.0000 UT      
Step-size       : 60 minutes
*******************************************************************************
Target pole/equ : IAU_IO                          {West-longitude positive}
Target radii    : 1829.4, 1819.4, 1815.7 km       {Equator_a, b, pole_c}       
Center geodetic : 10.75, 59.91, 0.0               {E-lon(deg),Lat(deg),Alt(km)}
Center cylindric: 10.75, 3205.78431, 5495.4568    {E-lon(deg),Dxy(km),Dz(km)}
Center pole/equ : ITRF93                          {East-longitude positive}
Center radii    : 6378.137, 6378.137, 6356.752 km {Equator_a, b, pole_c}       
Target primary  : Jupiter
Vis. interferer : MOON (R_eq= 1737.400) km        {source: DE441}
Rel. light bend : Sun                             {source: jup365_merged}
Rel. lght bnd GM: 1.3271E+11 km^3/s^2                                          
Atmos refraction: NO (AIRLESS)
RA format       : DEG
Time format     : CAL 
Calendar mode   : Mixed Julian/Gregorian
EOP file        : eop.261006.p270102                                           
EOP coverage    : DATA-BASED 1962-JAN-20 TO 2026-OCT-06. PREDICTS-> 2027-JAN-01
Units conversion: 1 au= 149597870.700 km, c= 299792.458 km/s, 1 day= 86400.0 s 
Table cut-offs 1: Elevation (-90.0deg=NO ),Airmass (>38.000=NO), Daylight (NO )
Table cut-offs 2: Solar elongation (  0.0,180.0=NO ),Local Hour Angle( 0.0=NO )
Table cut-offs 3: RA/DEC angular rate (     0.0=NO )                           
Table format    : Comma Separated Values (spreadsheet)
***************************************************************************************************************************************************************************************************************************************
 Date__(UT)__HR:MN:SS, , , R.A.___(ICRF), DEC____(ICRF),  R.A.__(a-app), DEC___(a-app), Azimuth_(a-app), Elevation_(a-app),   X_(sat-prim), Y_(sat-prim), SatPANG,  ang-sep, vis.,  Ang-diam,             delta,     deldot,     S-T-O,
***************************************************************************************************************************************************************************************************************************************
$$SOE
 2026-Dec-01 00:00:00, ,m, 148.953074585,  13.454551877,  149.320241306,  13.325579828,   101.852423448,      22.125203747,        103.957,      -42.226, 112.103, 112.2082,    *,  1.002460,  5.03235525349501,-43.6743220,   10.4402,
 2026-Dec-01 01:00:00, ,m, 148.953259022,  13.454756123,  149.320441601,  13.325783415,   116.062373043,      29.243358784,         99.059,      -40.125, 112.047, 106.8793,    *,  1.002668,  5.03131337020766,-42.8498576,   10.4387,
 2026-Dec-01 02:00:00, ,m, 148.952803309,  13.455203689,  149.320000623,  13.326231754,   131.760534689,      35.493230078,         91.988,      -37.143, 111.985,  99.2059,    *,  1.002871,  5.03029577753385,-41.6596334,   10.4371,
 2026-Dec-01 03:00:00, ,m, 148.951753548,  13.455876256,  149.318963825,  13.326906337,   149.322989450,      40.284135770,         82.894,      -33.345, 111.910,  89.3511,    *,  1.003067,  5.02931097393297,-40.1303969,   10.4355,
 2026-Dec-01 04:00:00, ,m, 148.950169549,  13.456750630,  149.317390520,  13.327783730,   168.614002438,      42.993198455,         71.974,      -28.811, 111.813,  77.5274,    *,  1.003255,  5.02836671365651,-38.2971006,   10.4338,
 2026-Dec-01 05:00:00, ,m, 148.948123407,  13.457799249,  149.315352488,  13.328836097,   188.699409354,      43.171268799,         59.464,      -23.640, 111.679,  63.9915,    *,  1.003434,  5.02746981909073,-36.2020456,   10.4321,
 2026-Dec-01 06:00:00,A,m, 148.945697757,  13.458990789,  149.312932251,  13.330031818,   208.171091278,      40.785649478,         45.637,      -17.947, 111.465,  49.0397,    *,  1.003603,  5.02662601641133,-33.8938083,   10.4303,
 2026-Dec-01 07:00:00,C,m, 148.942983753,  13.460290857,  149.310221058,  13.331336198,   225.993277484,      36.240833821,         30.798,      -11.854, 111.051,  33.0011,    *,  1.003760,  5.02583979939331,-31.4259821,   10.4284,
 2026-Dec-01 08:00:00,*,m, 148.940078833,  13.461662745,  149.307316629,  13.332712235,   241.930898280,      30.151211054,         15.274,       -5.498, 109.798,  16.2332,    t,  1.003905,  5.02511432533797,-28.8557760,   10.4264,
 2026-Dec-01 09:00:00,*,m, 148.937084324,  13.463068245,  149.304320747,  13.334121452,   256.314266145,      23.118566678,         -0.593,        0.981, 328.828,   1.1464,    t,  1.004037,  5.02445134602535,-26.2425155,   10.4244,
 2026-Dec-01 10:00:00,*,m, 148.934102981,  13.464468492,  149.301336750,  13.335524750,   269.673956849,      15.649535912,        -16.451,        7.440, 294.335,  18.0553,    t,  1.004157,  5.02385117544403,-23.6460953,   10.4224,
 2026-Dec-01 11:00:00,*,m, 148.931236505,  13.465824818,  149.298467015,  13.336883274,   282.540940624,       8.167106215,        -31.948,       13.736, 293.266,  34.7757,    *,  1.004265,  5.02331269471835,-21.1254458,   10.4203,
 2026-Dec-01 12:00:00,*,m, 148.928583142,  13.467099605,  149.295810493,  13.338159271,   295.379375892,       1.049381306,        -46.741,       19.728, 292.885,  50.7337,    *,  1.004360,  5.02283339336032,-18.7370548,   10.4182,
 2026-Dec-01 13:00:00,*, , 148.926235408,  13.468257106,  149.293460388,  13.339316912,   308.564180857,      -5.336466735,        -60.502,       25.285, 292.683,  65.5728,    *,  1.004445,  5.02240944483654,-16.5336019,   10.4161,
 2026-Dec-01 14:00:00,*, , 148.924278013,  13.469264217,  149.291502026,  13.340323072,   322.351907013,     -10.618282896,        -72.928,       30.284, 292.554,  78.9644,    *,  1.004520,  5.02203581325038,-14.5627426,   10.4140,
 2026-Dec-01 15:00:00,C, , 148.922786034,  13.470091194,  149.290010981,  13.341148033,   336.830209809,     -14.431034938,        -83.743,       34.614, 292.460,  90.6134,    *,  1.004586,  5.02170638711072,-12.8660760,   10.4119,
 2026-Dec-01 16:00:00,N, , 148.921823371,  13.470712282,  149.289051497,  13.341766114,   351.869387041,     -16.463477516,        -92.712,       38.181, 292.386, 100.2643,    *,  1.004644,  5.02141413545172,-11.4783209,   10.4097,
 2026-Dec-01 17:00:00, , , 148.921441526,  13.471106256,  149.288675230,  13.342156199,     7.134294767,     -16.528618076,        -99.639,       40.907, 292.324, 107.7068,    *,  1.004697,  5.02115128111441,-10.4267122,   10.4076,
 2026-Dec-01 18:00:00, , , 148.921678704,  13.471256863,  149.288920346,  13.342302167,    22.198946274,     -14.620410880,       -104.374,       42.733, 292.269, 112.7803,    *,  1.004745,  5.02090948582044, -9.7306217,   10.4055,
 2026-Dec-01 19:00:00, , , 148.922559247,  13.471153146,  149.289810948,  13.342193209,    36.717899073,     -10.915772387,       -106.816,       43.620, 292.218, 115.3773,    *,  1.004791,  5.02068004174366, -9.4013938,   10.4034,
 2026-Dec-01 20:00:00, , , 148.924093397,  13.470789665,  149.291356856,  13.341824030,    50.546924898,      -5.720311947,       -106.918,       43.552, 292.167, 115.4450,    *,  1.004836,  5.02045406458333, -9.4423804,   10.4013,
 2026-Dec-01 21:00:00, , , 148.926277356,  13.470166595,  149.293553698,  13.341194943,    63.760804037,       0.602655671,       -104.679,       42.530, 292.115, 112.9866,    *,  1.004883,  5.02022268361704, -9.8491518,   10.3993,
 2026-Dec-01 22:00:00, , , 148.929093641,  13.469289707,  149.296383302,  13.340311836,    76.606706584,       7.680909435,       -100.154,       40.579, 292.060, 108.0603,    *,  1.004932,  5.01997722481167,-10.6098582,   10.3973,
 2026-Dec-01 23:00:00, , , 148.932511688,  13.468170242,  149.299814342,  13.339186040,    89.452610828,      15.147553622,        -93.445,       37.744, 291.998, 100.7780,    *,  1.004986,  5.01970938373816,-11.7057113,   10.3953,
 2026-Dec-02 00:00:00, ,m, 148.936488674,  13.466824669,  149.303803229,  13.337834081,   102.756861614,      22.626642704,        -84.702,       34.086, 291.924,  91.3020,    *,  1.005045,  5.01941138571961,-13.1115601,   10.3933,
 2026-Dec-02 01:00:00, ,m, 148.940970549,  13.465274341,  149.308295179,  13.336277338,   117.046516596,      29.700141765,        -74.118,       29.688, 291.831,  79.8418,    *,  1.005112,  5.01907613128749,-14.7965340,   10.3914,
 2026-Dec-02 02:00:00, ,m, 148.945893213,  13.463545053,  149.313225461,  13.334541600,   132.855797203,      35.868868026,        -61.926,       24.644, 291.703,  66.6485,    *,  1.005188,  5.01869732558845,-16.7247315,   10.3895,
 2026-Dec-02 03:00:00, ,m, 148.951183841,  13.461666512,  149.318520757,  13.332656541,   150.538493537,      40.537396733,        -48.390,       19.066, 291.507,  52.0102,    *,  1.005274,  5.01826959084336,-18.8559399,   10.3877,
 2026-Dec-02 04:00:00, ,m, 148.956762322,  13.459671726,  149.324100642,  13.330655118,   169.910918671,      43.087496276,        -33.805,       13.074, 291.145,  36.2452,    u,  1.005370,  5.01778856129186,-21.1463718,   10.3859,
 2026-Dec-02 05:00:00, ,m, 148.962542780,  13.457596326,  149.329879135,  13.328572899,   189.989675296,      43.091952472,        -18.487,        6.797, 290.188,  19.6974,    U,  1.005478,  5.01725096025851,-23.5494152,   10.3842,
 2026-Dec-02 06:00:00,A,m, 148.968435183,  13.455477830,  149.335766315,  13.326447336,   209.366500650,      40.549861898,         -2.767,        0.372, 277.665,   2.7919,    U,  1.005598,  5.01665465905891,-26.0163946,   10.3825,
 2026-Dec-02 07:00:00,C,m, 148.974347001,  13.453354858,  149.341669982,  13.324316997,   227.055332571,      35.887176024,         13.017,       -6.063, 114.974,  14.3597,    O,  1.005729,  5.01599871744795,-28.4973452,   10.3809,
 2026-Dec-02 08:00:00,*,m, 148.980184917,  13.451266324,  149.347497347,  13.322220761,   242.869875251,      29.721810285,         28.524,      -12.370, 113.443,  31.0909,    *,  1.005872,  5.01528340522933,-30.9418056,   10.3793,
 2026-Dec-02 09:00:00,*,m, 148.985856565,  13.449250606,  149.353156742,  13.320197001,   257.162714416,      22.649378875,         43.420,      -18.412, 112.977,  47.1631,    *,  1.006028,  5.01451020453087,-33.2996331,   10.3778,
 2026-Dec-02 10:00:00,*,m, 148.991272291,  13.447344719,  149.358559335,  13.318282759,   270.467878734,      15.169298477,         57.384,      -24.059, 112.744,  62.2239,    *,  1.006194,  5.01368179214691,-35.5218445,   10.3763,
 2026-Dec-02 11:00:00,*,m, 148.996346897,  13.445583502,  149.363620832,  13.316512942,   283.312658482,       7.699701904,         70.113,      -29.188, 112.599,  75.9465,    *,  1.006370,  5.01280200129400,-37.5614850,   10.3749,
 2026-Dec-02 12:00:00,*,m, 149.001001379,  13.443998840,  149.368263145,  13.314919541,   296.155815359,       0.616493392,         81.330,      -33.689, 112.497,  88.0325,    *,  1.006556,  5.01187576215830,-39.3745195,   10.3734,
 2026-Dec-02 13:00:00,*, , 149.005164595,  13.442618940,  149.372416014,  13.313530906,   309.365943475,      -5.713531272,         90.791,      -37.462, 112.418,  98.2181,    *,  1.006751,  5.01090902076801,-40.9207386,   10.3720,
 2026-Dec-02 14:00:00,*, , 149.008774857,  13.441467671,  149.376018538,  13.312371083,   323.191130111,     -10.918165766,         98.289,      -40.424, 112.353, 106.2791,    *,  1.006952,  5.00990863599961,-42.1646655,   10.3706,
 2026-Dec-02 15:00:00,C, , 149.011781406,  13.440563991,  149.379020595,  13.311459229,   337.707370697,     -14.633830229,        103.656,      -42.511, 112.295, 112.0367,    *,  1.007158,  5.00888225496238,-43.0764387,   10.3691,
 2026-Dec-02 16:00:00,N, , 149.014145716,  13.439921481,  149.381384111,  13.310809136,   352.771626499,     -16.554209507,        106.771,      -43.674, 112.242, 115.3607,    *,  1.007368,  5.00783816760269,-43.6326505,   10.3677,
 2026-Dec-02 17:00:00, , , 149.015842601,  13.439547986,  149.383084137,  13.310428861,     8.038985793,     -16.501280767,        107.563,      -43.885, 112.191, 116.1735,    *,  1.007580,  5.00678514201097,-43.8171045,   10.3662,
 2026-Dec-02 18:00:00, , , 149.016861076,  13.439445389,  149.384109694,  13.310320487,    23.082884856,     -14.479903168,        106.007,      -43.139, 112.140, 114.4514,    *,  1.007792,  5.00573224277603,-43.6214601,   10.3646,
 2026-Dec-02 19:00:00, , , 149.017204928,  13.439609525,  149.384464340,  13.310480019,    37.566749667,     -10.676198727,        102.134,      -41.449, 112.085, 110.2262,    *,  1.008002,  5.00468863553114,-43.0457284,   10.3630,
 2026-Dec-02 20:00:00, , , 149.016892962,  13.440030230,  149.384166438,  13.310897430,    51.359314113,      -5.401019977,         96.021,      -38.850, 112.025, 103.5846,    *,  1.008208,  5.00366338169493,-42.0985858,   10.3613,
 2026-Dec-02 21:00:00, , , 149.015958893,  13.440691545,  149.383249071,  13.311556844,    64.547039490,       0.980644134,         87.798,      -35.397, 111.954,  94.6669,    *,  1.008410,  5.00266522819894,-40.7974732,   10.3596,
 2026-Dec-02 22:00:00, , , 149.014450861,  13.441572056,  149.381759601,  13.312436873,    77.385695793,       8.096571813,         77.642,      -31.164, 111.866,  83.6643,    *,  1.008604,  5.00170239766523,-39.1684567,   10.3577,
 2026-Dec-02 23:00:00, , , 149.012430567,  13.442645377,  149.379758853,  13.313511095,    90.249639299,      15.579615320,         65.772,      -26.243, 111.749,  70.8153,    *,  1.008789,  5.00078238498670,-37.2458347,   10.3558,
 2026-Dec-03 00:00:00, , , 149.009972020,  13.443880755,  149.377319922,  13.314748654,   103.602536764,      23.051917892,         52.447,      -20.741, 111.575,  56.4001,    *,  1.008965,  4.99991176653042,-35.0714845,   10.3538,
 2026-Dec-03 01:00:00, , , 149.007159932,  13.445243787,  149.374526623,  13.316114986,   117.975054976,      30.091029801,         37.959,      -14.779, 111.272,  40.7353,    *,  1.009130,  4.99909602817861,-32.6939541,   10.3517,
 2026-Dec-03 02:00:00, ,m, 149.004087779,  13.446697238,  149.371471611,  13.317572636,   133.898322626,      36.191081633,         22.628,       -8.489, 110.563,  24.1677,    *,  1.009282,  4.99833941812841,-30.1673196,   10.3496,
 2026-Dec-03 03:00:00, ,m, 149.000855591,  13.448201916,  149.368254220,  13.319082143,   151.705427015,      40.750856764,          6.791,       -2.009, 106.482,   7.0816,    t,  1.009423,  4.99764482977251,-27.5498362,   10.3473,
 2026-Dec-03 04:00:00, ,m, 148.997567518,  13.449717603,  149.364978074,  13.320602992,   171.167062093,      43.155338700,         -9.201,        4.517, 296.147,  10.2497,    t,  1.009550,  4.99701371910135,-24.9024279,   10.3450,
 2026-Dec-03 05:00:00, ,m, 148.994329254,  13.451204007,  149.361748541,  13.322094565,   191.253015246,      42.997366969,        -24.993,       10.944, 293.649,  27.2835,    *,  1.009665,  4.99644605993253,-22.2870648,   10.3426,
 2026-Dec-03 06:00:00,A,m, 148.991245398,  13.452621699,  149.358670109,  13.323517110,   210.554740667,      40.305982705,        -40.234,       17.130, 293.064,  43.7287,    *,  1.009767,  4.99594033894477,-19.7650880,   10.3402,
 2026-Dec-03 07:00:00,N,m, 148.988416828,  13.453933026,  149.355843764,  13.324832660,   228.132201727,      35.528027977,        -54.588,       22.938, 292.794,  59.2108,    *,  1.009857,  4.99549359103766,-17.3955436,   10.3378,
 2026-Dec-03 08:00:00,*,m, 148.985938178,  13.455102964,  149.353364453,  13.326005903,   243.844252554,      29.286119724,        -67.737,       28.239, 292.633,  73.3862,    *,  1.009937,  4.99510147404124,-15.2335878,   10.3354,
 2026-Dec-03 09:00:00,*,m, 148.983895496,  13.456099892,  149.351318718,  13.327004976,   258.064610254,      22.171715636,        -79.390,       32.916, 292.523,  85.9418,    *,  1.010006,  4.99475838034052,-13.3290211,   10.3329,
 2026-Dec-03 10:00:00,*,m, 148.982364154,  13.456896272,  149.349782564,  13.327802147,   271.331268561,      14.678970496,        -89.291,       36.868, 292.439,  96.6015,    *,  1.010067,  4.99445758164643,-11.7250055,   10.3305,
 2026-Dec-03 11:00:00,*,m, 148.981407076,  13.457469214,  149.348819640,  13.328374398,   284.168656422,       7.222756480,        -97.225,       40.007, 292.370, 105.1324,    *,  1.010121,  4.99419140200443,-10.4570044,   10.3280,
 2026-Dec-03 12:00:00,*,m, 148.981073316,  13.457800925,  149.348479769,  13.328703874,   297.030526196,       0.177986869,       -103.019,       42.265, 292.310, 111.3497,    *,  1.010169,  4.99395141324476, -9.5519790,   10.3256,
 2026-Dec-03 13:00:00,*, , 148.981397044,  13.457879030,  149.348797872,  13.328778204,   310.278743063,      -6.088146379,       -106.549,       43.595, 292.256, 115.1203,    *,  1.010214,  4.99372864647922, -9.0278587,   10.3233,
 2026-Dec-03 14:00:00,*, , 148.982396933,  13.457696761,  149.349793305,  13.328590692,   324.151565186,     -11.203251967,       -107.742,       43.968, 292.204, 116.3656,    *,  1.010258,  4.99351381295757, -8.8932909,   10.3209,
 2026-Dec-03 15:00:00,C, , 148.984075964,  13.457253028,  149.351469612,  13.328140377,   338.711230499,     -14.806021920,       -106.576,       43.379, 292.151, 115.0630,    *,  1.010301,  4.99329752761307, -9.1476642,   10.3187,
 2026-Dec-03 16:00:00,N, , 148.986421629,  13.456552360,  149.353814697,  13.327431966,   353.799494415,     -16.597009559,       -103.080,       41.841, 292.097, 111.2457,    *,  1.010347,  4.99307052894093, -9.7813858,   10.3164,
 2026-Dec-03 17:00:00, , , 148.989406509,  13.455604738,  149.356801366,  13.326475660,     9.061437408,     -16.409853226,        -97.335,       39.391, 292.037, 105.0014,    *,  1.010397,  4.99282388936451,-10.7763903,   10.3143,
 2026-Dec-03 18:00:00, , , 148.992989190,  13.454425328,  149.360388233,  13.325286862,    24.071870673,     -14.262846556,        -89.470,       36.082, 291.967,  96.4704,    *,  1.010453,  4.99254921098685,-12.1068396,   10.3122,
 2026-Dec-03 19:00:00, , , 148.997115477,  13.453034108,  149.364520934,  13.323885802,    38.506183637,     -10.352847974,        -79.660,       31.989, 291.882,  85.8417,    *,  1.010516,  4.99223880254213,-13.7399809,   10.3101,
 2026-Dec-03 20:00:00, , , 149.001719849,  13.451455425,  149.369133596,  13.322297073,    52.248719719,      -4.996320615,        -68.120,       27.201, 291.770,  73.3492,    *,  1.010587,  4.99188583424034,-15.6371204,   10.3081,
 2026-Dec-03 21:00:00, , , 149.006727110,  13.449717474,  149.374150515,  13.320549098,    65.399063238,       1.440483170,        -55.103,       21.822, 291.607,  59.2659,    *,  1.010668,  4.99148446821135,-17.7546736,   10.3061,
 2026-Dec-03 22:00:00, , , 149.012054184,  13.447851719,  149.379487991,  13.318673539,    78.221953880,       8.586069659,        -40.891,       15.970, 291.335,  43.8984,    *,  1.010760,  4.99102996316054,-20.0452541,   10.3042,
 2026-Dec-03 23:00:00, , , 149.017612000,  13.445892257,  149.385056259,  13.316704657,    91.097792537,      16.073812104,        -25.792,        9.771, 290.749,  27.5810,    u,  1.010864,  4.99051875269194,-22.4587704,   10.3023,
 2026-Dec-04 00:00:00, , , 149.023307428,  13.443875148,  149.390761479,  13.314678632,   104.494680142,      23.524689729,        -10.134,        3.359, 288.339,  10.6759,    U,  1.010979,  4.98994849747570,-24.9435005,   10.3004,
 2026-Dec-04 01:00:00, , , 149.029045219,  13.441837712,  149.396507730,  13.312632858,   118.945220218,      30.512668950,          5.747,       -3.128, 118.554,   6.5432,    O,  1.011107,  4.98931811201376,-27.4471263,   10.2986,
 2026-Dec-04 02:00:00, , , 149.034729923,  13.439817799,  149.402198979,  13.310605215,   134.974471068,      36.526441680,         21.508,       -9.549, 113.938,  23.5329,    *,  1.011247,  4.98862776718340,-29.9177113,   10.2968,
 2026-Dec-04 03:00:00, ,m, 149.040267744,  13.437853047,  149.407740980,  13.308633335,   152.890617779,      40.961227925,         36.810,      -15.766, 113.185,  40.0446,    *,  1.011399,  4.98787887001091,-32.3046142,   10.2950,
 2026-Dec-04 04:00:00, ,m, 149.045568323,  13.435980140,  149.413043097,  13.306753859,   172.416295713,      43.208638425,         51.322,      -21.646, 112.866,  55.7001,    *,  1.011562,  4.98707402226556,-34.5593352,   10.2933,
 2026-Dec-04 05:00:00, ,m, 149.050546417,  13.434234068,  149.418020003,  13.305001713,   192.478998575,      42.884560897,         64.730,      -27.060, 112.685,  70.1590,    *,  1.011736,  4.98621695948746,-36.6362952,   10.2915,
 2026-Dec-04 06:00:00,A,m, 149.055123469,  13.432647407,  149.422593267,  13.303409392,   211.679281576,      40.047789733,         76.743,      -31.891, 112.563,  83.1072,    *,  1.011920,  4.98531247200369,-38.4935523,   10.2898,
 2026-Dec-04 07:00:00,N,m, 149.059229050,  13.431249624,  149.426692786,  13.302006283,   229.127871407,      35.162792405,         87.101,      -36.035, 112.472,  94.2623,    *,  1.012112,  4.98436630938299,-40.0934613,   10.2881,
 2026-Dec-04 08:00:00,*,m, 149.062802168,  13.430066434,  149.430258077,  13.300818025,   244.727044149,      28.853327655,         95.576,      -39.399, 112.399, 103.3798,    *,  1.012311,  4.98338506966691,-41.4032779,   10.2863,
 2026-Dec-04 09:00:00,*,m, 149.065792419,  13.429119204,  149.433239403,  13.299865928,   258.868256919,      21.704356566,        101.980,      -41.910, 112.337, 110.2582,    *,  1.012516,  4.98237607463056,-42.3957133,   10.2846,
 2026-Dec-04 10:00:00,*,m, 149.068160987,  13.428424435,  149.435598721,  13.299166458,   272.091130282,      14.203497552,        106.171,      -43.511, 112.281, 114.7433,    *,  1.012725,  4.98134723230461,-43.0494363,   10.2828,
 2026-Dec-04 11:00:00,*,m, 149.069881459,  13.427993331,  149.437310456,  13.298730813,   284.916155410,       6.761685544,        108.052,      -44.165, 112.228, 116.7325,    *,  1.012937,  4.98030688805362,-43.3495192,   10.2810,
 2026-Dec-04 12:00:00,*,m, 149.070940454,  13.427831465,  149.438362063,  13.298564589,   297.791908108,      -0.247483758,        107.578,      -43.856, 112.175, 116.1765,    *,  1.013149,  4.97926366566938,-43.2878183,   10.2792,
 2026-Dec-04 13:00:00,*, , 149.071338034,  13.427938563,  149.438754392,  13.298667568,   311.074053788,      -6.456426623,        104.753,      -42.588, 112.121, 113.0816,    *,  1.013360,  4.97822630020864,-42.8632764,   10.2774,
 2026-Dec-04 14:00:00,*, , 149.071087890,  13.428308418,  149.438501815,  13.299033622,   324.992153984,     -11.492131148,         99.633,      -40.387, 112.062, 107.5097,    *,  1.013568,  4.97720346466694,-42.0821290,   10.2755,
 2026-Dec-04 15:00:00,C, , 149.070217281,  13.428928936,  149.437632114,  13.299650755,   339.596223550,     -14.994507129,         92.326,      -37.299, 111.995,  99.5773,    *,  1.013772,  4.97620359301789,-40.9579970,   10.2735,
 2026-Dec-04 16:00:00,N, , 149.068766701,  13.429782322,  149.436186117,  13.300501282,   354.714195040,     -16.669221792,         82.987,      -33.389, 111.914,  89.4537,    *,  1.013969,  4.97523470262417,-39.5118440,   10.2715,
 2026-Dec-04 17:00:00, , , 149.066789275,  13.430845417,  149.434217062,  13.301562151,     9.981516959,     -16.359354743,         71.818,      -28.743, 111.810,  77.3573,    *,  1.014159,  4.97430421949891,-37.7717805,   10.2694,
 2026-Dec-04 18:00:00, , , 149.064349861,  13.432090171,  149.431789696,  13.302805412,    24.973218072,     -14.094566225,         59.061,      -23.462, 111.663,  63.5514,    *,  1.014340,  4.97341881032319,-35.7726978,   10.2672,
 2026-Dec-04 19:00:00, , , 149.061523878,  13.433484253,  149.428979093,  13.304198807,    39.374446502,     -10.081204185,         44.996,      -17.661, 111.428,  48.3383,    *,  1.014510,  4.97258422545580,-33.5557211,   10.2650,
 2026-Dec-04 20:00:00, , , 149.058395839,  13.434991774,  149.425869223,  13.305706491,    53.083073581,      -4.641163858,         29.932,      -11.467, 110.961,  32.0536,    *,  1.014669,  4.97180515733839,-31.1674812,   10.2627,
 2026-Dec-04 21:00:00, , , 149.055057644,  13.436574127,  149.422551263,  13.307289858,    66.210688795,       1.857389798,         14.201,       -5.018, 109.461,  15.0617,    t,  1.014816,  4.97108511872056,-28.6591948,   10.2603,
 2026-Dec-04 22:00:00, , , 149.051606628,  13.438190893,  149.419121697,  13.308908445,    79.030963505,       9.042610919,         -1.849,        1.543, 309.860,   2.4082,    t,  1.014950,  4.97042634499327,-26.0855913,   10.2578,
 2026-Dec-04 23:00:00, , , 149.048143426,  13.439800818,  149.415680231,  13.310520903,    91.931131712,      16.547144421,        -17.862,        8.072, 294.321,  19.6009,    t,  1.015072,  4.96982972423280,-23.5036847,   10.2553,
 2026-Dec-05 00:00:00, , , 149.044769699,  13.441362807,  149.412327580,  13.312085992,   105.385093424,      23.989444399,        -33.483,       14.424, 293.307,  36.4570,    *,  1.015181,  4.96929475823927,-20.9714351,   10.2527,
 2026-Dec-05 01:00:00, , , 149.041585770,  13.442836919,  149.409163159,  13.313563581,   119.929094627,      30.938332281,        -48.366,       20.457, 292.928,  52.5135,    *,  1.015278,  4.96881955672911,-18.5463384,   10.2501,
 2026-Dec-05 02:00:00, , , 149.038688251,  13.444185339,  149.406282770,  13.314915625,   136.083577525,      36.875207811,        -62.181,       26.038, 292.724,  67.4120,    *,  1.015364,  4.96840086592990,-16.2839843,   10.2474,
 2026-Dec-05 03:00:00, , , 149.036167709,  13.445373275,  149.403776317,  13.316107075,   154.131632077,      41.189795349,        -74.624,       31.045, 292.591,  80.8226,    *,  1.015439,  4.96803413175449,-14.2366315,   10.2447,
 2026-Dec-05 04:00:00, , , 149.034106456,  13.446369785,  149.401725638,  13.317106712,   173.744695271,      43.279189096,        -85.420,       35.366, 292.494,  92.4501,    *,  1.015504,  4.96771359657333,-12.4518464,   10.2419,
 2026-Dec-05 05:00:00, ,m, 149.032576521,  13.447148483,  149.400202505,  13.317887875,   193.803496192,      42.782978841,        -94.333,       38.907, 292.417, 102.0397,    *,  1.015562,  4.96743242745171,-10.9712548,   10.2392,
 2026-Dec-05 06:00:00,A,m, 149.031637864,  13.447688128,  149.399266850,  13.318429054,   212.915447544,      39.791944519,       -101.169,       41.592, 292.352, 109.3828,    *,  1.015613,  4.96718287264528, -9.8294462,   10.2365,
 2026-Dec-05 07:00:00,N,m, 149.031336886,  13.447973064,  149.398965275,  13.318714357,   230.242656495,      34.790761735,       -105.781,       43.363, 292.294, 114.3213,    *,  1.015659,  4.96695644220345, -9.0530686,   10.2338,
 2026-Dec-05 08:00:00,*,m, 149.031705281,  13.447993525,  149.399329887,  13.318733819,   245.732741350,      28.406391345,       -108.071,       44.181, 292.240, 116.7507,    *,  1.015703,  4.96674410775553, -8.6601418,   10.2311,
 2026-Dec-05 09:00:00,*,m, 149.032759255,  13.447745778,  149.400377489,  13.318483562,   259.796798328,      21.218605666,       -107.993,       44.032, 292.186, 116.6225,    *,  1.015745,  4.96653651597506, -8.6596084,   10.2285,
 2026-Dec-05 10:00:00,*,m, 149.034499145,  13.447232127,  149.402109155,  13.317965805,   272.977282459,      13.709169860,       -105.554,       42.920, 292.132, 113.9440,    *,  1.015789,  4.96632420984751, -9.0511341,   10.2260,
 2026-Dec-05 11:00:00,*,m, 149.036909433,  13.446460771,  149.404510194,  13.317188731,   285.791125949,       6.285327419,       -100.810,       40.871, 292.073, 108.7784,    *,  1.015835,  4.96609785171313, -9.8251595,   10.2235,
 2026-Dec-05 12:00:00,*,m, 149.039959159,  13.445445536,  149.407550509,  13.316166217,   298.681330809,      -0.680761507,        -93.870,       37.932, 292.007, 101.2427,    *,  1.015886,  4.96584844211369,-10.9631955,   10.2211,
 2026-Dec-05 13:00:00,*, , 149.043602712,  13.444205480,  149.411185327,  13.314917440,   311.996243366,      -6.821681302,        -84.888,       34.167, 291.928,  91.5049,    *,  1.015943,  4.96556752872734,-12.4383497,   10.2188,
 2026-Dec-05 14:00:00,*, , 149.047780979,  13.442764409,  149.415356296,  13.313466387,   325.955053602,     -11.764986611,        -74.063,       29.660, 291.827,  79.7796,    *,  1.016009,  4.96524740010960,-14.2160602,   10.2165,
 2026-Dec-05 15:00:00,C, , 149.052422799,  13.441150293,  149.419992891,  13.311841262,   340.593905767,     -15.153758347,        -61.630,       24.509, 291.689,  66.3238,    *,  1.016084,  4.96488125954238,-16.2550120,   10.2143,
 2026-Dec-05 16:00:00,N, , 149.057446701,  13.439394623,  149.425014107,  13.310073830,   355.726387450,     -16.701300592,        -47.862,       18.826, 291.474,  51.4308,    *,  1.016169,  4.96446337499860,-18.5082026,   10.2122,
 2026-Dec-05 17:00:00, , , 149.062762856,  13.437531706,  149.430330391,  13.308198700,    10.979807682,     -16.262503212,        -33.056,       12.735, 291.070,  35.4244,    u,  1.016266,  4.96398920202188,-20.9241233,   10.2101,
 2026-Dec-05 18:00:00, , , 149.068275198,  13.435597934,  149.435845741,  13.306252578,    25.932430744,     -13.879704272,        -17.534,        6.367, 289.958,  18.6542,    U,  1.016376,  4.96345547716709,-23.4480206,   10.2081,
 2026-Dec-05 19:00:00, , , 149.073883656,  13.433631022,  149.441459947,  13.304273487,    40.282008413,      -9.768637878,         -1.630,       -0.140, 265.079,   1.6358,    P,  1.016498,  4.96286028051324,-26.0232008,   10.2061,
 2026-Dec-05 20:00:00, , , 149.079486440,  13.431669238,  149.447070886,  13.302299987,    53.941336312,      -4.255514358,         14.314,       -6.647, 114.908,  15.7816,    O,  1.016632,  4.96220306661258,-28.5923438,   10.2042,
 2026-Dec-05 21:00:00, , , 149.084982328,  13.429750646,  149.452576842,  13.300370398,    67.033922347,       2.291068401,         29.952,      -13.012, 113.480,  32.6568,    *,  1.016779,  4.96148466404179,-31.0987948,   10.2023,
 2026-Dec-05 22:00:00, , , 149.090272900,  13.427912347,  149.457878774,  13.298522039,    79.841375600,       9.500337053,         44.949,      -19.099, 113.019,  48.8390,    *,  1.016939,  4.96070724443169,-33.4878042,   10.2004,
 2026-Dec-05 23:00:00, , , 149.095264667,  13.426189767,  149.462882500,  13.296790494,    92.756297134,      17.005473437,         58.981,      -24.776, 112.783,  63.9737,    *,  1.017110,  4.95987426255304,-35.7076876,   10.1985,
 2026-Dec-06 00:00:00, , , 149.099871063,  13.424615952,  149.467500733,  13.295208918,   106.256527229,      24.423613539,         71.742,      -29.919, 112.635,  77.7320,    *,  1.017291,  4.95899036958207,-37.7108920,   10.1966,
 2026-Dec-06 01:00:00, , , 149.104014246,  13.423220934,  149.471654947,  13.293807384,   120.879568248,      31.319813203,         82.957,      -34.418, 112.530,  89.8145,    *,  1.017481,  4.95806130207048,-39.4549428,   10.1946,
 2026-Dec-06 02:00:00, , , 149.107626692,  13.422031121,  149.475277013,  13.292612291,   137.138467300,      37.170049750,         92.379,      -38.172, 112.448,  99.9569,    *,  1.017680,  4.95709374962090,-40.9032635,   10.1927,
 2026-Dec-06 03:00:00, , , 149.110652545,  13.421068772,  149.478310597,  13.291645834,   155.289661800,      41.361072508,         99.802,      -41.101, 112.379, 107.9357,    *,  1.017885,  4.95609520445278,-42.0258571,   10.1907,
 2026-Dec-06 04:00:00, , , 149.113048700,  13.420351517,  149.480712285,  13.290925537,   174.957110577,      43.297786740,        105.060,      -43.137, 112.319, 113.5733,    *,  1.018095,  4.95507379627918,-42.7998427,   10.1887,
 2026-Dec-06 05:00:00, , , 149.114785624,  13.419891977,  149.482452417,  13.290463879,   194.985391781,      42.643183802,        108.033,      -44.236, 112.263, 116.7418,    *,  1.018308,  4.95403811602572,-43.2098437,   10.1866,
 2026-Dec-06 06:00:00,A,m, 149.115847876,  13.419697450,  149.483515626,  13.290267994,   213.997506135,      39.515794501,        108.654,      -44.370, 112.209, 117.3667,    *,  1.018522,  4.95299703198253,-43.2482267,   10.1845,
 2026-Dec-06 07:00:00,N,m, 149.116234346,  13.419769711,  149.483901070,  13.290339486,   231.205480906,      34.415169693,        106.901,      -43.535, 112.155, 115.4283,    *,  1.018735,  4.95195950199581,-42.9151910,   10.1824,
 2026-Dec-06 08:00:00,C,m, 149.115958201,  13.420104902,  149.483622360,  13.290674326,   246.595503740,      27.968284758,        102.808,      -41.747, 112.097, 110.9630,    *,  1.018946,  4.95093438528162,-42.2187103,   10.1801,
 2026-Dec-06 09:00:00,*,m, 149.115046547,  13.420693546,  149.482707193,  13.291262878,   260.593171959,      20.748882773,         96.459,      -39.042, 112.032, 104.0629,    *,  1.019153,  4.94993025739108,-41.1743299,   10.1779,
 2026-Dec-06 10:00:00,*,m, 149.113539814,  13.421520665,  149.481196689,  13.292090031,   273.741617161,      13.233247942,         87.989,      -35.479, 111.957,  94.8743,    *,  1.019354,  4.94895523177246,-39.8048226,   10.1756,
 2026-Dec-06 11:00:00,*,m, 149.111490878,  13.422566035,  149.479144469,  13.293135453,   286.553914739,       5.825754811,         77.579,      -31.133, 111.863,  83.5945,    *,  1.019547,  4.94801679126464,-38.1397098,   10.1732,
 2026-Dec-06 12:00:00,*,m, 149.108963930,  13.423804549,  149.476615469,  13.294373965,   299.468063724,      -1.101849465,         65.456,      -26.099, 111.736,  70.4685,    *,  1.019731,  4.94712163270805,-36.2146537,   10.1707,
 2026-Dec-06 13:00:00,*, , 149.106033132,  13.425206708,  149.473684542,  13.295776028,   312.825996901,      -7.181102682,         51.884,      -20.488, 111.546,  55.7830,    *,  1.019906,  4.94627552767079,-34.0707293,   10.1683,
 2026-Dec-06 14:00:00,*, , 149.102781064,  13.426739225,  149.470434846,  13.297308348,   326.837420647,     -12.038685082,         37.161,      -14.421, 111.209,  39.8612,    *,  1.020069,  4.94548320204601,-31.7535883,   10.1657,
 2026-Dec-06 15:00:00,C, , 149.099296997,  13.428365728,  149.466956085,  13.298934571,   341.525112312,     -15.319240321,         21.611,       -8.034, 110.393,  23.0561,    *,  1.020221,  4.94474823697746,-29.3125277,   10.1631,
 2026-Dec-06 16:00:00,N, , 149.095675039,  13.430047553,  149.463342608,  13.300616075,   356.688095465,     -16.742169869,          5.578,       -1.468, 104.745,   5.7680,    t,  1.020360,  4.94407299320740,-26.7994794,   10.1604,
 2026-Dec-06 17:00:00, , , 149.092012164,  13.431744613,  149.459691425,  13.302312825,    11.944535823,     -16.173082155,        -10.582,        5.132, 295.873,  11.7612,    t,  1.020487,  4.94345856051477,-24.2679402,   10.1577,
 2026-Dec-06 18:00:00, , , 149.088406191,  13.433416312,  149.456100170,  13.303984275,    26.874542305,     -13.666677183,        -26.512,       11.620, 293.669,  28.9470,    *,  1.020601,  4.94290473342714,-21.7718632,   10.1550,
 2026-Dec-06 19:00:00, , , 149.084953724,  13.435022484,  149.452665058,  13.305590307,    41.187368825,      -9.448592002,        -41.859,       17.852, 293.099,  45.5061,    *,  1.020704,  4.94241001385784,-19.3645329,   10.1522,
 2026-Dec-06 20:00:00, , , 149.081748128,  13.436524340,  149.449478871,  13.307092158,    54.810420427,      -3.850458809,        -56.281,       23.690, 292.829,  61.0631,    *,  1.020794,  4.94197164075401,-17.0974490,   10.1493,
 2026-Dec-06 21:00:00, , , 149.078877547,  13.437885382,  149.446629018,  13.308453331,    67.879651513,       2.757338021,        -69.461,       29.004, 292.666,  75.2726,    *,  1.020874,  4.94158564626298,-15.0192419,   10.1464,
 2026-Dec-06 22:00:00, , , 149.076423034,  13.439072271,  149.444195708,  13.309640459,    80.685759269,      10.003723792,        -81.108,       33.678, 292.552,  87.8210,    *,  1.020944,  4.94124693735155,-13.1746442,   10.1435,
 2026-Dec-06 23:00:00, , , 149.074456815,  13.440055616,  149.442250270,  13.310624090,    93.628264405,      17.521062791,        -90.967,       37.609, 292.466,  98.4328,    *,  1.021005,  4.94094940126669,-11.6035396,   10.1406,
 2026-Dec-07 00:00:00, , , 149.073040731,  13.440810675,  149.440853647,  13.311379381,   107.190731498,      24.923737598,        -98.821,       40.712, 292.394, 106.8763,    *,  1.021060,  4.94068603272157,-10.3401092,   10.1377,
 2026-Dec-07 01:00:00, , , 149.072224889,  13.441317924,  149.440055109,  13.311886681,   121.913526890,      31.771385702,       -104.501,       42.919, 292.332, 112.9688,    *,  1.021109,  4.94044908023916, -9.4120938,   10.1348,
 2026-Dec-07 02:00:00, , , 149.072046545,  13.441563513,  149.439891191,  13.312131985,   138.302477582,      37.532746178,       -107.886,       44.183, 292.275, 116.5803,    *,  1.021154,  4.94023020871020, -8.8401842,   10.1319,
 2026-Dec-07 03:00:00, , , 149.072529254,  13.441539572,  149.440384888,  13.312107249,   156.583794276,      41.590326894,       -108.906,       44.479, 292.220, 117.6358,    *,  1.021197,  4.94002067490214, -8.6375552,   10.1290,
 2026-Dec-07 04:00:00, , , 149.073682297,  13.441244365,  149.441545123,  13.311810560,   176.325970114,      43.357703758,       -107.542,       43.801, 292.165, 116.1169,    *,  1.021240,  4.93981151238937, -8.8095475,   10.1262,
 2026-Dec-07 05:00:00, , , 149.075500405,  13.440682310,  149.443366488,  13.311246158,   196.330622018,      42.525100892,       -103.828,       42.166, 292.107, 112.0616,    *,  1.021285,  4.93959372224219, -9.3535086,   10.1234,
 2026-Dec-07 06:00:00,A, , 149.077963781,  13.439863833,  149.445829284,  13.310424314,   215.237161317,      39.243599807,        -97.851,       39.612, 292.043, 105.5629,    *,  1.021334,  4.93935846562725,-10.2587932,   10.1206,
 2026-Dec-07 07:00:00,N, , 149.081038434,  13.438805102,  149.448899843,  13.309361068,   232.313351672,      34.030652699,        -89.744,       36.196, 291.969,  96.7664,    *,  1.021388,  4.93909725445012,-11.5069258,   10.1180,
 2026-Dec-07 08:00:00,C,m, 149.084676813,  13.437527617,  149.452531148,  13.308077832,   247.588932386,      27.514051699,        -79.686,       31.992, 291.877,  85.8670,    *,  1.021449,  4.93880213614819,-13.0719254,   10.1154,
 2026-Dec-07 09:00:00,*,m, 149.088818735,  13.436057692,  149.456663721,  13.306600883,   261.506391433,      20.261037877,        -67.899,       27.094, 291.757,  73.1041,    *,  1.021519,  4.93846586878436,-14.9207880,   10.1129,
 2026-Dec-07 10:00:00,*,m, 149.093392604,  13.434425829,  149.461226802,  13.304960740,   274.610055605,      12.741448798,        -54.639,       21.609, 291.580,  58.7566,    *,  1.021598,  4.93808208269517,-17.0141220,   10.1104,
 2026-Dec-07 11:00:00,*,m, 149.098316876,  13.432666015,  149.466139757,  13.303191469,   287.408671955,       5.355647377,        -40.196,       15.654, 291.280,  43.1365,    *,  1.021688,  4.93764542511067,-19.3069284,   10.1081,
 2026-Dec-07 12:00:00,*,m, 149.103501772,  13.430814945,  149.471313738,  13.301329903,   300.334280789,      -1.526318314,        -24.882,        9.360, 290.617,  26.5838,    u,  1.021791,  4.93715168439358,-21.7495146,   10.1058,
 2026-Dec-07 13:00:00,*, , 149.108851193,  13.428911207,  149.476653534,  13.299414821,   313.721261491,      -7.536445121,         -9.027,        2.862, 287.593,   9.4696,    U,  1.021905,  4.93659789084881,-24.2885268,   10.1035,
 2026-Dec-07 14:00:00,*, , 149.114264793,  13.426994429,  149.482059595,  13.297486092,   327.768886185,     -12.302314255,          7.027,       -3.700, 117.768,   7.9411,    O,  1.022033,  4.93598239143621,-26.8680846,   10.1014,
 2026-Dec-07 15:00:00,C, , 149.119640188,  13.425104419,  149.487430187,  13.295583804,   342.486419177,     -15.472037640,         22.932,      -10.184, 113.945,  25.0921,    *,  1.022173,  4.93530489618358,-29.4309956,   10.0992,
 2026-Dec-07 16:00:00,N, , 149.124875236,  13.423280314,  149.492663634,  13.293747397,   357.659582610,     -16.772677169,         38.348,      -16.451, 113.217,  41.7277,    *,  1.022326,  4.93456649464153,-31.9200264,   10.0972,
 2026-Dec-07 17:00:00, , , 149.129870338,  13.421559751,  149.497660596,  13.292014825,    12.899882033,     -16.081108346,         52.940,      -22.365, 112.900,  57.4707,    *,  1.022491,  4.93376964134312,-34.2792025,   10.0951,
 2026-Dec-07 18:00:00, , , 149.134530727,  13.419978076,  149.502326340,  13.290421744,    27.791643339,     -13.463590879,         66.393,      -27.798, 112.716,  71.9786,    *,  1.022668,  4.93291810991972,-36.4551074,   10.0930,
 2026-Dec-07 19:00:00, , , 149.138768657,  13.418567608,  149.506572941,  13.289000763,    42.056514226,      -9.153896811,         78.416,      -32.632, 112.591,  84.9360,    *,  1.022854,  4.93201691626844,-38.3981485,   10.0910,
 2026-Dec-07 20:00:00, , , 149.142505468,  13.417356970,  149.510321354,  13.287780761,    55.635766419,      -3.487109264,         88.746,      -36.762, 112.498,  96.0601,    *,  1.023050,  4.93107221194734,-40.0637580,   10.0889,
 2026-Dec-07 21:00:00, , , 149.145673456,  13.416370497,  149.513503318,  13.286786281,    68.676195265,       3.166246421,         97.156,      -40.096, 112.422, 105.1066,    *,  1.023254,  4.93009114977413,-41.4134946,   10.0868,
 2026-Dec-07 22:00:00, , , 149.148217498,  13.415627732,  149.516063029,  13.286037016,    81.475821008,      10.436005931,        103.461,      -42.561, 112.357, 111.8751,    *,  1.023464,  4.92908172439456,-42.4160143,   10.0846,
 2026-Dec-07 23:00:00, , , 149.150096399,  13.415143023,  149.517958523,  13.285547402,    94.439398083,      17.954634868,        107.518,      -44.101, 112.298, 116.2137,    *,  1.023677,  4.92805259134326,-43.0478799,   10.0824,
 2026-Dec-08 00:00:00, , , 149.151283903,  13.414925220,  149.519162758,  13.285326305,   108.054548719,      25.334603598,        109.235,      -44.681, 112.242, 118.0222,    *,  1.023893,  4.92701286880893,-43.2941830,   10.0801,
 2026-Dec-08 01:00:00, , , 149.151769357,  13.414977490,  149.519664318,  13.285376843,   122.862841733,      32.131110494,        108.568,      -44.286, 112.187, 117.2554,    *,  1.024110,  4.92597192690758,-43.1489556,   10.0777,
 2026-Dec-08 02:00:00, , , 149.151557987,  13.415297240,  149.519467752,  13.285696309,   139.361815388,      37.806913314,        105.527,      -42.922, 112.130, 113.9240,    *,  1.024324,  4.92493916973114,-42.6153555,   10.0753,
 2026-Dec-08 03:00:00, , , 149.150670791,  13.415876163,  149.518593510,  13.286276228,   157.749029755,      41.741569353,        100.172,      -40.616, 112.067, 108.0950,    *,  1.024536,  4.92392381575039,-41.7056167,   10.0728,
 2026-Dec-08 04:00:00, , , 149.149144039,  13.416700404,  149.517077477,  13.287102526,   177.544650491,      43.357400587,         92.616,      -37.418, 111.996,  99.8907,    *,  1.024741,  4.92293468229429,-40.4407616,   10.0702,
 2026-Dec-08 05:00:00, , , 149.147028394,  13.417750840,  149.514970122,  13.288155833,   197.517821899,      42.368863451,         83.020,      -33.395, 111.909,  89.4864,    *,  1.024940,  4.92197997982767,-38.8500730,   10.0675,
 2026-Dec-08 06:00:00,A, , 149.144387677,  13.419003473,  149.512335272,  13.289411880,   216.328112675,      38.954108833,         71.592,      -28.635, 111.797,  77.1072,    *,  1.025130,  4.92106712149178,-36.9703679,   10.0648,
 2026-Dec-08 07:00:00,N, , 149.141297315,  13.420429933,  149.509248556,  13.290842027,   233.292854038,      33.644224866,         58.580,      -23.241, 111.638,  63.0229,    *,  1.025311,  4.92020255279210,-34.8450432,   10.0620,
 2026-Dec-08 08:00:00,C, , 149.137842503,  13.421998080,  149.505795550,  13.292413868,   248.477490602,      27.066759989,         44.270,      -17.333, 111.380,  47.5424,    *,  1.025480,  4.91939160629983,-32.5229689,   10.0591,
 2026-Dec-08 09:00:00,*,m, 149.134116148,  13.423672686,  149.502069689,  13.294091933,   262.337301775,      19.783547545,         28.976,      -11.039, 110.854,  31.0078,    *,  1.025637,  4.91863838468122,-30.0572440,   10.0562,
 2026-Dec-08 10:00:00,*,m, 149.130216645,  13.425416194,  149.498170001,  13.295838460,   275.416928208,      12.259787758,         13.036,       -4.499, 109.040,  13.7910,    t,  1.025781,  4.91794567503155,-27.5038492,   10.0532,
 2026-Dec-08 11:00:00,*,m, 149.126245542,  13.427189535,  149.494198729,  13.297614213,   288.221323492,       4.893702495,         -3.196,        2.142, 303.824,   3.8473,    t,  1.025913,  4.91731489636405,-24.9202484,   10.0502,
 2026-Dec-08 12:00:00,*,m, 149.122305179,  13.428952980,  149.490258908,  13.299379345,   301.177383561,      -1.944575526,        -19.362,        8.736, 294.286,  21.2417,    *,  1.026031,  4.91674608097510,-22.3639808,   10.0472,
 2026-Dec-08 13:00:00,*, , 149.118496340,  13.430667008,  149.486451970,  13.301094266,   314.612417652,      -7.885839244,        -35.103,       15.139, 293.330,  38.2277,    *,  1.026137,  4.91623788933590,-19.8912897,   10.0441,
 2026-Dec-08 14:00:00,*, , 149.114915999,  13.432293181,  149.482875438,  13.302720515,   328.715019932,     -12.557161802,        -50.069,       21.207, 292.957,  54.3748,    *,  1.026231,  4.91578765715197,-17.5558266,   10.0410,
 2026-Dec-08 15:00:00,C, , 149.111655209,  13.433794986,  149.479620770,  13.304221601,   343.479827813,     -15.609266796,        -63.931,       26.807, 292.751,  69.3226,    *,  1.026314,  4.91539147231336,-15.4074677,   10.0379,
 2026-Dec-08 16:00:00,N, , 149.108797181,  13.435138643,  149.476771410,  13.305563801,   358.677675279,     -16.776909795,        -76.381,       31.815, 292.616,  82.7408,    *,  1.026387,  4.91504427867016,-13.4912711,   10.0348,
 2026-Dec-08 17:00:00, , , 149.106415596,  13.436293846,  149.474401072,  13.306716892,    13.912266858,     -15.949232220,        -87.147,       36.121, 292.516,  94.3340,    *,  1.026450,  4.91474000294798,-11.8465972,   10.0317,
 2026-Dec-08 18:00:00, , , 149.104573171,  13.437234428,  149.472572306,  13.307654808,    28.772181373,     -13.205665042,        -95.992,       39.631, 292.437, 103.8487,    *,  1.026506,  4.91447170069305,-10.5064066,   10.0286,
 2026-Dec-08 19:00:00, , , 149.103320511,  13.437938938,  149.471335355,  13.308356201,    42.992588218,      -8.789795225,       -102.724,       42.269, 292.370, 111.0782,    *,  1.026556,  4.91423171691858, -9.4967384,   10.0255,
 2026-Dec-08 20:00:00, , , 149.102695246,  13.438391102,  149.470727311,  13.308804896,    56.530233379,      -3.041540548,       -107.199,       43.977, 292.309, 115.8670,    *,  1.026602,  4.91401185710673, -8.8363677,   10.0224,
 2026-Dec-08 21:00:00, , , 149.102721452,  13.438580182,  149.470771577,  13.308990237,    69.544338403,       3.667416665,       -109.323,       44.722, 292.253, 118.1144,    *,  1.026646,  4.91380356438107, -8.5366322,   10.0194,
 2026-Dec-08 22:00:00, , , 149.103409359,  13.438501202,  149.471477614,  13.308907309,    82.341640634,      10.967063386,       -109.053,       44.487, 292.196, 117.7757,    *,  1.026689,  4.91359809896495, -8.6014112,   10.0164,
 2026-Dec-08 23:00:00, , , 149.104755333,  13.438155061,  149.472840977,  13.308557045,    95.333346534,      18.489298178,       -106.400,       43.280, 292.139, 114.8629,    *,  1.026733,  4.91338671643968, -9.0272425,   10.0134,
 2026-Dec-09 00:00:00, , , 149.106742102,  13.437548510,  149.474843596,  13.307946196,   109.012103689,      25.843955470,       -101.425,       41.128, 292.077, 109.4443,    *,  1.026780,  4.91316084175986, -9.8035554,   10.0105,
 2026-Dec-09 01:00:00, , , 149.109339225,  13.436694006,  149.477454303,  13.307087194,   123.920850765,      32.580979682,        -94.241,       38.081, 292.006, 101.6424,    *,  1.026832,  4.91291223643160,-10.9130030,   10.0076,
 2026-Dec-09 02:00:00, , , 149.112503783,  13.435609453,  149.480629570,  13.305997889,   140.546748158,      38.156549388,        -85.008,       34.206, 291.922,  91.6305,    *,  1.026890,  4.91263315667095,-12.3318782,   10.0047,
 2026-Dec-09 03:00:00, , , 149.116181262,  13.434317811,  149.484314439,  13.304701172,   159.052630216,      41.947900234,        -73.930,       29.587, 291.815,  79.6292,    *,  1.026957,  4.91231650071105,-14.0305995,   10.0019,
 2026-Dec-09 04:00:00, , , 149.120306622,  13.432846619,  149.488443627,  13.303224498,   178.902144625,      43.389286818,        -61.248,       24.327, 291.665,  65.9012,    *,  1.027032,  4.91195594369910,-15.9742565,    9.9992,
 2026-Dec-09 05:00:00, , , 149.124805535,  13.431227402,  149.492942780,  13.301599310,   198.829389818,      42.224554045,        -47.238,       18.539, 291.430,  50.7455,    *,  1.027118,  4.91154605880698,-18.1232115,    9.9966,
 2026-Dec-09 06:00:00,A, , 149.129595774,  13.429495004,  149.497729869,  13.299860381,   217.520195756,      38.662763487,        -32.205,       12.349, 290.981,  34.4916,    u,  1.027215,  4.91108242325836,-20.4337539,    9.9939,
 2026-Dec-09 07:00:00,N, , 149.134588741,  13.427686844,  149.502716711,  13.298045076,   234.348921445,      33.249244418,        -16.474,        5.891, 289.678,  17.4954,    U,  1.027323,  4.91056170791536,-22.8588140,    9.9914,
 2026-Dec-09 08:00:00,C, , 149.139691119,  13.425842118,  149.507810599,  13.296192570,   249.420269057,      26.609820982,         -0.383,       -0.696, 208.838,   0.7949,    O,  1.027445,  4.90998174916295,-25.3487206,    9.9889,
 2026-Dec-09 09:00:00,*, , 149.144806637,  13.424000953,  149.512916024,  13.294343004,   263.202738805,      19.298911133,         15.719,       -7.271, 114.822,  17.3193,    O,  1.027579,  4.90934160170749,-27.8520342,    9.9865,
 2026-Dec-09 10:00:00,*,m, 149.149837917,  13.422203539,  149.517936489,  13.292536630,   276.240480407,      11.775190003,         31.487,      -13.690, 113.498,  34.3345,    *,  1.027725,  4.90864157071487,-30.3164288,    9.9841,
 2026-Dec-09 11:00:00,*,m, 149.154688407,  13.420489259,  149.522776370,  13.290812931,   289.033617446,       4.433054301,         46.579,      -19.817, 113.045,  50.6199,    *,  1.027884,  4.90788322195125,-32.6896385,    9.9817,
 2026-Dec-09 12:00:00,*,m, 149.159264337,  13.418895818,  149.527342830,  13.289209761,   302.003045941,      -2.358824834,         60.670,      -25.517, 112.809,  65.8188,    *,  1.028055,  4.90706936849426,-34.9204567,    9.9794,
 2026-Dec-09 13:00:00,*,m, 149.163476710,  13.417458408,  149.531547740,  13.287762503,   315.468596893,      -8.231470249,         73.454,      -30.669, 112.659,  79.6008,    *,  1.028236,  4.90620403283450,-36.9597784,    9.9771,
 2026-Dec-09 14:00:00,*, , 149.167243244,  13.416208925,  149.535309576,  13.286503271,   329.608541220,     -12.812651597,         84.654,      -35.158, 112.551,  91.6656,    *,  1.028427,  4.90529238349390,-38.7616711,    9.9748,
 2026-Dec-09 15:00:00,C, , 149.170490272,  13.415175238,  149.538555262,  13.285460180,   344.404274889,     -15.756358621,         94.023,      -38.887, 112.466, 101.7490,    *,  1.028627,  4.90434064574297,-40.2844504,    9.9725,
 2026-Dec-09 16:00:00,N, , 149.173154511,  13.414380552,  149.541221909,  13.284656689,   359.613946389,     -16.804701929,        101.355,      -41.774, 112.395, 109.6284,    *,  1.028833,  4.90335598659629,-41.4917350,    9.9701,
 2026-Dec-09 17:00:00, , , 149.175184678,  13.413842869,  149.543258406,  13.284111049,    14.835415933,     -15.857543669,        106.487,      -43.754, 112.333, 115.1280,    *,  1.029045,  4.90234637498718,-42.3534467,    9.9678,
 2026-Dec-09 18:00:00, , , 149.176542890,  13.413574552,  149.544626810,  13.283835860,    29.661912541,     -13.005133606,        109.303,      -44.781, 112.275, 118.1230,    *,  1.029260,  4.90132041884782,-42.8467211,    9.9653,
 2026-Dec-09 19:00:00, , , 149.177205801,  13.413582025,  149.545303489,  13.283837746,    43.840699292,      -8.498565218,        109.735,      -44.832, 112.218, 118.5422,    *,  1.029477,  4.90028718171348,-42.9566907,    9.9628,
 2026-Dec-09 20:00:00, , , 149.177165431,  13.413865605,  149.545279969,  13.284117182,    57.341710135,      -2.680981890,        107.769,      -43.902, 112.161, 116.3703,    *,  1.029694,  4.89925598238342,-42.6771026,    9.9603,
 2026-Dec-09 21:00:00, , , 149.176429636,  13.414419468,  149.544563443,  13.284668445,    70.334529465,       4.075576922,        103.441,      -42.010, 112.099, 111.6489,    *,  1.029909,  4.89823618205706,-42.0107352,    9.9576,
 2026-Dec-09 22:00:00, , , 149.175022201,  13.415231767,  149.543176903,  13.285479731,    83.133208887,      11.401480232,         96.842,      -39.195, 112.031, 104.4756,    *,  1.030119,  4.89723696416176,-40.9695843,    9.9549,
 2026-Dec-09 23:00:00, , , 149.172982523,  13.416284891,  149.541158879,  13.286533399,    96.154597239,      18.928004394,         88.112,      -35.518, 111.951,  95.0028,    *,  1.030323,  4.89626711274646,-39.5747939,    9.9520,
 2026-Dec-10 00:00:00, , , 149.170364873,  13.417555860,  149.538562757,  13.287806374,   109.895977728,      26.262193871,         77.438,      -31.056, 111.850,  83.4345,    *,  1.030519,  4.89533479577420,-37.8563180,    9.9491,
 2026-Dec-10 01:00:00, , , 149.167237253,  13.419016852,  149.535455694,  13.289270674,   124.901687402,      32.948560481,         65.052,      -25.908, 111.713,  70.0221,    *,  1.030706,  4.89444735986593,-35.8523093,    9.9461,
 2026-Dec-10 02:00:00, , , 149.163679859,  13.420635848,  149.531917135,  13.290894060,   141.649338658,      38.436450248,         51.225,      -20.186, 111.506,  55.0592,    *,  1.030882,  4.89361114299030,-33.6082440,    9.9430,
 2026-Dec-10 03:00:00, , , 149.159783191,  13.422377375,  149.528036969,  13.292640790,   160.269612780,      42.100179681,         36.260,      -14.016, 111.132,  38.8753,    *,  1.031046,  4.89283131124230,-31.1758022,    9.9398,
 2026-Dec-10 04:00:00, , , 149.155645858,  13.424203330,  149.523913371,  13.294472463,   180.174646133,      43.384372807,         20.489,       -7.534, 110.188,  21.8304,    *,  1.031198,  4.89211172520631,-28.6115374,    9.9365,
 2026-Dec-10 05:00:00, , , 149.151372142,  13.426073871,  149.519650394,  13.296348911,   200.068165136,      42.059294667,          4.259,       -0.884, 101.721,   4.3502,    t,  1.031336,  4.89145484047424,-25.9753788,    9.9332,
 2026-Dec-10 06:00:00,A, , 149.147069398,  13.427948334,  149.515355374,  13.298229143,   218.661115855,      38.361804375,        -12.069,        5.788, 295.620,  13.3847,    t,  1.031461,  4.89086164572683,-23.3290185,    9.9299,
 2026-Dec-10 07:00:00,N, , 149.142845368,  13.429786164,  149.511136244,  13.300072292,   235.378981315,      32.850401607,        -28.133,       12.332, 293.670,  30.7173,    *,  1.031573,  4.89033164043944,-20.7342421,    9.9265,
 2026-Dec-10 08:00:00,C, , 149.138805494,  13.431547842,  149.507098826,  13.301838547,   250.361119095,      26.150375516,        -43.578,       18.604, 293.120,  47.3830,    *,  1.031672,  4.88986285281805,-18.2512652,    9.9230,
 2026-Dec-10 09:00:00,*, , 149.135050318,  13.433195757,  149.503344199,  13.303490053,   264.087907946,      18.810858208,        -58.062,       24.465, 292.851,  63.0050,    *,  1.031759,  4.88945189708549,-15.9371364,    9.9196,
 2026-Dec-10 10:00:00,*, , 149.131673045,  13.434695039,  149.499966222,  13.304991743,   277.103462963,      11.286112512,        -71.263,       29.786, 292.686,  77.2367,    *,  1.031834,  4.88909406780810,-13.8442636,    9.9162,
 2026-Dec-10 11:00:00,*,m, 149.128757343,  13.436014302,  149.497049280,  13.306312096,   289.903869439,       3.968519686,        -82.892,       34.450, 292.571,  89.7644,    *,  1.031900,  4.88878346765285,-12.0191151,    9.9127,
 2026-Dec-10 12:00:00,*,m, 149.126375437,  13.437126295,  149.494666329,  13.307423790,   302.904380126,      -2.773245384,        -92.694,       38.353, 292.482, 100.3134,    *,  1.031957,  4.88851316387128,-10.5011348,    9.9093,
 2026-Dec-10 13:00:00,*,m, 149.124586554,  13.438008457,  149.492877284,  13.308304253,   316.416854534,      -8.569413846,       -100.454,       41.413, 292.408, 108.6537,    *,  1.032007,  4.88827536797228, -9.3219014,    9.9060,
 2026-Dec-10 14:00:00,*,m, 149.123435741,  13.438643345,  149.491727786,  13.308936098,   330.607730059,     -13.048141343,       -106.006,       43.562, 292.343, 114.6053,    *,  1.032052,  4.88806163249138, -8.5045476,    9.9027,
 2026-Dec-10 15:00:00,C, , 149.122953072,  13.439018954,  149.491248368,  13.309307426,   345.443003129,     -15.867434602,       -109.231,       44.754, 292.284, 118.0416,    *,  1.032094,  4.88786305853502, -8.0634432,    9.8994,
 2026-Dec-10 16:00:00,N, , 149.123153261,  13.439128909,  149.491454030,  13.309412014,     0.666484504,     -16.778675916,       -110.063,       44.966, 292.227, 118.8916,    *,  1.032135,  4.88767050782763, -8.0041339,    9.8962,
 2026-Dec-10 17:00:00, , , 149.124035648,  13.438972548,  149.492344209,  13.309249383,    15.870353016,     -15.695040888,       -108.488,       44.195, 292.169, 117.1417,    *,  1.032176,  4.88747481331734, -8.3235173,    9.8930,
 2026-Dec-10 18:00:00, , , 149.125584550,  13.438554874,  149.493903124,  13.308824742,    30.654612877,     -12.719948996,       -104.544,       42.459, 292.108, 112.8347,    *,  1.032220,  4.88726698294739, -9.0102299,    9.8899,
 2026-Dec-10 19:00:00, , , 149.127769939,  13.437886414,  149.496100454,  13.308148827,    44.781488722,      -8.113440505,        -98.322,       39.798, 292.040, 106.0691,    *,  1.032268,  4.88703839192484,-10.0452106,    9.8868,
 2026-Dec-10 20:00:00, , , 149.130548403,  13.436982962,  149.498892328,  13.307237636,    58.236425851,      -2.222376555,        -89.961,       36.271, 291.962,  96.9962,    *,  1.032323,  4.88678095965063,-11.4024065,    9.8838,
 2026-Dec-10 21:00:00, , , 149.133864352,  13.435865237,  149.502222562,  13.306112071,    71.200711300,       4.580953100,        -79.646,       31.955, 291.864,  85.8165,    *,  1.032385,  4.88648730835802,-13.0495830,    9.8809,
 2026-Dec-10 22:00:00, , , 149.137651421,  13.434558441,  149.506024103,  13.304797494,    83.996248415,      11.927647138,        -67.604,       26.947, 291.735,  72.7752,    *,  1.032456,  4.88615090137642,-14.9492030,    9.8780,
 2026-Dec-10 23:00:00, , , 149.141834024,  13.433091753,  149.510220641,  13.303323205,    97.045512518,      19.448738928,        -54.096,       21.353, 291.543,  58.1569,    *,  1.032537,  4.88576615974444,-17.0593440,    9.8752,
 2026-Dec-11 00:00:00, , , 149.146329025,  13.431497743,  149.514728322,  13.301721860,   110.849817219,      26.748845841,        -39.415,       15.297, 291.213,  42.2795,    *,  1.032630,  4.88532855659565,-19.3346266,    9.8724,
 2026-Dec-11 01:00:00, , , 149.151047472,  13.429811727,  149.519457550,  13.300028820,   125.953184929,      33.367541982,        -23.881,        8.909, 290.460,  25.4885,    u,  1.032734,  4.88483468930634,-21.7271330,    9.8696,
 2026-Dec-11 02:00:00, , , 149.155896390,  13.428071073,  149.524314818,  13.298281465,   142.819972134,      38.748445070,         -7.828,        2.327, 286.555,   8.1660,    U,  1.032851,  4.88428232980804,-24.1873026,    9.8669,
 2026-Dec-11 03:00:00, , , 149.160780571,  13.426314462,  149.529204546,  13.296518453,   161.543263901,      42.265463399,          8.399,       -4.308, 117.153,   9.4389,    O,  1.032980,  4.88367045372921,-26.6647966,    9.8642,
 2026-Dec-11 04:00:00, , , 149.165604375,  13.424581117,  149.534030910,  13.294778965,   181.480921715,      43.377613092,         24.448,      -10.851, 113.934,  26.7477,    *,  1.033122,  4.88299924915048,-29.1093280,    9.8615,
 2026-Dec-11 05:00:00, , , 149.170273496,  13.422910008,  149.538699629,  13.293101915,   201.311563599,      41.884876927,         39.973,      -17.163, 113.235,  43.5024,    *,  1.033277,  4.88227010575989,-31.4714612,    9.8589,
 2026-Dec-11 06:00:00,A, , 149.174696692,  13.421339056,  149.543119697,  13.291525164,   219.780027262,      38.051793939,         54.640,      -23.106, 112.920,  59.3258,    *,  1.033443,  4.88148558511105,-33.7033836,    9.8562,
 2026-Dec-11 07:00:00,N, , 149.178787463,  13.419904332,  149.547205050,  13.290084730,   236.366710870,      32.447259089,         68.131,      -28.552, 112.735,  73.8733,    *,  1.033620,  4.88064937255552,-35.7596565,    9.8536,
 2026-Dec-11 08:00:00,C, , 149.182465665,  13.418639280,  149.550876156,  13.288814021,   251.244522233,      25.693026766,         80.153,      -33.382, 112.608,  86.8283,    *,  1.033807,  4.87976621128478,-37.5979508,    9.8510,
 2026-Dec-11 09:00:00,*, , 149.185659037,  13.417573971,  149.554061509,  13.287743098,   264.903467169,      18.330751359,         90.443,      -37.491, 112.512,  97.9077,    *,  1.034003,  4.87884181881610,-39.1797688,    9.8484,
 2026-Dec-11 10:00:00,*, , 149.188304641,  13.416734416,  149.556699015,  13.286897987,   277.885952717,      10.808802367,         98.775,      -40.789, 112.434, 106.8676,    *,  1.034206,  4.87788278623100,-40.4711530,    9.8457,
 2026-Dec-11 11:00:00,*,m, 149.190350176,  13.416141935,  149.558737252,  13.286300060,   290.683148150,       3.516504246,        104.964,      -43.201, 112.367, 113.5094,    *,  1.034415,  4.87689646055251,-41.4433754,    9.8431,
 2026-Dec-11 12:00:00,*,m, 149.191755147,  13.415812624,  149.560136588,  13.285965494,   303.704503018,      -3.178195786,        108.872,      -44.674, 112.306, 117.6835,    *,  1.034628,  4.87589081085195,-42.0735959,    9.8404,
 2026-Dec-11 13:00:00,*,m, 149.192491871,  13.415756914,  149.560870126,  13.285904834,   317.254466309,      -8.905120123,        110.407,      -45.173, 112.248, 119.2933,    *,  1.034844,  4.87487427901046,-42.3454743,    9.8377,
 2026-Dec-11 14:00:00,*,m, 149.192546276,  13.415979262,  149.560924450,  13.286122670,   331.488952548,     -13.292658318,        109.531,      -44.685, 112.190, 118.2977,    *,  1.035060,  4.87385561654991,-42.2497096,    9.8349,
 2026-Dec-11 15:00:00,C,m, 149.191918469,  13.416477957,  149.560300147,  13.286617440,   346.360405799,     -16.001887682,        106.257,      -43.218, 112.129, 114.7124,    *,  1.035275,  4.87284370949338,-41.7844929,    9.8320,
 2026-Dec-11 16:00:00,N, , 149.190623039,  13.417245084,  149.559012081,  13.287381381,     1.599935347,     -16.791602105,        100.652,      -40.803, 112.063, 108.6100,    *,  1.035487,  4.87184739385450,-40.9558243,    9.8291,
 2026-Dec-11 17:00:00, , , 149.188689058,  13.418266627,  149.557089371,  13.288400624,    16.794370852,     -15.585830692,         92.833,      -37.490, 111.988, 100.1189,    *,  1.035694,  4.87087526521068,-39.7776868,    9.8261,
 2026-Dec-11 18:00:00, , , 149.186159774,  13.419522737,  149.554575079,  13.289655441,    31.549026354,     -12.498867346,         82.967,      -33.351, 111.896,  89.4212,    *,  1.035894,  4.86993548622150,-38.2720374,    9.8230,
 2026-Dec-11 19:00:00, , , 149.183091955,  13.420988135,  149.551525564,  13.291120648,    45.638591437,      -7.798296149,         71.270,      -28.475, 111.776,  76.7485,    *,  1.036085,  4.86903559678273,-36.4685964,    9.8199,
 2026-Dec-11 20:00:00, , , 149.179554900,  13.422632677,  149.548009516,  13.292766150,    59.061802690,      -1.834377172,         57.994,      -22.968, 111.603,  62.3774,    *,  1.036267,  4.86818233188294,-34.4044180,    9.8166,
 2026-Dec-11 21:00:00, , , 149.175629096,  13.424422039,  149.544106653,  13.294557624,    72.010452262,       5.019873850,         43.432,      -16.952, 111.320,  46.6237,    *,  1.036437,  4.86738145251911,-32.1232360,    9.8133,
 2026-Dec-11 22:00:00, , , 149.171404561,  13.426318523,  149.539906111,  13.296457316,    84.814132589,      12.395401480,         27.905,      -10.559, 110.726,  29.8359,    *,  1.036596,  4.86663759510457,-29.6745849,    9.8099,
 2026-Dec-11 23:00:00, , , 149.166978887,  13.428281955,  149.535504542,  13.298424943,    97.901550850,      19.921936194,         11.755,       -3.931, 108.491,  12.3947,    t,  1.036741,  4.86595414460204,-27.1127129,    9.8064,
 2026-Dec-12 00:00:00, , , 149.162455033,  13.430270655,  149.531003963,  13.300418654,   111.779203239,      27.200473937,         -4.660,        2.786, 300.870,   5.4292,    t,  1.036874,  4.86533313612449,-24.4953103,    9.8028,
 2026-Dec-12 01:00:00, , , 149.157938915,  13.432242442,  149.526509414,  13.302396052,   126.992284472,      33.764240213,        -20.976,        9.442, 294.235,  23.0028,    *,  1.036993,  4.86477518899318,-21.8820918,    9.7992,
 2026-Dec-12 02:00:00, , , 149.153536876,  13.434155655,  149.522126472,  13.304315214,   143.993186412,      39.049437024,        -36.831,       15.890, 293.339,  40.1119,    *,  1.037098,  4.86427947626122,-19.3332758,    9.7955,
 2026-Dec-12 03:00:00, , , 149.149353090,  13.435970151,  149.517958707,  13.306135709,   162.837507116,      42.427832694,        -51.873,       21.988, 292.973,  56.3401,    *,  1.037191,  4.86384373155304,-16.9080124,    9.7918,
 2026-Dec-12 04:00:00, , , 149.145486992,  13.437648258,  149.514105149,  13.307819556,   182.827370186,      43.371700650,        -65.771,       27.599, 292.767,  71.3258,    *,  1.037272,  4.86346429379091,-14.6628155,    9.7880,
 2026-Dec-12 05:00:00, , , 149.142030804,  13.439155646,  149.510657833,  13.309332118,   202.614277007,      41.710718702,        -78.217,       32.602, 292.630,  84.7380,    *,  1.037342,  4.86313618904140,-12.6500539,    9.7843,
 2026-Dec-12 06:00:00,A, , 149.139067246,  13.440462107,  149.507699522,  13.310642892,   220.975152793,      37.738172927,        -88.938,       36.885, 292.528,  96.2818,    *,  1.037402,  4.86285324738736,-10.9165555,    9.7805,
 2026-Dec-12 07:00:00,N, , 149.136667484,  13.441542211,  149.505301641,  13.311726187,   237.444289243,      32.035175698,        -97.700,       40.356, 292.447, 105.7049,    *,  1.037455,  4.86260825148671, -9.5023753,    9.7768,
 2026-Dec-12 08:00:00,C, , 149.134889394,  13.442375836,  149.503522529,  13.312561656,   252.228481554,      25.221914167,       -104.314,       42.939, 292.377, 112.8030,    *,  1.037501,  4.86239311238634, -8.4397663,    9.7732,
 2026-Dec-12 09:00:00,*, , 149.133776177,  13.442948547,  149.502406011,  13.313134703,   265.828446623,      17.834169688,       -108.636,       44.579, 292.315, 117.4241,    *,  1.037542,  4.86219906727602, -7.7523868,    9.7696,
 2026-Dec-12 10:00:00,*, , 149.133355375,  13.443251843,  149.501980370,  13.313436723,   278.785807813,      10.315539457,       -110.577,       45.241, 292.256, 119.4711,    *,  1.037581,  4.86201689323266, -7.4547651,    9.7660,
 2026-Dec-12 11:00:00,*,m, 149.133638293,  13.443283252,  149.502257723,  13.313465213,   291.587128617,       3.052985364,       -110.098,       44.914, 292.197, 118.9041,    *,  1.037619,  4.86183713063625, -7.5520306,    9.7626,
 2026-Dec-12 12:00:00,*,m, 149.134619861,  13.443046286,  149.503233818,  13.313223723,   304.635575509,      -3.586007505,       -107.214,       43.606, 292.137, 115.7402,    *,  1.037659,  4.86165030982179, -8.0399118,    9.7591,
 2026-Dec-12 13:00:00,*,m, 149.136278897,  13.442550270,  149.504888247,  13.312721685,   318.226850837,      -9.231164192,       -101.993,       41.348, 292.071, 110.0532,    *,  1.037702,  4.86144717464476, -8.9049927,    9.7558,
 2026-Dec-12 14:00:00,*,m, 149.138578782,  13.441810052,  149.507185065,  13.311974114,   332.504360426,     -13.512250888,        -94.552,       38.189, 291.997, 101.9713,    *,  1.037751,  4.86121889695826,-10.1252086,    9.7526,
 2026-Dec-12 15:00:00,C,m, 149.141468493,  13.440845599,  149.510073782,  13.311001198,   347.405181483,     -16.095535648,        -85.057,       34.201, 291.908,  91.6739,    *,  1.037807,  4.86095727656136,-11.6705527,    9.7494,
 2026-Dec-12 16:00:00,N,m, 149.144883971,  13.439681514,  149.513490698,  13.309827800,     2.647419208,     -16.750001308,        -73.716,       29.470, 291.793,  79.3873,    *,  1.037872,  4.86065492210383,-13.5039487,    9.7463,
 2026-Dec-12 17:00:00, ,m, 149.148749762,  13.438346466,  149.517360516,  13.308482874,    17.814512695,     -15.413068997,        -60.777,       24.100, 291.632,  65.3803,    *,  1.037946,  4.86030540881618,-15.5823048,    9.7433,
 2026-Dec-12 18:00:00, , , 149.152980887,  13.436872561,  149.521598214,  13.306998823,    32.520387403,     -12.211288166,        -46.522,       18.208, 291.376,  49.9576,    *,  1.038032,  4.85990340998426,-17.8576281,    9.7403,
 2026-Dec-12 19:00:00, , , 149.157484880,  13.435294667,  149.526111085,  13.305410804,    46.555035431,      -7.419788596,        -31.259,       11.921, 290.876,  33.4545,    u,  1.038130,  4.85944480045627,-20.2782386,    9.7374,
 2026-Dec-12 20:00:00, , , 149.162163939,  13.433649698,  149.530800912,  13.303756005,    59.931844845,      -1.391316655,        -15.318,        5.375, 289.335,  16.2332,    U,  1.038241,  4.85892673060293,-22.7900033,    9.7345,
 2026-Dec-12 21:00:00, , , 149.166917143,  13.431975877,  149.535566216,  13.302072890,    72.853127879,       5.501624588,          0.958,       -1.289, 143.404,   1.6061,    O,  1.038364,  4.85834767052203,-25.3375717,    9.7317,
 2026-Dec-12 22:00:00, , , 149.171642664,  13.430311991,  149.540304517,  13.300400444,    85.655353587,      12.891048956,         17.216,       -7.928, 114.725,  18.9538,    O,  1.038501,  4.85770742483667,-27.8655811,    9.7289,
 2026-Dec-12 23:00:00, , , 149.176239947,  13.428696628,  149.544914559,  13.298777406,    98.772123234,      20.406520283,         33.107,      -14.397, 113.501,  36.1026,    *,  1.038651,  4.85700711910550,-30.3198070,    9.7261,
 2026-Dec-13 00:00:00, , , 149.180611807,  13.427167439,  149.549298464,  13.297241522,   112.713198268,      27.646579733,         48.289,      -20.558, 113.059,  52.4831,    *,  1.038813,  4.85624915938677,-32.6482407,    9.7232,
 2026-Dec-13 01:00:00, , , 149.184666400,  13.425760396,  149.553363755,  13.295828812,   128.022190485,      34.139581224,         62.431,      -26.276, 112.823,  67.7365,    *,  1.038987,  4.85543716690053,-34.8020784,    9.7204,
 2026-Dec-13 02:00:00, , , 149.188319051,  13.424509092,  149.557025235,  13.294572860,   145.136153099,      39.316509033,         75.229,      -31.429, 112.671,  81.5310,    *,  1.039171,  4.85457589002505,-36.7366132,    9.7176,
 2026-Dec-13 03:00:00, , , 149.191493902,  13.423444057,  149.560206667,  13.293504148,   164.071619617,      42.550034939,         86.401,      -35.903, 112.561,  93.5656,    *,  1.039365,  4.85367109605355,-38.4120225,    9.7147,
 2026-Dec-13 04:00:00, , , 149.194125358,  13.422592135,  149.562842264,  13.292649432,   184.080024897,      43.328239471,         95.705,      -39.600, 112.475, 103.5761,    *,  1.039567,  4.85272944524724,-39.7940497,    9.7118,
 2026-Dec-13 05:00:00, , , 149.196159326,  13.421975901,  149.564877936,  13.292031178,   203.796715889,      41.509769211,        102.934,      -42.438, 112.402, 111.3413,    *,  1.039775,  4.85175834977216,-40.8545766,    9.7089,
 2026-Dec-13 06:00:00,A, , 149.197554225,  13.421613156,  149.566272303,  13.291667060,   222.036964932,      37.412310091,        107.926,      -44.354, 112.337, 116.6874,    *,  1.039987,  4.85076582012271,-41.5720883,    9.7059,
 2026-Dec-13 07:00:00,N, , 149.198281752,  13.421516494,  149.566997455,  13.291569546,   238.386135887,      31.624555107,        110.569,      -45.304, 112.276, 119.4926,    *,  1.040203,  4.84976030163822,-41.9320304,    9.7028,
 2026-Dec-13 08:00:00,C, , 149.198327412,  13.421692964,  149.567039451,  13.291745564,   253.079324559,      24.762489596,        110.798,      -45.264, 112.217, 119.6897,    *,  1.040420,  4.84875050373173,-41.9270554,    9.6997,
 2026-Dec-13 09:00:00,*, , 149.197690786,  13.422143836,  149.566398553,  13.292196280,   266.624270964,      17.355125314,        108.603,      -44.234, 112.157, 117.2681,    *,  1.040635,  4.84774522448276,-41.5571600,    9.6966,
 2026-Dec-13 10:00:00,*, , 149.196385549,  13.422864480,  149.565089200,  13.292916984,   279.560338733,       9.841257810,        104.026,      -42.234, 112.093, 112.2750,    *,  1.040848,  4.84675317330845,-40.8297069,    9.6934,
 2026-Dec-13 11:00:00,*, , 149.194439224,  13.423844370,  149.563139702,  13.293897102,   292.369355438,       2.605844084,         97.163,      -39.305, 112.021, 104.8142,    *,  1.041057,  4.84578279452009,-39.7593286,    9.6901,
 2026-Dec-13 12:00:00,*,m, 149.191892680,  13.425067228,  149.560591688,  13.295120332,   305.448812435,      -3.983468793,         88.160,      -35.510, 111.936,  95.0445,    *,  1.041259,  4.84484209468090,-38.3677075,    9.6867,
 2026-Dec-13 13:00:00,*,m, 149.188799365,  13.426511290,  149.557499282,  13.296564921,   319.086695112,      -9.555365831,         77.210,      -30.931, 111.829,  83.1769,    *,  1.041453,  4.84393847679670,-36.6832289,    9.6833,
 2026-Dec-13 14:00:00,*,m, 149.185224295,  13.428149722,  149.553928042,  13.298204069,   333.415072366,     -13.739642256,         64.553,      -25.668, 111.682,  69.4696,    *,  1.041638,  4.84307858446503,-34.7405018,    9.6799,
 2026-Dec-13 15:00:00,C,m, 149.181242797,  13.429951164,  149.549953666,  13.300006465,   348.356535628,     -16.206017078,         50.464,      -19.836, 111.456,  54.2233,    *,  1.041812,  4.84226815915980,-32.5797486,    9.6763,
 2026-Dec-13 16:00:00,N,m, 149.176939026,  13.431880396,  149.545660470,  13.301936952,     3.616231784,     -16.731772019,         35.255,      -13.563, 111.041,  37.7743,    *,  1.041975,  4.84151191381098,-30.2460641,    9.6727,
 2026-Dec-13 17:00:00, ,m, 149.172404280,  13.433899116,  149.541139698,  13.303957290,    18.773136039,     -15.266162138,         19.261,       -6.989, 109.942,  20.4893,    t,  1.042126,  4.84081342572773,-27.7885529,    9.6690,
 2026-Dec-13 18:00:00, ,m, 149.167735131,  13.435966813,  149.536487643,  13.306027019,    33.447989840,     -11.947255585,          2.835,       -0.258,  95.194,   2.8467,    t,  1.042263,  4.84017505169464,-25.2593533,    9.6653,
 2026-Dec-13 19:00:00, , , 149.163031424,  13.438041706,  149.531803662,  13.308104389,    47.444486035,      -7.057970671,        -13.658,        6.480, 295.384,  15.1170,    t,  1.042387,  4.83959786773607,-22.7125680,    9.6615,
 2026-Dec-13 20:00:00, , , 149.158394158,  13.440081732,  149.527188088,  13.310147342,    60.789967852,      -0.954518551,        -29.852,       13.076, 293.656,  32.5897,    *,  1.042499,  4.83908163558494,-20.2031192,    9.6577,
 2026-Dec-13 21:00:00, , , 149.153923315,  13.442045549,  149.522740095,  13.312114503,    73.697588457,       5.989779623,        -45.388,       19.383, 293.126,  49.3530,    *,  1.042597,  4.83862479733244,-17.7855559,    9.6538,
 2026-Dec-13 22:00:00, , , 149.149715676,  13.443893527,  149.518555561,  13.313966172,    86.511789837,      13.406575737,        -59.923,       25.261, 292.861,  65.0291,    *,  1.042683,  4.83822449908584,-15.5128409,    9.6499,
 2026-Dec-13 23:00:00, , , 149.145862665,  13.445588702,  149.514724978,  13.315665275,    99.672689655,      20.923779234,        -73.135,       30.582, 292.696,  79.2706,    *,  1.042758,  4.83787664373465,-13.4351485,    9.6459,
 2026-Dec-14 00:00:00, , , 149.142448297,  13.447097660,  149.511331451,  13.317178247,   113.695227963,      28.135825832,        -84.734,       35.228, 292.578,  91.7636,    *,  1.042823,  4.83757597218442,-11.5987051,    9.6420,
 2026-Dec-14 01:00:00, , , 149.139547252,  13.448391329,  149.508448832,  13.318475833,   129.123029167,      34.564264264,        -94.465,       39.098, 292.487, 102.2346,    *,  1.042879,  4.83731617165237,-10.0447025,    9.6380,
 2026-Dec-14 02:00:00, , , 149.137223147,  13.449445654,  149.506140044,  13.319533770,   146.377456511,      39.632826223,       -102.118,       42.106, 292.412, 110.4555,    *,  1.042928,  4.83709000889215, -8.8083150,    9.6341,
 2026-Dec-14 03:00:00, , , 149.135527030,  13.450242146,  149.504455622,  13.320333346,   165.431483104,      42.713938124,       -107.526,       44.190, 292.345, 116.2492,    *,  1.042971,  4.83688948553848, -7.9178463,    9.6302,
 2026-Dec-14 04:00:00, , , 149.134496154,  13.450768280,  149.503432516,  13.320861811,   185.478314398,      43.312772583,       -110.575,       45.304, 292.284, 119.4927,    *,  1.043011,  4.83670601216276, -7.3940292,    9.6263,
 2026-Dec-14 05:00:00, , , 149.134153054,  13.451017745,  149.503093189,  13.321112637,   205.132918067,      41.320700387,       -111.202,       45.425, 292.224, 120.1196,    *,  1.043048,  4.83653059712683, -7.2494970,    9.6225,
 2026-Dec-14 06:00:00,A, , 149.134504947,  13.450990537,  149.503445020,  13.321085629,   223.251066581,      37.083771414,       -109.399,       44.554, 292.164, 118.1210,    *,  1.043086,  4.83635404592366, -7.4884411,    9.6188,
 2026-Dec-14 07:00:00,N, , 149.135543488,  13.450692900,  149.504480047,  13.320786877,   239.473797589,      31.200657013,       -105.209,       42.711, 292.100, 113.5455,    *,  1.043127,  4.83616716641151, -8.1064645,    9.6151,
 2026-Dec-14 08:00:00,C, , 149.137244877,  13.450137118,  149.506175053,  13.320228560,   254.067980236,      24.283989456,        -98.727,       39.938, 292.029, 106.4973,    *,  1.043171,  4.83596097518152, -9.0906348,    9.6116,
 2026-Dec-14 09:00:00,*, , 149.139570324,  13.449341178,  149.508491986,  13.319428613,   267.550049424,      16.855958215,        -90.099,       36.297, 291.946,  97.1338,    *,  1.043222,  4.83572690025134,-10.4197365,    9.6081,
 2026-Dec-14 10:00:00,*, , 149.142466860,  13.448328297,  149.511378726,  13.318410270,   280.457450209,       9.350066661,        -79.515,       31.867, 291.842,  85.6616,    *,  1.043280,  4.83545697534420,-12.0647180,    9.6047,
 2026-Dec-14 11:00:00,*, , 149.145868483,  13.447126355,  149.514770176,  13.317201488,   293.266768969,       2.148510841,        -67.207,       26.746, 291.704,  72.3323,    *,  1.043347,  4.83514402119227,-13.9893231,    9.6013,
 2026-Dec-14 12:00:00,*,m, 149.149697604,  13.445767232,  149.518589648,  13.315834289,   306.368751419,      -4.381948579,        -53.442,       21.046, 291.497,  57.4363,    *,  1.043426,  4.83478180958868,-16.1508924,    9.5981,
 2026-Dec-14 13:00:00,*,m, 149.153866776,  13.444286070,  149.522750535,  13.314344018,   320.042269047,      -9.870418688,        -38.521,       14.889, 291.134,  41.2976,    *,  1.043516,  4.83436520629770,-18.5013176,    9.5949,
 2026-Dec-14 14:00:00,*,m, 149.158280647,  13.442720490,  149.527158213,  13.312768546,   334.406808871,     -13.948676260,        -22.764,        8.409, 290.275,  24.2675,    u,  1.043618,  4.83389028940984,-20.9881264,    9.5918,
 2026-Dec-14 15:00:00,C,m, 149.162838110,  13.441109762,  149.531712145,  13.311147435,   349.370234583,     -16.292145252,         -6.513,        1.746, 285.008,   6.7430,    U,  1.043734,  4.83335444028808,-23.5556729,    9.5888,
 2026-Dec-14 16:00:00,N,m, 149.167434591,  13.439493970,  149.536308134,  13.309521085,     4.626231930,     -16.688341845,          9.882,       -4.957, 116.636,  11.0558,    O,  1.043863,  4.83275640488094,-26.1464063,    9.5858,
 2026-Dec-14 17:00:00, ,m, 149.171964419,  13.437913164,  149.540840677,  13.307929873,    19.752156427,     -15.099173505,         26.069,      -11.554, 113.903,  28.5147,    *,  1.044006,  4.83209632386630,-28.7021883,    9.5828,
 2026-Dec-14 18:00:00, ,m, 149.176323230,  13.436406534,  149.545205363,  13.306413309,    34.378156014,     -11.673613333,         41.697,      -17.905, 113.238,  45.3789,    *,  1.044161,  4.83137573081789,-31.1656285,    9.5798,
 2026-Dec-14 19:00:00, ,m, 149.180410348,  13.435011608,  149.549301257,  13.305009221,    48.322639750,      -6.700776712,         56.429,      -23.871, 112.928,  61.2709,    *,  1.044329,  4.83059751834230,-33.4814051,    9.5769,
 2026-Dec-14 20:00:00, ,m, 149.184131074,  13.433763495,  149.553033219,  13.303752979,    61.626340449,      -0.538508834,         69.946,      -29.323, 112.742,  75.8447,    *,  1.044509,  4.82976587289533,-35.5975406,    9.5739,
 2026-Dec-14 21:00:00, , , 149.187398842,  13.432694171,  149.556314096,  13.302676779,    74.511832913,       6.440659103,         81.954,      -34.142, 112.614,  88.7828,    *,  1.044700,  4.82888617973886,-37.4666010,    9.5709,
 2026-Dec-14 22:00:00, , , 149.190137190,  13.431831843,  149.559066729,  13.301808986,    87.329824604,      13.869316607,         92.190,      -38.224, 112.516,  99.8018,    *,  1.044899,  4.82796490023951,-39.0467878,    9.5678,
 2026-Dec-14 23:00:00, , , 149.192281487,  13.431200375,  149.561225741,  13.301173558,   100.525102561,      21.374841942,        100.429,      -41.477, 112.437, 108.6592,    *,  1.045106,  4.82700942432222,-40.3029097,    9.5647,
 2026-Dec-15 00:00:00, , , 149.193780387,  13.430818801,  149.562739043,  13.300789560,   114.615714066,      28.548735372,        106.488,      -43.829, 112.367, 115.1577,    *,  1.045318,  4.82602790159678,-41.2071647,    9.5615,
 2026-Dec-15 01:00:00, , , 149.194596969,  13.430700931,  149.563569026,  13.300670766,   130.143090171,      34.907214213,        110.231,      -45.227, 112.304, 119.1508,    *,  1.045535,  4.82502905536799,-41.7397911,    9.5583,
 2026-Dec-15 02:00:00, , , 149.194709538,  13.430855049,  149.563693410,  13.300825366,   147.511686015,      39.868674263,        111.569,      -45.639, 112.244, 120.5454,    *,  1.045753,  4.82402198348232,-41.8894936,    9.5550,
 2026-Dec-15 03:00:00, , , 149.194112067,  13.431283725,  149.563105737,  13.301255783,   166.653878050,      42.807107958,        110.469,      -45.053, 112.183, 119.3050,    *,  1.045971,  4.82301595132547,-41.6536740,    9.5516,
 2026-Dec-15 04:00:00, , , 149.192814280,  13.431983732,  149.561815466,  13.301958600,   186.714492490,      43.244524816,        106.948,      -43.479, 112.120, 115.4505,    *,  1.046187,  4.82202018170576,-41.0384560,    9.5481,
 2026-Dec-15 05:00:00, , , 149.190841351,  13.432946080,  149.559847709,  13.302924611,   206.298688211,      41.100897564,        101.078,      -40.950, 112.051, 109.0606,    *,  1.046399,  4.82104364666671,-40.0585000,    9.5445,
 2026-Dec-15 06:00:00,A, , 149.188233267,  13.434156170,  149.557242585,  13.304138981,   224.303191780,      36.744710198,         92.984,      -37.520, 111.971, 100.2702,    *,  1.046605,  4.82009486625703,-38.7366125,    9.5409,
 2026-Dec-15 07:00:00,N, , 149.185043834,  13.435594060,  149.554054217,  13.305581534,   240.416992796,      30.780840530,         82.838,      -33.262, 111.873,  89.2681,    *,  1.046803,  4.81918171906226,-37.1031628,    9.5371,
 2026-Dec-15 08:00:00,C, , 149.181339382,  13.437234857,  149.550349418,  13.307227151,   254.931809398,      23.817858890,         70.862,      -28.268, 111.745,  76.2931,    *,  1.046992,  4.81831126895587,-35.1953233,    9.5333,
 2026-Dec-15 09:00:00,*, , 149.177197194,  13.439049214,  149.546206071,  13.309046281,   268.369710000,      16.372109003,         57.316,      -22.649, 111.559,  61.6290,    *,  1.047171,  4.81748961208414,-33.0561535,    9.5295,
 2026-Dec-15 10:00:00,*, , 149.172703691,  13.441003932,  149.541711285,  13.311005555,   281.265758117,       8.873309410,         42.498,      -16.526, 111.248,  45.5984,    *,  1.047338,  4.81672174754354,-30.7335542,    9.5256,
 2026-Dec-15 11:00:00,*, , 149.167952443,  13.443062660,  149.536959341,  13.313068488,   294.091918976,       1.702501215,         26.734,      -10.037, 110.577,  28.5566,    *,  1.047492,  4.81601147454732,-28.2791192,    9.5216,
 2026-Dec-15 12:00:00,*,m, 149.163042039,  13.445186670,  149.532049512,  13.315196260,   307.233039118,      -4.772809856,         10.374,       -3.324, 107.765,  10.8939,    t,  1.047634,  4.81536131812030,-25.7469203,    9.5176,
 2026-Dec-15 13:00:00,*,m, 149.158073871,  13.447335701,  149.527083797,  13.317348561,   320.959455000,     -10.180516150,         -6.220,        3.464, 299.118,   7.1193,    t,  1.047762,  4.81477248454439,-23.1922577,    9.5135,
 2026-Dec-15 14:00:00,*,m, 149.153149901,  13.449468848,  149.522164638,  13.319484470,   335.378019281,     -14.152866452,        -22.680,       10.177, 294.168,  24.8583,    *,  1.047877,  4.81424484693888,-20.6704117,    9.5094,
 2026-Dec-15 15:00:00,C,m, 149.148370444,  13.451545467,  149.517392666,  13.321563367,   350.381037590,     -16.369900082,        -38.641,       16.665, 293.331,  42.0814,    *,  1.047979,  4.81377696054399,-18.2354280,    9.5053,
 2026-Dec-15 16:00:00,N,m, 149.143832036,  13.453526092,  149.512864538,  13.323545833,     5.649437230,     -16.629026329,        -53.750,       22.785, 292.975,  58.3798,    *,  1.048068,  4.81336610652061,-15.9389670,    9.5012,
 2026-Dec-15 17:00:00, ,m, 149.139625420,  13.455373327,  149.508670913,  13.325394532,    20.757882816,     -14.905327552,        -67.673,       28.402, 292.770,  73.3909,    *,  1.048146,  4.81300836240752,-13.8292422,    9.4971,
 2026-Dec-15 18:00:00, ,m, 149.135833693,  13.457052691,  149.504894601,  13.327075053,    35.345642043,     -11.359854753,        -80.103,       33.392, 292.633,  86.7832,    *,  1.048213,  4.81269869681400,-11.9500695,    9.4930,
 2026-Dec-15 19:00:00, ,m, 149.132530654,  13.458533404,  149.501608918,  13.328556678,    49.246402912,      -6.289359838,        -90.767,       37.646, 292.530,  98.2627,    *,  1.048272,  4.81243108547885,-10.3400423,    9.4889,
 2026-Dec-15 20:00:00, ,m, 149.129779367,  13.459789085,  149.498876287,  13.329813078,    62.515420695,      -0.054715297,        -99.433,       41.070, 292.447, 107.5789,    *,  1.048322,  4.81219864551317, -9.0318442,    9.4848,
 2026-Dec-15 21:00:00, ,m, 149.127630965,  13.460798355,  149.496747077,  13.330822899,    75.386092887,       6.971117185,       -105.912,       43.592, 292.375, 114.5301,    *,  1.048367,  4.81199378447178, -8.0517024,    9.4807,
 2026-Dec-15 22:00:00, , , 149.126123703,  13.461545312,  149.495258706,  13.331570243,    88.216901121,      14.420578838,       -110.067,       45.157, 292.311, 118.9677,    *,  1.048407,  4.81180836087528, -7.4189798,    9.4766,
 2026-Dec-15 23:00:00, , , 149.125282280,  13.462019899,  149.494435019,  13.332045024,   101.458842722,      21.919434434,       -111.810,       45.732, 292.249, 120.7988,    *,  1.048445,  4.81163385290583, -7.1459009,    9.4726,
 2026-Dec-16 00:00:00, , , 149.125117405,  13.462218121,  149.494285913,  13.332243189,   115.634387086,      29.055029507,       -111.108,       45.307, 292.189, 119.9883,    *,  1.048483,  4.81146153213775, -7.2374063,    9.4687,
 2026-Dec-16 01:00:00, , , 149.125625643,  13.462142134,  149.494807233,  13.332166811,   131.282902511,      35.336904477,       -107.981,       43.894, 292.126, 116.5587,    *,  1.048522,  4.81128263913520, -7.6911408,    9.4648,
 2026-Dec-16 02:00:00, , , 149.126789502,  13.461800195,  149.495980913,  13.331824043,   148.788806389,      40.177184566,       -102.500,       41.524, 292.057, 110.5893,    *,  1.048564,  4.81108855831052, -8.4975209,    9.4609,
 2026-Dec-16 03:00:00, , , 149.128577777,  13.461206467,  149.497775358,  13.331228933,   168.036009244,      42.952327226,        -94.790,       38.250, 291.979, 102.2145,    *,  1.048612,  4.81087098949001, -9.6399489,    9.4571,
 2026-Dec-16 04:00:00, , , 149.130946144,  13.460380709,  149.500146069,  13.330401120,   188.112646990,      43.205153645,        -85.021,       34.146, 291.885,  91.6197,    *,  1.048666,  4.81062211335369,-11.0951014,    9.4534,
 2026-Dec-16 05:00:00, , , 149.133837975,  13.459347825,  149.503036470,  13.329365400,   207.613738766,      40.889688935,        -73.407,       29.301, 291.763,  79.0378,    *,  1.048729,  4.81033474868732,-12.8333251,    9.4498,
 2026-Dec-16 06:00:00,A, , 149.137185398,  13.458137316,  149.506378968,  13.328151188,   225.484017429,      36.400308678,        -60.203,       23.821, 291.590,  64.7435,    *,  1.048801,  4.81000249897585,-14.8191281,    9.4462,
 2026-Dec-16 07:00:00,N, , 149.140910558,  13.456782629,  149.510096201,  13.326791871,   241.466999996,      30.348559347,        -45.695,       17.825, 291.311,  49.0477,    *,  1.048884,  4.80961988603975,-17.0117671,    9.4427,
 2026-Dec-16 08:00:00,C, , 149.144927089,  13.455320414,  149.514102481,  13.325324084,   255.882167358,      23.337747933,        -30.197,       11.442, 290.753,  32.2917,    u,  1.048980,  4.80918246838695,-19.3659328,    9.4393,
 2026-Dec-16 09:00:00,*, , 149.149141775,  13.453789725,  149.518305410,  13.323786909,   269.257611591,      15.876711585,        -14.044,        4.810, 288.908,  14.8451,    U,  1.049088,  4.80868694194300,-21.8325306,    9.4359,
 2026-Dec-16 10:00:00,*, , 149.153456374,  13.452231163,  149.522607659,  13.322221028,   282.125325162,       8.389720416,          2.415,       -1.927, 128.577,   3.0895,    O,  1.049209,  4.80813122083777,-24.3595584,    9.4326,
 2026-Dec-16 11:00:00,*, , 149.157769591,  13.450685986,  149.526908878,  13.320667833,   294.951644585,       1.255047199,         18.826,       -8.624, 114.611,  20.7077,    O,  1.049344,  4.80751449599327,-26.8930738,    9.4294,
 2026-Dec-16 12:00:00,*,m, 149.161979161,  13.449195211,  149.531107727,  13.319168521,   308.114565323,      -5.160680908,         34.835,      -15.137, 113.485,  37.9823,    *,  1.049492,  4.80683726940136,-29.3782458,    9.4262,
 2026-Dec-16 13:00:00,*,m, 149.165984017,  13.447798713,  149.535103982,  13.317763194,   321.875323008,     -10.485791603,         50.096,      -21.326, 113.057,  54.4472,    *,  1.049652,  4.80610136222339,-31.7604766,    9.4230,
 2026-Dec-16 14:00:00,*,m, 149.169686496,  13.446534355,  149.538800690,  13.316489973,   336.328403520,     -14.354528724,         64.279,      -27.055, 112.824,  69.7421,    *,  1.049825,  4.80530989520372,-33.9865764,    9.4198,
 2026-Dec-16 15:00:00,C,m, 149.172994538,  13.445437156,  149.542106324,  13.315384159,   351.352035460,     -16.452531543,         77.076,      -32.201, 112.672,  83.5338,    *,  1.050009,  4.80446724037305,-36.0059695,    9.4166,
 2026-Dec-16 16:00:00,N,m, 149.175823826,  13.444538521,  149.544936894,  13.314477448,     6.616797995,     -16.587003996,         88.208,      -36.652, 112.560,  95.5212,    *,  1.050203,  4.80357894362639,-37.7719019,    9.4134,
 2026-Dec-16 17:00:00, ,m, 149.178099816,  13.443865545,  149.547217959,  13.313797220,    21.696731374,     -14.744800509,         97.430,      -40.309, 112.472, 105.4407,    *,  1.050406,  4.80265161848531,-39.2426205,    9.4101,
 2026-Dec-16 18:00:00, ,m, 149.179759602,  13.443440415,  149.548886484,  13.313365925,    36.240622508,     -11.096814982,        104.538,      -43.091, 112.398, 113.0728,    *,  1.050616,  4.80169281217499,-40.3824867,    9.4068,
 2026-Dec-16 19:00:00, ,m, 149.180753552,  13.443279910,  149.549892496,  13.313200571,    50.096099713,      -5.945221507,        109.373,      -44.935, 112.331, 118.2464,    *,  1.050831,  4.80071084603412,-41.1629872,    9.4034,
 2026-Dec-16 20:00:00, ,m, 149.181046672,  13.443395026,  149.550200463,  13.313312332,    63.330849234,       0.347703104,        111.824,      -45.800, 112.269, 120.8430,    *,  1.051049,  4.79971463319796,-41.5636035,    9.4000,
 2026-Dec-16 21:00:00, ,m, 149.180619632,  13.443790722,  149.549790370,  13.313706288,    76.187142614,       7.409533945,        111.833,      -45.665, 112.207, 120.7998,    *,  1.051268,  4.79871347740097,-41.5725039,    9.3964,
 2026-Dec-16 22:00:00, ,m, 149.179469435,  13.444465805,  149.548658428,  13.314381301,    89.029724968,      14.873090036,        109.393,      -44.529, 112.145, 118.1115,    *,  1.051487,  4.79771685759776,-41.1870238,    9.3928,
 2026-Dec-16 23:00:00, , , 149.177609673,  13.445412947,  149.546817387,  13.315330029,   102.314643266,      22.362855844,        104.553,      -42.415, 112.078, 112.8310,    *,  1.051702,  4.79673420383930,-40.4139074,    9.3891,
 2026-Dec-17 00:00:00, , , 149.175070363,  13.446618853,  149.544296428,  13.316539088,   116.567872349,      29.462349449,         97.412,      -39.368, 112.002, 105.0685,    *,  1.051913,  4.79577467042805,-39.2692900,    9.3852,
 2026-Dec-17 01:00:00, , , 149.171897350,  13.448064546,  149.541140621,  13.317989354,   132.326274371,      35.674851675,         88.124,      -35.453, 111.912,  94.9897,    *,  1.052116,  4.79484691275566,-37.7784094,    9.3813,
 2026-Dec-17 02:00:00, , , 149.168151286,  13.449725805,  149.537409955,  13.319656391,   149.955312055,      40.406614585,         76.889,      -30.755, 111.798,  82.8126,    *,  1.052311,  4.79395887437444,-35.9750462,    9.3772,
 2026-Dec-17 03:00:00, , , 149.163906200,  13.451573703,  149.533177952,  13.321511015,   169.295037846,      43.036290510,         63.951,      -25.376, 111.640,  68.8028,    *,  1.052496,  4.79311759073341,-33.9007034,    9.3731,
 2026-Dec-17 04:00:00, , , 149.159247708,  13.453575267,  149.528529904,  13.323519961,   189.385053318,      43.125294939,         49.596,      -19.434, 111.395,  53.2679,    *,  1.052669,  4.79232901562187,-31.6035471,    9.3689,
 2026-Dec-17 05:00:00, , , 149.154270899,  13.455694226,  149.523560782,  13.325646644,   208.815286611,      40.657323075,         34.138,      -13.060, 110.934,  36.5510,    *,  1.052829,  4.79159787569562,-29.1371403,    9.3646,
 2026-Dec-17 06:00:00,A, , 149.149077978,  13.457891831,  149.518372876,  13.327851998,   226.574581261,      36.048718885,         17.919,       -6.396, 109.643,  19.0265,    t,  1.052977,  4.79092755755170,-26.5590142,    9.3603,
 2026-Dec-17 07:00:00,N, , 149.143775716,  13.460127732,  149.513073238,  13.330095368,   242.453397290,      29.916670215,          1.299,        0.411,  72.435,   1.3627,    t,  1.053110,  4.79032003069665,-23.9291253,    9.3559,
 2026-Dec-17 08:00:00,C, , 149.138472807,  13.462360882,  149.507771013,  13.332335428,   256.794372635,      22.860563174,        -15.354,        7.211, 295.157,  16.9626,    t,  1.053230,  4.78977580846683,-21.3082548,    9.3515,
 2026-Dec-17 09:00:00,*, , 149.133277201,  13.464550454,  149.502574736,  13.334531111,   270.130531100,      15.383890299,        -31.670,       13.851, 293.624,  34.5666,    *,  1.053336,  4.78929394759137,-18.7564083,    9.3470,
 2026-Dec-17 10:00:00,*, , 149.128293499,  13.466656741,  149.497589680,  13.336642521,   282.991333468,       7.907615023,        -47.289,       20.186, 293.118,  51.4165,    *,  1.053429,  4.78887208569966,-16.3312719,    9.3426,
 2026-Dec-17 11:00:00,*, , 149.123620487,  13.468642024,  149.492915338,  13.338631803,   295.838280825,       0.809148481,        -61.864,       26.075, 292.857,  67.1334,    *,  1.053509,  4.78850651474765,-14.0867786,    9.3382,
 2026-Dec-17 12:00:00,*,m, 149.119348879,  13.470471386,  149.488643112,  13.340463963,   309.042847255,      -5.544136335,        -75.073,       31.388, 292.692,  81.3695,    *,  1.053578,  4.78819228714430,-12.0718299,    9.3338,
 2026-Dec-17 13:00:00,*,m, 149.115559316,  13.472113444,  149.484854263,  13.342107602,   322.856617937,     -10.779803313,        -86.627,       36.008, 292.574,  93.8115,    *,  1.053637,  4.78792335035894,-10.3292103,    9.3294,
 2026-Dec-17 14:00:00,*,m, 149.112320690,  13.473541010,  149.481618181,  13.343535569,   337.360167106,     -14.533633642,        -96.273,       39.835, 292.482, 104.1871,    *,  1.053688,  4.78769270503626, -8.8947207,    9.3250,
 2026-Dec-17 15:00:00,C,m, 149.109688795,  13.474731636,  149.478991008,  13.344725500,   352.415622869,     -16.497499912,       -103.801,       42.786, 292.405, 112.2710,    *,  1.053732,  4.78749258116274, -7.7965439,    9.3207,
 2026-Dec-17 16:00:00,N,m, 149.107705349,  13.475668065,  149.477014620,  13.345660261,     7.681921187,     -16.490146356,       -109.049,       44.797, 292.337, 117.8894,    *,  1.053771,  4.78731462662774, -7.0548463,    9.3165,
 2026-Dec-17 17:00:00, ,m, 149.106397368,  13.476338561,  149.475716001,  13.346328263,    22.732928672,     -14.512509476,       -111.907,       45.826, 292.274, 120.9233,    *,  1.053808,  4.78715010259042, -6.6816064,    9.3123,
 2026-Dec-17 18:00:00, ,m, 149.105776908,  13.476737119,  149.475106975,  13.346723664,    37.228941233,     -10.747398478,       -112.315,       45.852, 292.212, 121.3112,    *,  1.053843,  4.78699008036977, -6.6806552,    9.3082,
 2026-Dec-17 19:00:00, ,m, 149.105841125,  13.476863567,  149.475184285,  13.346846457,    51.033945495,      -5.503770405,       -110.270,       44.877, 292.149, 119.0494,    *,  1.053879,  4.78682563507705, -7.0479013,    9.3041,
 2026-Dec-17 20:00:00, ,m, 149.106572659,  13.476723543,  149.475930009,  13.346702432,    64.230025092,       0.854022617,       -105.821,       42.923, 292.082, 114.1922,    *,  1.053918,  4.78664803184947, -7.7717152,    9.3001,
 2026-Dec-17 21:00:00, ,m, 149.107940284,  13.476328360,  149.477312241,  13.346303037,    77.069628983,       7.953845272,        -99.068,       40.035, 292.008, 106.8497,    *,  1.053962,  4.78644890126657, -8.8334395,    9.2961,
 2026-Dec-17 22:00:00, ,m, 149.109899805,  13.475694765,  149.479286043,  13.345665124,    89.924554130,      15.428809706,        -90.163,       36.277, 291.921,  97.1854,    *,  1.054012,  4.78622040127390,-10.2079960,    9.2922,
 2026-Dec-17 23:00:00, ,m, 149.112395154,  13.474844592,  149.481794590,  13.344810604,   103.256266718,      22.902033412,        -79.301,       31.732, 291.811,  85.4125,    *,  1.054071,  4.78595536364932,-11.8645606,    9.2884,
 2026-Dec-18 00:00:00, ,m, 149.115359659,  13.473804318,  149.484770501,  13.343765993,   117.593914980,      29.953088279,        -66.720,       26.498, 291.663,  71.7883,    *,  1.054139,  4.78564742367966,-13.7672813,    9.2846,
 2026-Dec-18 01:00:00, , , 149.118717459,  13.472604534,  149.488137297,  13.342561891,   133.469865797,      36.079072745,        -52.694,       20.691, 291.440,  56.6098,    *,  1.054217,  4.78529113223519,-15.8760225,    9.2809,
 2026-Dec-18 02:00:00, , , 149.122385021,  13.471279326,  149.491810969,  13.341232366,   151.225659518,      40.681368883,        -37.526,       14.435, 291.041,  40.2067,    *,  1.054307,  4.78488204981418,-18.1471197,    9.2772,
 2026-Dec-18 03:00:00, , , 149.126272749,  13.469865597,  149.495701628,  13.339814279,   170.650533098,      43.143832395,        -21.546,        7.866, 290.057,  22.9368,    u,  1.054410,  4.78441682237564,-20.5341388,    9.2736,
 2026-Dec-18 04:00:00, , , 149.130286668,  13.468402315,  149.499715208,  13.338346548,   190.733053638,      43.051227361,         -5.097,        1.125, 282.451,   5.2197,    U,  1.054525,  4.78389323888905,-22.9886379,    9.2700,
 2026-Dec-18 05:00:00, , , 149.134330148,  13.466929725,  149.503755211,  13.336869361,   210.064422926,      40.420417678,         11.466,       -5.641, 116.197,  12.7784,    O,  1.054654,  4.78331027052770,-25.4609331,    9.2664,
 2026-Dec-18 06:00:00,A, , 149.138305686,  13.465488511,  149.507724472,  13.335423356,   227.685844029,      35.689651809,         27.785,      -12.288, 113.857,  30.3812,    *,  1.054795,  4.78266809134372,-27.9008729,    9.2629,
 2026-Dec-18 07:00:00,N, , 149.142116690,  13.464118943,  149.511526940,  13.334048775,   243.438023845,      29.479413506,         43.509,      -18.672, 113.225,  47.3464,    *,  1.054950,  4.78196808011764,-30.2586301,    9.2594,
 2026-Dec-18 08:00:00,C, , 149.145669296,  13.462860018,  149.515069454,  13.332784613,   257.686253880,      22.382573008,         58.297,      -24.654, 112.921,  63.2963,    *,  1.055116,  4.78121280298113,-32.4855047,    9.2559,
 2026-Dec-18 09:00:00,*, , 149.148874161,  13.461748608,  149.518263500,  13.331667770,   270.966977780,      14.895173923,         71.829,      -30.105, 112.737,  77.8833,    *,  1.055294,  4.78040597624597,-34.5347732,    9.2524,
 2026-Dec-18 10:00:00,*, , 149.151648241,  13.460818634,  149.521026935,  13.330732234,   283.805820078,       7.433230699,         83.809,      -34.905, 112.608,  90.7891,    *,  1.055483,  4.77955240874055,-36.3625302,    9.2489,
 2026-Dec-18 11:00:00,*, , 149.153916514,  13.460100290,  149.523285649,  13.330008304,   296.658644330,       0.371960724,         93.977,      -38.951, 112.509, 101.7310,    *,  1.055680,  4.77865792350916,-37.9285671,    9.2454,
 2026-Dec-18 12:00:00,*,m, 149.155613618,  13.459619331,  149.524975154,  13.329521871,   309.890217406,      -5.921596671,        102.107,      -42.152, 112.428, 110.4674,    *,  1.055886,  4.77772925824864,-39.1972511,    9.2418,
 2026-Dec-18 13:00:00,*,m, 149.156685378,  13.459396444,  149.526042044,  13.329293791,   323.743067719,     -11.074972843,        108.018,      -44.436, 112.357, 116.8037,    *,  1.056097,  4.77677394474643,-40.1383869,    9.2382,
 2026-Dec-18 14:00:00,*,m, 149.157090168,  13.459446724,  149.526445317,  13.329339346,   338.285352163,     -14.725604977,        111.577,      -45.753, 112.292, 120.5964,    *,  1.056312,  4.77580016795755,-40.7280411,    9.2346,
 2026-Dec-18 15:00:00,C,m, 149.156800081,  13.459779267,  149.526157498,  13.329667833,   353.365222178,     -16.570760439,        112.701,      -46.071, 112.230, 121.7568,    *,  1.056530,  4.77481660597966,-40.9492976,    9.2308,
 2026-Dec-18 16:00:00,N,m, 149.155801853,  13.460396898,  149.525165536,  13.330282272,     8.631743426,     -16.438796358,        111.359,      -45.380, 112.167, 120.2534,    *,  1.056748,  4.77383225297480,-40.7929123,    9.2271,
 2026-Dec-18 17:00:00, ,m, 149.154097495,  13.461296046,  149.523471423,  13.331179275,    23.658783711,     -14.342138698,        107.575,      -43.694, 112.101, 116.1128,    *,  1.056964,  4.77285622793530,-40.2578284,    9.2232,
 2026-Dec-18 18:00:00, ,m, 149.151704605,  13.462466768,  149.521092504,  13.332349054,    38.116420503,     -10.473130522,        101.427,      -41.047, 112.029, 109.4200,    *,  1.057176,  4.77189757304626,-39.3515193,    9.2192,
 2026-Dec-18 19:00:00, ,m, 149.148656316,  13.463892938,  149.518061444,  13.333775596,    51.882397285,      -5.146043560,         93.044,      -37.495, 111.945, 100.3169,    *,  1.057383,  4.77096504620254,-38.0901273,    9.2151,
 2026-Dec-18 20:00:00, ,m, 149.145000861,  13.465552586,  149.514425819,  13.335436994,    65.050998330,       1.273147085,         82.607,      -33.116, 111.842,  88.9994,    *,  1.057582,  4.77006691294097,-36.4983710,    9.2109,
 2026-Dec-18 21:00:00, ,m, 149.140800738,  13.467418390,  149.510247329,  13.337305933,    77.883621951,       8.412344435,         70.343,      -28.004, 111.705,  75.7136,    *,  1.057772,  4.76921074359477,-34.6092031,    9.2067,
 2026-Dec-18 22:00:00, ,m, 149.136131488,  13.469458310,  149.505600621,  13.339350315,    90.758780880,      15.904347707,         56.520,      -22.272, 111.505,  60.7503,    *,  1.057951,  4.76840322180244,-32.4632107,    9.2023,
 2026-Dec-18 23:00:00, ,m, 149.131080085,  13.471636343,  149.500571736,  13.341534017,   104.143669478,      23.370143602,         41.441,      -16.045, 111.164,  44.4393,    *,  1.058118,  4.76764997056610,-30.1077606,    9.1978,
 2026-Dec-19 00:00:00, ,m, 149.125742984,  13.473913384,  149.495256221,  13.343817750,   118.571407774,      30.384472009,         25.440,       -9.462, 110.400,  27.1429,    *,  1.058272,  4.76695540181495,-27.5959069,    9.1933,
 2026-Dec-19 01:00:00, ,m, 149.120223866,  13.476248161,  149.489756929,  13.346160009,   134.571073153,      36.437173167,          8.871,       -2.667, 106.732,   9.2635,    t,  1.058412,  4.76632259488418,-24.9850884,    9.1886,
 2026-Dec-19 02:00:00, , , 149.114631145,  13.478598233,  149.484181574,  13.348518071,   152.461744936,      40.923423011,         -7.899,        4.188, 297.933,   8.9403,    t,  1.058539,  4.76575320847993,-22.3356576,    9.1840,
 2026-Dec-19 03:00:00, , , 149.109075306,  13.480920999,  149.478640116,  13.350849023,   171.983389896,      43.230727581,        -24.498,       10.951, 294.087,  26.8339,    *,  1.058651,  4.76524742960840,-19.7092903,    9.1792,
 2026-Dec-19 04:00:00, , , 149.103666162,  13.483174709,  149.473242045,  13.353110788,   192.074810140,      42.965583282,        -40.558,       17.473, 293.308,  44.1609,    *,  1.058750,  4.76480396166163,-17.1673317,    9.1745,
 2026-Dec-19 05:00:00, , , 149.098510104,  13.485319441,  149.468093649,  13.355263112,   211.327813415,      40.176777202,        -55.723,       23.608, 292.963,  60.5169,    *,  1.058835,  4.76442005244310,-14.7691410,    9.1697,
 2026-Dec-19 06:00:00,A, , 149.093707443,  13.487318010,  149.463295358,  13.357268498,   228.832725998,      35.324476122,        -69.658,       29.222, 292.761,  75.5385,    *,  1.058908,  4.76409156146024,-12.5704929,    9.1650,
 2026-Dec-19 07:00:00,N, , 149.089349929,  13.489136798,  149.458939247,  13.359093044,   244.477645019,      29.033941673,        -82.057,       34.191, 292.624,  88.8942,    *,  1.058970,  4.76381306437758,-10.6220949,    9.1602,
 2026-Dec-19 08:00:00,C, , 149.085518502,  13.490746477,  149.455106761,  13.360707184,   258.649883363,      21.893607443,        -92.648,       38.407, 292.520, 100.2913,    *,  1.059022,  4.76357799118330, -8.9682745,    9.1556,
 2026-Dec-19 09:00:00,*, , 149.082281364,  13.492122612,  149.451866753,  13.362086304,   271.890002049,      14.393969634,       -101.200,       41.777, 292.436, 109.4814,    *,  1.059067,  4.76337879344579, -7.6458786,    9.1509,
 2026-Dec-19 10:00:00,*, , 149.079692421,  13.493246135,  149.449273866,  13.363211220,   284.720590484,       6.947584972,       -107.527,       44.229, 292.363, 116.2660,    *,  1.059105,  4.76320713512459, -6.6834175,    9.1463,
 2026-Dec-19 11:00:00,*, , 149.077790112,  13.494103687,  149.447367322,  13.364068523,   297.592132450,      -0.071449330,       -111.497,       45.711, 292.297, 120.5003,    *,  1.059139,  4.76305410084963, -6.1004707,    9.1419,
 2026-Dec-19 12:00:00,*,m, 149.076596679,  13.494687813,  149.446170126,  13.364650785,   310.862087205,      -6.295836555,       -113.025,       46.192, 292.234, 122.0965,    *,  1.059171,  4.76291041512533, -5.9073709,    9.1374,
 2026-Dec-19 13:00:00,*,m, 149.076117855,  13.494997037,  149.445688705,  13.364956617,   324.762351391,     -11.353190639,       -112.082,       45.663, 292.171, 121.0245,    *,  1.059203,  4.76276666590494, -6.1051543,    9.1331,
 2026-Dec-19 14:00:00,*,m, 149.076342986,  13.495035797,  149.445912981,  13.364990609,   339.346445848,     -14.883738593,       -108.695,       44.139, 292.105, 117.3127,    *,  1.059237,  4.76261352621996, -6.6857688,    9.1289,
 2026-Dec-19 15:00:00,C,m, 149.077245546,  13.494814269,  149.446816847,  13.364763135,   354.446780381,     -16.592399857,       -102.941,       41.654, 292.034, 111.0466,    *,  1.059275,  4.76244196793025, -7.6325156,    9.1247,
 2026-Dec-19 16:00:00,N,m, 149.078784025,  13.494348077,  149.448359026,  13.364290057,     9.702673053,     -16.320040728,        -94.949,       38.263, 291.952, 102.3667,    *,  1.059319,  4.76224346233636, -8.9206952,    9.1206,
 2026-Dec-19 17:00:00, ,m, 149.080903140,  13.493657911,  149.450484273,  13.363592323,    24.690379976,     -14.093103248,        -84.896,       34.041, 291.853,  91.4651,    *,  1.059371,  4.76201016316805,-10.5184216,    9.1166,
 2026-Dec-19 18:00:00, ,m, 149.083535325,  13.492769052,  149.453124859,  13.362695484,    39.093105937,     -10.114806963,        -73.003,       29.082, 291.723,  78.5808,    *,  1.059432,  4.76173506833317,-12.3875682,    9.1127,
 2026-Dec-19 19:00:00, ,m, 149.086602442,  13.491710830,  149.456202300,  13.361629134,    52.804985090,      -4.704841458,        -59.528,       23.492, 291.538,  63.9948,    *,  1.059504,  4.76141215772566,-14.4848075,    9.1088,
 2026-Dec-19 20:00:00, ,m, 149.090017665,  13.490516020,  149.459629271,  13.360426288,    65.933763270,       1.769852536,        -44.764,       17.393, 291.235,  48.0242,    *,  1.059588,  4.76103650529844,-16.7627067,    9.1050,
 2026-Dec-19 21:00:00, ,m, 149.093687480,  13.489220179,  149.463311640,  13.359122719,    78.749922011,       8.938141943,        -29.031,       10.918, 290.611,  31.0161,    u,  1.059684,  4.76060436445708,-19.1708456,    9.1012,
 2026-Dec-19 22:00:00, ,m, 149.097513754,  13.487860951,  149.467150590,  13.357756244,    91.638111589,      16.433444124,        -12.668,        4.205, 288.362,  13.3479,    U,  1.059793,  4.76011322658510,-21.6569293,    9.0974,
 2026-Dec-19 23:00:00, ,m, 149.101395825,  13.486477334,  149.471044757,  13.356365987,   105.070104055,      23.875510230,          3.971,       -2.600, 123.216,   4.7471,    O,  1.059916,  4.75956185314623,-24.1678692,    9.0937,
 2026-Dec-20 00:00:00, ,m, 149.105232576,  13.485108924,  149.474892359,  13.354991628,   119.581017026,      30.835252756,         20.530,       -9.352, 114.489,  22.5593,    *,  1.060052,  4.75895028230581,-26.6508178,    9.0899,
 2026-Dec-20 01:00:00, ,m, 149.108924451,  13.483795146,  149.478593269,  13.353672628,   135.693364406,      36.796736980,         36.649,      -15.903, 113.456,  39.9507,    *,  1.060201,  4.75827981137358,-29.0541424,    9.0862,
 2026-Dec-20 02:00:00, ,m, 149.112375398,  13.482574485,  149.482050993,  13.352447464,   153.699552480,      41.151452810,         51.981,      -22.112, 113.043,  56.4892,    *,  1.060363,  4.75755295659941,-31.3283318,    9.0825,
 2026-Dec-20 03:00:00, ,m, 149.115494697,  13.481483713,  149.485174542,  13.351352866,   173.288683279,      43.294148438,         66.193,      -27.846, 112.813,  71.8130,    *,  1.060537,  4.75677339197112,-33.4268339,    9.0787,
 2026-Dec-20 04:00:00, , , 149.118198669,  13.480557141,  149.487880160,  13.350423079,   193.356006377,      42.855758377,         78.978,      -32.979, 112.661,  85.5880,    *,  1.060722,  4.75594586869636,-35.3068223,    9.0750,
 2026-Dec-20 05:00:00, , , 149.120412234,  13.479825895,  149.490092898,  13.349689144,   212.504295330,      39.915992863,         90.054,      -37.398, 112.549,  97.5127,    *,  1.060916,  4.75507611702606,-36.9298956,    9.0711,
 2026-Dec-20 06:00:00,A, , 149.122070324,  13.479317235,  149.491748015,  13.349178235,   229.877072361,      34.952904361,         99.180,      -41.007, 112.459, 107.3249,    *,  1.061118,  4.75417073203119,-38.2627100,    9.0673,
 2026-Dec-20 07:00:00,N, , 149.123119111,  13.479053937,  149.492792194,  13.348913042,   245.406924644,      28.592663186,        106.151,      -43.725, 112.383, 114.8067,    *,  1.061326,  4.75323704490851,-39.2775474,    9.0634,
 2026-Dec-20 08:00:00,C, , 149.123517055,  13.479053734,  149.493184556,  13.348911232,   259.499091437,      21.416974224,        110.813,      -45.491, 112.315, 119.7899,    *,  1.061539,  4.75228298139280,-39.9528162,    9.0594,
 2026-Dec-20 09:00:00,*, , 149.123235756,  13.479328861,  149.492897468,  13.349184991,   272.695698565,      13.909699811,        113.057,      -46.265, 112.251, 122.1601,    *,  1.061755,  4.75131690892056,-40.2734827,    9.0554,
 2026-Dec-20 10:00:00,*, , 149.122260584,  13.479885689,  149.491917123,  13.349740673,   285.515258371,       6.479480644,        112.830,      -46.027, 112.188, 121.8594,    *,  1.061972,  4.75034747433282,-40.2314230,    9.0513,
 2026-Dec-20 11:00:00,*, , 149.120591079,  13.480724493,  149.490243886,  13.350578560,   298.402831137,      -0.500810309,        110.130,      -44.779, 112.123, 118.8879,    *,  1.062187,  4.74938343413194,-39.8256867,    9.0472,
 2026-Dec-20 12:00:00,*,m, 149.118241108,  13.481839335,  149.487892390,  13.351692753,   311.709229649,      -6.663393703,        105.010,      -42.548, 112.053, 113.3050,    *,  1.062400,  4.74843347960682,-39.0626570,    9.0430,
 2026-Dec-20 13:00:00,*,m, 149.115238750,  13.483218104,  149.484891372,  13.353071204,   325.656936198,     -11.635293886,         97.579,      -39.380, 111.974, 105.2276,    *,  1.062607,  4.74750605948587,-37.9560936,    9.0387,
 2026-Dec-20 14:00:00,*,m, 149.111625911,  13.484842695,  149.481283240,  13.354695887,   340.286353852,     -15.058252287,         87.995,      -35.343, 111.879,  94.8288,    *,  1.062808,  4.74660920317877,-36.5270389,    9.0343,
 2026-Dec-20 15:00:00,C,m, 149.107457655,  13.486689343,  149.477123363,  13.356543128,   355.415386111,     -16.642930375,         76.465,      -30.524, 111.759,  82.3339,    *,  1.063001,  4.74575034802855,-34.8035782,    9.0298,
 2026-Dec-20 16:00:00,N,m, 149.102801241,  13.488729103,  149.472479088,  13.358584076,    10.673743101,     -16.240452926,         63.242,      -25.030, 111.590,  68.0158,    *,  1.063183,  4.74493617429888,-32.8204364,    9.0253,
 2026-Dec-20 17:00:00, ,m, 149.097734874,  13.490928480,  149.467428481,  13.360785311,    25.638711044,     -13.889325708,         48.615,      -18.980, 111.324,  52.1894,    *,  1.063354,  4.74417245189423,-30.6184080,    9.0206,
 2026-Dec-20 18:00:00, ,m, 149.092346190,  13.493250175,  149.462058812,  13.363109595,    40.004368454,      -9.802616024,         32.908,      -12.508, 110.811,  35.2048,    *,  1.063513,  4.74346390286226,-28.2436181,    9.0159,
 2026-Dec-20 19:00:00, ,m, 149.086730475,  13.495653947,  149.456464798,  13.365516714,    53.679275409,      -4.305495570,         16.466,       -5.758, 109.274,  17.4439,    t,  1.063659,  4.74281408369434,-25.7466199,    9.0112,
 2026-Dec-20 20:00:00, ,m, 149.080988672,  13.498097569,  149.450746644,  13.367964428,    66.783733758,       2.233268553,         -0.345,        1.121, 342.907,   1.1727,    t,  1.063791,  4.74222529118935,-23.1813438,    9.0063,
 2026-Dec-20 21:00:00, ,m, 149.075225199,  13.500537835,  149.445007902,  13.370409474,    79.597510247,       9.442258111,        -17.152,        7.976, 294.941,  18.9158,    t,  1.063909,  4.74169849521811,-20.6039186,    9.0014,
 2026-Dec-20 22:00:00, ,m, 149.069545633,  13.502931601,  149.439353214,  13.372808604,    92.512423428,      16.954114483,        -33.583,       14.656, 293.578,  36.6415,    *,  1.064013,  4.74123330111974,-18.0713938,    8.9965,
 2026-Dec-20 23:00:00, ,m, 149.064054320,  13.505236836,  149.433885973,  13.375119636,   106.006425495,      24.385842240,        -49.274,       21.012, 293.096,  53.5663,    *,  1.064104,  4.74082794369830,-15.6403974,    8.9915,
 2026-Dec-21 00:00:00, ,m, 149.058851954,  13.507413630,  149.428705971,  13.377302465,   120.618517679,      31.302786639,        -63.877,       26.903, 292.842,  69.3107,    *,  1.064183,  4.74047931390090,-13.3657681,    8.9866,
 2026-Dec-21 01:00:00, ,m, 149.054033220,  13.509425155,  149.423907089,  13.379320032,   136.866030501,      37.181190883,        -77.071,       32.201, 292.678,  83.5265,    *,  1.064249,  4.74018301828740,-11.2992041,    8.9816,
 2026-Dec-21 02:00:00, ,m, 149.049684534,  13.511238529,  149.419575095,  13.381139199,   155.013814067,      41.406839277,        -88.566,       36.788, 292.560,  95.9011,    *,  1.064305,  4.73993347039551, -9.4879687,    8.9766,
 2026-Dec-21 03:00:00, ,m, 149.045881961,  13.512825577,  149.415785595,  13.382731522,   174.695612663,      43.380845815,        -98.111,       40.565, 292.467, 106.1640,    *,  1.064352,  4.73972401211021, -7.9736952,    8.9717,
 2026-Dec-21 04:00:00, ,m, 149.042689370,  13.514163458,  149.412602223,  13.384073892,   194.757658940,      42.759951370,       -105.498,       43.450, 292.388, 114.0927,    *,  1.064392,  4.73954706220800, -6.7913275,    8.9668,
 2026-Dec-21 05:00:00, ,m, 149.040156870,  13.515235155,  149.410075080,  13.385149036,   213.811869285,      39.657785575,       -110.569,       45.381, 292.319, 119.5169,    *,  1.064426,  4.73939428840705, -5.9682286,    8.9619,
 2026-Dec-21 06:00:00,A, , 149.038319575,  13.516029798,  149.408239507,  13.385945862,   231.056771103,      34.573221297,       -113.217,       46.317, 292.254, 122.3224,    *,  1.064457,  4.73925679854349, -5.5234842,    8.9572,
 2026-Dec-21 07:00:00,N, , 149.037196735,  13.516542848,  149.407115192,  13.386459650,   246.472203073,      28.135338394,       -113.389,       46.241, 292.190, 122.4525,    *,  1.064487,  4.73912534594005, -5.4674208,    8.9525,
 2026-Dec-21 08:00:00,C, , 149.036791254,  13.516776115,  149.406705658,  13.386692082,   260.483496088,      20.920185019,       -111.086,       45.155, 292.125, 119.9097,    *,  1.064517,  4.73899054364781, -5.8013507,    8.9479,
 2026-Dec-21 09:00:00,*, , 149.037089607,  13.516737630,  149.406998141,  13.386651126,   273.635495148,      13.405411910,       -106.361,       43.085, 292.056, 114.7541,    *,  1.064550,  4.73884308203609, -6.5175485,    8.9434,
 2026-Dec-21 10:00:00,*, , 149.038062152,  13.516441379,  149.407963845,  13.386350771,   286.442851875,       5.995743280,        -99.323,       40.079, 291.979, 107.1025,    *,  1.064588,  4.73867394417335, -7.5994575,    8.9390,
 2026-Dec-21 11:00:00,*, , 149.039663841,  13.515906907,  149.409558601,  13.385810636,   299.344628696,      -0.937529994,        -90.128,       36.201, 291.887,  97.1250,    *,  1.064633,  4.73847461358059, -9.0221160,    8.9347,
 2026-Dec-21 12:00:00,*,m, 149.041835289,  13.515158819,  149.411723876,  13.385055468,   312.683731645,      -7.026953418,        -78.978,       31.539, 291.772,  85.0412,    *,  1.064686,  4.73823726923090,-10.7527896,    8.9305,
 2026-Dec-21 13:00:00,*,m, 149.044504184,  13.514226179,  149.414388131,  13.384114533,   326.671513082,     -11.900399911,        -66.117,       26.193, 291.614,  71.1154,    *,  1.064750,  4.73795496309971,-12.7517874,    8.9264,
 2026-Dec-21 14:00:00,*,m, 149.047586997,  13.513141837,  149.417468478,  13.383020933,   341.333754625,     -15.203288120,        -51.824,       20.280, 291.374,  55.6505,    *,  1.064824,  4.73762177611936,-14.9734377,    8.9223,
 2026-Dec-21 15:00:00,C,m, 149.050990941,  13.511941694,  149.420872600,  13.381810862,   356.473685559,     -16.654622718,        -36.410,       13.928, 290.935,  38.9824,    p,  1.064912,  4.73723294903269,-17.3671961,    8.9184,
 2026-Dec-21 16:00:00,N,m, 149.054616130,  13.510663923,  149.424500890,  13.380522813,    11.713314432,     -16.118023481,        -20.206,        7.273, 289.797,  21.4752,    u,  1.065013,  4.73678498534621,-19.8788530,    8.9144,
 2026-Dec-21 17:00:00, ,m, 149.058357889,  13.509348171,  149.428248735,  13.379196758,    26.634177580,     -13.645052681,         -3.563,        0.460, 277.358,   3.5928,    U,  1.065127,  4.73627572435309,-22.4518090,    8.9106,
 2026-Dec-21 18:00:00, ,m, 149.062109144,  13.508034735,  149.432008920,  13.377873316,    40.943940788,      -9.458152355,         13.160,       -6.365, 115.809,  14.6188,    O,  1.065256,  4.73570438296661,-25.0283882,    8.9067,
 2026-Dec-21 19:00:00, ,m, 149.065762849,  13.506763757,  149.435674065,  13.376592926,    54.566654390,      -3.886567453,         29.604,      -13.054, 113.795,  32.3548,    *,  1.065398,  4.73507156586821,-27.5511535,    8.9028,
 2026-Dec-21 20:00:00, ,m, 149.069214389,  13.505574415,  149.439139051,  13.375395031,    67.634749495,       2.700763835,         45.413,      -19.464, 113.198,  49.4087,    *,  1.065554,  4.73437924426169,-29.9641953,    8.8990,
 2026-Dec-21 21:00:00, ,m, 149.072363893,  13.504504153,  149.442303388,  13.374317291,    80.436023858,       9.933652171,         60.245,      -25.455, 112.903,  65.4023,    *,  1.065722,  4.73363070419884,-32.2143661,    8.8951,
 2026-Dec-21 22:00:00, ,m, 149.075118426,  13.503587942,  149.445073440,  13.373394836,    93.367810568,      17.445277001,         73.778,      -30.897, 112.720,  79.9869,    *,  1.065902,  4.73283046612700,-34.2524328,    8.8912,
 2026-Dec-21 23:00:00, ,m, 149.077394001,  13.502857583,  149.447364497,  13.372659569,   106.912235422,      24.851147462,         85.716,      -35.671, 112.591,  92.8440,    *,  1.066093,  4.73198417789083,-36.0341250,    8.8872,
 2026-Dec-22 00:00:00, ,m, 149.079117363,  13.502341075,  149.449102616,  13.372139527,   121.609689108,      31.712482802,         95.799,      -39.673, 112.492, 103.6912,    *,  1.066293,  4.73109848394157,-37.5210589,    8.8831,
 2026-Dec-22 01:00:00, ,m, 149.080227536,  13.502062040,  149.450226212,  13.371858309,   137.969570836,      37.499653613,        103.804,      -42.813, 112.409, 112.2889,    *,  1.066499,  4.73018087395163,-38.6815201,    8.8790,
 2026-Dec-22 02:00:00, ,m, 149.080677067,  13.502039229,  149.450687354,  13.371834592,   156.228065300,      41.595292983,        109.551,      -45.023, 112.337, 118.4450,    *,  1.066712,  4.72923951439390,-39.4910926,    8.8748,
 2026-Dec-22 03:00:00, ,m, 149.080432982,  13.502286109,  149.450452751,  13.372081719,   175.968398985,      43.409008249,        112.911,      -46.251, 112.271, 122.0195,    *,  1.066928,  4.72828306692170,-39.9331234,    8.8706,
 2026-Dec-22 04:00:00, ,m, 149.079477408,  13.502810546,  149.449504401,  13.372607400,   195.999550928,      42.622443322,        113.804,      -46.468, 112.207, 122.9283,    *,  1.067145,  4.72732049757939,-39.9990174,    8.8662,
 2026-Dec-22 05:00:00, ,m, 149.077807871,  13.503614594,  149.447839901,  13.373413508,   214.951150563,      39.378185109,        112.205,      -45.667, 112.142, 121.1453,    *,  1.067361,  4.72636088098372,-39.6883591,    8.8618,
 2026-Dec-22 06:00:00,A,m, 149.075437262,  13.504694391,  149.445472401,  13.374495988,   232.074068152,      34.190267704,        108.144,      -43.864, 112.074, 116.7034,    *,  1.067576,  4.72541320365428,-39.0088613,    8.8572,
 2026-Dec-22 07:00:00,N,m, 149.072393473,  13.506040176,  149.442430229,  13.375844891,   247.387715193,      27.687624168,        101.703,      -41.095, 111.998, 109.6944,    *,  1.067785,  4.72448617063099,-37.9761442,    8.8526,
 2026-Dec-22 08:00:00,C, , 149.068718718,  13.507636431,  149.438756179,  13.377444520,   261.332112391,      20.440121418,         93.021,      -37.421, 111.911, 100.2672,    *,  1.067988,  4.72358801940928,-36.6133499,    8.8479,
 2026-Dec-22 09:00:00,*, , 149.064468562,  13.509462148,  149.434506492,  13.379273714,   274.452735103,      12.919892356,         82.283,      -32.919, 111.802,  88.6252,    *,  1.068183,  4.72272634504368,-34.9506030,    8.8432,
 2026-Dec-22 10:00:00,*, , 149.059710661,  13.511491220,  149.429749556,  13.381306242,   287.260224099,       5.528849167,         69.724,      -27.689, 111.657,  75.0222,    *,  1.068368,  4.72190794002052,-33.0243267,    8.8383,
 2026-Dec-22 11:00:00,*, , 149.054523269,  13.513692961,  149.424564351,  13.383511326,   300.188326061,      -1.362032231,         55.619,      -21.846, 111.442,  59.7564,    *,  1.068542,  4.72113865218027,-30.8764311,    8.8334,
 2026-Dec-22 12:00:00,*,m, 149.048993526,  13.516032733,  149.419038686,  13.385854275,   313.572962451,      -7.384202374,         40.279,      -15.517, 111.067,  43.1648,    *,  1.068704,  4.72042326357695,-28.5533909,    8.8285,
 2026-Dec-22 13:00:00,*,m, 149.043215567,  13.518472687,  149.413267260,  13.388297217,   327.615126743,     -12.164802530,         24.042,       -8.844, 110.195,  25.6167,    *,  1.068853,  4.71976539269806,-26.1052317,    8.8234,
 2026-Dec-22 14:00:00,*,m, 149.037288505,  13.520972583,  149.407349595,  13.390799920,   342.326237413,     -15.351297247,          7.267,       -1.973, 105.186,   7.5302,    t,  1.068988,  4.71916742193950,-23.5844511,    8.8184,
 2026-Dec-22 15:00:00,C,m, 149.031314316,  13.523490687,  149.401387888,  13.393320681,   357.494355218,     -16.669632250,         -9.672,        4.943, 297.071,  10.8623,    t,  1.069110,  4.71863045164550,-21.0448960,    8.8133,
 2026-Dec-22 16:00:00,N,m, 149.025395681,  13.525984717,  149.395484837,  13.395817263,    12.732649336,     -15.995113029,        -26.402,       11.751, 293.993,  28.8982,    *,  1.069218,  4.71815428140430,-18.5406247,    8.8082,
 2026-Dec-22 17:00:00, ,m, 149.019633822,  13.528412813,  149.389741468,  13.398247852,    27.625628545,     -13.392378573,        -42.549,       18.298, 293.272,  46.3168,    *,  1.069312,  4.71773741867024,-16.1247787,    8.8030,
 2026-Dec-22 18:00:00, ,m, 149.014126396,  13.530734501,  149.384255029,  13.400572019,    41.893743378,      -9.094043196,        -57.759,       24.442, 292.939,  62.7167,    *,  1.069394,  4.71737711421021,-13.8484846,    8.7979,
 2026-Dec-22 19:00:00, ,m, 149.008965459,  13.532911639,  149.379116989,  13.402751648,    55.476552701,      -3.434703872,        -71.694,       30.046, 292.741,  77.7338,    *,  1.069464,  4.71706942340415,-11.7598066,    8.7927,
 2026-Dec-22 20:00:00, ,m, 149.004235565,  13.534909305,  149.374411162,  13.404751823,    68.519408195,       3.215100178,        -84.048,       34.987, 292.604,  91.0372,    *,  1.069523,  4.71680929169975, -9.9027895,    8.7876,
 2026-Dec-22 21:00:00, ,m, 149.000012025,  13.536696615,  149.370212017,  13.406541633,    81.319465050,      10.485011486,        -94.550,       39.156, 292.500, 102.3355,    *,  1.069572,  4.71659066218957, -8.3165753,    8.7825,
 2026-Dec-22 22:00:00, ,m, 148.996359353,  13.538247432,  149.366583175,  13.408094888,    94.281235170,      18.007384134,       -102.973,       42.465, 292.415, 111.3829,    *,  1.069614,  4.71640660305108, -7.0346376,    8.7774,
 2026-Dec-22 23:00:00, ,m, 148.993329936,  13.539540977,  149.363576137,  13.409390721,   107.892851013,      25.394778436,       -109.134,       44.840, 292.341, 117.9842,    *,  1.069650,  4.71624945204527, -6.0841279,    8.7724,
 2026-Dec-23 00:00:00, ,m, 148.990962936,  13.540562300,  149.361229247,  13.410414061,   122.697605817,      32.202609713,       -112.902,       46.233, 292.273, 121.9989,    *,  1.069681,  4.71611097526820, -5.4853445,    8.7674,
 2026-Dec-23 01:00:00, ,m, 148.989283461,  13.541302606,  149.359566911,  13.411155975,   139.196689920,      37.893586959,       -114.200,       46.613, 292.208, 123.3440,    *,  1.069710,  4.71598253712933, -5.2513292,    8.7624,
 2026-Dec-23 02:00:00, ,m, 148.988302004,  13.541759449,  149.358599086,  13.411613856,   157.593041470,      41.846163749,       -113.003,       45.976, 292.144, 121.9950,    *,  1.069739,  4.71585527843945, -5.3875960,    8.7576,
 2026-Dec-23 03:00:00, ,m, 148.988014164,  13.541936756,  149.358321039,  13.411791471,   177.410312225,      43.479908155,       -109.342,       44.336, 292.076, 117.9864,    *,  1.069770,  4.71572029941899, -5.8919932,    8.7528,
 2026-Dec-23 04:00:00, ,m, 148.988400665,  13.541844726,  149.358713383,  13.411698858,   197.413585362,      42.505953155,       -103.301,       41.732, 292.002, 111.4100,    *,  1.069804,  4.71556884438639, -6.7547020,    8.7481,
 2026-Dec-23 05:00:00, ,m, 148.989427659,  13.541499562,  149.359742398,  13.411352083,   216.252451549,      39.100972063,        -95.016,       38.221, 291.916, 102.4130,    *,  1.069844,  4.71539248484651, -7.9583716,    8.7434,
 2026-Dec-23 06:00:00,A,m, 148.991047330,  13.540923088,  149.361360618,  13.410772862,   233.237048875,      33.796954395,        -84.669,       33.880, 291.812,  91.1941,    *,  1.069892,  4.71518329767138, -9.4783932,    8.7389,
 2026-Dec-23 07:00:00,N,m, 148.993198783,  13.540142235,  149.363507706,  13.409988055,   248.431543560,      27.223050588,        -72.486,       28.805, 291.675,  77.9990,    *,  1.069948,  4.71493403504831,-11.2833118,    8.7344,
 2026-Dec-23 08:00:00,C,m, 148.995809207,  13.539188413,  149.366111581,  13.409029058,   262.292797235,      19.942089519,        -58.735,       23.107, 291.477,  63.1155,    *,  1.070015,  4.71463828287512,-13.3353758,    8.7301,
 2026-Dec-23 09:00:00,*, , 148.998795311,  13.538096805,  149.369089804,  13.407931087,   275.367152555,      12.419434276,        -43.711,       16.908, 291.148,  46.8668,    *,  1.070094,  4.71429060431805,-15.5912224,    8.7258,
 2026-Dec-23 10:00:00,*, , 149.002064992,  13.536905568,  149.372351201,  13.406732398,   288.160565205,       5.052821918,        -27.741,       10.342, 290.447,  29.6064,    u,  1.070186,  4.71388666533155,-18.0026921,    8.7216,
 2026-Dec-23 11:00:00,*, , 149.005519234,  13.535654992,  149.375797692,  13.405473433,   301.100406971,      -1.788554975,        -11.170,        3.552, 287.641,  11.7210,    U,  1.070291,  4.71342333908584,-20.5177672,    8.7174,
 2026-Dec-23 12:00:00,*, , 149.009054181,  13.534386608,  149.379326317,  13.404195933,   314.514489253,      -7.736704548,          5.646,       -3.316, 120.427,   6.5482,    O,  1.070410,  4.71289878647434,-23.0816210,    8.7133,
 2026-Dec-23 13:00:00,*,m, 149.012563365,  13.533142287,  149.382831403,  13.402942021,   328.592663015,     -12.419894022,         22.344,      -10.115, 114.355,  24.5274,    *,  1.070543,  4.71231251019100,-25.6377628,    8.7092,
 2026-Dec-23 14:00:00,*,m, 149.015940041,  13.531963331,  149.386206851,  13.401753291,   343.332164805,     -15.489496226,         38.564,      -16.697, 113.410,  42.0240,    *,  1.070691,  4.71166538028684,-28.1292602,    8.7052,
 2026-Dec-23 15:00:00,C,m, 149.019079572,  13.530889589,  149.389348480,  13.400669901,   358.507528556,     -16.679733607,         53.955,      -22.920, 113.014,  58.6221,    *,  1.070851,  4.71095962963959,-30.5000128,    8.7011,
 2026-Dec-23 16:00:00,N,m, 149.021881815,  13.529958599,  149.392156395,  13.399729711,    13.725757620,     -15.877751733,         68.183,      -28.650, 112.789,  73.9587,    *,  1.071024,  4.71019881839735,-32.6960510,    8.6970,
 2026-Dec-23 17:00:00, ,m, 149.024253462,  13.529204789,  149.394537308,  13.398967461,    28.576534139,     -13.160035068,         80.939,      -33.760, 112.638,  87.6989,    *,  1.071208,  4.70938776717721,-34.6668272,    8.6929,
 2026-Dec-23 18:00:00, ,m, 149.026110249,  13.528658747,  149.396406758,  13.398414026,    42.793555067,      -8.767296124,         91.943,      -38.140, 112.526,  99.5420,    *,  1.071403,  4.70853245959775,-36.3664654,    8.6888,
 2026-Dec-23 19:00:00, ,m, 149.027379008,  13.528346565,  149.397691174,  13.398095748,    56.330716128,      -3.037389540,        100.954,      -41.693, 112.436, 109.2270,    *,  1.071606,  4.70763991557758,-37.7549327,    8.6845,
 2026-Dec-23 20:00:00, ,m, 149.027999478,  13.528289287,  149.398329721,  13.398033869,    69.344414564,       3.659174649,        107.771,      -44.339, 112.359, 116.5384,    *,  1.071816,  4.70671803771056,-38.7990972,    8.6802,
 2026-Dec-23 21:00:00, ,m, 149.027925828,  13.528502454,  149.398275865,  13.398244069,    82.139292677,      10.952999970,        112.241,      -46.019, 112.290, 121.3115,    *,  1.072031,  4.70577543390252,-39.4736349,    8.6758,
 2026-Dec-23 22:00:00, ,m, 149.027127850,  13.528995773,  149.397498618,  13.398736125,    95.125360547,      18.476431961,        114.260,      -46.694, 112.224, 123.4362,    *,  1.072248,  4.70482122028587,-39.7617541,    8.6713,
 2026-Dec-23 23:00:00, ,m, 149.025591778,  13.529772904,  149.395983406,  13.399513695,   108.795170759,      25.839818933,        113.779,      -46.347, 112.159, 122.8597,    *,  1.072466,  4.70386480917083,-39.6557097,    8.6667,
 2026-Dec-24 00:00:00, ,m, 149.023320695,  13.530831377,  149.393732540,  13.400574240,   123.693419738,      32.593637999,        110.803,      -44.983, 112.092, 119.5883,    *,  1.072683,  4.70291568743107,-39.1570785,    8.6620,
 2026-Dec-24 01:00:00, ,m, 149.020334525,  13.532162640,  149.390765252,  13.401909070,   140.312312671,      38.194042300,        105.390,      -42.630, 112.019, 113.6879,    *,  1.072895,  4.70198319120244,-38.2767886,    8.6572,
 2026-Dec-24 02:00:00, ,m, 149.016669585,  13.533752241,  149.387117303,  13.403503540,   158.823583999,      42.016356847,         97.655,      -39.337, 111.937, 105.2826,    *,  1.073102,  4.70107628300279,-37.0348885,    8.6522,
 2026-Dec-24 03:00:00, ,m, 149.012377724,  13.535580133,  149.382840146,  13.405337363,   178.698931461,      43.489813971,         87.764,      -35.176, 111.838,  94.5530,    *,  1.073302,  4.70020333753618,-35.4600589,    8.6472,
 2026-Dec-24 04:00:00, ,m, 149.007525052,  13.537621112,  149.377999691,  13.407385062,   198.669944625,      42.351631954,         75.932,      -30.237, 111.710,  81.7319,    *,  1.073491,  4.69937194221804,-33.5888813,    8.6421,
 2026-Dec-24 05:00:00, ,m, 149.002190314,  13.539845361,  149.372674683,  13.409616529,   217.409044159,      38.806962349,         62.416,      -24.628, 111.530,  67.1001,    *,  1.073670,  4.69858871808257,-31.4648824,    8.6368,
 2026-Dec-24 06:00:00,A,m, 148.996462934,  13.542219106,  149.366954743,  13.411997695,   234.278705741,      33.401752431,         47.515,      -18.472, 111.242,  50.9797,    *,  1.073837,  4.69785916611193,-29.1373853,    8.6316,
 2026-Dec-24 07:00:00,N,m, 148.990440809,  13.544705351,  149.360938143,  13.414491284,   249.379912044,      26.764723042,         31.557,      -11.905, 110.669,  33.7281,    *,  1.073991,  4.69718754319254,-26.6602052,    8.6262,
 2026-Dec-24 08:00:00,C,m, 148.984227907,  13.547264699,  149.354729372,  13.417057639,   263.182506909,      19.453103872,         14.895,       -5.074, 108.811,  15.7355,    t,  1.074130,  4.69657677089471,-24.0902360,    8.6208,
 2026-Dec-24 09:00:00,*,m, 148.977931737,  13.549856212,  149.348436571,  13.419655604,   276.233051382,      11.927539274,         -2.101,        1.871, 311.679,   2.8136,    t,  1.074256,  4.69602837913652,-21.4859752,    8.6154,
 2026-Dec-24 10:00:00,*, , 148.971660789,  13.552438318,  149.342168914,  13.422243432,   289.033470649,       4.583629099,        -19.055,        8.775, 294.728,  20.9786,    t,  1.074367,  4.69554248558717,-18.9060380,    8.6100,
 2026-Dec-24 11:00:00,*, , 148.965521983,  13.554969718,  149.336034013,  13.424779701,   302.005564963,      -2.209326003,        -35.590,       15.486, 293.516,  38.8132,    *,  1.074464,  4.69511781044950,-16.4077116,    8.6046,
 2026-Dec-24 12:00:00,*, , 148.959618234,  13.557410294,  149.330135423,  13.427224222,   315.469368025,      -8.082196396,        -51.341,       21.855, 293.061,  55.7981,    *,  1.074548,  4.69475172510135,-14.0455944,    8.5991,
 2026-Dec-24 13:00:00,*, , 148.954046168,  13.559721978,  149.324570311,  13.429538907,   329.603068304,     -12.663050382,        -65.958,       27.741, 292.813,  71.5532,    *,  1.074619,  4.69444033203138,-11.8703611,    8.5937,
 2026-Dec-24 14:00:00,*,m, 148.948894058,  13.561869581,  149.319427349,  13.431688592,   344.388301905,     -15.606552634,        -79.120,       33.014, 292.652,  85.7306,    *,  1.074679,  4.69417857263102, -9.9276855,    8.5884,
 2026-Dec-24 15:00:00,C,m, 148.944240017,  13.563821543,  149.314784876,  13.433641782,   359.584348939,     -16.655613680,        -90.539,       37.560, 292.534,  98.0191,    *,  1.074729,  4.69396035873930, -8.2573451,    8.5831,
 2026-Dec-24 16:00:00,N,m, 148.940150489,  13.565550606,  149.310709368,  13.435371315,    14.791081560,     -15.710623447,        -99.965,       41.278, 292.441, 108.1504,    *,  1.074771,  4.69377872340449, -6.8925186,    8.5778,
 2026-Dec-24 17:00:00, ,m, 148.936679042,  13.567034395,  149.307254220,  13.436854926,    29.603812583,     -12.861812114,       -107.195,       44.090, 292.362, 115.9052,    *,  1.074806,  4.69362598613210, -5.8592818,    8.5726,
 2026-Dec-24 18:00:00, ,m, 148.933865483,  13.568255877,  149.304458878,  13.438075703,    43.771045473,      -8.359774676,       -112.072,       45.934, 292.291, 121.1176,    *,  1.074836,  4.69349392791874, -5.1762952,    8.5674,
 2026-Dec-24 19:00:00, ,m, 148.931735289,  13.569203725,  149.302348287,  13.439022429,    57.262892491,      -2.546963405,       -114.496,       46.772, 292.225, 123.6778,    *,  1.074863,  4.69337397159699, -4.8546706,    8.5623,
 2026-Dec-24 20:00:00, ,m, 148.930299344,  13.569872538,  149.300932662,  13.439689805,    70.248476466,       4.205240775,       -114.417,       46.588, 292.159, 123.5351,    *,  1.074890,  4.69325736339741, -4.8979985,    8.5573,
 2026-Dec-24 21:00:00, ,m, 148.929553964,  13.570262958,  149.300207561,  13.440078551,    83.041296088,      11.527774428,       -111.841,       45.388, 292.093, 120.6974,    *,  1.074918,  4.69313535211968, -5.3025151,    8.5523,
 2026-Dec-24 22:00:00, ,m, 148.929481190,  13.570381649,  149.300154231,  13.440195378,    96.057977847,      19.052428610,       -106.830,       43.199, 292.021, 115.2314,    *,  1.074949,  4.69299936284525, -6.0573852,    8.5474,
 2026-Dec-24 23:00:00, ,m, 148.930049325,  13.570241160,  149.300740193,  13.440052854,   109.796275720,      26.386733369,        -99.496,       40.071, 291.941, 107.2604,    *,  1.074985,  4.69284116266778, -7.1450795,    8.5426,
 2026-Dec-25 00:00:00, ,m, 148.931213694,  13.569859662,  149.301920065,  13.439669143,   124.802101550,      33.075559179,        -90.003,       36.074, 291.845,  96.9611,    *,  1.075028,  4.69265301642098, -8.5418264,    8.5378,
 2026-Dec-25 01:00:00, ,m, 148.932917594,  13.569260579,  149.303636562,  13.439067630,   141.555953834,      38.568161531,        -78.558,       31.294, 291.723,  84.5600,    *,  1.075080,  4.69242783080717,-10.2181239,    8.5331,
 2026-Dec-25 02:00:00, ,m, 148.935093435,  13.568472103,  149.305821674,  13.438276452,   160.191547043,      42.237837622,        -65.411,       25.837, 291.556,  70.3276,    *,  1.075142,  4.69215928564972,-12.1392978,    8.5285,
 2026-Dec-25 03:00:00, ,m, 148.937664029,  13.567526615,  149.308397994,  13.437327923,   180.120494833,      43.527280569,        -50.848,       19.820, 291.297,  54.5736,    *,  1.075214,  4.69184195120699,-14.2661028,    8.5239,
 2026-Dec-25 04:00:00, ,m, 148.940544030,  13.566460017,  149.311280177,  13.436257876,   200.039853817,      42.205209843,        -35.184,       13.374, 290.813,  37.6402,    u,  1.075299,  4.69147139057545,-16.5553632,    8.5194,
 2026-Dec-25 05:00:00, ,m, 148.943641501,  13.565310980,  149.314376510,  13.435104925,   218.652530572,      38.508661386,        -18.759,        6.637, 289.486,  19.8981,    U,  1.075397,  4.69104424620489,-18.9606542,    8.5149,
 2026-Dec-25 06:00:00,A,m, 148.946859604,  13.564120141,  149.317590590,  13.433909666,   235.380924229,      32.997422237,         -1.924,       -0.244, 262.785,   1.9397,    U,  1.075509,  4.69055830948156,-21.4330304,    8.5105,
 2026-Dec-25 07:00:00,N,m, 148.950098387,  13.562929237,  149.320823094,  13.432713826,   250.365707642,      26.297778720,         14.955,       -7.121, 115.462,  16.5638,    O,  1.075634,  4.69001257220798,-23.9218040,    8.5061,
 2026-Dec-25 08:00:00,C,m, 148.953256670,  13.561780215,  149.323973620,  13.431559374,   264.089534652,      18.959093294,         31.515,      -13.847, 113.717,  34.4232,    *,  1.075773,  4.68940725868972,-26.3753792,    8.5018,
 2026-Dec-25 09:00:00,*,m, 148.956233991,  13.560714318,  149.326942593,  13.430487624,   277.098065153,      11.435295546,         47.399,      -20.275, 113.157,  51.5536,    *,  1.075925,  4.68874383705510,-28.7421437,    8.4974,
 2026-Dec-25 10:00:00,*, , 148.958932613,  13.559771186,  149.329633211,  13.429538324,   289.888057852,       4.118125847,         62.262,      -26.266, 112.871,  67.5765,    *,  1.076090,  4.68802500842216,-30.9714176,    8.4931,
 2026-Dec-25 11:00:00,*, , 148.961259539,  13.558987964,  149.331953406,  13.428748771,   302.874929998,      -2.624547823,         75.781,      -31.691, 112.691,  82.1421,    *,  1.076267,  4.68725467262658,-33.0144497,    8.4887,
 2026-Dec-25 12:00:00,*, , 148.963128520,  13.558398465,  149.333817788,  13.428152968,   316.370689186,      -8.423831876,         87.662,      -36.430, 112.563,  94.9321,    *,  1.076454,  4.68643786945623,-34.8254524,    8.4843,
 2026-Dec-25 13:00:00,*, , 148.964462002,  13.558032387,  149.335149548,  13.427780833,   330.542471998,     -12.908653073,         97.643,      -40.380, 112.464, 105.6653,    *,  1.076651,  4.68558069472424,-36.3626525,    8.4799,
 2026-Dec-25 14:00:00,*, , 148.965192979,  13.557914614,  149.335882252,  13.427657490,   345.357980634,     -15.737356068,        105.504,      -43.452, 112.381, 114.1041,    *,  1.076856,  4.68469019105270,-37.5893353,    8.4754,
 2026-Dec-25 15:00:00,C, , 148.965266685,  13.558064618,  149.335961508,  13.427802659,     0.563592081,     -16.660828555,        111.069,      -45.579, 112.307, 120.0596,    *,  1.077066,  4.68377421392854,-38.4748476,    8.4708,
 2026-Dec-25 16:00:00,N,m, 148.964642093,  13.558495979,  149.335346432,  13.428230159,    15.753862375,     -15.590778552,        114.210,      -46.711, 112.240, 123.3960,    *,  1.077281,  4.68284127440709,-38.9955269,    8.4662,
 2026-Dec-25 17:00:00,A,m, 148.963293139,  13.559216031,  149.334010873,  13.428947545,    30.529735085,     -12.628580534,        114.855,      -46.821, 112.174, 124.0343,    *,  1.077497,  4.68190036074568,-39.1355155,    8.4615,
 2026-Dec-25 18:00:00, ,m, 148.961209654,  13.560225660,  149.331944345,  13.429955890,    44.652674978,      -8.032359053,        112.982,      -45.904, 112.107, 121.9542,    *,  1.077714,  4.68096074220021,-38.8874202,    8.4566,
 2026-Dec-25 19:00:00, ,m, 148.958397924,  13.561519252,  149.329152613,  13.431249715,    58.106489708,      -2.147672808,        108.627,      -43.979, 112.037, 117.1950,    *,  1.077928,  4.68003175915917,-38.2527815,    8.4517,
 2026-Dec-25 20:00:00, ,m, 148.954880866,  13.563084790,  149.325657903,  13.432817087,    71.070941176,       4.653834530,        101.881,      -41.085, 111.959, 109.8558,    *,  1.078137,  4.67912260465859,-37.2423159,    8.4466,
 2026-Dec-25 21:00:00, ,m, 148.950697778,  13.564904121,  149.321498693,  13.434639868,    83.867103411,      12.003458957,         92.887,      -37.285, 111.867, 100.0929,    *,  1.078340,  4.67824210305860,-35.8759056,    8.4414,
 2026-Dec-25 22:00:00, ,m, 148.945903648,  13.566953367,  149.316729085,  13.436694127,    96.917618081,      19.532181922,         81.840,      -32.661, 111.753,  88.1175,    *,  1.078534,  4.67739849220575,-34.1823188,    8.4361,
 2026-Dec-25 23:00:00, ,m, 148.940568037,  13.569203479,  149.311417735,  13.438950695,   110.725323068,      26.844351620,         68.979,      -27.313, 111.599,  74.1909,    *,  1.078719,  4.67659921570575,-32.1986511,    8.4307,
 2026-Dec-26 00:00:00, ,m, 148.934773534,  13.571620923,  149.305646376,  13.441375852,   125.837685384,      33.478805171,         54.588,      -21.359, 111.367,  58.6191,    *,  1.078891,  4.67585073194778,-29.9694959,    8.4252,
 2026-Dec-26 01:00:00, ,m, 148.928613838,  13.574168478,  149.299507945,  13.443932133,   142.724562965,      38.877342676,         38.984,      -14.932, 110.956,  41.7462,    *,  1.079051,  4.67515834623195,-27.5458606,    8.4197,
 2026-Dec-26 02:00:00, ,m, 148.922191500,  13.576806114,  149.293104378,  13.446579221,   161.484114458,      42.410326913,         22.512,       -8.172, 109.950,  23.9490,    *,  1.079197,  4.67452607174802,-24.9838615,    8.4140,
 2026-Dec-26 03:00:00, ,m, 148.915615395,  13.579491948,  149.286544119,  13.449274907,   181.472196343,      43.532206773,          5.536,       -1.229, 102.520,   5.6705,    t,  1.079329,  4.67395652424489,-22.3432398,    8.4083,
 2026-Dec-26 04:00:00, ,m, 148.908998012,  13.582183222,  149.279939429,  13.451976098,   201.355029703,      42.040450234,        -11.567,        5.741, 296.397,  12.9134,    t,  1.079445,  4.67345085404608,-19.6857524,    8.4026,
 2026-Dec-26 05:00:00, ,m, 148.902452624,  13.584837308,  149.273403571,  13.454639822,   219.864347145,      38.201400157,        -28.417,       12.585, 293.888,  31.0792,    *,  1.079548,  4.67300871773717,-17.0734952,    8.3968,
 2026-Dec-26 06:00:00,A,m, 148.896090457,  13.587412677,  149.267047970,  13.457224230,   236.476873162,      32.588164130,        -44.641,       19.151, 293.221,  48.5755,    *,  1.079636,  4.67262829040583,-14.5672207,    8.3910,
 2026-Dec-26 07:00:00,N,m, 148.890017920,  13.589869838,  149.260979427,  13.459689538,   251.368995135,      25.826112864,        -59.881,       25.294, 292.902,  65.0029,    *,  1.079710,  4.67230631778358,-12.2247137,    8.3853,
 2026-Dec-26 08:00:00,C,m, 148.884334007,  13.592172208,  149.255297485,  13.461998915,   265.035270558,      18.458989905,        -73.799,       30.878, 292.708,  79.9971,    *,  1.079772,  4.67203820618565,-10.0992823,    8.3796,
 2026-Dec-26 09:00:00,*,m, 148.879127931,  13.594286888,  149.250092018,  13.464119274,   278.021077713,      10.936128635,        -86.090,       35.781, 292.572,  93.2282,    *,  1.079823,  4.67181814681887, -8.2384175,    8.3739,
 2026-Dec-26 10:00:00,*,m, 148.874477057,  13.596185345,  149.245441125,  13.466021953,   290.818773071,       3.647168372,        -96.486,       39.896, 292.469, 104.4069,    *,  1.079864,  4.67163926984910, -6.6826635,    8.3683,
 2026-Dec-26 11:00:00,*, , 148.870445204,  13.597843979,  149.241409362,  13.467683293,   303.837591567,      -3.040093660,       -104.760,       43.134, 292.383, 113.2902,    *,  1.079898,  4.67149382276407, -5.4647304,    8.3628,
 2026-Dec-26 12:00:00,*, , 148.867081335,  13.599244558,  149.238046386,  13.469085070,   317.380776162,      -8.756158702,       -110.735,       45.425, 292.308, 119.6871,    *,  1.079926,  4.67137336698441, -4.6088645,    8.3574,
 2026-Dec-26 13:00:00,*, , 148.864418654,  13.600374539,  149.235386005,  13.470214815,   331.602641442,     -13.130786938,       -114.284,       46.720, 292.240, 123.4619,    *,  1.079950,  4.67126898638780, -4.1304856,    8.3520,
 2026-Dec-26 14:00:00,*, , 148.862474139,  13.601227260,  149.233445658,  13.471065989,   346.454677223,     -15.827132618,       -115.333,       46.994, 292.174, 124.5370,    *,  1.079972,  4.67117150141606, -4.0360827,    8.3468,
 2026-Dec-26 15:00:00,C, , 148.861248475,  13.601801997,  149.232226324,  13.471638045,     1.668885574,     -16.606354681,       -113.865,       46.243, 292.107, 122.8939,    *,  1.079995,  4.67107168270792, -4.3233528,    8.3416,
 2026-Dec-26 16:00:00,N, , 148.860726377,  13.602103920,  149.231712818,  13.471936357,    16.835123421,     -15.394299974,       -109.916,       44.483, 292.038, 118.5736,    *,  1.080021,  4.67096045869852, -4.9815587,    8.3365,
 2026-Dec-26 17:00:00,A, , 148.860877273,  13.602143922,  149.231874472,  13.471972045,    31.562554004,     -12.305834714,       -103.576,       41.757, 291.961, 111.6746,    *,  1.080051,  4.67082911230188, -5.9920734,    8.3315,
 2026-Dec-26 18:00:00, ,m, 148.861656300,  13.601938352,  149.232666137,  13.471761691,    45.628702554,      -7.607871148,        -94.988,       38.124, 291.872, 102.3507,    *,  1.080088,  4.67066946258799, -7.3290775,    8.3266,
 2026-Dec-26 19:00:00, ,m, 148.863005562,  13.601508654,  149.234029465,  13.471326959,    59.033373130,      -1.649320660,        -84.339,       33.664, 291.763,  90.8076,    *,  1.080133,  4.67047402822519, -8.9603727,    8.3218,
 2026-Dec-26 20:00:00, ,m, 148.864855625,  13.600880908,  149.235894432,  13.470694138,    71.968140721,       5.198247258,        -71.863,       28.475, 291.618,  77.2976,    *,  1.080188,  4.67023617032667,-10.8482759,    8.3170,
 2026-Dec-26 21:00:00, ,m, 148.867127166,  13.600085312,  149.238181042,  13.469893595,    84.761972688,      12.567027968,        -57.831,       22.669, 291.407,  62.1150,    *,  1.080255,  4.66995021316564,-12.9505614,    8.3123,
 2026-Dec-26 22:00:00, ,m, 148.869732761,  13.599155576,  149.240801156,  13.468959180,    97.843258320,      20.087740441,        -42.548,       16.373, 291.049,  45.5894,    *,  1.080333,  4.66961154196358,-15.2214219,    8.3076,
 2026-Dec-26 23:00:00, ,m, 148.872578757,  13.598128267,  149.243660420,  13.467927558,   111.719000324,      27.362088866,        -26.344,        9.722, 290.257,  28.0803,    u,  1.080424,  4.66921667757592,-17.6124259,    8.3029,
 2026-Dec-27 00:00:00, ,m, 148.875567185,  13.597042098,  149.246660237,  13.466837498,   126.936092195,      33.923601445,         -9.568,        2.859, 286.640,   9.9859,    U,  1.080529,  4.66876332837785,-20.0734545,    8.2983,
 2026-Dec-27 01:00:00, ,m, 148.878597701,  13.595937178,  149.249699747,  13.465729126,   143.949606195,      39.208066820,          7.418,       -4.066, 118.727,   8.4598,    O,  1.080648,  4.66825041998064,-22.5536067,    8.2937,
 2026-Dec-27 02:00:00, ,m, 148.881569504,  13.594854219,  149.252677797,  13.464643141,   162.816745003,      42.585851217,         24.248,      -10.906, 114.215,  26.5881,    *,  1.080780,  4.66767810359489,-25.0020694,    8.2891,
 2026-Dec-27 03:00:00, ,m, 148.884383234,  13.593833729,  149.255494860,  13.463620012,   182.836176214,      43.527388806,         40.559,      -17.511, 113.351,  44.1779,    *,  1.080926,  4.66704774392012,-27.3689490,    8.2845,
 2026-Dec-27 04:00:00, ,m, 148.886942814,  13.592915188,  149.258054903,  13.462699163,   202.650576026,      41.861717286,         55.996,      -23.740, 112.973,  60.8217,    *,  1.081085,  4.66636188741318,-29.6060707,    8.2799,
 2026-Dec-27 05:00:00, ,m, 148.889157231,  13.592136226,  149.260267160,  13.461918167,   221.029832282,      37.883394961,         70.226,      -29.457, 112.754,  76.1555,    *,  1.081256,  4.66562421170683,-31.6677457,    8.2752,
 2026-Dec-27 06:00:00,A,m, 148.890942227,  13.591531818,  149.262047824,  13.461311941,   237.507718724,      32.175338666,         82.939,      -34.538, 112.605,  89.8442,    *,  1.081438,  4.66483945684377,-33.5115145,    8.2705,
 2026-Dec-27 07:00:00,N,m, 148.892221907,  13.591133506,  149.263321619,  13.460911989,   252.294098929,      25.358763590,         93.855,      -38.870, 112.493, 101.5877,    *,  1.081630,  4.66401333887311,-35.0988679,    8.2658,
 2026-Dec-27 08:00:00,C,m, 148.892930221,  13.590968675,  149.264023251,  13.460745679,   265.892628431,      17.969656343,        102.735,      -42.358, 112.403, 111.1266,    *,  1.081829,  4.66315244639556,-36.3959401,    8.2610,
 2026-Dec-27 09:00:00,*,m, 148.893012320,  13.591059891,  149.264098710,  13.460835587,   278.846600568,      10.451427359,        109.380,      -44.924, 112.325, 118.2486,    *,  1.082036,  4.66226412067990,-37.3741787,    8.2562,
 2026-Dec-27 10:00:00,*,m, 148.892425749,  13.591424332,  149.263506416,  13.461198931,   291.643162873,       3.190754174,        113.640,      -46.511, 112.254, 122.7926,    *,  1.082246,  4.66135632009199,-38.0109739,    8.2513,
 2026-Dec-27 11:00:00,*, , 148.891141462,  13.592073311,  149.262218167,  13.461847096,   304.685362008,      -3.445169009,        115.417,      -47.081, 112.187, 124.6535,    *,  1.082460,  4.66043746996007,-38.2902349,    8.2463,
 2026-Dec-27 12:00:00,*, , 148.889144614,  13.593011931,  149.260219886,  13.462785284,   318.268414937,      -9.086390455,        114.666,      -46.620, 112.121, 123.7840,    *,  1.082674,  4.65951629937325,-38.2028944,    8.2412,
 2026-Dec-27 13:00:00,*, , 148.886435122,  13.594238874,  149.257512118,  13.464012297,   332.535268230,     -13.363082262,        111.398,      -45.135, 112.052, 120.1971,    *,  1.082886,  4.65860166693195,-37.7473174,    8.2361,
 2026-Dec-27 14:00:00,*, , 148.883027943,  13.595746336,  149.254110275,  13.465520462,   347.423073712,     -15.941976301,        105.679,      -42.656, 111.977, 113.9656,    *,  1.083095,  4.65770237806811,-36.9295885,    8.2308,
 2026-Dec-27 15:00:00,C, , 148.878953053,  13.597520120,  149.250044574,  13.467295718,     2.650936568,     -16.592408411,         97.630,      -39.237, 111.891, 105.2213,    *,  1.083299,  4.65682699718156,-35.7636510,    8.2255,
 2026-Dec-27 16:00:00,N, , 148.874255108,  13.599539898,  149.245359685,  13.469317860,    17.804039111,     -15.251810265,         87.423,      -34.951, 111.788,  94.1524,    *,  1.083495,  4.65598365844980,-34.2712753,    8.2200,
 2026-Dec-27 17:00:00,A, , 148.868992753,  13.601779621,  149.240114034,  13.471560945,    32.498011443,     -12.046331659,         75.281,      -29.891, 111.653,  80.9997,    *,  1.083682,  4.65517987970971,-32.4818343,    8.2145,
 2026-Dec-27 18:00:00, , , 148.863237600,  13.604208096,  149.234378791,  13.473993852,    46.523839053,      -7.250488189,         61.470,      -24.169, 111.461,  66.0516,    *,  1.083859,  4.65442238422821,-30.4318721,    8.2089,
 2026-Dec-27 19:00:00, , , 148.857072848,  13.606789697,  149.228236519,  13.476580982,    59.895200380,      -1.216482364,         46.293,      -17.910, 111.148,  49.6376,    *,  1.084023,  4.65371693542366,-28.1644612,    8.2032,
 2026-Dec-27 20:00:00, ,m, 148.850591591,  13.609485202,  149.221779519,  13.479283094,    72.814502120,       5.683481054,         30.087,      -11.253, 110.505,  32.1222,    *,  1.084174,  4.65306818963425,-25.7283494,    8.1974,
 2026-Dec-27 21:00:00, ,m, 148.843894823,  13.612252732,  149.215107881,  13.482058233,    85.618704903,      13.081413297,         13.208,       -4.345, 108.209,  13.9045,    t,  1.084311,  4.65247957182551,-23.1769117,    8.1915,
 2026-Dec-27 22:00:00, ,m, 148.837089189,  13.615048762,  149.208327299,  13.484862744,    98.742836039,      20.606523402,         -3.967,        2.660, 303.841,   4.7765,    t,  1.084434,  4.65195317868060,-20.5669293,    8.1856,
 2026-Dec-27 23:00:00, ,m, 148.830284544,  13.617829179,  149.201546681,  13.487652331,   112.699507222,      27.856468609,        -21.059,        9.607, 294.523,  23.1465,    *,  1.084542,  4.65148971283173,-17.9572303,    8.1796,
 2026-Dec-28 00:00:00, ,m, 148.823591368,  13.620550354,  149.194875630,  13.490383133,   128.036727747,      34.357804690,        -37.687,       16.342, 293.443,  41.0774,    *,  1.084635,  4.65108845109684,-15.4072313,    8.1736,
 2026-Dec-28 01:00:00, ,m, 148.817118124,  13.623170192,  149.188421851,  13.493012781,   145.195892786,      39.538364224,        -53.485,       22.715, 293.013,  58.1078,    *,  1.084715,  4.65074724852406,-12.9754276,    8.1676,
 2026-Dec-28 02:00:00, ,m, 148.810968630,  13.625649130,  149.182288572,  13.495501419,   164.192401503,      42.766711012,        -68.102,       28.587, 292.774,  73.8575,    *,  1.084781,  4.65046257887135,-10.7178832,    8.1616,
 2026-Dec-28 03:00:00, ,m, 148.805239514,  13.627951068,  149.176572032,  13.497812634,   184.264811691,      43.528511409,        -81.217,       33.828, 292.615,  87.9789,    *,  1.084836,  4.65022961092064, -8.6867697,    8.1557,
 2026-Dec-28 04:00:00, ,m, 148.800017841,  13.630044184,  149.171359134,  13.499914299,   204.029556291,      41.685145705,        -92.543,       38.323, 292.498, 100.1624,    *,  1.084879,  4.65004231880998, -6.9290061,    8.1497,
 2026-Dec-28 05:00:00, ,m, 148.795378977,  13.631901635,  149.166725311,  13.501779281,   222.293530437,      37.561183480,       -101.833,       41.974, 292.405, 110.1423,    *,  1.084914,  4.64989362342293, -5.4850428,    8.1439,
 2026-Dec-28 06:00:00,A,m, 148.791384752,  13.633502115,  149.162732679,  13.503386020,   238.647650362,      31.751483628,       -108.886,       44.704, 292.325, 117.7031,    *,  1.084942,  4.64977556085702, -4.3878309,    8.1381,
 2026-Dec-28 07:00:00,N,m, 148.788081966,  13.634830269,  149.159428529,  13.504718953,   253.336305986,      24.875029852,       -113.552,       46.453, 292.253, 122.6831,    *,  1.084964,  4.64967947314590, -3.6620056,    8.1324,
 2026-Dec-28 08:00:00,C,m, 148.785501302,  13.635876952,  149.156844192,  13.505768788,   266.873548947,      17.461462511,       -115.732,       47.186, 292.186, 124.9783,    *,  1.084984,  4.64959621576425, -3.3233085,    8.1268,
 2026-Dec-28 09:00:00,*,m, 148.783656641,  13.636639334,  149.154994316,  13.506532612,   279.801447278,       9.949164017,       -115.384,       46.888, 292.119, 124.5436,    *,  1.085002,  4.64951637602378, -3.3782605,    8.1213,
 2026-Dec-28 10:00:00,*,m, 148.782544817,  13.637120865,  149.153876564,  13.507013867,   292.602072973,       2.722312449,       -112.520,       45.567, 292.051, 121.3936,    *,  1.085022,  4.64943049628413, -3.8240876,    8.1159,
 2026-Dec-28 11:00:00,*, , 148.782145794,  13.637331095,  149.153471739,  13.507222164,   305.671595127,      -3.852487079,       -107.207,       43.256, 291.977, 115.6019,    *,  1.085046,  4.64932929592080, -4.6488965,    8.1106,
 2026-Dec-28 12:00:00,*, , 148.782423267,  13.637285372,  149.153744321,  13.507172984,   319.295688501,      -9.405430010,        -99.565,       40.004, 291.894, 107.2985,    *,  1.085075,  4.64920388622880, -5.8320842,    8.1055,
 2026-Dec-28 13:00:00,*, , 148.783325642,  13.637004427,  149.154643401,  13.506887250,   333.603894629,     -13.568558727,        -89.762,       35.885, 291.794,  96.6675,    *,  1.085112,  4.64904597286828, -7.3449598,    8.1004,
 2026-Dec-28 14:00:00,*, , 148.784787373,  13.636513858,  149.156103973,  13.506390808,   348.517410312,     -16.014575512,        -78.014,       30.988, 291.667,  83.9420,    *,  1.085158,  4.64884804105815, -9.1515547,    8.0954,
 2026-Dec-28 15:00:00,C, , 148.786730611,  13.635843542,  149.158048546,  13.505713817,     3.742588829,     -16.523876870,        -64.577,       25.420, 291.489,  69.3997,    *,  1.085215,  4.64860351934675,-11.2095885,    8.0905,
 2026-Dec-28 16:00:00,N, , 148.789067101,  13.635026970,  149.160389028,  13.504890075,    18.862356099,     -15.047875101,        -49.743,       19.302, 291.210,  53.3565,    *,  1.085284,  4.64830691861856,-13.4715581,    8.0857,
 2026-Dec-28 17:00:00,A, , 148.791700293,  13.634100535,  149.163028821,  13.503956293,    33.502281137,     -11.725052390,        -33.832,       12.767, 290.675,  36.1607,    u,  1.085367,  4.64795394379375,-15.8859144,    8.0809,
 2026-Dec-28 18:00:00, , , 148.794527586,  13.633102782,  149.165865084,  13.502951324,    47.469476697,      -6.837164351,        -17.188,        5.954, 289.106,  18.1902,    U,  1.085463,  4.64754157649759,-18.3982944,    8.0761,
 2026-Dec-28 19:00:00, , , 148.797442674,  13.632073637,  149.168791093,  13.501915380,    60.792524130,      -0.738507923,         -0.170,       -0.989, 189.756,   1.0035,    U,  1.085574,  4.64706812778266,-20.9527746,    8.0714,
 2026-Dec-28 20:00:00, , , 148.800337911,  13.631053610,  149.171698645,  13.500889223,    73.684352276,       6.199499719,         16.856,       -7.912, 115.145,  18.6203,    O,  1.085699,  4.64653326074387,-23.4931156,    8.0667,
 2026-Dec-28 21:00:00, , , 148.803106667,  13.630083012,  149.174480455,  13.499913369,    86.488835284,      13.610027923,         33.521,      -14.666, 113.629,  36.5895,    *,  1.085838,  4.64593798355224,-25.9639724,    8.0619,
 2026-Dec-28 22:00:00, ,m, 148.805645602,  13.629201163,  149.177032488,  13.499027292,    99.646065709,      21.122008875,         49.467,      -21.105, 113.103,  53.7814,    *,  1.085991,  4.64528461403513,-28.3120452,    8.0571,
 2026-Dec-28 23:00:00, ,m, 148.807856841,  13.628445628,  149.179256178,  13.498268654,   113.672109701,      28.330332326,         64.347,      -27.089, 112.828,  69.8170,    *,  1.086156,  4.64457671744064,-30.4871532,    8.0523,
 2026-Dec-29 00:00:00, ,m, 148.809649982,  13.627851475,  149.181060494,  13.497672564,   129.113123689,      34.756217962,         77.837,      -32.487, 112.652,  84.3460,    *,  1.086333,  4.64381901944504,-32.4432150,    8.0474,
 2026-Dec-29 01:00:00, ,m, 148.810943924,  13.627450573,  149.182363819,  13.497270876,   146.393484653,      39.821942447,         89.643,      -37.183, 112.525,  97.0503,    *,  1.086521,  4.64301729679677,-34.1391229,    8.0425,
 2026-Dec-29 02:00:00, ,m, 148.811668481,  13.627270929,  149.183095595,  13.497091541,   165.486027449,      42.897417622,         99.505,      -41.072, 112.425, 107.6504,    *,  1.086717,  4.64217824824938,-35.5395036,    8.0375,
 2026-Dec-29 03:00:00, ,m, 148.811765747,  13.627336098,  149.183197731,  13.497158013,   185.576037241,      43.485757234,        107.204,      -44.068, 112.342, 115.9110,    *,  1.086921,  4.64130934862834,-36.6153561,    8.0324,
 2026-Dec-29 04:00:00, ,m, 148.811191217,  13.627664653,  149.182625726,  13.497488739,   205.265877363,      41.479050011,        112.569,      -46.104, 112.268, 121.6467,    *,  1.087129,  4.64041868901643,-37.3445642,    8.0272,
 2026-Dec-29 05:00:00, ,m, 148.809914620,  13.628269740,  149.181349517,  13.498096726,   223.404885368,      37.226660194,        115.475,      -47.132, 112.199, 124.7264,    *,  1.087341,  4.63951480614162,-37.7122796,    8.0220,
 2026-Dec-29 06:00:00,A,m, 148.807920482,  13.629158738,  149.179354020,  13.498989204,   239.636742834,      31.330492121,        115.854,      -47.129, 112.132, 125.0765,    *,  1.087554,  4.63860650412273,-37.7111716,    8.0166,
 2026-Dec-29 07:00:00,N,m, 148.805208391,  13.630333013,  149.176639376,  13.500167403,   254.233934832,      24.404865334,        113.692,      -46.092, 112.064, 122.6830,    *,  1.087766,  4.63770267178065,-37.3415447,    8.0111,
 2026-Dec-29 08:00:00,C,m, 148.801792971,  13.631787810,  149.173220882,  13.501626443,   267.717063562,      16.972511919,        109.031,      -44.041, 111.991, 117.5924,    *,  1.087975,  4.63681209876459,-36.6113190,    8.0056,
 2026-Dec-29 09:00:00,*,m, 148.797703565,  13.633512257,  149.169128630,  13.503355353,   280.625618587,       9.467079017,        101.967,      -41.020, 111.911, 109.9110,    *,  1.088179,  4.63594329377592,-35.5358752,    8.0000,
 2026-Dec-29 10:00:00,*,m, 148.792983628,  13.635489515,  149.164406850,  13.505337226,   293.436641683,       2.270891759,         92.652,      -37.093, 111.815,  99.8033,    *,  1.088376,  4.63510430819191,-34.1377620,    7.9943,
 2026-Dec-29 11:00:00,*, , 148.787689848,  13.637697068,  149.159112966,  13.507549506,   306.540166146,      -4.249144569,         81.288,      -32.346, 111.696,  87.4882,    *,  1.088564,  4.63430256838894,-32.4462673,    7.9885,
 2026-Dec-29 12:00:00,*, , 148.781890990,  13.640107150,  149.153316395,  13.509964417,   320.213390819,      -9.722190713,         68.122,      -26.882, 111.533,  73.2352,    *,  1.088742,  4.63354472001808,-30.4968563,    7.9826,
 2026-Dec-29 13:00:00,*, , 148.775666502,  13.642687308,  149.147097104,  13.512549521,   334.573519327,     -13.780630018,         53.444,      -20.822, 111.284,  57.3576,    *,  1.088909,  4.63283648736485,-28.3304828,    7.9767,
 2026-Dec-29 14:00:00,*, , 148.769104895,  13.645401091,  149.140543940,  13.515268404,   349.526430542,     -16.101329764,         37.578,      -14.299, 110.831,  40.2070,    *,  1.089062,  4.63218255081642,-25.9927765,    7.9707,
 2026-Dec-29 15:00:00,C, , 148.762301919,  13.648208852,  149.133752791,  13.518081466,     4.765487712,     -16.473958839,         20.875,       -7.458, 109.661,  22.1673,    *,  1.089202,  4.63158644515673,-23.5331316,    7.9646,
 2026-Dec-29 16:00:00,N, , 148.755358584,  13.651068647,  149.126824581,  13.520946810,    19.870133173,     -14.862610561,          3.705,       -0.451,  96.946,   3.7319,    t,  1.089329,  4.63105048100942,-21.0036965,    7.9585,
 2026-Dec-29 17:00:00,A, , 148.748379048,  13.653937196,  149.119863166,  13.523821198,    34.474161832,     -11.417690167,        -13.552,        6.567, 295.853,  15.0589,    t,  1.089440,  4.63057569147907,-18.4582971,    7.9524,
 2026-Dec-29 18:00:00, , , 148.741468430,  13.656770902,  149.112973156,  13.526661054,    48.399480129,      -6.428726545,        -30.512,       13.440, 293.774,  33.3403,    *,  1.089538,  4.63016180533840,-15.9513108,    7.9463,
 2026-Dec-29 19:00:00, , , 148.734730576,  13.659526878,  149.106257713,  13.529423487,    61.689194907,      -0.253289294,        -46.799,       20.016, 293.158,  50.8993,    *,  1.089621,  4.62980724770558,-13.5365127,    7.9401,
 2026-Dec-29 20:00:00, , , 148.728265839,  13.662163965,  149.099816372,  13.532067302,    74.567355185,       6.736542388,        -62.054,       26.150, 292.853,  67.3380,    *,  1.089691,  4.62950916851114,-11.2659240,    7.9340,
 2026-Dec-29 21:00:00, , , 148.722168918,  13.664643715,  149.093742928,  13.534553977,    87.386065471,      14.173587574,        -75.940,       31.706, 292.664,  82.2924,    *,  1.089749,  4.62926349840051, -9.1886869,    7.9278,
 2026-Dec-29 22:00:00, , , 148.716526793,  13.666931294,  149.088123432,  13.536848566,   100.592284208,      21.684939244,        -88.153,       36.564, 292.531,  95.4337,    *,  1.089796,  4.62906503108774, -7.3499939,    7.9217,
 2026-Dec-29 23:00:00, ,m, 148.711416817,  13.668996307,  149.083034336,  13.538920527,   114.707552335,      28.860972077,        -98.426,       40.616, 292.427, 106.4748,    *,  1.089833,  4.62890753058348, -5.7900932,    7.9156,
 2026-Dec-30 00:00:00, ,m, 148.706904989,  13.670813500,  149.078540832,  13.540744428,   130.277638104,      35.215529229,       -106.536,       43.775, 292.342, 115.1762,    *,  1.089862,  4.62878386117389, -4.5433939,    7.9096,
 2026-Dec-30 01:00:00, ,m, 148.703044468,  13.672363331,  149.074695407,  13.542300525,   147.708831082,      40.163290541,       -112.308,       45.974, 292.266, 121.3510,    *,  1.089885,  4.62868613753513, -3.6376881,    7.9036,
 2026-Dec-30 02:00:00, ,m, 148.699874336,  13.673632398,  149.071536660,  13.543575203,   166.925476361,      43.074710374,       -115.621,       47.166, 292.197, 124.8686,    *,  1.089904,  4.62860589193538, -3.0935089,    7.8977,
 2026-Dec-30 03:00:00, ,m, 148.697418674,  13.674613713,  149.069088399,  13.544561262,   187.050956249,      43.472452206,       -116.407,       47.328, 292.130, 125.6571,    *,  1.089921,  4.62853425510678, -2.9236375,    7.8919,
 2026-Dec-30 04:00:00, ,m, 148.695685932,  13.675306818,  149.067359039,  13.545258042,   206.669986683,      41.283907330,       -114.653,       46.457, 292.062, 123.7045,    *,  1.089938,  4.62846214706488, -3.1327697,    7.8862,
 2026-Dec-30 05:00:00, ,m, 148.694668652,  13.675717745,  149.066341319,  13.545671404,   224.678102609,      36.887465214,       -110.402,       44.574, 291.990, 119.0582,    *,  1.089957,  4.62838047391461, -3.7173520,    7.8806,
 2026-Dec-30 06:00:00,A,m, 148.694343526,  13.675858828,  149.066012349,  13.545813545,   240.777319681,      30.894216754,       -103.751,       41.723, 291.911, 111.8239,    *,  1.089981,  4.62828032651349, -4.6655924,    7.8751,
 2026-Dec-30 07:00:00,N,m, 148.694671804,  13.675748369,  149.066333991,  13.545702682,   255.271831359,      23.914255348,        -94.848,       37.966, 291.819, 102.1625,    *,  1.090010,  4.62815317676368, -5.9576477,    7.8697,
 2026-Dec-30 08:00:00,C,m, 148.695600044,  13.675410173,  149.067253571,  13.545362597,   268.690250109,      16.462985259,        -83.889,       33.386, 291.705,  90.2869,    *,  1.090049,  4.62799106727951, -7.5659872,    7.8644,
 2026-Dec-30 09:00:00,*,m, 148.697061198,  13.674872980,  149.068704916,  13.544822065,   281.569568352,       8.968530582,        -71.113,       28.084, 291.552,  76.4565,    *,  1.090097,  4.62778679023042, -9.4559294,    7.8592,
 2026-Dec-30 10:00:00,*,m, 148.698976013,  13.674169782,  149.070609696,  13.544114180,   294.381085437,       1.810352662,        -56.798,       22.173, 291.327,  60.9722,    *,  1.090156,  4.62753405129250,-11.5863436,    7.8541,
 2026-Dec-30 11:00:00,*, , 148.701254719,  13.673337070,  149.072879053,  13.543275600,   307.507509726,      -4.645625597,        -41.254,       15.783, 290.937,  44.1701,    *,  1.090228,  4.62722761486259,-13.9105056,    7.8490,
 2026-Dec-30 12:00:00,*, , 148.703798970,  13.672414020,  149.075415490,  13.542345725,   321.216183847,     -10.029200534,        -24.817,        9.051, 290.038,  26.4163,    u,  1.090314,  4.62686342699910,-16.3770922,    7.8440,
 2026-Dec-30 13:00:00,*, , 148.706504005,  13.671441625,  149.078114972,  13.541365821,   335.610944174,     -13.975183369,         -7.842,        2.122, 285.143,   8.1240,    U,  1.090414,  4.62643871295708,-18.9312962,    7.8391,
 2026-Dec-30 14:00:00,*, , 148.709260972,  13.670461818,  149.080869215,  13.540378130,   350.582526374,     -16.166832792,          9.306,       -4.854, 117.545,  10.4961,    O,  1.090529,  4.62595204667969,-21.5160399,    7.8342,
 2026-Dec-30 15:00:00,C, , 148.711959376,  13.669516572,  149.083568094,  13.539424958,     5.813239105,     -16.404765938,         26.257,      -11.727, 114.065,  28.7572,    *,  1.090658,  4.62540339018722,-24.0732595,    7.8293,
 2026-Dec-30 16:00:00,N, , 148.714489586,  13.668647022,  149.086102133,  13.538547778,    20.882036866,     -14.666132356,         42.645,      -18.348, 113.278,  46.4250,    *,  1.090802,  4.62479410145041,-26.5452353,    7.8244,
 2026-Dec-30 17:00:00,A, , 148.716745342,  13.667892607,  149.088365009,  13.537786357,    35.433268718,     -11.112194132,         58.114,      -24.574, 112.919,  63.0974,    *,  1.090960,  4.62412691008536,-28.8759298,    7.8195,
 2026-Dec-30 18:00:00, , , 148.718626206,  13.667290253,  149.090256012,  13.537177925,    49.304172193,      -6.038357638,         72.330,      -30.270, 112.706,  78.4095,    *,  1.091130,  4.62340586096185,-31.0123099,    7.8145,
 2026-Dec-30 19:00:00, , , 148.720039902,  13.666873612,  149.091682409,  13.536756398,    62.551389551,       0.196491894,         84.981,      -35.311, 112.560,  92.0267,    *,  1.091311,  4.62263622660338,-32.9056108,    7.8094,
 2026-Dec-30 20:00:00, , , 148.720904464,  13.666672372,  149.092561629,  13.536551676,    75.408408286,       7.221229352,         95.791,      -39.586, 112.449, 103.6498,    *,  1.091503,  4.62182439012874,-34.5125135,    7.8043,
 2026-Dec-30 21:00:00, , , 148.721150168,  13.666711643,  149.092823239,  13.536589018,    88.233727484,      14.669581488,        104.519,      -43.001, 112.359, 113.0219,    *,  1.091703,  4.62097770121825,-35.7962011,    7.7991,
 2026-Dec-30 22:00:00, , , 148.720721166,  13.667011434,  149.092410632,  13.536888514,   101.479273469,      22.167876448,        110.973,      -45.480, 112.281, 119.9336,    *,  1.091909,  4.62010430838901,-36.7272641,    7.7938,
 2026-Dec-30 23:00:00, , , 148.719576801,  13.667586231,  149.091282398,  13.537464665,   115.669996409,      29.303104941,        115.005,      -46.965, 112.210, 124.2285,    *,  1.092120,  4.61921297154414,-37.2844285,    7.7883,
 2026-Dec-31 00:00:00, , , 148.717692558,  13.668444688,  149.089413324,  13.538326068,   131.349189733,      35.583172621,        116.522,      -47.424, 112.141, 125.8063,    *,  1.092333,  4.61831285936112,-37.4550825,    7.7828,
 2026-Dec-31 01:00:00, ,m, 148.715060617,  13.669589427,  149.086795004,  13.539475227,   148.904252939,      40.417000274,        115.485,      -46.842, 112.074, 124.6262,    *,  1.092546,  4.61741333657045,-37.2355860,    7.7771,
 2026-Dec-31 02:00:00, ,m, 148.711690010,  13.671016966,  149.083436029,  13.540908488,   168.214932348,      43.177139960,        111.910,      -45.231, 112.003, 120.7078,    *,  1.092756,  4.61652374652373,-36.6313504,    7.7714,
 2026-Dec-31 03:00:00, ,m, 148.707606361,  13.672717771,  149.079361760,  13.542616103,   188.353569732,      43.404972351,        105.871,      -42.624, 111.926, 114.1314,    *,  1.092962,  4.61565319463774,-35.6566858,    7.7655,
 2026-Dec-31 04:00:00, ,m, 148.702851226,  13.674676433,  149.074613686,  13.544582416,   207.897562660,      41.058398098,         97.495,      -39.076, 111.837, 105.0367,    *,  1.093162,  4.61481033831797,-34.3344173,    7.7595,
 2026-Dec-31 05:00:00, ,m, 148.697481043,  13.676871974,  149.069248376,  13.546786193,   225.787654535,      36.538700663,         86.964,      -34.664, 111.729,  93.6200,    *,  1.093353,  4.61400318879989,-32.6952818,    7.7534,
 2026-Dec-31 06:00:00,A,m, 148.691565736,  13.679278276,  149.063336067,  13.549201052,   241.775496783,      30.462715603,         74.507,      -29.484, 111.587,  80.1302,    *,  1.093534,  4.61323892999983,-30.7771232,    7.7472,
 2026-Dec-31 07:00:00,N,m, 148.685187001,  13.681864622,  149.056958932,  13.551796028,   256.189990195,      23.436071760,         60.397,      -23.651, 111.383,  64.8635,    *,  1.093704,  4.61252375894444,-28.6239104,    7.7409,
 2026-Dec-31 08:00:00,C,m, 148.678436327,  13.684596346,  149.050209057,  13.554536231,   269.564961937,      15.968207146,         44.945,      -17.293, 111.043,  48.1571,    *,  1.093861,  4.61186275166448,-26.2846114,    7.7346,
 2026-Dec-31 09:00:00,*,m, 148.671412815,  13.687435573,  149.043186219,  13.557383599,   282.434690818,       8.483513597,         28.492,      -10.551, 110.319,  30.3826,    *,  1.094004,  4.61125975762065,-23.8119567,    7.7283,
 2026-Dec-31 10:00:00,*,m, 148.664220848,  13.690342041,  149.035995499,  13.560297721,   295.265482119,       1.360407885,         11.403,       -3.573, 107.397,  11.9499,    t,  1.094132,  4.61071732480904,-21.2611349,    7.7219,
 2026-Dec-31 11:00:00,*, , 148.656967678,  13.693273980,  149.028744825,  13.563236724,   308.433550598,      -5.034385628,         -5.942,        3.484, 300.387,   6.8885,    t,  1.094247,  4.61023665671578,-18.6884590,    7.7155,
 2026-Dec-31 12:00:00,*, , 148.649761006,  13.696189026,  149.021542487,  13.566158186,   322.196787250,     -10.329596308,        -23.160,       10.465, 294.318,  25.4143,    *,  1.094346,  4.60981760129872,-16.1500460,    7.7091,
 2026-Dec-31 13:00:00,*, , 148.642706595,  13.699045156,  149.014494711,  13.569020070,   336.645301571,     -14.161026898,        -39.867,       17.215, 293.357,  43.4250,    *,  1.094431,  4.60945867122024,-13.7005464,    7.7027,
 2026-Dec-31 14:00:00,*, , 148.635905991,  13.701801623,  149.007703343,  13.571781648,   351.653546006,     -16.217489622,        -55.696,       23.584, 292.952,  60.4825,    *,  1.094503,  4.60915709368399,-11.3919594,    7.6964,
 2026-Dec-31 15:00:00,C, , 148.629454399,  13.704419852,  149.001263695,  13.574404396,     6.891374863,     -16.310603375,        -70.295,       29.432, 292.722,  76.2071,    *,  1.094562,  4.60890888748150, -9.2725595,    7.6900,
 2026-Dec-31 16:00:00,N, , 148.623438744,  13.706864300,  148.995262595,  13.576852839,    21.936401512,     -14.431507614,        -83.345,       34.631, 292.567,  90.2523,    *,  1.094609,  4.60870896426395, -7.3859580,    7.6837,
 2026-Dec-31 17:00:00,A, , 148.617935973,  13.709103243,  148.989776690,  13.579095328,    36.443667074,     -10.753785565,        -94.560,       39.067, 292.451, 102.3103,    *,  1.094647,  4.60855125063752, -5.7703108,    7.6775,
 2026-Dec-31 18:00:00, , , 148.613011591,  13.711109475,  148.984870998,  13.581104730,    50.266714244,      -5.580282414,       -103.695,       42.644, 292.358, 112.1190,    *,  1.094676,  4.60842882744591, -4.4576804,    7.6713,
 2026-Dec-31 19:00:00, , , 148.608718477,  13.712860909,  148.980597756,  13.582859021,    63.477121048,       0.727415650,       -110.555,       45.284, 292.278, 119.4666,    *,  1.094698,  4.60833408254318, -3.4735502,    7.6652,
 2026-Dec-31 20:00:00, , , 148.605095973,  13.714341063,  148.976995543,  13.584341759,    76.319336001,       7.797987365,       -114.991,       46.932, 292.206, 124.1967,    *,  1.094716,  4.60825887342741, -2.8364873,    7.6591,
 2026-Dec-31 21:00:00, , , 148.602169240,  13.715539421,  148.974088696,  13.585542444,    89.159785609,      15.265063500,       -116.913,       47.553, 292.138, 126.2106,    *,  1.094731,  4.60819469630533, -2.5579417,    7.6531,
 2026-Dec-31 22:00:00, , , 148.599948896,  13.716451665,  148.971886993,  13.586456744,   102.456854700,      22.753196734,       -116.282,       47.136, 292.070, 125.4694,    *,  1.094746,  4.60813285843588, -2.6421716,    7.6472,
 2026-Dec-31 23:00:00, , , 148.598430915,  13.717079767,  148.970385617,  13.587086589,   116.740037964,      29.844841939,       -113.117,       45.693, 292.000, 121.9945,    *,  1.094762,  4.60806465088844, -3.0862807,    7.6414,
$$EOE
***************************************************************************************************************************************************************************************************************************************
Column meaning:
 
TIME

  Times PRIOR to 1962 are UT1, a mean-solar time closely related to the
prior but now-deprecated GMT. Times AFTER 1962 are in UTC, the current
civil or "wall-clock" time-scale. UTC is kept within 0.9 seconds of UT1
using integer leap-seconds for 1972 and later years.

  Conversion from the internal Barycentric Dynamical Time (TDB) of solar
system dynamics to the non-uniform civil UT time-scale requested for output
has not been determined for UTC times after the next July or January 1st.
Therefore, the last known leap-second is used as a constant over future
intervals.

  Time tags refer to the UT time-scale conversion from TDB on Earth
regardless of observer location within the solar system, although clock
rates may differ due to the local gravity field and no analog to "UT"
may be defined for that location.

  Any 'b' symbol in the 1st-column denotes a B.C. date. First-column blank
(" ") denotes an A.D. date.
 
CALENDAR SYSTEM

  Mixed calendar mode was active such that calendar dates after AD 1582-Oct-15
(if any) are in the modern Gregorian system. Dates prior to 1582-Oct-5 (if any)
are in the Julian calendar system, which is automatically extended for dates
prior to its adoption on 45-Jan-1 BC.  The Julian calendar is useful for
matching historical dates. The Gregorian calendar more accurately corresponds
to the Earth's orbital motion and seasons. A "Gregorian-only" calendar mode is
available if such physical events are the primary interest.

  NOTE: "n.a." in output means quantity "not available" at the print-time.
 
SOLAR PRESENCE (OBSERVING SITE)
  Time tag is followed by a blank, then a solar-presence symbol:

       '*'  Daylight (refracted solar upper-limb on or above apparent horizon)
       'C'  Civil twilight/dawn
       'N'  Nautical twilight/dawn
       'A'  Astronomical twilight/dawn
       ' '  Night OR geocentric ephemeris

LUNAR PRESENCE (OBSERVING SITE)
  The solar-presence symbol is immediately followed by a lunar-presence symbol:

       'm'  Refracted upper-limb of Moon on or above apparent horizon
       ' '  Refracted upper-limb of Moon below apparent horizon OR geocentric
            ephemeris
 
 'R.A.___(ICRF), DEC____(ICRF),' =
  Astrometric right ascension and declination of the target center with
respect to the observing site (coordinate origin) in the reference frame of
the planetary ephemeris (ICRF). Compensated for down-leg light-time delay
aberration.

  Units: RA  in decimal degrees,  ddd.fffff{ffff}
         DEC in decimal degrees,  sdd.fffff{ffff}
 
 'R.A.__(a-app), DEC___(a-app),' =
  Airless apparent right ascension and declination of the target center
with respect to an instantaneous reference frame defined by the Earth equator
of-date (z-axis) and meridian containing the Earth equinox of-date (x-axis,
EOP-corrected IAU76/80). Compensated for down-leg light-time delay,
gravitational deflection of light, stellar aberration, precession & nutation.
Note: equinox (RA origin) is offset -53 mas from the of-date frame defined by
the IAU06/00a P & N system.

  Units: RA  in decimal degrees, ddd.fffff{ffff}
         DEC in decimal degrees  sdd.fffff{ffff}

 
 'Azimuth_(a-app), Elevation_(a-app),' =
  Airless apparent azimuth and elevation of target center. Compensated
for light-time, the gravitational deflection of light, stellar aberration,
precession and nutation. Azimuth is measured clockwise from north:

  North(0) -> East(90) -> South(180) -> West(270) -> North (360)

Elevation angle is with respect to a plane perpendicular to the reference
surface local zenith direction. TOPOCENTRIC ONLY.  Units: DEGREES
 
 'X_(sat-prim), Y_(sat-prim), SatPANG,' =
   Satellite apparent differential coordinates in the plane-of-sky with
respect to the primary body along with the satellite position angle.
Differential coordinates are defined in RA as:

     X= ((RA_sat - RA_primary) * cosine(DEC_primary))

... and in DEC as:

     Y= (DEC_sat - DEC_primary)

Non-lunar satellites only. "SatPANG" is the counter-clockwise (CCW) position
angle from the reference-frame of-date north-pole to a line from the primary
center to the satellite center. Units: ARCSECONDS (X & Y), DEGREES (pos, angle)
 
 'ang-sep, vis.,' =
  The angular separation between the center of the target object and the center
of the (remote) primary body it revolves around, as seen by the observer, with
target visibility code.

  Visibility codes (refers to limb-to-limb):

    /t = Transiting primary body disk    /O = Occulted by primary body disk
    /p = Partial umbral eclipse          /P = Occulted partial umbral eclipse
    /u = Total umbral eclipse            /U = Occulted total umbral eclipse
    /- = Target is the primary body      /* = None of above ("free and clear")

  The radius of both primary and target body is taken to be the equatorial
value (maximum, given a triaxial shape). Atmospheric effects and oblateness
aspect are NOT currently considered.  Light-time is considered.

  Units: ARCSECONDS and visibility code
 
 'Ang-diam,' =
   The equatorial angular width of the target body full disk, if it were fully
illuminated and visible to the observer. If the target body diameter is unknown
"n.a." is output.

   Units: ARCSECONDS
 
 'delta,     deldot,' =
   Apparent range ("delta", light-time aberrated) and range-rate ("delta-dot")
of the target center relative to the observer. A positive "deldot" means the
target center is moving away from the observer, negative indicates movement
toward the observer.  Units: AU and KM/S
 
 'S-T-O,' =
   The Sun-Target-Observer angle; the interior vertex angle at target center
formed by a vector from the target to the apparent center of the Sun (at
reflection time on the target) and the apparent vector from target to the
observer at print-time. Slightly different from true PHASE ANGLE (requestable
separately) at the few arcsecond level in that it includes stellar aberration
on the down-leg from target to observer.  Units: DEGREES

Computations by ...

    Solar System Dynamics Group, Horizons On-Line Ephemeris System
    4800 Oak Grove Drive, Jet Propulsion Laboratory
    Pasadena, CA  91109   USA

    General site: https://ssd.jpl.nasa.gov/
    Mailing list: https://ssd.jpl.nasa.gov/email_list.html
    System news : https://ssd.jpl.nasa.gov/horizons/news.html
    User Guide  : https://ssd.jpl.nasa.gov/horizons/manual.html
    Connect     : browser        https://ssd.jpl.nasa.gov/horizons/app.html#/x
                  API            https://ssd-api.jpl.nasa.gov/doc/horizons.html
                  command-line   telnet ssd.jpl.nasa.gov 6775
                  e-mail/batch   https://ssd.jpl.nasa.gov/ftp/ssd/horizons_batch.txt
                  scripts        https://ssd.jpl.nasa.gov/ftp/ssd/SCRIPTS
    Inquiries   : Jon.D.Giorgini@jpl.nasa.gov

***************************************************************************************************************************************************************************************************************************************
