# JPL Horizons response, kept whole (#472)
# request-url: https://ssd.jpl.nasa.gov/api/horizons.api?format=text&COMMAND=%27599%27&MAKE_EPHEM=%27YES%27&EPHEM_TYPE=%27OBSERVER%27&CENTER=%27coord%40399%27&COORD_TYPE=%27GEODETIC%27&QUANTITIES=%271%2C2%2C4%2C10%2C13%2C17%2C20%2C24%2C32%2C43%27&EXTRA_PREC=%27YES%27&ANG_FORMAT=%27DEG%27&APPARENT=%27AIRLESS%27&CSV_FORMAT=%27YES%27&TIME_DIGITS=%27SECONDS%27&SITE_COORD=%2710.75%2C59.91%2C0.0%27&START_TIME=%272026-12-01%2000%3A00%27&STOP_TIME=%272026-12-31%2023%3A00%27&STEP_SIZE=%271%20h%27
# requested-utc: 2026-10-07T13:52:40Z
# body-sha256: 841d130e6a1ed72a6096325982fcda1acae93f0fe27cc23a84a418e889dcd002
# body-bytes: 208277
# complete: True
API VERSION: 1.2
API SOURCE: NASA/JPL Horizons API

*******************************************************************************
 Revised: April 12, 2021               Jupiter                              599
 
 PHYSICAL DATA (revised 2025-Jan-30):
  Mass x 10^26 (kg)     = 18.9819           Density (g/cm^3)  = 1.3262 +- .0003
  Equat. radius (1 bar) = 71492+-4 km       Polar radius (km)     = 66854+-10
  Vol. Mean Radius (km) = 69911+-6          Flattening            = 0.06487
  Geometric Albedo      = 0.52              Rocky core mass (Mc/M)= 0.0261
  Sid. rot. period (III)= 9h 55m 29.711 s   Sid. rot. rate (rad/s)= 0.00017585
  Mean solar day, hrs   = ~9.9259         
  GM (km^3/s^2)         = 126686531.900     GM 1-sigma (km^3/s^2) =  +- 1.2732
  Equ. grav, ge (m/s^2) = 24.79             Pol. grav, gp (m/s^2) =  28.34
  Vis. magnitude V(1,0) = -9.40
  Vis. mag. (opposition)= -2.70             Obliquity to orbit    =  3.13 deg
  Sidereal orbit period = 11.861982204 y    Sidereal orbit period = 4332.589 d
  Mean daily motion     = 0.0831294 deg/d   Mean orbit speed, km/s= 13.0697
  Atmos. temp. (1 bar)  = 165+-5 K          Escape speed, km/s    =  59.5           
  A_roche(ice)/Rp       =  2.76             Hill's sphere rad. Rp = 740
                                 Perihelion   Aphelion     Mean
  Solar Constant (W/m^2)         56           46           51
  Maximum Planetary IR (W/m^2)   13.7         13.4         13.6
  Minimum Planetary IR (W/m^2)   13.7         13.4         13.6
*******************************************************************************


*******************************************************************************
Ephemeris / API_USER Wed Oct  7 06:52:41 2026 Pasadena, USA      / Horizons    
*******************************************************************************
Target body name: Jupiter (599)                   {source: jup365_merged}
Center body name: Earth (399)                     {source: DE441}
Center-site name: (user defined site below)
*******************************************************************************
Start time      : A.D. 2026-Dec-01 00:00:00.0000 UT      
Stop  time      : A.D. 2026-Dec-31 23:00:00.0000 UT      
Step-size       : 60 minutes
*******************************************************************************
Target pole/equ : IAU_JUPITER                     {West-longitude positive}
Target radii    : 71492.0, 71492.0, 66854.0 km    {Equator_a, b, pole_c}       
Center geodetic : 10.75, 59.91, 0.0               {E-lon(deg),Lat(deg),Alt(km)}
Center cylindric: 10.75, 3205.78431, 5495.4568    {E-lon(deg),Dxy(km),Dz(km)}
Center pole/equ : ITRF93                          {East-longitude positive}
Center radii    : 6378.137, 6378.137, 6356.752 km {Equator_a, b, pole_c}       
Target primary  : Sun
Vis. interferer : MOON (R_eq= 1737.400) km        {source: DE441}
Rel. light bend : Sun                             {source: jup365_merged}
Rel. lght bnd GM: 1.3271E+11 km^3/s^2                                          
Atmos refraction: NO (AIRLESS)
RA format       : DEG
Time format     : CAL 
Calendar mode   : Mixed Julian/Gregorian
EOP file        : eop.261006.p270102                                           
EOP coverage    : DATA-BASED 1962-JAN-20 TO 2026-OCT-06. PREDICTS-> 2027-JAN-01
Units conversion: 1 au= 149597870.700 km, c= 299792.458 km/s, 1 day= 86400.0 s 
Table cut-offs 1: Elevation (-90.0deg=NO ),Airmass (>38.000=NO), Daylight (NO )
Table cut-offs 2: Solar elongation (  0.0,180.0=NO ),Local Hour Angle( 0.0=NO )
Table cut-offs 3: RA/DEC angular rate (     0.0=NO )                           
Table format    : Comma Separated Values (spreadsheet)
***********************************************************************************************************************************************************************************************************************************************************************
 Date__(UT)__HR:MN:SS, , , R.A.___(ICRF), DEC____(ICRF),  R.A.__(a-app), DEC___(a-app), Azimuth_(a-app), Elevation_(a-app),      Illu%,  Ang-diam,    NP.ang,  NP.dist,             delta,     deldot,     S-T-O,  N.Pole-RA, N.Pole-DC,       phi,  PAB-LON,  PAB-LAT,
***********************************************************************************************************************************************************************************************************************************************************************
$$SOE
 2026-Dec-01 00:00:00, ,m, 148.923361176,  13.466241443,  149.290563897,  13.337309373,   101.872960605,      22.149894240,   99.17277,  39.17040,   22.1737,  -18.314,  5.03302531839782,-26.8509624,   10.4380,  268.05765,  64.49666,   10.4368, 141.1906,   0.7817,
 2026-Dec-01 01:00:00, ,m, 148.924945677,  13.465863914,  149.292162512,  13.336929307,   116.084419191,      29.265974279,   99.17305,  39.17543,   22.1741,  -18.316,  5.03237953333879,-26.8184114,   10.4363,  268.05765,  64.49666,   10.4350, 141.1930,   0.7818,
 2026-Dec-01 02:00:00, ,m, 148.926511116,  13.465485935,  149.293740189,  13.336549388,   131.784642926,      35.512574624,   99.17332,  39.18045,   22.1745,  -18.319,  5.03173468737185,-26.7733182,   10.4346,  268.05765,  64.49666,   10.4333, 141.1954,   0.7820,
 2026-Dec-01 03:00:00, ,m, 148.928060603,  13.465106784,  149.295299444,  13.336168760,   149.348926083,      40.299123547,   99.17360,  39.18546,   22.1748,  -18.321,  5.03109104986343,-26.7185086,   10.4328,  268.05765,  64.49666,   10.4315, 141.1979,   0.7821,
 2026-Dec-01 04:00:00, ,m, 148.929597985,  13.464725946,  149.296843696,  13.335786745,   168.640085509,      43.003191425,   99.17388,  39.19047,   22.1751,  -18.324,  5.03044881373154,-26.6574739,   10.4311,  268.05765,  64.49666,   10.4298, 141.2003,   0.7822,
 2026-Dec-01 05:00:00, ,m, 148.931127581,  13.464343149,  149.298377032,  13.335402888,   188.722692622,      43.176526591,   99.17416,  39.19546,   22.1755,  -18.326,  5.02980808223383,-26.5941318,   10.4293,  268.05765,  64.49666,   10.4280, 141.2027,   0.7823,
 2026-Dec-01 06:00:00,A,m, 148.932653885,  13.463958383,  149.299903930,  13.335016987,   208.188933452,      40.787400187,   99.17444,  39.20044,   22.1758,  -18.328,  5.02916886190025,-26.5325575,   10.4275,  268.05765,  64.49666,   10.4262, 141.2051,   0.7824,
 2026-Dec-01 07:00:00,C,m, 148.934181257,  13.463571901,  149.301428950,  13.334629110,   226.004642440,      36.240721411,   99.17472,  39.20541,   22.1762,  -18.331,  5.02853106209459,-26.4767049,   10.4258,  268.05765,  64.49666,   10.4245, 141.2075,   0.7825,
 2026-Dec-01 08:00:00,*,m, 148.935713628,  13.463184200,  149.302956420,  13.334239586,   241.936071407,      30.150642456,   99.17499,  39.21038,   22.1765,  -18.333,  5.02789450123572,-26.4301351,   10.4240,  268.05765,  64.49666,   10.4227, 141.2099,   0.7826,
 2026-Dec-01 09:00:00,*,m, 148.937254226,  13.462795989,  149.304490142,  13.333848988,   256.313962688,      23.118413331,   99.17527,  39.21533,   22.1769,  -18.335,  5.02725891925203,-26.3957728,   10.4222,  268.05765,  64.49666,   10.4209, 141.2124,   0.7827,
 2026-Dec-01 10:00:00,*,m, 148.938805358,  13.462408141,  149.306033128,  13.333458089,   269.668783750,      15.650119228,   99.17555,  39.22029,   22.1772,  -18.337,  5.02662399541638,-26.3757055,   10.4205,  268.05765,  64.49666,   10.4192, 141.2148,   0.7828,
 2026-Dec-01 11:00:00,*,m, 148.940368246,  13.462021633,  149.307587396,  13.333067815,   282.531253046,       8.168272073,   99.17582,  39.22524,   22.1776,  -18.340,  5.02598937033912,-26.3710404,   10.4187,  268.05765,  64.49666,   10.4175, 141.2172,   0.7829,
 2026-Dec-01 12:00:00,*,m, 148.941942949,  13.461637476,  149.309153829,  13.332679174,   295.365331554,       1.050575836,   99.17609,  39.23019,   22.1779,  -18.342,  5.02535467061309,-26.3818286,   10.4170,  268.05765,  64.49666,   10.4157, 141.2196,   0.7830,
 2026-Dec-01 13:00:00,*, , 148.943528353,  13.461256650,  149.310732113,  13.332293194,   308.545890158,      -5.336123353,   99.17637,  39.23515,   22.1783,  -18.344,  5.02471953442179,-26.4070614,   10.4153,  268.05765,  64.49666,   10.4140, 141.2221,   0.7831,
 2026-Dec-01 14:00:00,*, , 148.945122252,  13.460880037,  149.312320763,  13.331910848,   322.329650265,     -10.619890379,   99.17664,  39.24012,   22.1786,  -18.347,  5.02408363635619,-26.4447389,   10.4136,  268.05765,  64.49666,   10.4123, 141.2245,   0.7832,
 2026-Dec-01 15:00:00,C, , 148.946721492,  13.460508358,  149.313917218,  13.331532991,   336.804675616,     -14.435731823,   99.17691,  39.24509,   22.1790,  -18.349,  5.02344670974030,-26.4920076,   10.4118,  268.05765,  64.49666,   10.4106, 141.2270,   0.7833,
 2026-Dec-01 16:00:00,N, , 148.948322193,  13.460142124,  149.315518019,  13.331160300,   351.841797018,     -16.472175203,   99.17718,  39.25008,   22.1793,  -18.351,  5.02280856493596,-26.5453552,   10.4101,  268.05765,  64.49666,   10.4089, 141.2294,   0.7835,
 2026-Dec-01 17:00:00, , , 148.949920010,  13.459781604,  149.317119047,  13.330793225,     7.106240045,     -16.541725487,   99.17745,  39.25508,   22.1797,  -18.354,  5.02216910237231,-26.6008514,   10.4084,  268.05765,  64.49666,   10.4072, 141.2319,   0.7836,
 2026-Dec-01 18:00:00, , , 148.951510432,  13.459426803,  149.318715802,  13.330431963,    22.171942430,     -14.637695007,   99.17772,  39.26009,   22.1801,  -18.356,  5.02152831940769,-26.6544170,   10.4067,  268.05765,  64.49666,   10.4054, 141.2343,   0.7837,
 2026-Dec-01 19:00:00, , , 148.953089091,  13.459077464,  149.320303711,  13.330076442,    36.692949984,     -10.936437800,   99.17799,  39.26511,   22.1804,  -18.358,  5.02088631055333,-26.7021032,   10.4050,  268.05765,  64.49666,   10.4037, 141.2367,   0.7839,
 2026-Dec-01 20:00:00, , , 148.954652060,  13.458733085,  149.321878445,  13.329726326,    50.524376669,      -5.743225009,   99.17827,  39.27014,   22.1808,  -18.361,  5.02024326104297,-26.7403621,   10.4032,  268.05765,  64.49666,   10.4019, 141.2391,   0.7840,
 2026-Dec-01 21:00:00, , , 148.956196124,  13.458392953,  149.323436211,  13.329381037,    63.740476554,       0.578741963,   99.17855,  39.27517,   22.1811,  -18.363,  5.01959943418862,-26.7662897,   10.4015,  268.05765,  64.49666,   10.4002, 141.2416,   0.7841,
 2026-Dec-01 22:00:00, , , 148.957718997,  13.458056194,  149.324974014,  13.329039797,    76.588116933,       7.657211661,   99.17883,  39.28021,   22.1815,  -18.365,  5.01895515338806,-26.7778250,   10.3997,  268.05765,  64.49666,   10.3984, 141.2440,   0.7842,
 2026-Dec-01 23:00:00, , , 148.959219483,  13.457721831,  149.326489863,  13.328701681,    89.435161189,      15.125194551,   99.17911,  39.28526,   22.1818,  -18.368,  5.01831078001573,-26.7738909,   10.3979,  268.05765,  64.49666,   10.3966, 141.2464,   0.7843,
 2026-Dec-02 00:00:00, ,m, 148.960697554,  13.457388854,  149.327982907,  13.328365678,   102.739980670,      22.606632920,   99.17940,  39.29030,   22.1821,  -18.370,  5.01766668871133,-26.7544682,   10.3961,  268.05765,  64.49666,   10.3947, 141.2487,   0.7845,
 2026-Dec-02 01:00:00, ,m, 148.962154354,  13.457056284,  149.329453492,  13.328030762,   117.029816615,      29.683366394,   99.17970,  39.29534,   22.1825,  -18.373,  5.01702324175847,-26.7205972,   10.3943,  268.05765,  64.49666,   10.3929, 141.2511,   0.7846,
 2026-Dec-02 02:00:00, ,m, 148.963592124,  13.456723246,  149.330903142,  13.327695961,   132.839335752,      35.856031665,   99.17999,  39.30037,   22.1828,  -18.375,  5.01638076430770,-26.6743062,   10.3924,  268.05765,  64.49666,   10.3910, 141.2535,   0.7847,
 2026-Dec-02 03:00:00, ,m, 148.965014042,  13.456389026,  149.332334450,  13.327360428,   150.523151891,      40.528866481,   99.18029,  39.30540,   22.1831,  -18.377,  5.01573952214170,-26.6184725,   10.3905,  268.05765,  64.49666,   10.3891, 141.2558,   0.7848,
 2026-Dec-02 04:00:00, ,m, 148.966424012,  13.456053119,  149.333750902,  13.327023491,   169.898562816,      43.083031416,   99.18058,  39.31041,   22.1834,  -18.380,  5.01509970350493,-26.5566260,   10.3886,  268.05765,  64.49666,   10.3872, 141.2582,   0.7849,
 2026-Dec-02 05:00:00, ,m, 148.967826393,  13.455715265,  149.335156642,  13.326684708,   189.982440218,      43.090530660,   99.18088,  39.31542,   22.1837,  -18.382,  5.01446140624307,-26.4927068,   10.3867,  268.05765,  64.49666,   10.3853, 141.2605,   0.7850,
 2026-Dec-02 06:00:00,A,m, 148.969225702,  13.455375469,  149.336556183,  13.326343891,   209.365487546,      40.549956006,   99.18118,  39.32041,   22.1841,  -18.384,  5.01382463113293,-26.4307959,   10.3848,  268.05765,  64.49666,   10.3834, 141.2629,   0.7851,
 2026-Dec-02 07:00:00,C,m, 148.970626303,  13.455033995,  149.337954101,  13.326001119,   227.060250035,      35.887371976,   99.18148,  39.32539,   22.1844,  -18.387,  5.01318928185972,-26.3748354,   10.3829,  268.05765,  64.49666,   10.3815, 141.2652,   0.7852,
 2026-Dec-02 08:00:00,*,m, 148.972032113,  13.454691354,  149.339354722,  13.325656739,   242.879797441,      29.721230340,   99.18178,  39.33037,   22.1847,  -18.389,  5.01255517164367,-26.3283584,   10.3810,  268.05765,  64.49666,   10.3796, 141.2676,   0.7853,
 2026-Dec-02 09:00:00,*,m, 148.973446325,  13.454348264,  149.340761823,  13.325311333,   257.176798711,      22.647741865,   99.18208,  39.33534,   22.1850,  -18.391,  5.01192203606143,-26.2942478,   10.3791,  268.05765,  64.49666,   10.3777, 141.2699,   0.7854,
 2026-Dec-02 10:00:00,*,m, 148.974871198,  13.454005604,  149.342178377,  13.324965686,   270.485601010,      15.166813723,   99.18237,  39.34030,   22.1853,  -18.394,  5.01128955118410,-26.2745379,   10.3772,  268.05765,  64.49666,   10.3759, 141.2723,   0.7855,
 2026-Dec-02 11:00:00,*,m, 148.976307896,  13.453664355,  149.343606346,  13.324620727,   283.333765060,       7.696952715,   99.18267,  39.34526,   22.1856,  -18.396,  5.01065735578868,-26.2702761,   10.3754,  268.05765,  64.49666,   10.3740, 141.2747,   0.7856,
 2026-Dec-02 12:00:00,*,m, 148.977756412,  13.453325526,  149.345046545,  13.324277469,   296.180175591,       0.614343905,   99.18296,  39.35023,   22.1860,  -18.398,  5.01002507611961,-26.2814506,   10.3735,  268.05765,  64.49666,   10.3721, 141.2770,   0.7857,
 2026-Dec-02 13:00:00,*, , 148.979215564,  13.452990094,  149.346498593,  13.323936937,   309.393357918,      -5.714029814,   99.18325,  39.35520,   22.1863,  -18.401,  5.00939235150350,-26.3069921,   10.3716,  268.05765,  64.49666,   10.3703, 141.2794,   0.7859,
 2026-Dec-02 14:00:00,*, , 148.980683082,  13.452658930,  149.347960930,  13.323600098,   323.221108309,     -10.915909989,   99.18354,  39.36018,   22.1866,  -18.403,  5.00875885907936,-26.3448457,   10.3698,  268.05765,  64.49666,   10.3684, 141.2818,   0.7860,
 2026-Dec-02 15:00:00,C, , 148.982155756,  13.452332742,  149.349430931,  13.323267795,   337.738940157,     -14.627872784,   99.18383,  39.36516,   22.1869,  -18.405,  5.00812433592351,-26.3921133,   10.3680,  268.05765,  64.49666,   10.3666, 141.2842,   0.7861,
 2026-Dec-02 16:00:00,N, , 148.983629661,  13.452012027,  149.350905083,  13.322940693,   352.803321532,     -16.544021884,   99.18412,  39.37016,   22.1873,  -18.408,  5.00748859706743,-26.4452513,   10.3661,  268.05765,  64.49666,   10.3648, 141.2865,   0.7862,
 2026-Dec-02 17:00:00, , , 148.985100424,  13.451697035,  149.352379222,  13.322619224,     8.069148447,     -16.486965361,   99.18441,  39.37517,   22.1876,  -18.410,  5.00685154817848,-26.5003137,   10.3643,  268.05765,  64.49666,   10.3629, 141.2889,   0.7863,
 2026-Dec-02 18:00:00, , , 148.986563523,  13.451387755,  149.353848824,  13.322303569,    23.110168127,     -14.462215849,   99.18470,  39.38019,   22.1879,  -18.412,  5.00621319202879,-26.5532226,   10.3624,  268.05765,  64.49666,   10.3611, 141.2913,   0.7865,
 2026-Dec-02 19:00:00, , , 148.988014599,  13.451083912,  149.355309312,  13.321993636,    37.590476355,     -10.656353938,   99.18499,  39.38522,   22.1883,  -18.415,  5.00557362831173,-26.6000471,   10.3606,  268.05765,  64.49666,   10.3592, 141.2936,   0.7866,
 2026-Dec-02 20:00:00, , , 148.989449749,  13.450784988,  149.356756370,  13.321689073,    51.379477266,      -5.380405671,   99.18529,  39.39026,   22.1886,  -18.417,  5.00493304681938,-26.6372729,   10.3587,  268.05765,  64.49666,   10.3573, 141.2960,   0.7867,
 2026-Dec-02 21:00:00, , , 148.990865801,  13.450490257,  149.358186237,  13.321389285,    64.564056368,       1.000694341,   99.18558,  39.39531,   22.1889,  -18.419,  5.00429171444799,-26.6620429,   10.3568,  268.05765,  64.49666,   10.3554, 141.2983,   0.7869,
 2026-Dec-02 22:00:00, , , 148.992260524,  13.450198835,  149.359595967,  13.321093484,    77.400130819,       8.114898698,   99.18589,  39.40036,   22.1892,  -18.422,  5.00364995692246,-26.6723529,   10.3549,  268.05765,  64.49666,   10.3535, 141.3007,   0.7870,
 2026-Dec-02 23:00:00, , , 148.993632788,  13.449909740,  149.360983632,  13.320800735,    90.261996987,      15.595276060,   99.18619,  39.40542,   22.1895,  -18.424,  5.00300813649131,-26.6671892,   10.3530,  268.05765,  64.49666,   10.3515, 141.3030,   0.7871,
 2026-Dec-03 00:00:00, , , 148.994982635,  13.449621962,  149.362348450,  13.320510024,   103.613106878,      23.064200269,   99.18650,  39.41047,   22.1898,  -18.426,  5.00236662712112,-26.6465972,   10.3510,  268.05765,  64.49666,   10.3496, 141.3053,   0.7872,
 2026-Dec-03 01:00:00, , , 148.996311281,  13.449334526,  149.363690841,  13.320220326,   117.983748733,      30.099483220,   99.18681,  39.41552,   22.1901,  -18.429,  5.00172578888926,-26.6116791,   10.3490,  268.05765,  64.49666,   10.3476, 141.3076,   0.7873,
 2026-Dec-03 02:00:00, ,m, 148.997621028,  13.449046566,  149.365012400,  13.319930677,   133.904469795,      36.195604538,   99.18713,  39.42057,   22.1904,  -18.431,  5.00108594333027,-26.5645177,   10.3471,  268.05765,  64.49666,   10.3456, 141.3099,   0.7874,
 2026-Dec-03 03:00:00, ,m, 148.998915113,  13.448757382,  149.366315786,  13.319640239,   151.707661707,      40.751858608,   99.18744,  39.42560,   22.1907,  -18.433,  5.00044735142442,-26.5080338,   10.3450,  268.05765,  64.49666,   10.3436, 141.3122,   0.7876,
 2026-Dec-03 04:00:00, ,m, 149.000197480,  13.448466484,  149.367604538,  13.319348357,   171.163705711,      43.153885761,   99.18776,  39.43062,   22.1910,  -18.436,  4.99981019573744,-26.4457863,   10.3430,  268.05765,  64.49666,   10.3415, 141.3145,   0.7877,
 2026-Dec-03 05:00:00, ,m, 149.001472510,  13.448173633,  149.368882836,  13.319054606,   191.243153709,      42.995040092,   99.18808,  39.43564,   22.1913,  -18.438,  4.99917456793468,-26.3817277,   10.3410,  268.05765,  64.49666,   10.3395, 141.3168,   0.7878,
 2026-Dec-03 06:00:00,A,m, 149.002744728,  13.447878852,  149.370155212,  13.318758819,   210.538963135,      40.304316995,   99.18840,  39.44064,   22.1916,  -18.440,  4.99854046252588,-26.3199337,   10.3390,  268.05765,  64.49666,   10.3375, 141.3191,   0.7879,
 2026-Dec-03 07:00:00,N,m, 149.004018481,  13.447582427,  149.371426240,  13.318461097,   228.111991995,      35.527960784,   99.18871,  39.44563,   22.1919,  -18.443,  4.99790777726869,-26.2643235,   10.3369,  268.05765,  64.49666,   10.3354, 141.3213,   0.7880,
 2026-Dec-03 08:00:00,*,m, 149.005297650,  13.447284887,  149.372700223,  13.318161805,   243.820965864,      29.287865278,   99.18903,  39.45062,   22.1921,  -18.445,  4.99727632020371,-26.2183914,   10.3349,  268.05765,  64.49666,   10.3334, 141.3236,   0.7881,
 2026-Dec-03 09:00:00,*,m, 149.006585379,  13.446986967,  149.373980897,  13.317861548,   258.039066485,      22.174934512,   99.18935,  39.45560,   22.1924,  -18.447,  4.99664582283852,-26.1849673,   10.3329,  268.05765,  64.49666,   10.3314, 141.3259,   0.7882,
 2026-Dec-03 10:00:00,*,m, 149.007883860,  13.446689561,  149.375271174,  13.317561124,   271.303838731,      14.682968126,   99.18966,  39.46057,   22.1927,  -18.450,  4.99601595857756,-26.1660225,   10.3309,  268.05765,  64.49666,   10.3294, 141.3282,   0.7883,
 2026-Dec-03 11:00:00,*,m, 149.009194180,  13.446393655,  149.376572943,  13.317261476,   284.139478233,       7.226621714,   99.18997,  39.46554,   22.1930,  -18.452,  4.99538636513453,-26.1625349,   10.3288,  268.05765,  64.49666,   10.3274, 141.3305,   0.7884,
 2026-Dec-03 12:00:00,*,m, 149.010516252,  13.446100266,  149.377886939,  13.316963625,   296.999714035,       0.180691304,   99.19029,  39.47052,   22.1933,  -18.454,  4.99475666939186,-26.1744216,   10.3269,  268.05765,  64.49666,   10.3254, 141.3328,   0.7885,
 2026-Dec-03 13:00:00,*, , 149.011848813,  13.445810370,  149.379212696,  13.316668596,   310.246587808,      -6.087644607,   99.19060,  39.47550,   22.1936,  -18.457,  4.99412651300348,-26.2005449,   10.3249,  268.05765,  64.49666,   10.3234, 141.3351,   0.7886,
 2026-Dec-03 14:00:00,*, , 149.013189517,  13.445524832,  149.380548572,  13.316377357,   324.118720910,     -11.205861708,   99.19090,  39.48049,   22.1939,  -18.459,  4.99349557698650,-26.2387898,   10.3229,  268.05765,  64.49666,   10.3214, 141.3374,   0.7887,
 2026-Dec-03 15:00:00,C, , 149.014535089,  13.445244351,  149.381891868,  13.316090743,   338.678817903,     -14.812316822,   99.19121,  39.48548,   22.1942,  -18.461,  4.99286360361728,-26.2862092,   10.3209,  268.05765,  64.49666,   10.3195, 141.3397,   0.7888,
 2026-Dec-03 16:00:00,N, , 149.015881556,  13.444969410,  149.383239006,  13.315809405,   353.768986274,     -16.607016764,   99.19152,  39.49049,   22.1945,  -18.464,  4.99223041413072,-26.3392257,   10.3189,  268.05765,  64.49666,   10.3175, 141.3421,   0.7890,
 2026-Dec-03 17:00:00, , , 149.017224512,  13.444700245,  149.384585779,  13.315533764,     9.034268395,     -16.422949768,   99.19183,  39.49551,   22.1948,  -18.466,  4.99159592101082,-26.3938766,   10.3170,  268.05765,  64.49666,   10.3155, 141.3444,   0.7891,
 2026-Dec-03 18:00:00, , , 149.018559425,  13.444436826,  149.385927639,  13.315263980,    24.048971582,     -14.277866186,   99.19214,  39.50054,   22.1951,  -18.468,  4.99096013402935,-26.4460853,   10.3150,  268.05765,  64.49666,   10.3135, 141.3467,   0.7892,
 2026-Dec-03 19:00:00, , , 149.019881943,  13.444178861,  149.387260005,  13.314999944,    38.487774688,     -10.368360938,   99.19245,  39.50558,   22.1954,  -18.471,  4.99032315961937,-26.4919410,   10.3130,  268.05765,  64.49666,   10.3115, 141.3490,   0.7894,
 2026-Dec-03 20:00:00, , , 149.021188197,  13.443925813,  149.388578578,  13.314741283,    52.234461986,      -5.010928676,   99.19277,  39.51064,   22.1957,  -18.473,  4.98968519362527,-26.5279662,   10.3110,  268.05765,  64.49666,   10.3095, 141.3513,   0.7895,
 2026-Dec-03 21:00:00, , , 149.022475062,  13.443676942,  149.389879640,  13.314487387,    65.388376365,       1.427957808,   99.19309,  39.51569,   22.1960,  -18.476,  4.98904650792631,-26.5513555,   10.3090,  268.05765,  64.49666,   10.3075, 141.3535,   0.7896,
 2026-Dec-03 22:00:00, , , 149.023740376,  13.443431351,  149.391160302,  13.314237450,    78.214297562,       8.576510382,   99.19341,  39.52076,   22.1963,  -18.478,  4.98840743184884,-26.5601672,   10.3069,  268.05765,  64.49666,   10.3054, 141.3558,   0.7897,
 2026-Dec-03 23:00:00, , , 149.024983082,  13.443188049,  149.392418708,  13.313990525,    91.092856883,      16.067795204,   99.19373,  39.52582,   22.1966,  -18.480,  4.98776832964048,-26.5534574,   10.3049,  268.05765,  64.49666,   10.3033, 141.3581,   0.7899,
 2026-Dec-04 00:00:00, , , 149.026203307,  13.442946019,  149.393654162,  13.313745591,   104.492526877,      23.522476932,   99.19406,  39.53088,   22.1968,  -18.483,  4.98712957554919,-26.5313438,   10.3028,  268.05765,  64.49666,   10.3012, 141.3603,   0.7900,
 2026-Dec-04 01:00:00, , , 149.027402350,  13.442704287,  149.394867170,  13.313501619,   118.946419668,      30.514164169,   99.19439,  39.53594,   22.1971,  -18.485,  4.98649152821377,-26.4949984,   10.3007,  268.05765,  64.49666,   10.2991, 141.3626,   0.7901,
 2026-Dec-04 02:00:00, , , 149.028582597,  13.442461990,  149.396059416,  13.313257644,   134.980191896,      36.531089113,   99.19472,  39.54099,   22.1974,  -18.487,  4.98585450612070,-26.4465671,   10.2986,  268.05765,  64.49666,   10.2970, 141.3648,   0.7902,
 2026-Dec-04 03:00:00, ,m, 149.029747353,  13.442218433,  149.397233638,  13.313012835,   152.902419182,      40.967885146,   99.19506,  39.54603,   22.1976,  -18.490,  4.98521876580836,-26.3890230,   10.2964,  268.05765,  64.49666,   10.2948, 141.3670,   0.7903,
 2026-Dec-04 04:00:00, ,m, 149.030900618,  13.441973139,  149.398393446,  13.312766544,   172.435250822,      43.215605345,   99.19540,  39.55107,   22.1979,  -18.492,  4.98458448431207,-26.3259627,   10.2943,  268.05765,  64.49666,   10.2927, 141.3692,   0.7904,
 2026-Dec-04 05:00:00, ,m, 149.032046818,  13.441725879,  149.399543071,  13.312518358,   192.504529493,      42.890027018,   99.19573,  39.55609,   22.1981,  -18.494,  4.98395174705321,-26.2613599,   10.2921,  268.05765,  64.49666,   10.2905, 141.3714,   0.7905,
 2026-Dec-04 06:00:00,A,m, 149.033190492,  13.441476690,  149.400687081,  13.312268124,   211.709223089,      40.050547519,   99.19607,  39.56110,   22.1984,  -18.497,  4.98332054200197,-26.1992935,   10.2899,  268.05765,  64.49666,   10.2883, 141.3737,   0.7906,
 2026-Dec-04 07:00:00,N,m, 149.034335992,  13.441225874,  149.401830062,  13.312015959,   229.159898912,      35.162582780,   99.19641,  39.56610,   22.1987,  -18.499,  4.98269076051422,-26.1436683,   10.2878,  268.05765,  64.49666,   10.2862, 141.3759,   0.7907,
 2026-Dec-04 08:00:00,*,m, 149.035487175,  13.440973970,  149.402976307,  13.311762242,   244.759686745,      28.850640825,   99.19675,  39.57109,   22.1989,  -18.501,  4.98206220478564,-26.0979470,   10.2856,  268.05765,  64.49666,   10.2840, 141.3781,   0.7908,
 2026-Dec-04 09:00:00,*,m, 149.036647147,  13.440721728,  149.404129522,  13.311507592,   258.900897848,      21.700080392,   99.19708,  39.57608,   22.1992,  -18.504,  4.98143460141228,-26.0649138,   10.2834,  268.05765,  64.49666,   10.2819, 141.3803,   0.7909,
 2026-Dec-04 10:00:00,*,m, 149.037818043,  13.440470046,  149.405292571,  13.311252818,   272.123629644,      14.198675015,   99.19741,  39.58106,   22.1994,  -18.506,  4.98080762012902,-26.0464833,   10.2813,  268.05765,  64.49666,   10.2797, 141.3825,   0.7910,
 2026-Dec-04 11:00:00,*,m, 149.039000886,  13.440219919,  149.406467279,  13.310998872,   284.948519512,       6.757384265,   99.19775,  39.58604,   22.1997,  -18.508,  4.98018089644255,-26.0435692,   10.2792,  268.05765,  64.49666,   10.2776, 141.3848,   0.7911,
 2026-Dec-04 12:00:00,*,m, 149.040195514,  13.439972363,  149.407654309,  13.310746777,   297.824060220,      -0.250257613,   99.19808,  39.59102,   22.2000,  -18.511,  4.97955405660818,-26.0560222,   10.2770,  268.05765,  64.49666,   10.2755, 141.3870,   0.7912,
 2026-Dec-04 13:00:00,*, , 149.041400590,  13.439728351,  149.408853112,  13.310497561,   311.105663324,      -6.456823461,   99.19840,  39.59601,   22.2002,  -18.513,  4.97892674324002,-26.0826400,   10.2749,  268.05765,  64.49666,   10.2734, 141.3893,   0.7914,
 2026-Dec-04 14:00:00,*, , 149.042613693,  13.439488742,  149.410061970,  13.310252187,   325.022518096,     -11.489590280,   99.19873,  39.60101,   22.2005,  -18.515,  4.97829863980018,-26.1212494,   10.2728,  268.05765,  64.49666,   10.2712, 141.3915,   0.7915,
 2026-Dec-04 15:00:00,C, , 149.043831489,  13.439254226,  149.411278107,  13.310011483,   339.624267900,     -14.988918080,   99.19906,  39.60601,   22.2008,  -18.518,  4.97766949228960,-26.1688558,   10.2707,  268.05765,  64.49666,   10.2691, 141.3937,   0.7916,
 2026-Dec-04 16:00:00,N, , 149.045049949,  13.439025273,  149.412497885,  13.309776088,   354.738689596,     -16.661048954,   99.19939,  39.61103,   22.2010,  -18.520,  4.97703912665571,-26.2218476,   10.2686,  268.05765,  64.49666,   10.2670, 141.3960,   0.7917,
 2026-Dec-04 17:00:00, , , 149.046264636,  13.438802105,  149.413717048,  13.309546410,    10.001480923,     -16.349619212,   99.19972,  39.61606,   22.2013,  -18.522,  4.97640746072450,-26.2762442,   10.2665,  268.05765,  64.49666,   10.2649, 141.3982,   0.7919,
 2026-Dec-04 18:00:00, , , 149.047470998,  13.438584675,  149.414931015,  13.309322594,    24.988265893,     -14.084635661,   99.20005,  39.62109,   22.2016,  -18.525,  4.97577450984170,-26.3279679,   10.2644,  268.05765,  64.49666,   10.2628, 141.4005,   0.7920,
 2026-Dec-04 19:00:00, , , 149.048664687,  13.438372679,  149.416135195,  13.309104516,    39.384815444,     -10.072482421,   99.20038,  39.62614,   22.2019,  -18.527,  4.97514038583734,-26.3731236,   10.2622,  268.05765,  64.49666,   10.2607, 141.4027,   0.7921,
 2026-Dec-04 20:00:00, , , 149.049841855,  13.438165566,  149.417325300,  13.308891788,    53.089358444,      -4.634836455,   99.20071,  39.63120,   22.2021,  -18.530,  4.97450528937254,-26.4082659,   10.2601,  268.05765,  64.49666,   10.2585, 141.4049,   0.7922,
 2026-Dec-04 21:00:00, , , 149.050999416,  13.437962587,  149.418497637,  13.308683788,    66.213512064,       1.860478781,   99.20105,  39.63627,   22.2024,  -18.532,  4.97386949621337,-26.4306341,   10.2580,  268.05765,  64.49666,   10.2564, 141.4071,   0.7924,
 2026-Dec-04 22:00:00, , , 149.052135256,  13.437762836,  149.419649365,  13.308479700,    79.030734538,       9.041981339,   99.20139,  39.64134,   22.2026,  -18.534,  4.97323333836051,-26.4383420,   10.2558,  268.05765,  64.49666,   10.2542, 141.4093,   0.7925,
 2026-Dec-04 23:00:00, , , 149.053248384,  13.437565321,  149.420778685,  13.308278572,    91.927899220,      16.542667479,   99.20173,  39.64641,   22.2029,  -18.537,  4.97259718132675,-26.4305066,   10.2536,  268.05765,  64.49666,   10.2519, 141.4115,   0.7926,
 2026-Dec-05 00:00:00, , , 149.054338992,  13.437369026,  149.421884968,  13.308079381,   105.378436871,      23.981347023,   99.20208,  39.65148,   22.2031,  -18.539,  4.97196139912278,-26.4073088,   10.2514,  268.05765,  64.49666,   10.2497, 141.4137,   0.7927,
 2026-Dec-05 01:00:00, , , 149.055408446,  13.437172984,  149.422968793,  13.307881100,   119.918038377,      30.927248863,   99.20243,  39.65655,   22.2034,  -18.541,  4.97132634866319,-26.3699803,   10.2491,  268.05765,  64.49666,   10.2475, 141.4159,   0.7928,
 2026-Dec-05 02:00:00, , , 149.056459195,  13.436976341,  149.424031913,  13.307682774,   136.066644762,      36.862279524,   99.20278,  39.66160,   22.2036,  -18.544,  4.97069234534630,-26.3207199,   10.2469,  268.05765,  64.49666,   10.2452, 141.4180,   0.7930,
 2026-Dec-05 03:00:00, , , 149.057494598,  13.436778417,  149.425077128,  13.307483582,   154.107372066,      41.176731244,   99.20314,  39.66665,   22.2038,  -18.546,  4.97005964148078,-26.2625421,   10.2446,  268.05765,  64.49666,   10.2429, 141.4202,   0.7931,
 2026-Dec-05 04:00:00, , , 149.058518694,  13.436578752,  149.426108100,  13.307282894,   173.712917770,      43.268045521,   99.20349,  39.67169,   22.2041,  -18.548,  4.96942840903709,-26.1990710,   10.2423,  268.05765,  64.49666,   10.2406, 141.4224,   0.7932,
 2026-Dec-05 05:00:00, ,m, 149.059535931,  13.436377135,  149.427129098,  13.307080314,   193.766258476,      42.775469746,   99.20385,  39.67672,   22.2043,  -18.551,  4.96879872790559,-26.1342914,   10.2400,  268.05765,  64.49666,   10.2383, 141.4245,   0.7933,
 2026-Dec-05 06:00:00,A,m, 149.060550855,  13.436173625,  149.428144706,  13.306875708,   212.876128932,      39.788715971,   99.20420,  39.68174,   22.2045,  -18.553,  4.96817058046565,-26.0722760,   10.2377,  268.05765,  64.49666,   10.2360, 141.4266,   0.7934,
 2026-Dec-05 07:00:00,N,m, 149.061567800,  13.435968539,  149.429159509,  13.306669213,   230.203994490,      34.791335406,   99.20456,  39.68674,   22.2048,  -18.555,  4.96754385283757,-26.0169063,   10.2354,  268.05765,  64.49666,   10.2337, 141.4288,   0.7935,
 2026-Dec-05 08:00:00,*,m, 149.062590593,  13.435762437,  149.430177778,  13.306461230,   245.696057700,      28.409653471,   99.20492,  39.69174,   22.2050,  -18.558,  4.96691834273113,-25.9716064,   10.2331,  268.05765,  64.49666,   10.2314, 141.4309,   0.7936,
 2026-Dec-05 09:00:00,*,m, 149.063622289,  13.435556080,  149.431203180,  13.306252391,   259.762409290,      21.223272795,   99.20527,  39.69673,   22.2052,  -18.560,  4.96629377335267,-25.9391086,   10.2308,  268.05765,  64.49666,   10.2291, 141.4331,   0.7937,
 2026-Dec-05 10:00:00,*,m, 149.064664960,  13.435350381,  149.432238522,  13.306043522,   272.945089615,      13.714032206,   99.20562,  39.70172,   22.2054,  -18.562,  4.96566981241751,-25.9212661,   10.2285,  268.05765,  64.49666,   10.2269, 141.4353,   0.7938,
 2026-Dec-05 11:00:00,*,m, 149.065719559,  13.435146338,  149.433285561,  13.305835582,   285.760997638,       6.289351271,   99.20597,  39.70671,   22.2057,  -18.565,  4.96504609496423,-25.9189258,   10.2263,  268.05765,  64.49666,   10.2246, 141.4374,   0.7939,
 2026-Dec-05 12:00:00,*,m, 149.066785847,  13.434944970,  149.434344882,  13.305629600,   298.653307452,      -0.678373181,   99.20632,  39.71170,   22.2059,  -18.567,  4.96442224840752,-25.9318707,   10.2240,  268.05765,  64.49666,   10.2224, 141.4396,   0.7940,
 2026-Dec-05 13:00:00,*, , 149.067862413,  13.434747244,  149.435415859,  13.305426604,   311.970645492,      -6.821418346,   99.20667,  39.71669,   22.2062,  -18.569,  4.96379791811246,-25.9588346,   10.2218,  268.05765,  64.49666,   10.2201, 141.4418,   0.7941,
 2026-Dec-05 14:00:00,*, , 149.068946770,  13.434554014,  149.436496698,  13.305227548,   325.932505045,     -11.766939625,   99.20702,  39.72169,   22.2064,  -18.572,  4.96317279173809,-25.9975888,   10.2195,  268.05765,  64.49666,   10.2179, 141.4440,   0.7942,
 2026-Dec-05 15:00:00,C, , 149.070035525,  13.434365953,  149.437584557,  13.305033252,   340.575223735,     -15.157533956,   99.20736,  39.72671,   22.2066,  -18.574,  4.96254662068167,-26.0450952,   10.2173,  268.05765,  64.49666,   10.2156, 141.4461,   0.7944,
 2026-Dec-05 16:00:00,N, , 149.071124610,  13.434183518,  149.438675745,  13.304844340,   355.712307250,     -16.706014961,   99.20771,  39.73173,   22.2069,  -18.577,  4.96191923715459,-26.0977140,   10.2150,  268.05765,  64.49666,   10.2134, 141.4483,   0.7945,
 2026-Dec-05 17:00:00, , , 149.072209565,  13.434006908,  149.439765968,  13.304661199,    10.970650168,     -16.266924292,   99.20806,  39.73676,   22.2071,  -18.579,  4.96129056571959,-26.1514537,   10.2128,  268.05765,  64.49666,   10.2111, 141.4505,   0.7946,
 2026-Dec-05 18:00:00, , , 149.073285836,  13.433836060,  149.440850631,  13.304483956,    25.927953066,     -13.882524664,   99.20841,  39.74181,   22.2074,  -18.581,  4.96066062849908,-26.2022442,   10.2106,  268.05765,  64.49666,   10.2089, 141.4527,   0.7947,
 2026-Dec-05 19:00:00, , , 149.074349095,  13.433670646,  149.441925148,  13.304312464,    40.281562095,      -9.768751923,   99.20876,  39.74687,   22.2076,  -18.584,  4.96002954369693,-26.2462161,   10.2083,  268.05765,  64.49666,   10.2066, 141.4548,   0.7949,
 2026-Dec-05 20:00:00, , , 149.075395532,  13.433510097,  149.442985259,  13.304146314,    53.944189931,      -4.252179826,   99.20911,  39.75193,   22.2078,  -18.586,  4.95939751753530,-26.2799656,   10.2060,  268.05765,  64.49666,   10.2043, 141.4570,   0.7950,
 2026-Dec-05 21:00:00, , , 149.076422118,  13.433353646,  149.444027318,  13.303984865,    67.039536797,       2.298197048,   99.20947,  39.75700,   22.2081,  -18.588,  4.95876483015835,-26.3007882,   10.2037,  268.05765,  64.49666,   10.2020, 141.4591,   0.7951,
 2026-Dec-05 22:00:00, , , 149.077426813,  13.433200373,  149.445048550,  13.303827283,    79.849559113,       9.511241341,   99.20983,  39.76208,   22.2083,  -18.591,  4.95813181646838,-26.3068636,   10.2014,  268.05765,  64.49666,   10.1997, 141.4612,   0.7952,
 2026-Dec-05 23:00:00, , , 149.078408706,  13.433049276,  149.446047236,  13.303672603,    92.767284643,      17.019805171,   99.21019,  39.76716,   22.2085,  -18.593,  4.95749884320744,-26.2973811,   10.1991,  268.05765,  64.49666,   10.1974, 141.4634,   0.7954,
 2026-Dec-06 00:00:00, , , 149.079368076,  13.432899333,  149.447022831,  13.303519793,   106.271037264,      24.440692827,   99.21055,  39.77223,   22.2087,  -18.595,  4.95686628385390,-26.2725948,   10.1967,  268.05765,  64.49666,   10.1950, 141.4655,   0.7955,
 2026-Dec-06 01:00:00, , , 149.080306376,  13.432749576,  149.447976007,  13.303367823,   120.898817890,      31.338576386,   99.21092,  39.77730,   22.2090,  -18.598,  4.95623449305454,-26.2338066,   10.1944,  268.05765,  64.49666,   10.1926, 141.4676,   0.7956,
 2026-Dec-06 02:00:00, , , 149.081226135,  13.432599155,  149.448908603,  13.303215738,   137.163971040,      37.188971642,   99.21129,  39.78236,   22.2092,  -18.600,  4.95560378234362,-26.1832772,   10.1920,  268.05765,  64.49666,   10.1902, 141.4697,   0.7957,
 2026-Dec-06 03:00:00, , , 149.082130780,  13.432447397,  149.449823501,  13.303062723,   155.322463555,      41.378188562,   99.21167,  39.78742,   22.2094,  -18.603,  4.95497439881303,-26.1240710,   10.1896,  268.05765,  64.49666,   10.1878, 141.4718,   0.7958,
 2026-Dec-06 04:00:00, , , 149.083024407,  13.432293854,  149.450724426,  13.302908158,   174.996430250,      43.311073597,   99.21204,  39.79246,   22.2096,  -18.605,  4.95434650819520,-26.0598466,   10.1871,  268.05765,  64.49666,   10.1854, 141.4739,   0.7959,
 2026-Dec-06 05:00:00, , , 149.083911497,  13.432138330,  149.451615698,  13.302751661,   195.028055747,      42.651358599,   99.21242,  39.79749,   22.2098,  -18.607,  4.95372018351855,-25.9946058,   10.1847,  268.05765,  64.49666,   10.1829, 141.4759,   0.7960,
 2026-Dec-06 06:00:00,A,m, 149.084796609,  13.431980897,  149.452501926,  13.302593113,   214.039575753,      39.518897530,   99.21279,  39.80251,   22.2100,  -18.610,  4.95309540011291,-25.9324199,   10.1823,  268.05765,  64.49666,   10.1805, 141.4780,   0.7961,
 2026-Dec-06 07:00:00,N,m, 149.085684072,  13.431821890,  149.453387703,  13.302432669,   231.244333435,      34.414318033,   99.21317,  39.80752,   22.2102,  -18.612,  4.95247203730800,-25.8771504,   10.1798,  268.05765,  64.49666,   10.1781, 141.4801,   0.7962,
 2026-Dec-06 08:00:00,C,m, 149.086577683,  13.431661884,  149.454277283,  13.302270745,   246.630203374,      27.964999169,   99.21354,  39.81252,   22.2104,  -18.614,  4.95184988670870,-25.8321847,   10.1774,  268.05765,  64.49666,   10.1756, 141.4822,   0.7963,
 2026-Dec-06 09:00:00,*,m, 149.087480450,  13.431501652,  149.455174293,  13.302107990,   260.623742168,      20.744603727,   99.21391,  39.81752,   22.2106,  -18.617,  4.95122866648081,-25.8002039,   10.1750,  268.05765,  64.49666,   10.1732, 141.4843,   0.7964,
 2026-Dec-06 10:00:00,*,m, 149.088394382,  13.431342118,  149.456081483,  13.301945243,   273.768358299,      13.229136541,   99.21428,  39.82251,   22.2108,  -18.619,  4.95060804066858,-25.7829991,   10.1726,  268.05765,  64.49666,   10.1708, 141.4864,   0.7965,
 2026-Dec-06 11:00:00,*,m, 149.089320357,  13.431184287,  149.457000538,  13.301783475,   286.577044118,       5.822633691,   99.21465,  39.82750,   22.2110,  -18.621,  4.94998764222120,-25.7813488,   10.1702,  268.05765,  64.49666,   10.1684, 141.4885,   0.7967,
 2026-Dec-06 12:00:00,*,m, 149.090258055,  13.431029181,  149.457931963,  13.301623719,   299.487570130,      -1.103524239,   99.21502,  39.83249,   22.2112,  -18.624,  4.94936709815038,-25.7949650,   10.1678,  268.05765,  64.49666,   10.1660, 141.4906,   0.7968,
 2026-Dec-06 13:00:00,*, , 149.091205983,  13.430877768,  149.458875044,  13.301467005,   312.841613686,      -7.181278344,   99.21539,  39.83749,   22.2114,  -18.626,  4.94874605509623,-25.8225137,   10.1654,  268.05765,  64.49666,   10.1637, 141.4927,   0.7969,
 2026-Dec-06 14:00:00,*, , 149.092161579,  13.430730893,  149.459827903,  13.301314287,   326.848701719,     -12.037749991,   99.21575,  39.84250,   22.2116,  -18.628,  4.94812420354986,-25.8617055,   10.1630,  268.05765,  64.49666,   10.1613, 141.4948,   0.7970,
 2026-Dec-06 15:00:00,C, , 149.093121379,  13.430589224,  149.460787620,  13.301166376,   341.531630701,     -15.318018298,   99.21612,  39.84752,   22.2118,  -18.631,  4.94750129907366,-25.9094526,   10.1606,  268.05765,  64.49666,   10.1589, 141.4969,   0.7971,
 2026-Dec-06 16:00:00,N, , 149.094081264,  13.430453205,  149.461750435,  13.301023888,   356.689725472,     -16.741808342,   99.21648,  39.85254,   22.2120,  -18.633,  4.94687717906575,-25.9620805,   10.1583,  268.05765,  64.49666,   10.1565, 141.4990,   0.7972,
 2026-Dec-06 17:00:00, , , 149.095036735,  13.430323024,  149.462712006,  13.300887199,    11.941650832,     -16.174813046,   99.21685,  39.85758,   22.2122,  -18.635,  4.94625177392038,-26.0155792,   10.1559,  268.05765,  64.49666,   10.1542, 141.5011,   0.7974,
 2026-Dec-06 18:00:00, , , 149.095983222,  13.430198602,  149.463667707,  13.300756418,    26.867945019,     -13.671531175,   99.21722,  39.86263,   22.2125,  -18.638,  4.94562511181974,-26.0658782,   10.1535,  268.05765,  64.49666,   10.1518, 141.5032,   0.7975,
 2026-Dec-06 19:00:00, , , 149.096916400,  13.430079597,  149.464612941,  13.300631386,    41.177985799,      -9.457201188,   99.21759,  39.86769,   22.2127,  -18.640,  4.94499731682941,-26.1091248,   10.1511,  268.05765,  64.49666,   10.1494, 141.5053,   0.7976,
 2026-Dec-06 20:00:00, , , 149.097832482,  13.429965429,  149.465543458,  13.300511679,    54.798984480,      -3.863009463,   99.21796,  39.87276,   22.2129,  -18.642,  4.94436860042753,-26.1419484,   10.1487,  268.05765,  64.49666,   10.1469, 141.5074,   0.7978,
 2026-Dec-06 21:00:00, , , 149.098728478,  13.429855320,  149.466455645,  13.300396643,    67.866525971,       2.741049850,   99.21833,  39.87784,   22.2131,  -18.645,  4.94373924704802,-26.1616912,   10.1463,  268.05765,  64.49666,   10.1445, 141.5095,   0.7979,
 2026-Dec-06 22:00:00, , , 149.099602404,  13.429748344,  149.467346774,  13.300285436,    80.670888597,       9.984214163,   99.21871,  39.88292,   22.2133,  -18.647,  4.94310959462806,-26.1665899,   10.1439,  268.05765,  64.49666,   10.1420, 141.5115,   0.7980,
 2026-Dec-06 23:00:00, , , 149.100453414,  13.429643494,  149.468215190,  13.300177084,    93.611171682,      17.499110665,   99.21909,  39.88800,   22.2135,  -18.650,  4.94248001149151,-26.1558967,   10.1414,  268.05765,  64.49666,   10.1396, 141.5136,   0.7981,
 2026-Dec-07 00:00:00, , , 149.101281859,  13.429539751,  149.469060420,  13.300070555,   107.170523065,      24.900382762,   99.21948,  39.89308,   22.2137,  -18.652,  4.94185087115094,-26.1299307,   10.1389,  268.05765,  64.49666,   10.1371, 141.5156,   0.7983,
 2026-Dec-07 01:00:00, , , 149.102089264,  13.429436150,  149.469883211,  13.299964820,   121.888958777,      31.747968756,   99.21986,  39.89815,   22.2138,  -18.654,  4.94122252675306,-26.0900557,   10.1364,  268.05765,  64.49666,   10.1345, 141.5177,   0.7984,
 2026-Dec-07 02:00:00, , , 149.102878223,  13.429331853,  149.470685477,  13.299858932,   138.272287355,      37.510943750,   99.22025,  39.90321,   22.2140,  -18.657,  4.94059528693159,-26.0385862,   10.1339,  268.05765,  64.49666,   10.1320, 141.5197,   0.7985,
 2026-Dec-07 03:00:00, , , 149.103652222,  13.429226197,  149.471470168,  13.299752085,   156.547595079,      41.572035768,   99.22065,  39.90827,   22.2142,  -18.659,  4.93996939469915,-25.9786300,   10.1313,  268.05765,  64.49666,   10.1294, 141.5217,   0.7986,
 2026-Dec-07 04:00:00, , , 149.104415401,  13.429118750,  149.472241065,  13.299643673,   176.285467922,      43.344551975,   99.22104,  39.91332,   22.2144,  -18.661,  4.93934501083907,-25.9138742,   10.1288,  268.05765,  64.49666,   10.1269, 141.5237,   0.7987,
 2026-Dec-07 05:00:00, , , 149.105172266,  13.429009332,  149.473002528,  13.299533329,   196.289603438,      42.517684058,   99.22143,  39.91835,   22.2145,  -18.664,  4.93872220293245,-25.8483333,   10.1262,  268.05765,  64.49666,   10.1243, 141.5258,   0.7988,
 2026-Dec-07 06:00:00,A, , 149.105927388,  13.428898034,  149.473759190,  13.299420955,   215.199429948,      39.241168703,   99.22183,  39.92337,   22.2147,  -18.666,  4.93810094076913,-25.7860736,   10.1236,  268.05765,  64.49666,   10.1217, 141.5278,   0.7989,
 2026-Dec-07 07:00:00,N, , 149.106685083,  13.428785206,  149.474515644,  13.299306721,   232.280938732,      34.031632599,   99.22222,  39.92838,   22.2149,  -18.668,  4.93748109845898,-25.7309350,   10.1211,  268.05765,  64.49666,   10.1192, 141.5298,   0.7990,
 2026-Dec-07 08:00:00,C,m, 149.107449119,  13.428671438,  149.475276128,  13.299191059,   247.562214688,      27.516778499,   99.22261,  39.93339,   22.2150,  -18.671,  4.93686246309775,-25.6862680,   10.1185,  268.05765,  64.49666,   10.1166, 141.5318,   0.7991,
 2026-Dec-07 09:00:00,*,m, 149.108222459,  13.428557515,  149.476044231,  13.299074635,   261.485004458,      20.264171616,   99.22300,  39.93838,   22.2152,  -18.673,  4.93624474939341,-25.6547036,   10.1159,  268.05765,  64.49666,   10.1141, 141.5338,   0.7992,
 2026-Dec-07 10:00:00,*,m, 149.109007054,  13.428444367,  149.476822652,  13.298958296,   274.593543120,      12.744092163,   99.22339,  39.94338,   22.2154,  -18.675,  4.93562761925042,-25.6379741,   10.1134,  268.05765,  64.49666,   10.1115, 141.5358,   0.7993,
 2026-Dec-07 11:00:00,*,m, 149.109803713,  13.428333006,  149.477613010,  13.298843020,   287.396759094,       5.357349575,   99.22378,  39.94837,   22.2156,  -18.678,  4.93501070496928,-25.6367937,   10.1109,  268.05765,  64.49666,   10.1090, 141.5379,   0.7994,
 2026-Dec-07 12:00:00,*,m, 149.110612047,  13.428224450,  149.478415738,  13.298729843,   300.326931401,      -1.525573887,   99.22417,  39.95337,   22.2157,  -18.680,  4.93439363447187,-25.6508099,   10.1083,  268.05765,  64.49666,   10.1065, 141.5399,   0.7995,
 2026-Dec-07 13:00:00,*, , 149.111430493,  13.428119662,  149.479230049,  13.298619792,   313.718615484,      -7.536249398,   99.22455,  39.95837,   22.2159,  -18.682,  4.93377605682375,-25.6786279,   10.1058,  268.05765,  64.49666,   10.1040, 141.5420,   0.7996,
 2026-Dec-07 14:00:00,*, , 149.112256424,  13.428019476,  149.480053991,  13.298513812,   327.771096007,     -12.301862355,   99.22494,  39.96338,   22.2161,  -18.685,  4.93315766630483,-25.7179065,   10.1033,  268.05765,  64.49666,   10.1015, 141.5440,   0.7998,
 2026-Dec-07 15:00:00,C, , 149.113086325,  13.427924546,  149.480884583,  13.298412702,   342.493403887,     -15.470230309,   99.22532,  39.96839,   22.2163,  -18.687,  4.93253822337923,-25.7655180,   10.1008,  268.05765,  64.49666,   10.0990, 141.5460,   0.7999,
 2026-Dec-07 16:00:00,N, , 149.113916040,  13.427835296,  149.481718015,  13.298317061,   357.670805729,     -16.768332073,   99.22570,  39.97342,   22.2165,  -18.690,  4.93191757112770,-25.8177631,   10.0983,  268.05765,  64.49666,   10.0965, 141.5481,   0.8000,
 2026-Dec-07 17:00:00, , , 149.114741050,  13.427751897,  149.482549912,  13.298227246,    12.914340634,     -16.073244960,   99.22609,  39.97847,   22.2167,  -18.692,  4.93129564601693,-25.8706244,   10.0958,  268.05765,  64.49666,   10.0939, 141.5501,   0.8001,
 2026-Dec-07 18:00:00, , , 149.115556788,  13.427674247,  149.483375635,  13.298143346,    27.808143790,     -13.451664284,   99.22647,  39.98352,   22.2168,  -18.694,  4.93067248226810,-25.9200416,   10.0933,  268.05765,  64.49666,   10.0914, 141.5522,   0.8003,
 2026-Dec-07 19:00:00, , , 149.116358947,  13.427601985,  149.484190594,  13.298065179,    42.074052665,      -9.137871200,   99.22686,  39.98858,   22.2170,  -18.697,  4.93004820952558,-25.9621899,   10.0907,  268.05765,  64.49666,   10.0889, 141.5542,   0.8004,
 2026-Dec-07 20:00:00, , , 149.117143781,  13.427534512,  149.484990568,  13.297992301,    55.653768162,      -3.467382850,   99.22725,  39.99365,   22.2172,  -18.699,  4.92942304398558,-25.9937422,   10.0882,  268.05765,  64.49666,   10.0863, 141.5562,   0.8005,
 2026-Dec-07 21:00:00, , , 149.117908358,  13.427471034,  149.485771991,  13.297924040,    68.694555422,       3.188970053,   99.22764,  39.99873,   22.2174,  -18.701,  4.92879727359274,-26.0120967,   10.0856,  268.05765,  64.49666,   10.0837, 141.5582,   0.8007,
 2026-Dec-07 22:00:00, , , 149.118650763,  13.427410612,  149.486532200,  13.297859538,    81.494843057,      10.460821370,   99.22804,  40.00381,   22.2175,  -18.704,  4.92817123831892,-26.0155561,   10.0831,  268.05765,  64.49666,   10.0811, 141.5602,   0.8008,
 2026-Dec-07 23:00:00, , , 149.119370227,  13.427352234,  149.487269613,  13.297797812,    94.459723951,      17.980485843,   99.22844,  40.00889,   22.2177,  -18.706,  4.92754530687568,-26.0034429,   10.0805,  268.05765,  64.49666,   10.0785, 141.5622,   0.8009,
 2026-Dec-08 00:00:00, , , 149.120067184,  13.427294875,  149.487983842,  13.297737823,   108.077096044,      25.360285869,   99.22884,  40.01397,   22.2179,  -18.708,  4.92691985145602,-25.9761469,   10.0778,  268.05765,  64.49666,   10.0759, 141.5642,   0.8010,
 2026-Dec-08 01:00:00, , , 149.120743238,  13.427237575,  149.488675718,  13.297678542,   122.888667541,      32.155249470,   99.22925,  40.01905,   22.2180,  -18.711,  4.92629522223646,-25.9350976,   10.0752,  268.05765,  64.49666,   10.0732, 141.5661,   0.8011,
 2026-Dec-08 02:00:00, , , 149.121401055,  13.427179502,  149.489347234,  13.297619025,   139.391710966,      37.827977499,   99.22966,  40.02411,   22.2182,  -18.713,  4.92567172338670,-25.8826671,   10.0725,  268.05765,  64.49666,   10.0706, 141.5681,   0.8012,
 2026-Dec-08 03:00:00, , , 149.122044182,  13.427120006,  149.490001410,  13.297558478,   157.782663900,      41.758059403,   99.23007,  40.02917,   22.2183,  -18.716,  4.92504959223129,-25.8220070,   10.0698,  268.05765,  64.49666,   10.0679, 141.5701,   0.8013,
 2026-Dec-08 04:00:00, , , 149.122676799,  13.427058669,  149.490642084,  13.297496309,   177.579715915,      43.368355619,   99.23048,  40.03421,   22.2185,  -18.718,  4.92442898299143,-25.7568328,   10.0671,  268.05765,  64.49666,   10.0652, 141.5720,   0.8015,
 2026-Dec-08 05:00:00, , , 149.123303439,  13.426995331,  149.491273651,  13.297432168,   197.550607821,      42.374448090,   99.23089,  40.03925,   22.2186,  -18.720,  4.92380995622166,-25.6911688,   10.0644,  268.05765,  64.49666,   10.0625, 141.5739,   0.8016,
 2026-Dec-08 06:00:00,A, , 149.123928674,  13.426930099,  149.491900762,  13.297365975,   216.355587880,      38.955611975,   99.23130,  40.04427,   22.2187,  -18.723,  4.92319247466553,-25.6290731,   10.0617,  268.05765,  64.49666,   10.0598, 141.5759,   0.8017,
 2026-Dec-08 07:00:00,N, , 149.124556800,  13.426863346,  149.492528003,  13.297297922,   233.313858396,      33.643382672,   99.23172,  40.04928,   22.2189,  -18.725,  4.92257640581491,-25.5743587,   10.0590,  268.05765,  64.49666,   10.0571, 141.5778,   0.8018,
 2026-Dec-08 08:00:00,C, , 149.125191544,  13.426795679,  149.493159582,  13.297228464,   248.492202215,      27.065091869,   99.23213,  40.05428,   22.2190,  -18.727,  4.92196153099760,-25.5303324,   10.0563,  268.05765,  64.49666,   10.0544, 141.5798,   0.8019,
 2026-Dec-08 09:00:00,*,m, 149.125835811,  13.426727900,  149.493799039,  13.297158281,   262.346320406,      19.782074511,   99.23253,  40.05928,   22.2192,  -18.730,  4.92134756037123,-25.4995684,   10.0536,  268.05765,  64.49666,   10.0517, 141.5817,   0.8020,
 2026-Dec-08 10:00:00,*,m, 149.126491479,  13.426660953,  149.494449005,  13.297088241,   275.420765407,      12.259003435,   99.23294,  40.06427,   22.2193,  -18.732,  4.92073415279597,-25.4837313,   10.0510,  268.05765,  64.49666,   10.0490, 141.5837,   0.8021,
 2026-Dec-08 11:00:00,*,m, 149.127159274,  13.426595857,  149.495111018,  13.297019331,   288.220254224,       4.893618153,   99.23335,  40.06927,   22.2195,  -18.734,  4.92012093922465,-25.4834626,   10.0483,  268.05765,  64.49666,   10.0464, 141.5857,   0.8022,
 2026-Dec-08 12:00:00,*,m, 149.127838718,  13.426533638,  149.495785421,  13.296952598,   301.171482834,      -1.944383152,   99.23375,  40.07426,   22.2196,  -18.737,  4.91950754800781,-25.4983359,   10.0456,  268.05765,  64.49666,   10.0437, 141.5876,   0.8023,
 2026-Dec-08 13:00:00,*, , 149.128528160,  13.426475258,  149.496471335,  13.296889072,   314.601702815,      -7.886175089,   99.23415,  40.07926,   22.2198,  -18.739,  4.91889363037984,-25.5268864,   10.0430,  268.05765,  64.49666,   10.0411, 141.5896,   0.8024,
 2026-Dec-08 14:00:00,*, , 149.129224891,  13.426421547,  149.497166719,  13.296829695,   328.699675714,     -12.559116197,   99.23456,  40.08427,   22.2199,  -18.741,  4.91827888438021,-25.5667114,   10.0403,  268.05765,  64.49666,   10.0384, 141.5916,   0.8025,
 2026-Dec-08 15:00:00,C, , 149.129925329,  13.426373152,  149.497868509,  13.296775263,   343.460455184,     -15.614029772,   99.23496,  40.08929,   22.2201,  -18.744,  4.91766307557081,-25.6146340,   10.0377,  268.05765,  64.49666,   10.0358, 141.5936,   0.8027,
 2026-Dec-08 16:00:00,N, , 149.130625261,  13.426330487,  149.498572831,  13.296726363,   358.655405915,     -16.785492236,   99.23536,  40.09432,   22.2202,  -18.746,  4.91704605313006,-25.6669216,   10.0351,  268.05765,  64.49666,   10.0331, 141.5955,   0.8028,
 2026-Dec-08 17:00:00, , , 149.131320134,  13.426293706,  149.499275260,  13.296683340,    13.888575169,     -15.962184582,   99.23576,  40.09937,   22.2204,  -18.748,  4.91642776022108,-25.7195406,   10.0324,  268.05765,  64.49666,   10.0305, 141.5975,   0.8029,
 2026-Dec-08 18:00:00, , , 149.132005366,  13.426262697,  149.499971129,  13.296646269,    28.748450215,     -13.222939368,   99.23617,  40.10442,   22.2205,  -18.751,  4.91580823792354,-25.7684333,   10.0298,  268.05765,  64.49666,   10.0278, 141.5995,   0.8030,
 2026-Dec-08 19:00:00, , , 149.132676660,  13.426237081,  149.500655842,  13.296614951,    42.969727086,      -8.810810348,   99.23657,  40.10948,   22.2207,  -18.753,  4.91518762245930,-25.8097956,   10.0271,  268.05765,  64.49666,   10.0251, 141.6014,   0.8032,
 2026-Dec-08 20:00:00, , , 149.133330297,  13.426216247,  149.501325195,  13.296588928,    56.508564136,      -3.065366352,   99.23698,  40.11456,   22.2208,  -18.755,  4.91456613590198,-25.8403374,   10.0244,  268.05765,  64.49666,   10.0225, 141.6034,   0.8033,
 2026-Dec-08 21:00:00, , , 149.133963391,  13.426199389,  149.501975661,  13.296567512,    69.523697034,       3.641879787,   99.23739,  40.11963,   22.2210,  -18.758,  4.91394407100609,-25.8575082,   10.0217,  268.05765,  64.49666,   10.0197, 141.6053,   0.8034,
 2026-Dec-08 22:00:00, , , 149.134574089,  13.426185560,  149.502604632,  13.296549835,    82.321537896,      10.940971756,   99.23781,  40.12471,   22.2211,  -18.760,  4.91332177119491,-25.8596717,   10.0190,  268.05765,  64.49666,   10.0170, 141.6073,   0.8035,
 2026-Dec-08 23:00:00, , , 149.135161695,  13.426173742,  149.503210596,  13.296534906,    95.313099600,      18.463817793,   99.23823,  40.12980,   22.2213,  -18.763,  4.91269960707734,-25.8462177,   10.0163,  268.05765,  64.49666,   10.0143, 141.6092,   0.8037,
 2026-Dec-09 00:00:00, , , 149.135726722,  13.426162910,  149.503793246,  13.296521680,   108.990950365,      25.820254666,   99.23865,  40.13487,   22.2214,  -18.765,  4.91207795110216,-25.8176043,   10.0135,  268.05765,  64.49666,   10.0115, 141.6111,   0.8038,
 2026-Dec-09 01:00:00, , , 149.136270852,  13.426152106,  149.504353495,  13.296509130,   123.898137155,      32.560224804,   99.23907,  40.13995,   22.2215,  -18.767,  4.91145715208570,-25.7753263,   10.0107,  268.05765,  64.49666,   10.0087, 141.6130,   0.8039,
 2026-Dec-09 02:00:00, , , 149.136796826,  13.426140506,  149.504893418,  13.296496316,   140.522333912,      38.139839489,   99.23950,  40.14501,   22.2216,  -18.770,  4.91083751135760,-25.7218129,   10.0079,  268.05765,  64.49666,   10.0059, 141.6149,   0.8040,
 2026-Dec-09 03:00:00, , , 149.137308251,  13.426127469,  149.505416110,  13.296482451,   159.027531043,      41.936037826,   99.23992,  40.15007,   22.2218,  -18.772,  4.91021926215867,-25.6602612,   10.0051,  268.05765,  64.49666,   10.0031, 141.6168,   0.8041,
 2026-Dec-09 04:00:00, , , 149.137809360,  13.426112591,  149.505925470,  13.296466954,   178.878828714,      43.382359896,   99.24035,  40.15511,   22.2219,  -18.774,  4.90960255370241,-25.5944176,   10.0023,  268.05765,  64.49666,   10.0002, 141.6186,   0.8042,
 2026-Dec-09 05:00:00, , , 149.138304717,  13.426095726,  149.506425940,  13.296449491,   198.810761403,      42.221656574,   99.24078,  40.16014,   22.2220,  -18.777,  4.90898744099233,-25.5283206,    9.9994,  268.05765,  64.49666,    9.9974, 141.6205,   0.8043,
 2026-Dec-09 06:00:00,A, , 149.138798904,  13.426076996,  149.506922196,  13.296429996,   217.507939196,      38.662312755,   99.24121,  40.16516,   22.2221,  -18.779,  4.90837388109382,-25.4660245,    9.9966,  268.05765,  64.49666,    9.9945, 141.6224,   0.8044,
 2026-Dec-09 07:00:00,N, , 149.139296213,  13.426056786,  149.507418831,  13.296408676,   234.343132989,      33.249673844,   99.24164,  40.17017,   22.2222,  -18.781,  4.90776173611663,-25.4113216,    9.9938,  268.05765,  64.49666,    9.9917, 141.6243,   0.8045,
 2026-Dec-09 08:00:00,C, , 149.139800344,  13.426035717,  149.507920037,  13.296385999,   249.420269046,      26.610041795,   99.24207,  40.17517,   22.2223,  -18.784,  4.90715078268824,-25.3674831,    9.9909,  268.05765,  64.49666,    9.9889, 141.6262,   0.8046,
 2026-Dec-09 09:00:00,*, , 149.140314159,  13.426014601,  149.508429320,  13.296362660,   263.207808733,      19.298412878,   99.24250,  40.18017,   22.2224,  -18.786,  4.90654072729467,-25.3370339,    9.9881,  268.05765,  64.49666,    9.9861, 141.6280,   0.8047,
 2026-Dec-09 10:00:00,*,m, 149.140839479,  13.425994387,  149.508949261,  13.296339533,   276.250143690,      11.773977303,   99.24292,  40.18516,   22.2225,  -18.788,  4.90593122642010,-25.3215809,    9.9853,  268.05765,  64.49666,    9.9833, 141.6299,   0.8048,
 2026-Dec-09 11:00:00,*,m, 149.141376965,  13.425976097,  149.509481334,  13.296317613,   289.047640969,       4.431561265,   99.24335,  40.19015,   22.2227,  -18.791,  4.90532191010810,-25.3217022,    9.9825,  268.05765,  64.49666,    9.9805, 141.6318,   0.8050,
 2026-Dec-09 12:00:00,*,m, 149.141926069,  13.425960753,  149.510025812,  13.296297944,   302.021317838,      -2.359810504,   99.24377,  40.19515,   22.2228,  -18.793,  4.90471240733299,-25.3369079,    9.9797,  268.05765,  64.49666,    9.9777, 141.6337,   0.8051,
 2026-Dec-09 13:00:00,*,m, 149.142485073,  13.425949308,  149.510581741,  13.296281552,   315.490930864,      -8.230896631,   99.24419,  40.20015,   22.2229,  -18.795,  4.90410237144074,-25.3656741,    9.9769,  268.05765,  64.49666,    9.9749, 141.6356,   0.8052,
 2026-Dec-09 14:00:00,*, , 149.143051205,  13.425942584,  149.511147009,  13.296269372,   329.634433340,     -12.809348982,   99.24461,  40.20515,   22.2230,  -18.798,  4.90349150391707,-25.4055468,    9.9741,  268.05765,  64.49666,    9.9721, 141.6376,   0.8053,
 2026-Dec-09 15:00:00,C, , 149.143620831,  13.425941211,  149.511718493,  13.296262186,   344.432704074,     -15.749274633,   99.24503,  40.21017,   22.2232,  -18.800,  4.90287957485440,-25.4533108,    9.9714,  268.05765,  64.49666,    9.9693, 141.6395,   0.8054,
 2026-Dec-09 16:00:00,N, , 149.144189703,  13.425945585,  149.512292267,  13.296260565,   359.643396591,     -16.793192117,   99.24545,  40.21520,   22.2233,  -18.803,  4.90226643871627,-25.5052096,    9.9686,  268.05765,  64.49666,    9.9666, 141.6414,   0.8056,
 2026-Dec-09 17:00:00, , , 149.144753248,  13.425955842,  149.512863874,  13.296264834,    14.864228249,     -15.841590834,   99.24587,  40.22024,   22.2234,  -18.805,  4.90165204431930,-25.5572030,    9.9658,  268.05765,  64.49666,    9.9638, 141.6433,   0.8057,
 2026-Dec-09 18:00:00, , , 149.145306886,  13.425971849,  149.513428632,  13.296275048,    29.688786785,     -12.985361919,   99.24629,  40.22529,   22.2235,  -18.807,  4.90103643834929,-25.6052439,    9.9630,  268.05765,  64.49666,    9.9610, 141.6452,   0.8058,
 2026-Dec-09 19:00:00, , , 149.145846337,  13.425993208,  149.513981955,  13.296290989,    43.864995892,      -8.476052715,   99.24671,  40.23036,   22.2237,  -18.810,  4.90041976217111,-25.6455558,    9.9602,  268.05765,  64.49666,    9.9582, 141.6471,   0.8059,
 2026-Dec-09 20:00:00, , , 149.146367923,  13.426019292,  149.514519665,  13.296312178,    57.363417475,      -2.657008481,   99.24714,  40.23543,   22.2238,  -18.812,  4.89980224215095,-25.6748914,    9.9574,  268.05765,  64.49666,    9.9553, 141.6489,   0.8061,
 2026-Dec-09 21:00:00, , , 149.146868812,  13.426049280,  149.515038279,  13.296337914,    70.354044197,       4.099721320,   99.24757,  40.24050,   22.2239,  -18.814,  4.89918417415471,-25.6907550,    9.9546,  268.05765,  64.49666,    9.9525, 141.6508,   0.8062,
 2026-Dec-09 22:00:00, , , 149.147347217,  13.426082217,  149.515535251,  13.296367313,    83.151110433,      11.424595189,   99.24800,  40.24558,   22.2240,  -18.817,  4.89856590328440,-25.6915737,    9.9517,  268.05765,  64.49666,    9.9496, 141.6527,   0.8063,
 2026-Dec-09 23:00:00, , , 149.147802517,  13.426117079,  149.516009142,  13.296399378,    96.171479885,      18.949014248,   99.24844,  40.25066,   22.2241,  -18.819,  4.89794780024149,-25.6768051,    9.9488,  268.05765,  64.49666,    9.9467, 141.6545,   0.8064,
 2026-Dec-10 00:00:00, , , 149.148235300,  13.426152841,  149.516459722,  13.296433061,   109.912304369,      26.280160559,   99.24888,  40.25574,   22.2242,  -18.821,  4.89733023593694,-25.6469744,    9.9460,  268.05765,  64.49666,    9.9438, 141.6564,   0.8066,
 2026-Dec-10 01:00:00, , , 149.148647325,  13.426188552,  149.516887985,  13.296467335,   124.917583393,      32.962717378,   99.24932,  40.26081,   22.2243,  -18.824,  4.89671355608757,-25.6036382,    9.9430,  268.05765,  64.49666,    9.9409, 141.6582,   0.8067,
 2026-Dec-10 02:00:00, , , 149.149041395,  13.426223395,  149.517296079,  13.296501270,   141.664265025,      38.446310959,   99.24976,  40.26587,   22.2244,  -18.826,  4.89609805754014,-25.5492780,    9.9401,  268.05765,  64.49666,    9.9379, 141.6600,   0.8068,
 2026-Dec-10 03:00:00, , , 149.149421175,  13.426256747,  149.517687163,  13.296534091,   160.282069461,      42.105764924,   99.25021,  40.27092,   22.2245,  -18.829,  4.89548396794536,-25.4871302,    9.9371,  268.05765,  64.49666,    9.9350, 141.6618,   0.8069,
 2026-Dec-10 04:00:00, , , 149.149790932,  13.426288219,  149.518065187,  13.296565233,   180.182482102,      43.386456437,   99.25065,  40.27596,   22.2246,  -18.831,  4.89487143017530,-25.4209640,    9.9342,  268.05765,  64.49666,    9.9320, 141.6636,   0.8070,
 2026-Dec-10 05:00:00, , , 149.150155246,  13.426317685,  149.518434623,  13.296594381,   200.069792097,      42.059327107,   99.25110,  40.28099,   22.2247,  -18.833,  4.89426049255186,-25.3548232,    9.9312,  268.05765,  64.49666,    9.9290, 141.6655,   0.8071,
 2026-Dec-10 06:00:00,A, , 149.150518697,  13.426345291,  149.518800156,  13.296621491,   218.656408030,      38.361361118,   99.25155,  40.28600,   22.2247,  -18.836,  4.89365110555647,-25.2927487,    9.9282,  268.05765,  64.49666,    9.9261, 141.6673,   0.8072,
 2026-Dec-10 07:00:00,N, , 149.150885550,  13.426371440,  149.519166367,  13.296646792,   235.368827629,      32.850612031,   99.25200,  40.29101,   22.2248,  -18.838,  4.89304312524647,-25.2385020,    9.9253,  268.05765,  64.49666,    9.9231, 141.6691,   0.8073,
 2026-Dec-10 08:00:00,C, , 149.151259462,  13.426396774,  149.519537415,  13.296670774,   250.346534011,      26.151729936,   99.25244,  40.29600,   22.2249,  -18.840,  4.89243632314399,-25.1953070,    9.9223,  268.05765,  64.49666,    9.9201, 141.6709,   0.8074,
 2026-Dec-10 09:00:00,*, , 149.151643231,  13.426422120,  149.519916753,  13.296694149,   264.069597787,      18.813286845,   99.25289,  40.30100,   22.2250,  -18.843,  4.89183040192005,-25.1656293,    9.9193,  268.05765,  64.49666,    9.9172, 141.6727,   0.8075,
 2026-Dec-10 10:00:00,*, , 149.152038603,  13.426448442,  149.520306889,  13.296717809,   277.081801378,      11.289121518,   99.25333,  40.30598,   22.2251,  -18.845,  4.89122501579849,-25.1510066,    9.9164,  268.05765,  64.49666,    9.9142, 141.6745,   0.8076,
 2026-Dec-10 11:00:00,*,m, 149.152446155,  13.426476768,  149.520709219,  13.296742759,   289.879031069,       3.971302651,   99.25377,  40.31097,   22.2252,  -18.847,  4.89061979428198,-25.1519438,    9.9134,  268.05765,  64.49666,    9.9113, 141.6764,   0.8077,
 2026-Dec-10 12:00:00,*,m, 149.152865252,  13.426508125,  149.521123924,  13.296770050,   302.876524910,      -2.771712060,   99.25421,  40.31596,   22.2253,  -18.850,  4.89001436757390,-25.1678782,    9.9105,  268.05765,  64.49666,    9.9084, 141.6782,   0.8078,
 2026-Dec-10 13:00:00,*,m, 149.153294092,  13.426543465,  149.521549961,  13.296800712,   316.386343981,      -8.570253726,   99.25464,  40.32096,   22.2254,  -18.852,  4.88940839195395,-25.1972178,    9.9076,  268.05765,  64.49666,    9.9055, 141.6800,   0.8080,
 2026-Dec-10 14:00:00,*,m, 149.153729825,  13.426583604,  149.521985134,  13.296835675,   330.575344850,     -13.052399312,   99.25508,  40.32596,   22.2255,  -18.854,  4.88880157336892,-25.2374503,    9.9047,  268.05765,  64.49666,    9.9026, 141.6819,   0.8081,
 2026-Dec-10 15:00:00,C, , 149.154168755,  13.426629161,  149.522426244,  13.296875711,   345.410050063,     -15.875828246,   99.25552,  40.33098,   22.2256,  -18.857,  4.88819368762155,-25.2853157,    9.9018,  268.05765,  64.49666,    9.8997, 141.6837,   0.8082,
 2026-Dec-10 16:00:00,N, , 149.154606585,  13.426680518,  149.522869306,  13.296921381,     0.634628589,     -16.791345168,   99.25596,  40.33600,   22.2257,  -18.859,  4.88758459577455,-25.3370287,    9.8989,  268.05765,  64.49666,    9.8967, 141.6856,   0.8083,
 2026-Dec-10 17:00:00, , , 149.155038719,  13.426737796,  149.523309822,  13.296972993,    15.841156608,     -15.711436720,   99.25639,  40.34104,   22.2258,  -18.861,  4.88697425371363,-25.3885390,    9.8959,  268.05765,  64.49666,    9.8938, 141.6874,   0.8084,
 2026-Dec-10 18:00:00, , , 149.155460569,  13.426800843,  149.523743094,  13.297030584,    30.629061342,     -12.738954266,   99.25683,  40.34609,   22.2259,  -18.864,  4.88636271521434,-25.4358081,    9.8930,  268.05765,  64.49666,    9.8909, 141.6892,   0.8086,
 2026-Dec-10 19:00:00, , , 149.155867877,  13.426869245,  149.524164539,  13.297093916,    44.759832457,      -8.133651322,   99.25727,  40.35115,   22.2259,  -18.866,  4.88575012830207,-25.4750864,    9.8901,  268.05765,  64.49666,    9.8879, 141.6910,   0.8087,
 2026-Dec-10 20:00:00, , , 149.156257000,  13.426942356,  149.524570007,  13.297162495,    58.218360331,      -2.242378509,   99.25772,  40.35622,   22.2260,  -18.868,  4.88513672515391,-25.5031697,    9.8871,  268.05765,  64.49666,    9.8850, 141.6929,   0.8088,
 2026-Dec-10 21:00:00, , , 149.156625165,  13.427019343,  149.524956064,  13.297235599,    71.185677852,       4.562414568,   99.25817,  40.36129,   22.2261,  -18.871,  4.88452280623419,-25.5176194,    9.8842,  268.05765,  64.49666,    9.8820, 141.6947,   0.8090,
 2026-Dec-10 22:00:00, , , 149.156970657,  13.427099239,  149.525320230,  13.297312332,    83.983685993,      11.911597919,   99.25862,  40.36636,   22.2262,  -18.873,  4.88390871974958,-25.5169292,    9.8812,  268.05765,  64.49666,    9.8790, 141.6965,   0.8091,
 2026-Dec-10 23:00:00, , , 149.157292936,  13.427181011,  149.525661146,  13.297391686,    97.035034014,      19.435958464,   99.25907,  40.37144,   22.2263,  -18.876,  4.88329483783122,-25.5006284,    9.8782,  268.05765,  64.49666,    9.8760, 141.6982,   0.8092,
 2026-Dec-11 00:00:00, , , 149.157592677,  13.427263634,  149.525978671,  13.297472605,   110.841362428,      26.739850229,   99.25952,  40.37651,   22.2264,  -18.878,  4.88268153107523,-25.4693145,    9.8751,  268.05765,  64.49666,    9.8729, 141.7000,   0.8093,
 2026-Dec-11 01:00:00, , , 149.157871724,  13.427346155,  149.526273888,  13.297554062,   125.947201771,      33.362526203,   99.25998,  40.38157,   22.2264,  -18.880,  4.88206914318543,-25.4246122,    9.8721,  268.05765,  64.49666,    9.8698, 141.7018,   0.8094,
 2026-Dec-11 02:00:00, , , 149.158132959,  13.427427764,  149.526549034,  13.297635129,   142.817580807,      38.747153911,   99.26045,  40.38663,   22.2265,  -18.883,  4.88145796745591,-25.3690624,    9.8690,  268.05765,  64.49666,    9.8668, 141.7035,   0.8095,
 2026-Dec-11 03:00:00, , , 149.158380114,  13.427507846,  149.526807347,  13.297715037,   161.546110489,      42.267024430,   99.26091,  40.39167,   22.2265,  -18.885,  4.88084822670439,-25.3059479,    9.8659,  268.05765,  64.49666,    9.8637, 141.7053,   0.8097,
 2026-Dec-11 04:00:00, , , 149.158617506,  13.427586024,  149.527052839,  13.297793233,   181.490319664,      43.380536388,   99.26137,  40.39671,   22.2266,  -18.887,  4.88024005803152,-25.2390689,    9.8628,  268.05765,  64.49666,    9.8606, 141.7070,   0.8098,
 2026-Dec-11 05:00:00, , , 149.158849750,  13.427662187,  149.527290030,  13.297869413,   201.327414055,      41.887480331,   99.26184,  40.40173,   22.2266,  -18.890,  4.87963350345033,-25.1724826,    9.8597,  268.05765,  64.49666,    9.8575, 141.7088,   0.8099,
 2026-Dec-11 06:00:00,A, , 149.159081437,  13.427736491,  149.527523631,  13.297943549,   219.800911883,      38.052849280,   99.26230,  40.40674,   22.2267,  -18.892,  4.87902850702835,-25.1102253,    9.8566,  268.05765,  64.49666,    9.8543, 141.7105,   0.8100,
 2026-Dec-11 07:00:00,N, , 149.159316822,  13.427809359,  149.527758226,  13.298015885,   236.391000941,      32.446304520,   99.26276,  40.41174,   22.2268,  -18.894,  4.87842491873819,-25.0560361,    9.8535,  268.05765,  64.49666,    9.8512, 141.7122,   0.8101,
 2026-Dec-11 08:00:00,C, , 149.159559532,  13.427881440,  149.527997955,  13.298086926,   251.271110422,      25.690259369,   99.26323,  40.41673,   22.2268,  -18.897,  4.87782250475305,-25.0131005,    9.8504,  268.05765,  64.49666,    9.8481, 141.7140,   0.8102,
 2026-Dec-11 09:00:00,*, , 149.159812318,  13.427953575,  149.528246233,  13.298157396,   264.931812943,      18.326798166,   99.26369,  40.42171,   22.2269,  -18.899,  4.87722096348172,-24.9838326,    9.8473,  268.05765,  64.49666,    9.8451, 141.7157,   0.8103,
 2026-Dec-11 10:00:00,*, , 149.160076866,  13.428026733,  149.528505512,  13.298228196,   277.915861813,      10.804545593,   99.26415,  40.42670,   22.2269,  -18.901,  4.87661994624456,-24.9697093,    9.8442,  268.05765,  64.49666,    9.8420, 141.7175,   0.8104,
 2026-Dec-11 11:00:00,*,m, 149.160353680,  13.428101945,  149.528777118,  13.298300338,   290.714538657,       3.512967922,   99.26460,  40.43168,   22.2270,  -18.904,  4.87601908117344,-24.9711698,    9.8411,  268.05765,  64.49666,    9.8389, 141.7193,   0.8105,
 2026-Dec-11 12:00:00,*,m, 149.160642051,  13.428180237,  149.529061155,  13.298374876,   303.737196530,      -3.179941983,   99.26506,  40.43666,   22.2270,  -18.906,  4.87541799869778,-24.9875852,    9.8381,  268.05765,  64.49666,    9.8358, 141.7210,   0.8106,
 2026-Dec-11 13:00:00,*,m, 149.160940101,  13.428262556,  149.529356500,  13.298452835,   317.287991214,      -8.904084208,   99.26552,  40.44165,   22.2271,  -18.908,  4.87481635686947,-25.0173017,    9.8350,  268.05765,  64.49666,    9.8328, 141.7228,   0.8107,
 2026-Dec-11 14:00:00,*,m, 149.161244913,  13.428349708,  149.529660880,  13.298535140,   331.522391522,     -13.288104320,   99.26597,  40.44665,   22.2272,  -18.911,  4.87421386480461,-25.0577537,    9.8320,  268.05765,  64.49666,    9.8298, 141.7246,   0.8108,
 2026-Dec-11 15:00:00,C,m, 149.161552733,  13.428442299,  149.529971027,  13.298622552,   346.392400030,     -15.993552890,   99.26642,  40.45166,   22.2272,  -18.913,  4.87361030261565,-25.1056401,    9.8289,  268.05765,  64.49666,    9.8267, 141.7263,   0.8110,
 2026-Dec-11 16:00:00,N, , 149.161859221,  13.428540697,  149.530282900,  13.298715616,     1.628964208,     -16.779863259,   99.26688,  40.45668,   22.2273,  -18.915,  4.87300553648199,-25.1571500,    9.8259,  268.05765,  64.49666,    9.8237, 141.7281,   0.8111,
 2026-Dec-11 17:00:00, , , 149.162159757,  13.428645005,  149.530591964,  13.298814627,    16.819232683,     -15.571691651,   99.26733,  40.46171,   22.2274,  -18.918,  4.87239952782566,-25.2082242,    9.8228,  268.05765,  64.49666,    9.8206, 141.7299,   0.8112,
 2026-Dec-11 18:00:00, , , 149.162449747,  13.428755055,  149.530893500,  13.298919604,    31.569199427,     -12.483732220,   99.26779,  40.46676,   22.2275,  -18.920,  4.87179233596146,-25.2548327,    9.8198,  268.05765,  64.49666,    9.8175, 141.7316,   0.8113,
 2026-Dec-11 19:00:00, , , 149.162724948,  13.428870418,  149.531182928,  13.299030292,    45.654227437,      -7.783650031,   99.26825,  40.47181,   22.2275,  -18.922,  4.87118411404174,-25.2932514,    9.8167,  268.05765,  64.49666,    9.8145, 141.7334,   0.8115,
 2026-Dec-11 20:00:00, , , 149.162981749,  13.428990436,  149.531456118,  13.299146179,    59.073440721,      -1.821535022,   99.26871,  40.47687,   22.2276,  -18.925,  4.87057509857379,-25.3203165,    9.8136,  268.05765,  64.49666,    9.8114, 141.7351,   0.8116,
 2026-Dec-11 21:00:00, , , 149.163217427,  13.429114262,  149.531709679,  13.299266533,    72.018693610,       5.029890352,   99.26917,  40.48194,   22.2276,  -18.927,  4.86996559322835,-25.3336419,    9.8105,  268.05765,  64.49666,    9.8082, 141.7369,   0.8117,
 2026-Dec-11 22:00:00, , , 149.163430328,  13.429240924,  149.531941185,  13.299390449,    84.819404017,      12.401896095,   99.26964,  40.48700,   22.2277,  -18.930,  4.86935594804863,-25.3317818,    9.8074,  268.05765,  64.49666,    9.8051, 141.7386,   0.8119,
 2026-Dec-11 23:00:00, , , 149.163619980,  13.429369389,  149.532149346,  13.299516911,    97.903945041,      19.924541478,   99.27011,  40.49207,   22.2277,  -18.932,  4.86874653548445,-25.3143305,    9.8042,  268.05765,  64.49666,    9.8019, 141.7403,   0.8120,
 2026-Dec-12 00:00:00, , , 149.163787131,  13.429498632,  149.532334093,  13.299644865,   111.778341410,      27.199175169,   99.27058,  40.49714,   22.2278,  -18.934,  4.86813772489346,-25.2819492,    9.8010,  268.05765,  64.49666,    9.7987, 141.7420,   0.8121,
 2026-Dec-12 01:00:00, , , 149.163933692,  13.429627712,  149.532496586,  13.299773290,   126.987195021,      33.759452189,   99.27106,  40.50219,   22.2278,  -18.937,  4.86752985725696,-25.2363214,    9.7979,  268.05765,  64.49666,    9.7955, 141.7437,   0.8122,
 2026-Dec-12 02:00:00, , , 149.164062608,  13.429755828,  149.532639130,  13.299901265,   143.982353926,      39.042131534,   99.27154,  40.50724,   22.2279,  -18.939,  4.86692322184283,-25.1800369,    9.7946,  268.05765,  64.49666,    9.7923, 141.7454,   0.8123,
 2026-Dec-12 03:00:00, , , 149.164177658,  13.429882382,  149.532765023,  13.300028037,   162.819472949,      42.419604483,   99.27202,  40.51228,   22.2279,  -18.941,  4.86631803641443,-25.1164144,    9.7914,  268.05765,  64.49666,    9.7891, 141.7471,   0.8124,
 2026-Dec-12 04:00:00, , , 149.164283194,  13.430007018,  149.532878324,  13.300153069,   182.801980160,      43.364498804,   99.27250,  40.51730,   22.2279,  -18.944,  4.86571443234211,-25.0492742,    9.7882,  268.05765,  64.49666,    9.7858, 141.7487,   0.8125,
 2026-Dec-12 05:00:00, , , 149.164383841,  13.430129642,  149.532983578,  13.300276080,   202.583348539,      41.706143201,   99.27298,  40.52232,   22.2279,  -18.946,  4.86511244563723,-24.9826758,    9.7849,  268.05765,  64.49666,    9.7826, 141.7504,   0.8126,
 2026-Dec-12 06:00:00,A, , 149.164484184,  13.430250435,  149.533085506,  13.300397062,   220.941373705,      37.736872041,   99.27346,  40.52732,   22.2280,  -18.948,  4.86451201452317,-24.9206400,    9.7817,  268.05765,  64.49666,    9.7793, 141.7521,   0.8127,
 2026-Dec-12 07:00:00,N, , 149.164588452,  13.430369838,  149.533188677,  13.300516282,   237.409709059,      32.036859626,   99.27394,  40.53231,   22.2280,  -18.951,  4.86391298370938,-24.8668734,    9.7784,  268.05765,  64.49666,    9.7761, 141.7538,   0.8128,
 2026-Dec-12 08:00:00,C, , 149.164700226,  13.430488520,  149.533297196,  13.300634263,   252.194103191,      25.225734661,   99.27442,  40.53729,   22.2280,  -18.953,  4.86331511507546,-24.8245139,    9.7752,  268.05765,  64.49666,    9.7729, 141.7554,   0.8129,
 2026-Dec-12 09:00:00,*, , 149.164822196,  13.430607336,  149.533414424,  13.300751748,   265.794567748,      17.839051194,   99.27490,  40.54227,   22.2280,  -18.955,  4.86271810403289,-24.7959159,    9.7720,  268.05765,  64.49666,    9.7696, 141.7571,   0.8130,
 2026-Dec-12 10:00:00,*, , 149.164955973,  13.430727265,  149.533542747,  13.300869652,   278.752434055,      10.320362540,   99.27537,  40.54724,   22.2281,  -18.958,  4.86212160044232,-24.7824891,    9.7688,  268.05765,  64.49666,    9.7664, 141.7588,   0.8131,
 2026-Dec-12 11:00:00,*,m, 149.165101982,  13.430849346,  149.533683409,  13.300988995,   291.554261023,       3.056686436,   99.27585,  40.55222,   22.2281,  -18.960,  4.86152523265321,-24.7846013,    9.7655,  268.05765,  64.49666,    9.7632, 141.7605,   0.8133,
 2026-Dec-12 12:00:00,*,m, 149.165259431,  13.430974604,  149.533836432,  13.301110836,   304.603405171,      -3.584351485,   99.27632,  40.55720,   22.2281,  -18.962,  4.86092863301786,-24.8015539,    9.7623,  268.05765,  64.49666,    9.7600, 141.7622,   0.8134,
 2026-Dec-12 13:00:00,*,m, 149.165426364,  13.431103983,  149.534000609,  13.301236199,   318.195897997,      -9.232225199,   99.27679,  40.56218,   22.2282,  -18.965,  4.86033146313095,-24.8316292,    9.7592,  268.05765,  64.49666,    9.7569, 141.7639,   0.8135,
 2026-Dec-12 14:00:00,*,m, 149.165599795,  13.431238278,  149.534173588,  13.301366000,   332.475528263,     -13.516304252,   99.27726,  40.56717,   22.2282,  -18.967,  4.85973343706530,-24.8722085,    9.7560,  268.05765,  64.49666,    9.7537, 141.7656,   0.8136,
 2026-Dec-12 15:00:00,C,m, 149.165775914,  13.431378081,  149.534352035,  13.301500989,   347.379634718,     -16.102318756,   99.27773,  40.57217,   22.2282,  -18.969,  4.85913434101114,-24.9199512,    9.7528,  268.05765,  64.49666,    9.7505, 141.7673,   0.8137,
 2026-Dec-12 16:00:00,N,m, 149.165950346,  13.431523745,  149.534531860,  13.301641696,     2.626243744,     -16.758670430,   99.27820,  40.57718,   22.2283,  -18.972,  4.85853404797276,-24.9710241,    9.7496,  268.05765,  64.49666,    9.7473, 141.7690,   0.8139,
 2026-Dec-12 17:00:00, ,m, 149.166118454,  13.431675351,  149.534708498,  13.301788395,    17.798312904,     -15.422339610,   99.27867,  40.58221,   22.2283,  -18.974,  4.85793252651580,-25.0213640,    9.7464,  268.05765,  64.49666,    9.7441, 141.7707,   0.8140,
 2026-Dec-12 18:00:00, , , 149.166275651,  13.431832712,  149.534877220,  13.301941084,    32.509115551,     -12.219726659,   99.27915,  40.58724,   22.2284,  -18.976,  4.85732984296520,-25.0669560,    9.7432,  268.05765,  64.49666,    9.7409, 141.7724,   0.8141,
 2026-Dec-12 19:00:00, , , 149.166417720,  13.431995377,  149.535033464,  13.302099487,    46.548163617,      -7.426107184,   99.27962,  40.59229,   22.2284,  -18.979,  4.85672615690276,-25.1041089,    9.7400,  268.05765,  64.49666,    9.7377, 141.7741,   0.8142,
 2026-Dec-12 20:00:00, , , 149.166541102,  13.432162668,  149.535173137,  13.302263070,    59.928700938,      -1.394550037,   99.28010,  40.59734,   22.2284,  -18.981,  4.85612171027280,-25.1297081,    9.7368,  268.05765,  64.49666,    9.7345, 141.7758,   0.8144,
 2026-Dec-12 21:00:00, , , 149.166643137,  13.432333723,  149.535292905,  13.302431081,    72.853183320,       5.502067306,   99.28058,  40.60240,   22.2285,  -18.984,  4.85551681084187,-25.1414292,    9.7336,  268.05765,  64.49666,    9.7312, 141.7774,   0.8145,
 2026-Dec-12 22:00:00, , , 149.166722252,  13.432507556,  149.535390419,  13.302602598,    85.658402238,      12.895394992,   99.28106,  40.60746,   22.2285,  -18.986,  4.85491181114526,-25.1378972,    9.7303,  268.05765,  64.49666,    9.7279, 141.7791,   0.8146,
 2026-Dec-12 23:00:00, , , 149.166778065,  13.432683125,  149.535464475,  13.302776596,    98.778396196,      20.414644732,   99.28155,  40.61252,   22.2285,  -18.988,  4.85430708436284,-25.1187812,    9.7270,  268.05765,  64.49666,    9.7246, 141.7807,   0.8147,
 2026-Dec-13 00:00:00, , , 149.166811414,  13.432859402,  149.535515098,  13.302952010,   112.723458910,      27.657978519,   99.28204,  40.61757,   22.2285,  -18.991,  4.85370299877711,-25.0848168,    9.7237,  268.05765,  64.49666,    9.7213, 141.7824,   0.8149,
 2026-Dec-13 01:00:00, , , 149.166824298,  13.433035444,  149.535543542,  13.303127818,   128.037763460,      34.153289718,   99.28253,  40.62262,   22.2285,  -18.993,  4.85309989256310,-25.0377562,    9.7204,  268.05765,  64.49666,    9.7179, 141.7840,   0.8150,
 2026-Dec-13 02:00:00, , , 149.166819743,  13.433210457,  149.535552202,  13.303303101,   145.158647042,      39.331004607,   99.28303,  40.62766,   22.2285,  -18.995,  4.85249805063823,-24.9802482,    9.7170,  268.05765,  64.49666,    9.7146, 141.7856,   0.8151,
 2026-Dec-13 03:00:00, , , 149.166801595,  13.433383851,  149.535544454,  13.303477113,   164.101963493,      42.563298063,   99.28352,  40.63269,   22.2285,  -18.998,  4.85189768515825,-24.9156565,    9.7137,  268.05765,  64.49666,    9.7112, 141.7872,   0.8152,
 2026-Dec-13 04:00:00, , , 149.166774255,  13.433555282,  149.535524420,  13.303649329,   184.117106677,      43.338253017,   99.28402,  40.63770,   22.2285,  -19.000,  4.85129892099612,-24.8478298,    9.7103,  268.05765,  64.49666,    9.7078, 141.7888,   0.8153,
 2026-Dec-13 05:00:00, , , 149.166742377,  13.433724672,  149.535496690,  13.303819481,   203.837340659,      41.515351141,   99.28452,  40.64270,   22.2285,  -19.002,  4.85070178719947,-24.7808377,    9.7069,  268.05765,  64.49666,    9.7045, 141.7904,   0.8154,
 2026-Dec-13 06:00:00,A, , 149.166710554,  13.433892217,  149.535466002,  13.303987577,   222.077744512,      37.413527470,   99.28501,  40.64769,   22.2285,  -19.005,  4.85010621501220,-24.7186924,    9.7035,  268.05765,  64.49666,    9.7011, 141.7920,   0.8155,
 2026-Dec-13 07:00:00,N, , 149.166682997,  13.434058372,  149.535436924,  13.304153900,   238.425033035,      31.622385300,   99.28551,  40.65267,   22.2285,  -19.007,  4.84951204259622,-24.6650734,    9.7001,  268.05765,  64.49666,    9.6977, 141.7936,   0.8156,
 2026-Dec-13 08:00:00,C, , 149.166663253,  13.434223821,  149.535413536,  13.304318989,   253.115639918,      24.758258433,   99.28601,  40.65765,   22.2285,  -19.009,  4.84891902613027,-24.6230757,    9.6968,  268.05765,  64.49666,    9.6943, 141.7952,   0.8157,
 2026-Dec-13 09:00:00,*, , 149.166653955,  13.434389431,  149.535399153,  13.304483604,   266.657997942,      17.350147980,   99.28650,  40.66261,   22.2285,  -19.012,  4.84832685652567,-24.5949975,    9.6934,  268.05765,  64.49666,    9.6910, 141.7969,   0.8158,
 2026-Dec-13 10:00:00,*, , 149.166656647,  13.434556189,  149.535396095,  13.304648668,   279.591649473,       9.836683516,   99.28699,  40.66758,   22.2285,  -19.014,  4.84773518061350,-24.5821830,    9.6900,  268.05765,  64.49666,    9.6876, 141.7985,   0.8159,
 2026-Dec-13 11:00:00,*, , 149.166671676,  13.434725139,  149.535405533,  13.304815212,   292.398317603,       2.602586723,   99.28748,  40.67254,   22.2285,  -19.016,  4.84714362535246,-24.5849302,    9.6867,  268.05765,  64.49666,    9.6843, 141.8001,   0.8160,
 2026-Dec-13 12:00:00,*,m, 149.166698166,  13.434897307,  149.535427401,  13.304984297,   305.475244418,      -3.984791265,   99.28797,  40.67750,   22.2285,  -19.019,  4.84655182339810,-24.6024704,    9.6834,  268.05765,  64.49666,    9.6810, 141.8017,   0.8161,
 2026-Dec-13 13:00:00,*,m, 149.166734081,  13.435073632,  149.535460405,  13.305156945,   319.110108839,      -9.554512113,   99.28846,  40.68248,   22.2285,  -19.021,  4.84595943828242,-24.6330208,    9.6800,  268.05765,  64.49666,    9.6776, 141.8034,   0.8163,
 2026-Dec-13 14:00:00,*,m, 149.166776361,  13.435254903,  149.535502113,  13.305334070,   333.434726800,     -13.736837027,   99.28894,  40.68746,   22.2285,  -19.023,  4.84536618747866,-24.6739069,    9.6767,  268.05765,  64.49666,    9.6743, 141.8050,   0.8164,
 2026-Dec-13 15:00:00,C,m, 149.166821134,  13.435441701,  149.535549115,  13.305516412,   348.371650782,     -16.201993547,   99.28943,  40.69245,   22.2285,  -19.026,  4.84477186177111,-24.7217454,    9.6734,  268.05765,  64.49666,    9.6710, 141.8066,   0.8165,
 2026-Dec-13 16:00:00,N,m, 149.166863980,  13.435634364,  149.535597262,  13.305704488,     3.626324335,     -16.727687812,   99.28992,  40.69745,   22.2285,  -19.028,  4.84417633960377,-24.7726759,    9.6701,  268.05765,  64.49666,    9.6677, 141.8083,   0.8166,
 2026-Dec-13 17:00:00, ,m, 149.166900233,  13.435832960,  149.535641949,  13.305898557,    18.778271432,     -15.263360575,   99.29040,  40.70247,   22.2285,  -19.030,  4.84357959542523,-24.8226255,    9.6668,  268.05765,  64.49666,    9.6644, 141.8099,   0.8168,
 2026-Dec-13 18:00:00, ,m, 149.166925301,  13.436037285,  149.535678427,  13.306098603,    33.448740855,     -11.946963327,   99.29089,  40.70749,   22.2286,  -19.033,  4.84298170145911,-24.8675878,    9.6634,  268.05765,  64.49666,    9.6610, 141.8115,   0.8169,
 2026-Dec-13 19:00:00, , , 149.166934980,  13.436246875,  149.535702132,  13.306304332,    47.441637553,      -7.061075795,   99.29138,  40.71253,   22.2286,  -19.035,  4.84238282278007,-24.9038968,    9.6601,  268.05765,  64.49666,    9.6577, 141.8131,   0.8170,
 2026-Dec-13 20:00:00, , , 149.166925744,  13.436461040,  149.535708997,  13.306515198,    60.784193854,      -0.961491454,   99.29188,  40.71757,   22.2286,  -19.037,  4.84178320601868,-24.9284790,    9.6567,  268.05765,  64.49666,    9.6543, 141.8147,   0.8171,
 2026-Dec-13 21:00:00, , , 149.166894983,  13.436678907,  149.535695728,  13.306730435,    73.689246782,       5.978865686,   99.29238,  40.72261,   22.2286,  -19.040,  4.84118316249427,-24.9390627,    9.6533,  268.05765,  64.49666,    9.6509, 141.8163,   0.8173,
 2026-Dec-13 22:00:00, , , 149.166841187,  13.436899486,  149.535660035,  13.306949113,    86.500824312,      13.391998034,   99.29288,  40.72766,   22.2286,  -19.042,  4.84058304691162,-24.9343344,    9.6499,  268.05765,  64.49666,    9.6475, 141.8179,   0.8174,
 2026-Dec-13 23:00:00, , , 149.166764045,  13.437121732,  149.535600782,  13.307170202,    99.658574413,      20.906143670,   99.29338,  40.73271,   22.2285,  -19.044,  4.83998323308748,-24.9140283,    9.6465,  268.05765,  64.49666,    9.6440, 141.8195,   0.8175,
 2026-Dec-14 00:00:00, , , 149.166664467,  13.437344621,  149.535518072,  13.307392637,   113.676931904,      28.116093130,   99.29388,  40.73775,   22.2285,  -19.047,  4.83938408837110,-24.8789447,    9.6431,  268.05765,  64.49666,    9.6406, 141.8211,   0.8176,
 2026-Dec-14 01:00:00, , , 149.166544524,  13.437567217,  149.535413236,  13.307615400,   129.099097007,      34.543819757,   99.29439,  40.74279,   22.2285,  -19.049,  4.83878594850890,-24.8308947,    9.6396,  268.05765,  64.49666,    9.6371, 141.8226,   0.8177,
 2026-Dec-14 02:00:00, , , 149.166407308,  13.437788738,  149.535288742,  13.307837583,   146.346495954,      39.613521151,   99.29490,  40.74782,   22.2285,  -19.051,  4.83818909467611,-24.7725764,    9.6361,  268.05765,  64.49666,    9.6336, 141.8242,   0.8179,
 2026-Dec-14 03:00:00, , , 149.166256712,  13.438008611,  149.535148029,  13.308058451,   165.393349673,      42.697891407,   99.29542,  40.75283,   22.2284,  -19.054,  4.83759373424908,-24.7073901,    9.6326,  268.05765,  64.49666,    9.6301, 141.8257,   0.8180,
 2026-Dec-14 04:00:00, , , 149.166097175,  13.438226507,  149.534995267,  13.308277496,   185.435309556,      43.301708199,   99.29593,  40.75783,   22.2284,  -19.056,  4.83699998663562,-24.6392045,    9.6291,  268.05765,  64.49666,    9.6266, 141.8272,   0.8181,
 2026-Dec-14 05:00:00, , , 149.165933366,  13.438442368,  149.534835076,  13.308494469,   205.089112967,      41.315141035,   99.29644,  40.76282,   22.2284,  -19.058,  4.83640787513433,-24.5720927,    9.6256,  268.05765,  64.49666,    9.6231, 141.8288,   0.8182,
 2026-Dec-14 06:00:00,A, , 149.165769875,  13.438656408,  149.534672207,  13.308709398,   223.209951156,      37.082914767,   99.29695,  40.76780,   22.2283,  -19.061,  4.83581732538025,-24.5100518,    9.6221,  268.05765,  64.49666,    9.6195, 141.8303,   0.8183,
 2026-Dec-14 07:00:00,N, , 149.165610890,  13.438869101,  149.534511215,  13.308922584,   239.437024369,      31.202991714,   99.29747,  40.77277,   22.2283,  -19.063,  4.83522817048299,-24.4567303,    9.6186,  268.05765,  64.49666,    9.6160, 141.8318,   0.8184,
 2026-Dec-14 08:00:00,C, , 149.165459914,  13.439081148,  149.534356150,  13.309134585,   254.035815859,      24.287937435,   99.29798,  40.77773,   22.2283,  -19.065,  4.83464016250501,-24.4151769,    9.6151,  268.05765,  64.49666,    9.6125, 141.8334,   0.8185,
 2026-Dec-14 09:00:00,*, , 149.165319525,  13.439293425,  149.534210277,  13.309346174,   267.522206199,      16.860196218,   99.29849,  40.78268,   22.2282,  -19.068,  4.83405298949240,-24.3876327,    9.6116,  268.05765,  64.49666,    9.6090, 141.8349,   0.8186,
 2026-Dec-14 10:00:00,*, , 149.165191197,  13.439506928,  149.534075853,  13.309558287,   280.433606096,       9.353625850,   99.29899,  40.78763,   22.2282,  -19.070,  4.83346629689133,-24.3753769,    9.6081,  268.05765,  64.49666,    9.6056, 141.8365,   0.8187,
 2026-Dec-14 11:00:00,*, , 149.165075202,  13.439722705,  149.533953974,  13.309771959,   293.246793761,       2.150802800,   99.29950,  40.79258,   22.2282,  -19.072,  4.83287971188149,-24.3786396,    9.6046,  268.05765,  64.49666,    9.6021, 141.8380,   0.8188,
 2026-Dec-14 12:00:00,*,m, 149.164970588,  13.439941778,  149.533844496,  13.309988253,   306.352772305,      -4.381108641,   99.30000,  40.79753,   22.2282,  -19.075,  4.83229286895921,-24.3965861,    9.6011,  268.05765,  64.49666,    9.5986, 141.8396,   0.8189,
 2026-Dec-14 13:00:00,*,m, 149.164875246,  13.440165079,  149.533746046,  13.310208185,   320.030630942,      -9.870780698,   99.30051,  40.80249,   22.2281,  -19.077,  4.83170543501665,-24.4273743,    9.5977,  268.05765,  64.49666,    9.5952, 141.8412,   0.8190,
 2026-Dec-14 14:00:00,*,m, 149.164786055,  13.440393384,  149.533656121,  13.310432661,   334.399921129,     -13.949546074,   99.30101,  40.80746,   22.2281,  -19.079,  4.83111713219833,-24.4682806,    9.5942,  268.05765,  64.49666,    9.5917, 141.8427,   0.8191,
 2026-Dec-14 15:00:00,C,m, 149.164699094,  13.440627260,  149.533571250,  13.310662405,   349.368310238,     -16.292456138,   99.30151,  40.81244,   22.2281,  -19.082,  4.83052775696920,-24.5158872,    9.5907,  268.05765,  64.49666,    9.5883, 141.8443,   0.8193,
 2026-Dec-14 16:00:00,N,m, 149.164609911,  13.440867023,  149.533487241,  13.310897916,     4.629035520,     -16.686852100,   99.30201,  40.81743,   22.2281,  -19.084,  4.82993719408699,-24.5663161,    9.5873,  268.05765,  64.49666,    9.5848, 141.8459,   0.8194,
 2026-Dec-14 17:00:00, ,m, 149.164513831,  13.441112721,  149.533399464,  13.311139433,    19.758963139,     -15.094751970,   99.30252,  40.82243,   22.2281,  -19.086,  4.82934542452222,-24.6154951,    9.5838,  268.05765,  64.49666,    9.5813, 141.8474,   0.8195,
 2026-Dec-14 18:00:00, ,m, 149.164406274,  13.441364128,  149.533303167,  13.311386916,    34.387993801,     -11.665485020,   99.30302,  40.82745,   22.2281,  -19.089,  4.82875252678259,-24.6594366,    9.5804,  268.05765,  64.49666,    9.5779, 141.8490,   0.8197,
 2026-Dec-14 19:00:00, ,m, 149.164283068,  13.441620760,  149.533193808,  13.311640050,    48.334637469,      -6.688624300,   99.30353,  40.83247,   22.2280,  -19.091,  4.82815867155148,-24.6945113,    9.5769,  268.05765,  64.49666,    9.5744, 141.8505,   0.8198,
 2026-Dec-14 20:00:00, ,m, 149.164140737,  13.441881904,  149.533067359,  13.311898266,    61.639967050,      -0.522440493,   99.30404,  40.83750,   22.2280,  -19.093,  4.82756411000776,-24.7176971,    9.5734,  268.05765,  64.49666,    9.5709, 141.8521,   0.8199,
 2026-Dec-14 21:00:00, , , 149.163976743,  13.442146675,  149.532920588,  13.312160780,    74.526981126,       6.460194612,   99.30455,  40.84253,   22.2280,  -19.096,  4.82696915662714,-24.7267858,    9.5699,  268.05765,  64.49666,    9.5673, 141.8536,   0.8200,
 2026-Dec-14 22:00:00, , , 149.163789651,  13.442414070,  149.532751278,  13.312426648,    87.346813751,      13.891599553,   99.30507,  40.84757,   22.2279,  -19.098,  4.82637416764393,-24.7205349,    9.5663,  268.05765,  64.49666,    9.5638, 141.8551,   0.8202,
 2026-Dec-14 23:00:00, , , 149.163579239,  13.442683036,  149.532558381,  13.312694827,   100.544668636,      21.398906378,   99.30558,  40.85260,   22.2279,  -19.100,  4.82577951664863,-24.6987528,    9.5628,  268.05765,  64.49666,    9.5602, 141.8566,   0.8203,
 2026-Dec-15 00:00:00, , , 149.163346504,  13.442952548,  149.532342089,  13.312964251,   114.638979833,      28.573345927,   99.30611,  40.85763,   22.2278,  -19.103,  4.82518556899432,-24.6623117,    9.5592,  268.05765,  64.49666,    9.5566, 141.8581,   0.8204,
 2026-Dec-15 01:00:00, , , 149.163093601,  13.443221673,  149.532103823,  13.313233898,   130.171384259,      34.930819239,   99.30663,  40.86265,   22.2278,  -19.105,  4.82459265676516,-24.6130884,    9.5556,  268.05765,  64.49666,    9.5530, 141.8596,   0.8205,
 2026-Dec-15 02:00:00, , , 149.162823693,  13.443489638,  149.531846133,  13.313502868,   147.545927043,      39.889429436,   99.30715,  40.86766,   22.2277,  -19.107,  4.82400105602336,-24.5538356,    9.5520,  268.05765,  64.49666,    9.5493, 141.8611,   0.8206,
 2026-Dec-15 03:00:00, , , 149.162540733,  13.443755882,  149.531572528,  13.313770437,   166.693388963,      42.823178107,   99.30768,  40.87266,   22.2277,  -19.110,  4.82341096789389,-24.4879928,    9.5483,  268.05765,  64.49666,    9.5457, 141.8626,   0.8207,
 2026-Dec-15 04:00:00, , , 149.162249196,  13.444020092,  149.531287231,  13.314036111,   186.756207177,      43.254785162,   99.30821,  40.87765,   22.2276,  -19.112,  4.82282250478367,-24.4194514,    9.5447,  268.05765,  64.49666,    9.5421, 141.8640,   0.8208,
 2026-Dec-15 05:00:00, , , 149.161953772,  13.444282229,  149.530994893,  13.314299660,   206.338413332,      41.105558386,   99.30874,  40.88262,   22.2275,  -19.114,  4.82223568268042,-24.3522875,    9.5410,  268.05765,  64.49666,    9.5384, 141.8655,   0.8209,
 2026-Dec-15 06:00:00,A, , 149.161659042,  13.444542526,  149.530700274,  13.314561130,   224.337946968,      36.745136349,   99.30927,  40.88758,   22.2275,  -19.117,  4.82165042005906,-24.2904828,    9.5374,  268.05765,  64.49666,    9.5347, 141.8670,   0.8210,
 2026-Dec-15 07:00:00,N, , 149.161369167,  13.444801477,  149.530407913,  13.314820845,   240.445756070,      30.778788978,   99.30979,  40.89254,   22.2274,  -19.119,  4.82106654347143,-24.2376514,    9.5337,  268.05765,  64.49666,    9.5311, 141.8684,   0.8211,
 2026-Dec-15 08:00:00,C, , 149.161087602,  13.445059798,  149.530121822,  13.315079382,   254.954744163,      23.814877214,   99.31032,  40.89748,   22.2274,  -19.121,  4.82048379943634,-24.1967924,    9.5301,  268.05765,  64.49666,    9.5275, 141.8699,   0.8212,
 2026-Dec-15 09:00:00,*, , 149.160816857,  13.445318384,  149.529845208,  13.315337531,   268.387311120,      16.369302419,   99.31084,  40.90242,   22.2273,  -19.124,  4.81990187181580,-24.1700843,    9.5264,  268.05765,  64.49666,    9.5238, 141.8714,   0.8213,
 2026-Dec-15 10:00:00,*, , 149.160558327,  13.445578241,  149.529580252,  13.315596244,   281.278416395,       8.871306314,   99.31137,  40.90735,   22.2272,  -19.126,  4.81932040348653,-24.1587353,    9.5228,  268.05765,  64.49666,    9.5202, 141.8729,   0.8214,
 2026-Dec-15 11:00:00,*, , 149.160312194,  13.445840424,  149.529327961,  13.315856566,   294.099787381,       1.701469013,   99.31189,  40.91229,   22.2272,  -19.128,  4.81873902082243,-24.1629009,    9.5192,  268.05765,  64.49666,    9.5166, 141.8744,   0.8216,
 2026-Dec-15 12:00:00,*,m, 149.160077415,  13.446105960,  149.529088098,  13.316119567,   307.236056513,      -4.773149895,   99.31241,  40.91723,   22.2271,  -19.131,  4.81815735931001,-24.1816726,    9.5156,  268.05765,  64.49666,    9.5130, 141.8758,   0.8217,
 2026-Dec-15 13:00:00,*,m, 149.159851794,  13.446375779,  149.528859197,  13.316386266,   320.957477420,     -10.180865695,   99.31292,  40.92217,   22.2271,  -19.133,  4.81757508854213,-24.2131405,    9.5120,  268.05765,  64.49666,    9.5094, 141.8773,   0.8218,
 2026-Dec-15 14:00:00,*,m, 149.159632129,  13.446650650,  149.528638662,  13.316657563,   335.371047740,     -14.154274965,   99.31344,  40.92713,   22.2270,  -19.135,  4.81699193487744,-24.2545238,    9.5084,  268.05765,  64.49666,    9.5058, 141.8788,   0.8219,
 2026-Dec-15 15:00:00,C,m, 149.159414434,  13.446931131,  149.528422949,  13.316934176,   350.369476364,     -16.373587457,   99.31396,  40.93209,   22.2270,  -19.138,  4.81640770021291,-24.3023613,    9.5048,  268.05765,  64.49666,    9.5022, 141.8803,   0.8220,
 2026-Dec-15 16:00:00,N,m, 149.159194210,  13.447217527,  149.528207803,  13.317216592,     5.634209359,     -16.636103689,   99.31447,  40.93707,   22.2269,  -19.140,  4.81582227558364,-24.3527485,    9.5012,  268.05765,  64.49666,    9.4986, 141.8818,   0.8222,
 2026-Dec-15 17:00:00, ,m, 149.158966754,  13.447509871,  149.527988551,  13.317505037,    20.740246994,     -14.916515695,   99.31499,  40.94205,   22.2269,  -19.142,  4.81523564865771,-24.4016048,    9.4976,  268.05765,  64.49666,    9.4950, 141.8833,   0.8223,
 2026-Dec-15 18:00:00, ,m, 149.158727479,  13.447807923,  149.527760425,  13.317799455,    35.326796814,     -11.375339419,   99.31551,  40.94705,   22.2268,  -19.145,  4.81464790461309,-24.4449533,    9.4940,  268.05765,  64.49666,    9.4914, 141.8848,   0.8224,
 2026-Dec-15 19:00:00, ,m, 149.158472232,  13.448111182,  149.527518884,  13.318099516,    49.227153935,      -6.308826858,   99.31604,  40.95206,   22.2268,  -19.147,  4.81405922033575,-24.4791927,    9.4904,  268.05765,  64.49666,    9.4878, 141.8863,   0.8225,
 2026-Dec-15 20:00:00, ,m, 149.158197574,  13.448418925,  149.527259928,  13.318404635,    62.496068572,      -0.077485700,   99.31656,  40.95707,   22.2267,  -19.149,  4.81346985233698,-24.5013446,    9.4868,  268.05765,  64.49666,    9.4842, 141.8878,   0.8227,
 2026-Dec-15 21:00:00, ,m, 149.157901017,  13.448730256,  149.526980371,  13.318714015,    75.366482481,       6.945953673,   99.31709,  40.96209,   22.2267,  -19.152,  4.81288011921677,-24.5092570,    9.4831,  268.05765,  64.49666,    9.4805, 141.8892,   0.8228,
 2026-Dec-15 22:00:00, , , 149.157581199,  13.449044165,  149.526678059,  13.319026704,    88.196511910,      14.394081797,   99.31762,  40.96711,   22.2266,  -19.154,  4.81229037987488,-24.5017517,    9.4794,  268.05765,  64.49666,    9.4768, 141.8907,   0.8229,
 2026-Dec-15 23:00:00, , , 149.157237971,  13.449359598,  149.526352022,  13.319341651,   101.436863957,      21.892786219,   99.31815,  40.97213,   22.2265,  -19.156,  4.81170100896107,-24.4787055,    9.4757,  268.05765,  64.49666,    9.4731, 141.8921,   0.8230,
 2026-Dec-16 00:00:00, , , 149.156872411,  13.449675530,  149.526002532,  13.319657790,   115.609814057,      29.029546881,   99.31869,  40.97714,   22.2264,  -19.159,  4.81111237124601,-24.4410579,    9.4720,  268.05765,  64.49666,    9.4693, 141.8935,   0.8232,
 2026-Dec-16 01:00:00, , , 149.156486750,  13.449991035,  149.525631094,  13.319974102,   131.254795793,      35.314047701,   99.31923,  40.98215,   22.2264,  -19.161,  4.81052479666719,-24.3907475,    9.4683,  268.05765,  64.49666,    9.4656, 141.8950,   0.8233,
 2026-Dec-16 02:00:00, , , 149.156084220,  13.450305350,  149.525240338,  13.320289693,   148.756933280,      40.158464177,   99.31977,  40.98714,   22.2263,  -19.163,  4.80993855777372,-24.3305784,    9.4645,  268.05765,  64.49666,    9.4618, 141.8964,   0.8234,
 2026-Dec-16 03:00:00, , , 149.155668830,  13.450617925,  149.524833840,  13.320603851,   168.001798246,      42.938946934,   99.32031,  40.99213,   22.2262,  -19.166,  4.80935385108772,-24.2640284,    9.4607,  268.05765,  64.49666,    9.4580, 141.8978,   0.8235,
 2026-Dec-16 04:00:00, , , 149.155245095,  13.450928465,  149.524415878,  13.320916096,   188.079390601,      43.197407261,   99.32085,  40.99710,   22.2261,  -19.168,  4.80877078368513,-24.1950110,    9.4570,  268.05765,  64.49666,    9.4543, 141.8992,   0.8236,
 2026-Dec-16 05:00:00, , , 149.154817725,  13.451236946,  149.523991137,  13.321226214,   207.584976547,      40.886652227,   99.32140,  41.00205,   22.2260,  -19.170,  4.80818936590133,-24.1276067,    9.4532,  268.05765,  64.49666,    9.4505, 141.9006,   0.8237,
 2026-Dec-16 06:00:00,A, , 149.154391302,  13.451543618,  149.523564391,  13.321534269,   225.461673661,      36.400296869,   99.32194,  41.00700,   22.2259,  -19.173,  4.80760951066373,-24.0657840,    9.4494,  268.05765,  64.49666,    9.4467, 141.9020,   0.8238,
 2026-Dec-16 07:00:00,N, , 149.153969968,  13.451848990,  149.523140173,  13.321840601,   241.451287479,      30.349889268,   99.32248,  41.01193,   22.2258,  -19.175,  4.80703103949831,-24.0131273,    9.4456,  268.05765,  64.49666,    9.4429, 141.9034,   0.8239,
 2026-Dec-16 08:00:00,C, , 149.153557139,  13.452153791,  149.522722467,  13.322145802,   255.872524478,      23.339185922,   99.32302,  41.01686,   22.2257,  -19.177,  4.80645369479803,-23.9725912,    9.4418,  268.05765,  64.49666,    9.4391, 141.9048,   0.8240,
 2026-Dec-16 09:00:00,*, , 149.153155272,  13.452458924,  149.522314435,  13.322450674,   269.253419689,      15.877576118,   99.32356,  41.02178,   22.2256,  -19.180,  4.80587715751116,-23.9462983,    9.4381,  268.05765,  64.49666,    9.4354, 141.9062,   0.8241,
 2026-Dec-16 10:00:00,*, , 149.152765696,  13.452765403,  149.521918197,  13.322756176,   282.126183489,       8.389844753,   99.32410,  41.02670,   22.2255,  -19.182,  4.80530106903753,-23.9353941,    9.4343,  268.05765,  64.49666,    9.4316, 141.9076,   0.8242,
 2026-Dec-16 11:00:00,*, , 149.152388522,  13.453074280,  149.521534688,  13.323063358,   294.957388918,       1.254722441,   99.32463,  41.03162,   22.2255,  -19.184,  4.80472505583137,-23.9399682,    9.4305,  268.05765,  64.49666,    9.4279, 141.9090,   0.8243,
 2026-Dec-16 12:00:00,*,m, 149.152022635,  13.453386579,  149.521163596,  13.323373288,   308.125158615,      -5.160759312,   99.32516,  41.03654,   22.2254,  -19.186,  4.80414875502529,-23.9590486,    9.4268,  268.05765,  64.49666,    9.4241, 141.9104,   0.8244,
 2026-Dec-16 13:00:00,*,m, 149.151665768,  13.453703220,  149.520803379,  13.323686979,   321.890656338,     -10.484601044,   99.32570,  41.04147,   22.2253,  -19.189,  4.80357183931888,-23.9906682,    9.4231,  268.05765,  64.49666,    9.4204, 141.9119,   0.8246,
 2026-Dec-16 14:00:00,*,m, 149.151314662,  13.454024960,  149.520451374,  13.324005319,   336.348040196,     -14.350867941,   99.32623,  41.04640,   22.2252,  -19.191,  4.80299403942726,-24.0320002,    9.4193,  268.05765,  64.49666,    9.4167, 141.9133,   0.8247,
 2026-Dec-16 15:00:00,C,m, 149.150965286,  13.454352337,  149.520103978,  13.324329010,   351.375014253,     -16.445269984,   99.32676,  41.05135,   22.2251,  -19.193,  4.80241516255116,-24.0795514,    9.4156,  268.05765,  64.49666,    9.4130, 141.9147,   0.8248,
 2026-Dec-16 16:00:00,N,m, 149.150613112,  13.454685637,  149.519756896,  13.324658522,     6.641686681,     -16.575383553,   99.32729,  41.05631,   22.2251,  -19.196,  4.80183510560342,-24.1294017,    9.4119,  268.05765,  64.49666,    9.4092, 141.9162,   0.8249,
 2026-Dec-16 17:00:00, ,m, 149.150253429,  13.455024872,  149.519405432,  13.324994057,    21.721996968,     -14.728650991,   99.32783,  41.06128,   22.2250,  -19.198,  4.80125386228579,-24.1774731,    9.4082,  268.05765,  64.49666,    9.4055, 141.9176,   0.8251,
 2026-Dec-16 18:00:00, ,m, 149.149881665,  13.455369778,  149.519044818,  13.325335539,    36.265090660,     -11.076567017,   99.32836,  41.06626,   22.2249,  -19.200,  4.80067152353179,-24.2198093,    9.4044,  268.05765,  64.49666,    9.4017, 141.9190,   0.8252,
 2026-Dec-16 19:00:00, ,m, 149.149493697,  13.455719838,  149.518670533,  13.325682613,    50.119196808,      -5.921746002,   99.32890,  41.07125,   22.2248,  -19.203,  4.80008827128510,-24.2528462,    9.4007,  268.05765,  64.49666,    9.3980, 141.9204,   0.8253,
 2026-Dec-16 20:00:00, ,m, 149.149086140,  13.456074308,  149.518278619,  13.326034678,    63.352565949,       0.373299583,   99.32944,  41.07625,   22.2247,  -19.205,  4.79950436604066,-24.2736568,    9.3969,  268.05765,  64.49666,    9.3942, 141.9218,   0.8254,
 2026-Dec-16 21:00:00, ,m, 149.148656574,  13.456432279,  149.517865948,  13.326390919,    76.207867083,       7.436060087,   99.32998,  41.08125,   22.2247,  -19.207,  4.79892012900179,-24.2801518,    9.3931,  268.05765,  64.49666,    9.3904, 141.9232,   0.8256,
 2026-Dec-16 22:00:00, ,m, 149.148203710,  13.456792731,  149.517430442,  13.326750368,    89.050081711,      14.899345830,   99.33052,  41.08625,   22.2246,  -19.210,  4.79833592007690,-24.2712221,    9.3893,  268.05765,  64.49666,    9.3866, 141.9246,   0.8257,
 2026-Dec-16 23:00:00, , , 149.147727485,  13.457154606,  149.516971210,  13.327111971,   102.335368972,      22.387655226,   99.33107,  41.09125,   22.2245,  -19.212,  4.79775211322316,-24.2468159,    9.3855,  268.05765,  64.49666,    9.3827, 141.9260,   0.8258,
 2026-Dec-17 00:00:00, , , 149.147229059,  13.457516879,  149.516488612,  13.327474656,   116.589670293,      29.484523309,   99.33162,  41.09624,   22.2243,  -19.214,  4.79716907082761,-24.2079412,    9.3816,  268.05765,  64.49666,    9.3788, 141.9273,   0.8259,
 2026-Dec-17 01:00:00, , , 149.146710739,  13.457878632,  149.515984238,  13.327837410,   132.349523388,      35.693280464,   99.33218,  41.10123,   22.2242,  -19.217,  4.79658711888108,-24.1565974,    9.3777,  268.05765,  64.49666,    9.3749, 141.9287,   0.8260,
 2026-Dec-17 02:00:00, , , 149.146175824,  13.458239112,  149.515460791,  13.328199346,   149.979521947,      40.420376252,   99.33273,  41.10621,   22.2241,  -19.219,  4.79600652464714,-24.0956379,    9.3738,  268.05765,  64.49666,    9.3710, 141.9300,   0.8261,
 2026-Dec-17 03:00:00, , , 149.145628372,  13.458597786,  149.514921912,  13.328559767,   169.318310547,      43.045005306,   99.33329,  41.11117,   22.2240,  -19.221,  4.79542747835623,-24.0285747,    9.3699,  268.05765,  64.49666,    9.3671, 141.9313,   0.8262,
 2026-Dec-17 04:00:00, , , 149.145072930,  13.458954376,  149.514371922,  13.328918211,   189.404485047,      43.129515374,   99.33384,  41.11612,   22.2239,  -19.224,  4.79485008018060,-23.9593377,    9.3660,  268.05765,  64.49666,    9.3632, 141.9327,   0.8263,
 2026-Dec-17 05:00:00, , , 149.144514217,  13.459308880,  149.513815530,  13.329274482,   208.828582881,      40.658481789,   99.33440,  41.12106,   22.2238,  -19.226,  4.79427433338220,-23.8920048,    9.3621,  268.05765,  64.49666,    9.3593, 141.9340,   0.8265,
 2026-Dec-17 06:00:00,A, , 149.143956801,  13.459661570,  149.513257510,  13.329628669,   226.581112679,      36.048503742,   99.33496,  41.12598,   22.2236,  -19.228,  4.79370014410438,-23.8305233,    9.3581,  268.05765,  64.49666,    9.3554, 141.9353,   0.8266,
 2026-Dec-17 07:00:00,N, , 149.143404787,  13.460012974,  149.512702374,  13.329981134,   242.453707446,      29.916403739,   99.33551,  41.13090,   22.2235,  -19.231,  4.79312732782092,-23.7784382,    9.3542,  268.05765,  64.49666,    9.3514, 141.9367,   0.8267,
 2026-Dec-17 08:00:00,C, , 149.142861538,  13.460363842,  149.512154060,  13.330332488,   256.789278213,      22.860969799,   99.33607,  41.13581,   22.2234,  -19.233,  4.79255562200136,-23.7386501,    9.3503,  268.05765,  64.49666,    9.3475, 141.9380,   0.8268,
 2026-Dec-17 09:00:00,*, , 149.142329436,  13.460715093,  149.511615664,  13.330683555,   270.120655158,      15.385125526,   99.33662,  41.14071,   22.2233,  -19.235,  4.79198470412411,-23.7132157,    9.3464,  268.05765,  64.49666,    9.3436, 141.9393,   0.8269,
 2026-Dec-17 10:00:00,*, , 149.141809729,  13.461067751,  149.511089228,  13.331035309,   282.977022098,       7.909360856,   99.33717,  41.14560,   22.2231,  -19.237,  4.79141421380327,-23.7032071,    9.3425,  268.05765,  64.49666,    9.3397, 141.9407,   0.8270,
 2026-Dec-17 11:00:00,*, , 149.141302435,  13.461422879,  149.510575596,  13.331388809,   295.819695544,       0.810701137,   99.33772,  41.15050,   22.2230,  -19.240,  4.79084377751241,-23.7086380,    9.3386,  268.05765,  64.49666,    9.3359, 141.9421,   0.8271,
 2026-Dec-17 12:00:00,*,m, 149.140806348,  13.461781500,  149.510074360,  13.331745129,   309.020141217,      -5.543779796,   99.33827,  41.15541,   22.2229,  -19.242,  4.79027303421126,-23.7284629,    9.3348,  268.05765,  64.49666,    9.3320, 141.9434,   0.8272,
 2026-Dec-17 13:00:00,*,m, 149.140319116,  13.462144533,  149.509583887,  13.332105282,   322.830170577,     -10.781820318,   99.33881,  41.16032,   22.2228,  -19.244,  4.78970166011879,-23.7606485,    9.3309,  268.05765,  64.49666,    9.3281, 141.9448,   0.8273,
 2026-Dec-17 14:00:00,*,m, 149.139837402,  13.462512726,  149.509101427,  13.332470152,   337.330821656,     -14.539171646,   99.33936,  41.16523,   22.2227,  -19.247,  4.78912939093537,-23.8023130,    9.3270,  268.05765,  64.49666,    9.3243, 141.9461,   0.8274,
 2026-Dec-17 15:00:00,C,m, 149.139357115,  13.462886608,  149.508623304,  13.332840432,   352.384776447,     -16.507392546,   99.33990,  41.17016,   22.2226,  -19.249,  4.78855603999063,-23.8499234,    9.3232,  268.05765,  64.49666,    9.3204, 141.9475,   0.8276,
 2026-Dec-17 16:00:00,N,m, 149.138873687,  13.463266450,  149.508145168,  13.333216576,     7.651296842,     -16.504642796,   99.34045,  41.17510,   22.2225,  -19.251,  4.78798151107395,-23.8995378,    9.3193,  268.05765,  64.49666,    9.3166, 141.9489,   0.8277,
 2026-Dec-17 17:00:00, ,m, 149.138382387,  13.463652245,  149.507662292,  13.333598772,    22.704077416,     -14.531170048,   99.34100,  41.18005,   22.2224,  -19.254,  4.78740580506752,-23.9470750,    9.3154,  268.05765,  64.49666,    9.3127, 141.9502,   0.8278,
 2026-Dec-17 18:00:00, ,m, 149.137878647,  13.464043714,  149.507169895,  13.333986924,    37.202807079,     -10.769223439,   99.34155,  41.18502,   22.2223,  -19.256,  4.78682901992780,-23.9885946,    9.3116,  268.05765,  64.49666,    9.3088, 141.9516,   0.8279,
 2026-Dec-17 19:00:00, ,m, 149.137358371,  13.464440321,  149.506663472,  13.334380660,    51.010766394,      -5.527461539,   99.34210,  41.18999,   22.2222,  -19.258,  4.78625134401574,-24.0205668,    9.3077,  268.05765,  64.49666,    9.3049, 141.9529,   0.8281,
 2026-Dec-17 20:00:00, ,m, 149.136818220,  13.464841308,  149.506139101,  13.334779359,    64.209516466,       0.829822448,   99.34265,  41.19497,   22.2221,  -19.260,  4.78567304323253,-24.0401139,    9.3038,  268.05765,  64.49666,    9.3010, 141.9542,   0.8282,
 2026-Dec-17 21:00:00, ,m, 149.136255839,  13.465245753,  149.505593713,  13.335182192,    77.051240457,       7.930409239,   99.34321,  41.19995,   22.2219,  -19.263,  4.78509444284200,-24.0452083,    9.2998,  268.05765,  64.49666,    9.2970, 141.9556,   0.8283,
 2026-Dec-17 22:00:00, ,m, 149.135670018,  13.465652625,  149.505025302,  13.335588179,    89.907674848,      15.407268828,   99.34376,  41.20493,   22.2218,  -19.265,  4.78451590522420,-24.0348108,    9.2959,  268.05765,  64.49666,    9.2931, 141.9569,   0.8284,
 2026-Dec-17 23:00:00, ,m, 149.135060777,  13.466060863,  149.504433062,  13.335996257,   103.240379487,      22.883359920,   99.34433,  41.20991,   22.2217,  -19.267,  4.78393780508464,-24.0089419,    9.2919,  268.05765,  64.49666,    9.2891, 141.9582,   0.8286,
 2026-Dec-18 00:00:00, ,m, 149.134429366,  13.466469441,  149.503817448,  13.336405349,   117.578766668,      29.938076296,   99.34489,  41.21488,   22.2215,  -19.270,  4.78336050381670,-23.9686812,    9.2879,  268.05765,  64.49666,    9.2851, 141.9595,   0.8287,
 2026-Dec-18 01:00:00, , , 149.133778176,  13.466877443,  149.503180137,  13.336814444,   133.455730077,      36.068268317,   99.34546,  41.21985,   22.2214,  -19.272,  4.78278432477451,-23.9160925,    9.2839,  268.05765,  64.49666,    9.2810, 141.9607,   0.8288,
 2026-Dec-18 02:00:00, , , 149.133110579,  13.467284125,  149.502523921,  13.337222660,   151.213655843,      40.674898612,   99.34603,  41.22480,   22.2212,  -19.274,  4.78220953114952,-23.8540832,    9.2799,  268.05765,  64.49666,    9.2770, 141.9620,   0.8289,
 2026-Dec-18 03:00:00, , , 149.132430697,  13.467688965,  149.501852511,  13.337629309,   170.642610240,      43.141153908,   99.34660,  41.22974,   22.2211,  -19.277,  4.78163630796759,-23.7862051,    9.2758,  268.05765,  64.49666,    9.2729, 141.9633,   0.8290,
 2026-Dec-18 04:00:00, , , 149.131743117,  13.468091699,  149.501170286,  13.338033941,   190.731084017,      43.051052045,   99.34717,  41.23467,   22.2209,  -19.279,  4.78106474943946,-23.7164108,    9.2718,  268.05765,  64.49666,    9.2689, 141.9645,   0.8291,
 2026-Dec-18 05:00:00, , , 149.131052581,  13.468492339,  149.500481994,  13.338436377,   210.068996005,      40.421109397,   99.34774,  41.23959,   22.2208,  -19.281,  4.78049485253242,-23.6487832,    9.2677,  268.05765,  64.49666,    9.2648, 141.9658,   0.8292,
 2026-Dec-18 06:00:00,A, , 149.130363660,  13.468891173,  149.499792423,  13.338836720,   227.696231382,      35.689866703,   99.34831,  41.24449,   22.2206,  -19.284,  4.77992651720360,-23.5872555,    9.2637,  268.05765,  64.49666,    9.2608, 141.9671,   0.8293,
 2026-Dec-18 07:00:00,N, , 149.129680440,  13.469288743,  149.499106076,  13.339235347,   243.453090573,      29.478445937,   99.34888,  41.24938,   22.2205,  -19.286,  4.77935955327936,-23.5353423,    9.2596,  268.05765,  64.49666,    9.2567, 141.9683,   0.8294,
 2026-Dec-18 08:00:00,C, , 149.129006240,  13.469685811,  149.498426864,  13.339632887,   257.705114327,      22.380337948,   99.34944,  41.25427,   22.2203,  -19.288,  4.77879369350115,-23.4958987,    9.2555,  268.05765,  64.49666,    9.2527, 141.9696,   0.8295,
 2026-Dec-18 09:00:00,*, , 149.128343390,  13.470083305,  149.497757833,  13.340030172,   270.989131304,      14.892061977,   99.35001,  41.25915,   22.2202,  -19.290,  4.77822861186143,-23.4709245,    9.2515,  268.05765,  64.49666,    9.2486, 141.9709,   0.8296,
 2026-Dec-18 10:00:00,*, , 149.127693068,  13.470482255,  149.497100961,  13.340428185,   283.831040418,       7.429977393,   99.35057,  41.26402,   22.2200,  -19.293,  4.77766394595432,-23.4614274,    9.2475,  268.05765,  64.49666,    9.2446, 141.9722,   0.8297,
 2026-Dec-18 11:00:00,*, , 149.127055219,  13.470883722,  149.496457019,  13.340827991,   296.686800163,       0.369545929,   99.35114,  41.26890,   22.2199,  -19.295,  4.77709932182087,-23.4673543,    9.2435,  268.05765,  64.49666,    9.2406, 141.9734,   0.8298,
 2026-Dec-18 12:00:00,*,m, 149.126428558,  13.471288728,  149.495825518,  13.341230661,   309.921064027,      -5.922052070,   99.35170,  41.27378,   22.2198,  -19.297,  4.77653437958458,-23.4875947,    9.2395,  268.05765,  64.49666,    9.2366, 141.9747,   0.8299,
 2026-Dec-18 13:00:00,*,m, 149.125810662,  13.471698182,  149.495204743,  13.341637204,   323.776021040,     -11.072355916,   99.35226,  41.27867,   22.2196,  -19.300,  4.77596879811873,-23.5200572,    9.2355,  268.05765,  64.49666,    9.2326, 141.9760,   0.8301,
 2026-Dec-18 14:00:00,*,m, 149.125198131,  13.472112821,  149.494591873,  13.342048493,   338.319315190,     -14.719032819,   99.35282,  41.28357,   22.2195,  -19.302,  4.77540231705645,-23.5618124,    9.2315,  268.05765,  64.49666,    9.2286, 141.9773,   0.8302,
 2026-Dec-18 15:00:00,C,m, 149.124586823,  13.472533157,  149.493983170,  13.342465208,   353.398619744,     -16.559844745,   99.35337,  41.28847,   22.2193,  -19.304,  4.77483475463578,-23.6092944,    9.2275,  268.05765,  64.49666,    9.2246, 141.9786,   0.8303,
 2026-Dec-18 16:00:00,N,m, 149.123972138,  13.472959443,  149.493374237,  13.342887787,     8.662879473,     -16.423832289,   99.35393,  41.29339,   22.2192,  -19.307,  4.77426602015792,-23.6585443,    9.2235,  268.05765,  64.49666,    9.2206, 141.9799,   0.8304,
 2026-Dec-18 17:00:00, ,m, 149.123349334,  13.473391655,  149.492760321,  13.343316398,    23.686367708,     -14.324081981,   99.35449,  41.29832,   22.2191,  -19.309,  4.77369612020524,-23.7054823,    9.2195,  268.05765,  64.49666,    9.2166, 141.9812,   0.8306,
 2026-Dec-18 18:00:00, ,m, 149.122713850,  13.473829494,  149.492136635,  13.343750926,    38.139894565,     -10.453357706,   99.35506,  41.30326,   22.2189,  -19.311,  4.77312515819364,-23.7461866,    9.2155,  268.05765,  64.49666,    9.2126, 141.9825,   0.8307,
 2026-Dec-18 19:00:00, ,m, 149.122061617,  13.474272407,  149.491498688,  13.344190982,    51.901879375,      -5.126043721,   99.35562,  41.30821,   22.2188,  -19.313,  4.77255332729051,-23.7771626,    9.2114,  268.05765,  64.49666,    9.2086, 141.9838,   0.8308,
 2026-Dec-18 20:00:00, ,m, 149.121389343,  13.474719623,  149.490842596,  13.344635927,    65.066992911,       1.292001317,   99.35619,  41.31317,   22.2186,  -19.316,  4.77198089718343,-23.7955819,    9.2074,  268.05765,  64.49666,    9.2045, 141.9850,   0.8309,
 2026-Dec-18 21:00:00, ,m, 149.120694733,  13.475170209,  149.490165341,  13.345084920,    77.896723236,       8.428908339,   99.35676,  41.31812,   22.2185,  -19.318,  4.77140819560713,-23.7994762,    9.2033,  268.05765,  64.49666,    9.2004, 141.9863,   0.8311,
 2026-Dec-18 22:00:00, ,m, 149.119976649,  13.475623128,  149.489464986,  13.345536971,    90.769458330,      15.917739061,   99.35733,  41.32308,   22.2183,  -19.320,  4.77083558589414,-23.7878722,    9.1992,  268.05765,  64.49666,    9.1963, 141.9875,   0.8312,
 2026-Dec-18 23:00:00, ,m, 149.119235186,  13.476077318,  149.488740802,  13.345991013,   104.152106699,      23.379756034,   99.35790,  41.32804,   22.2182,  -19.323,  4.77026344208831,-23.7608581,    9.1951,  268.05765,  64.49666,    9.1922, 141.9887,   0.8313,
 2026-Dec-19 00:00:00, ,m, 149.118471668,  13.476531759,  149.487993320,  13.346445971,   118.577334516,      30.390013549,   99.35848,  41.33299,   22.2180,  -19.325,  4.76969212332624,-23.7195776,    9.1910,  268.05765,  64.49666,    9.1880, 141.9900,   0.8314,
 2026-Dec-19 01:00:00, ,m, 149.117688557,  13.476985544,  149.487224297,  13.346900841,   134.573584379,      36.438766818,   99.35906,  41.33793,   22.2178,  -19.327,  4.76912194924272,-23.6661511,    9.1868,  268.05765,  64.49666,    9.1839, 141.9912,   0.8315,
 2026-Dec-19 02:00:00, , , 149.116889284,  13.477437943,  149.486436592,  13.347354753,   152.459291548,      40.921770458,   99.35964,  41.34286,   22.2177,  -19.330,  4.76855317808588,-23.6035307,    9.1827,  268.05765,  64.49666,    9.1797, 141.9924,   0.8316,
 2026-Dec-19 03:00:00, , , 149.116078013,  13.477888453,  149.485633972,  13.347807035,   171.974374873,      43.227204185,   99.36022,  41.34778,   22.2175,  -19.332,  4.76798598904166,-23.5352974,    9.1785,  268.05765,  64.49666,    9.1755, 141.9936,   0.8318,
 2026-Dec-19 04:00:00, , , 149.115259355,  13.478336830,  149.484820855,  13.348257258,   192.058790174,      42.961971573,   99.36081,  41.35268,   22.2173,  -19.334,  4.76742046997970,-23.4654159,    9.1743,  268.05765,  64.49666,    9.1713, 141.9948,   0.8319,
 2026-Dec-19 05:00:00, , , 149.114438055,  13.478783110,  149.484002004,  13.348705265,   211.305997009,      40.174604537,   99.36139,  41.35758,   22.2171,  -19.337,  4.76685661145978,-23.3979624,    9.1701,  268.05765,  64.49666,    9.1671, 141.9960,   0.8320,
 2026-Dec-19 06:00:00,A, , 149.113618665,  13.479227601,  149.483182203,  13.349151182,   228.807008217,      35.324498344,   99.36197,  41.36246,   22.2169,  -19.339,  4.76629430741034,-23.3368456,    9.1659,  268.05765,  64.49666,    9.1629, 141.9972,   0.8321,
 2026-Dec-19 07:00:00,N, , 149.112805230,  13.479670870,  149.482365929,  13.349595410,   244.449513998,      29.036130916,   99.36256,  41.36732,   22.2168,  -19.341,  4.76573336243176,-23.2855383,    9.1617,  268.05765,  64.49666,    9.1587, 141.9984,   0.8322,
 2026-Dec-19 08:00:00,C, , 149.112001012,  13.480113696,  149.481557042,  13.350038598,   258.620138602,      21.897401452,   99.36314,  41.37218,   22.2166,  -19.343,  4.76517350522405,-23.2468395,    9.1575,  268.05765,  64.49666,    9.1546, 141.9996,   0.8323,
 2026-Dec-19 09:00:00,*, , 149.111208268,  13.480557021,  149.480758523,  13.350481597,   271.858954956,      14.398499763,   99.36371,  41.37704,   22.2164,  -19.346,  4.76461440721843,-23.2226825,    9.1534,  268.05765,  64.49666,    9.1504, 142.0008,   0.8324,
 2026-Dec-19 10:00:00,*, , 149.110428090,  13.481001888,  149.479972270,  13.350925404,   284.688336392,       6.951820833,   99.36429,  41.38189,   22.2162,  -19.348,  4.76405570513519,-23.2140022,    9.1492,  268.05765,  64.49666,    9.1462, 142.0020,   0.8325,
 2026-Dec-19 11:00:00,*, , 149.109660336,  13.481449362,  149.479198965,  13.351371092,   297.558781720,      -0.068598636,   99.36487,  41.38674,   22.2161,  -19.350,  4.76349702592205,-23.2206711,    9.1450,  268.05765,  64.49666,    9.1421, 142.0032,   0.8326,
 2026-Dec-19 12:00:00,*,m, 149.108903633,  13.481900464,  149.478438026,  13.351819736,   310.827968382,      -6.295414353,   99.36544,  41.39160,   22.2159,  -19.352,  4.76293801236306,-23.2415082,    9.1409,  268.05765,  64.49666,    9.1380, 142.0044,   0.8327,
 2026-Dec-19 13:00:00,*,m, 149.108155477,  13.482356099,  149.477687653,  13.352272342,   324.728185793,     -11.356040622,   99.36601,  41.39647,   22.2157,  -19.355,  4.76237834760329,-23.2743595,    9.1368,  268.05765,  64.49666,    9.1338, 142.0057,   0.8328,
 2026-Dec-19 14:00:00,*,m, 149.107412400,  13.482816994,  149.476944943,  13.352729776,   339.313418447,     -14.890303071,   99.36658,  41.40134,   22.2156,  -19.357,  4.76181777690792,-23.3162457,    9.1326,  268.05765,  64.49666,    9.1297, 142.0069,   0.8329,
 2026-Dec-19 15:00:00,C,m, 149.106670207,  13.483283644,  149.476206094,  13.353192703,   354.416376826,     -16.602526054,   99.36716,  41.40622,   22.2154,  -19.359,  4.76125612516450,-23.3635667,    9.1285,  268.05765,  64.49666,    9.1256, 142.0081,   0.8331,
 2026-Dec-19 16:00:00,N,m, 149.105924268,  13.483756285,  149.475466664,  13.353661546,     9.676254789,     -16.332916610,   99.36773,  41.41112,   22.2152,  -19.362,  4.76069330892903,-23.4123478,    9.1244,  268.05765,  64.49666,    9.1214, 142.0093,   0.8332,
 2026-Dec-19 17:00:00, ,m, 149.105169832,  13.484234874,  149.474721877,  13.354136453,    24.668732838,     -14.107411528,   99.36830,  41.41602,   22.2151,  -19.364,  4.76012934218937,-23.4585125,    9.1203,  268.05765,  64.49666,    9.1173, 142.0105,   0.8333,
 2026-Dec-19 18:00:00, ,m, 149.104402351,  13.484719091,  149.473966947,  13.354617286,    39.076290519,     -10.129034963,   99.36887,  41.42094,   22.2149,  -19.366,  4.75956433545161,-23.4981619,    9.1161,  268.05765,  64.49666,    9.1131, 142.0118,   0.8334,
 2026-Dec-19 19:00:00, ,m, 149.103617797,  13.485208361,  149.473197409,  13.355103635,    52.792543145,      -4.717578812,   99.36945,  41.42587,   22.2147,  -19.368,  4.75899848821067,-23.5278416,    9.1119,  268.05765,  64.49666,    9.1090, 142.0130,   0.8336,
 2026-Dec-19 20:00:00, ,m, 149.102812933,  13.485701896,  149.472409424,  13.355594840,    65.925060142,       1.759738961,   99.37003,  41.43080,   22.2145,  -19.371,  4.75843207532127,-23.5447787,    9.1078,  268.05765,  64.49666,    9.1048, 142.0142,   0.8337,
 2026-Dec-19 21:00:00, ,m, 149.101985540,  13.486198747,  149.471600045,  13.356090043,    78.744429570,       8.931449494,   99.37061,  41.43573,   22.2144,  -19.373,  4.75786542820256,-23.5470721,    9.1036,  268.05765,  64.49666,    9.1006, 142.0153,   0.8338,
 2026-Dec-19 22:00:00, ,m, 149.101134566,  13.486697866,  149.470767417,  13.356588238,    91.635594139,      16.430630392,   99.37120,  41.44067,   22.2142,  -19.375,  4.75729891216378,-23.5338225,    9.0993,  268.05765,  64.49666,    9.0963, 142.0165,   0.8339,
 2026-Dec-19 23:00:00, ,m, 149.100260200,  13.487198183,  149.469910904,  13.357088347,   105.070757467,      23.876685737,   99.37179,  41.44560,   22.2140,  -19.378,  4.75673290140461,-23.5051945,    9.0951,  268.05765,  64.49666,    9.0921, 142.0177,   0.8341,
 2026-Dec-20 00:00:00, ,m, 149.099363861,  13.487698675,  149.469031135,  13.357589293,   119.585598754,      30.840130501,   99.37238,  41.45052,   22.2138,  -19.380,  4.75616775340312,-23.4624053,    9.0908,  268.05765,  64.49666,    9.0878, 142.0188,   0.8342,
 2026-Dec-20 01:00:00, ,m, 149.098448098,  13.488198440,  149.468129964,  13.358090067,   135.703240821,      36.804522321,   99.37297,  41.45544,   22.2136,  -19.382,  4.75560378444602,-23.4076415,    9.0865,  268.05765,  64.49666,    9.0835, 142.0200,   0.8343,
 2026-Dec-20 02:00:00, ,m, 149.097516420,  13.488696753,  149.467210337,  13.358589806,   153.716361930,      41.160728761,   99.37356,  41.46034,   22.2134,  -19.385,  4.75504124797875,-23.3439092,    9.0822,  268.05765,  64.49666,    9.0792, 142.0211,   0.8344,
 2026-Dec-20 03:00:00, ,m, 149.096573052,  13.489193122,  149.466276096,  13.359087847,   173.313263393,      43.302974718,   99.37416,  41.46523,   22.2132,  -19.387,  4.75448031725848,-23.2748286,    9.0779,  268.05765,  64.49666,    9.0748, 142.0222,   0.8345,
 2026-Dec-20 04:00:00, , , 149.095622650,  13.489687317,  149.465331715,  13.359583774,   193.387211140,      42.862239358,   99.37475,  41.47011,   22.2130,  -19.389,  4.75392107349977,-23.2043853,    9.0736,  268.05765,  64.49666,    9.0705, 142.0234,   0.8346,
 2026-Dec-20 05:00:00, , , 149.094669977,  13.490179388,  149.464381992,  13.360077443,   212.539387275,      39.919044411,   99.37535,  41.47498,   22.2128,  -19.391,  4.75336350032495,-23.1366578,    9.0693,  268.05765,  64.49666,    9.0662, 142.0245,   0.8347,
 2026-Dec-20 06:00:00,A, , 149.093719584,  13.490669660,  149.463431722,  13.360568998,   229.913442545,      34.952514521,   99.37594,  41.47983,   22.2125,  -19.394,  4.75280748490026,-23.0755382,    9.0649,  268.05765,  64.49666,    9.0619, 142.0256,   0.8348,
 2026-Dec-20 07:00:00,N, , 149.092775489,  13.491158714,  149.462485370,  13.361058858,   245.443073563,      28.589574554,   99.37654,  41.48467,   22.2123,  -19.396,  4.75225282568010,-23.0244650,    9.0606,  268.05765,  64.49666,    9.0575, 142.0267,   0.8349,
 2026-Dec-20 08:00:00,C, , 149.091840912,  13.491647341,  149.461546760,  13.361547685,   259.534475191,      21.412271286,   99.37713,  41.48950,   22.2121,  -19.398,  4.75169924622874,-22.9861879,    9.0563,  268.05765,  64.49666,    9.0532, 142.0279,   0.8350,
 2026-Dec-20 09:00:00,*, , 149.090918046,  13.492136496,  149.460618819,  13.362036344,   272.730252228,      13.904552963,   99.37772,  41.49433,   22.2119,  -19.400,  4.75114641417289,-22.9625795,    9.0520,  268.05765,  64.49666,    9.0489, 142.0290,   0.8351,
 2026-Dec-20 10:00:00,*, , 149.090007911,  13.492627225,  149.459703373,  13.362525842,   285.549028291,       6.475017938,   99.37831,  41.49915,   22.2117,  -19.403,  4.75059396398608,-22.9545069,    9.0477,  268.05765,  64.49666,    9.0446, 142.0302,   0.8352,
 2026-Dec-20 11:00:00,*, , 149.089110281,  13.493120597,  149.458801022,  13.363017257,   298.435739910,      -0.503586756,   99.37889,  41.50398,   22.2115,  -19.405,  4.75004152204369,-22.9617721,    9.0434,  268.05765,  64.49666,    9.0404, 142.0313,   0.8353,
 2026-Dec-20 12:00:00,*,m, 149.088223703,  13.493617630,  149.457911098,  13.363511665,   311.740915791,      -6.663702476,   99.37948,  41.50881,   22.2113,  -19.407,  4.74948873223171,-22.9831261,    9.0391,  268.05765,  64.49666,    9.0361, 142.0325,   0.8354,
 2026-Dec-20 13:00:00,*,m, 149.087345593,  13.494119223,  149.457031714,  13.364010069,   325.686661815,     -11.632703924,   99.38006,  41.51365,   22.2111,  -19.409,  4.74893528035419,-23.0163540,    9.0349,  268.05765,  64.49666,    9.0318, 142.0336,   0.8356,
 2026-Dec-20 14:00:00,*,m, 149.086472414,  13.494626091,  149.456159889,  13.364513327,   340.313047374,     -15.052830160,   99.38065,  41.51850,   22.2109,  -19.412,  4.74838091567521,-23.0584271,    9.0306,  268.05765,  64.49666,    9.0276, 142.0348,   0.8357,
 2026-Dec-20 15:00:00,C,m, 149.085599921,  13.495138717,  149.455291754,  13.365022092,   355.437899999,     -16.635331315,   99.38123,  41.52335,   22.2107,  -19.414,  4.74782546810070,-23.1057102,    9.0263,  268.05765,  64.49666,    9.0233, 142.0360,   0.8358,
 2026-Dec-20 16:00:00,N,m, 149.084723445,  13.495657321,  149.454422816,  13.365536772,    10.691264931,     -16.231853956,   99.38182,  41.52822,   22.2105,  -19.416,  4.74726885984826,-23.1542106,    9.0221,  268.05765,  64.49666,    9.0190, 142.0371,   0.8359,
 2026-Dec-20 17:00:00, ,m, 149.083838219,  13.496181842,  149.453548270,  13.366057497,    25.651060345,     -13.881174521,   99.38240,  41.53310,   22.2103,  -19.419,  4.74671111078619,-23.1998519,    9.0178,  268.05765,  64.49666,    9.0148, 142.0383,   0.8361,
 2026-Dec-20 18:00:00, ,m, 149.082939704,  13.496711944,  149.452663320,  13.366584115,    40.011952847,      -9.796309340,   99.38299,  41.53799,   22.2101,  -19.421,  4.74615233708210,-23.2387529,    9.0135,  268.05765,  64.49666,    9.0105, 142.0394,   0.8362,
 2026-Dec-20 19:00:00, ,m, 149.082023895,  13.497247038,  149.451763516,  13.367116197,    53.682782204,      -4.302141341,   99.38358,  41.54289,   22.2099,  -19.423,  4.74559274325628,-23.2674940,    9.0092,  268.05765,  64.49666,    9.0062, 142.0405,   0.8363,
 2026-Dec-20 20:00:00, ,m, 149.081087602,  13.497786322,  149.450845055,  13.367653071,    66.783796936,       2.232948983,   99.38417,  41.54779,   22.2097,  -19.425,  4.74503260818327,-23.2833508,    9.0049,  268.05765,  64.49666,    9.0018, 142.0417,   0.8364,
 2026-Dec-20 21:00:00, ,m, 149.080128664,  13.498328838,  149.449905040,  13.368193863,    79.594485177,       9.437933321,   99.38476,  41.55270,   22.2095,  -19.428,  4.74447226600056,-23.2844810,    9.0006,  268.05765,  64.49666,    8.9975, 142.0428,   0.8366,
 2026-Dec-20 22:00:00, ,m, 149.079146100,  13.498873536,  149.448941683,  13.368737564,    92.506254056,      16.945821759,   99.38536,  41.55761,   22.2093,  -19.430,  4.74391208323287,-23.2700507,    8.9962,  268.05765,  64.49666,    8.9931, 142.0439,   0.8367,
 2026-Dec-20 23:00:00, ,m, 149.078140175,  13.499419344,  149.447954425,  13.369283092,   105.996546022,      24.373992050,   99.38596,  41.56251,   22.2091,  -19.432,  4.74335243369893,-23.2402911,    8.9918,  268.05765,  64.49666,    8.9887, 142.0450,   0.8368,
 2026-Dec-21 00:00:00, ,m, 149.077112382,  13.499965247,  149.446943975,  13.369829370,   120.603785820,      31.288219217,   99.38656,  41.56741,   22.2089,  -19.435,  4.74279367292081,-23.1964828,    8.9874,  268.05765,  64.49666,    8.9843, 142.0461,   0.8369,
 2026-Dec-21 01:00:00, ,m, 149.076065341,  13.500510351,  149.445912263,  13.370375400,   136.844842644,      37.165275598,   99.38716,  41.57229,   22.2086,  -19.437,  4.74223611378915,-23.1408679,    8.9830,  268.05765,  64.49666,    8.9799, 142.0471,   0.8370,
 2026-Dec-21 02:00:00, ,m, 149.075002619,  13.501053947,  149.444862304,  13.370920330,   154.984772053,      41.391507632,   99.38777,  41.57717,   22.2084,  -19.439,  4.74168000515190,-23.0764964,    8.9786,  268.05765,  64.49666,    8.9754, 142.0482,   0.8371,
 2026-Dec-21 03:00:00, ,m, 149.073928484,  13.501595559,  149.443797996,  13.371463512,   174.658904325,      43.368287859,   99.38838,  41.58203,   22.2082,  -19.441,  4.74112551479423,-23.0070168,    8.9741,  268.05765,  64.49666,    8.9709, 142.0493,   0.8372,
 2026-Dec-21 04:00:00, ,m, 149.072847617,  13.502134979,  149.442723852,  13.372004550,   194.715938186,      42.751827761,   99.38898,  41.58688,   22.2079,  -19.444,  4.74057271797545,-22.9364262,    8.9696,  268.05765,  64.49666,    8.9665, 142.0503,   0.8373,
 2026-Dec-21 05:00:00, ,m, 149.071764785,  13.502672277,  149.441644687,  13.372543323,   213.768957472,      39.654511411,   99.38959,  41.59172,   22.2077,  -19.446,  4.74002159230851,-22.8687962,    8.9652,  268.05765,  64.49666,    8.9620, 142.0514,   0.8374,
 2026-Dec-21 06:00:00,A, , 149.070684521,  13.503207800,  149.440565294,  13.373079996,   231.015516812,      34.574035012,   99.39020,  41.59654,   22.2074,  -19.448,  4.73947201933292,-22.8079940,    8.9607,  268.05765,  64.49666,    8.9576, 142.0524,   0.8375,
 2026-Dec-21 07:00:00,N, , 149.069610807,  13.503742147,  149.439490110,  13.373615007,   246.433841711,      28.138897509,   99.39080,  41.60135,   22.2072,  -19.450,  4.73892379267240,-22.7574172,    8.9563,  268.05765,  64.49666,    8.9531, 142.0535,   0.8376,
 2026-Dec-21 08:00:00,C, , 149.068546807,  13.504276126,  149.438422915,  13.374149039,   260.448221349,      20.925064790,   99.39141,  41.60616,   22.2070,  -19.453,  4.73837663221828,-22.7197608,    8.9518,  268.05765,  64.49666,    8.9487, 142.0546,   0.8377,
 2026-Dec-21 09:00:00,*, , 149.067494643,  13.504810704,  149.437366573,  13.374682972,   273.603120359,      13.410343194,   99.39201,  41.61095,   22.2067,  -19.455,  4.73783020336563,-22.6968330,    8.9474,  268.05765,  64.49666,    8.9442, 142.0557,   0.8378,
 2026-Dec-21 10:00:00,*, , 149.066455258,  13.505346934,  149.436322834,  13.375217823,   286.413203611,       5.999703187,   99.39261,  41.61575,   22.2065,  -19.457,  4.73728413998335,-22.6894308,    8.9429,  268.05765,  64.49666,    8.9398, 142.0567,   0.8379,
 2026-Dec-21 11:00:00,*, , 149.065428344,  13.505885887,  149.435292212,  13.375754676,   299.317741097,      -0.935266059,   99.39321,  41.62055,   22.2063,  -19.459,  4.73673806954391,-22.6972857,    8.9385,  268.05765,  64.49666,    8.9354, 142.0578,   0.8381,
 2026-Dec-21 12:00:00,*,m, 149.064412365,  13.506428579,  149.434273956,  13.376294608,   312.659931200,      -7.026748520,   99.39380,  41.62535,   22.2060,  -19.462,  4.73619163868952,-22.7190822,    8.9341,  268.05765,  64.49666,    8.9310, 142.0589,   0.8382,
 2026-Dec-21 13:00:00,*,m, 149.063404665,  13.506975898,  149.433266096,  13.376838614,   326.651406638,     -11.902176269,   99.39440,  41.63016,   22.2058,  -19.464,  4.73564453748281,-22.7525479,    8.9297,  268.05765,  64.49666,    8.9266, 142.0600,   0.8383,
 2026-Dec-21 14:00:00,*,m, 149.062401647,  13.507528545,  149.432265579,  13.377387542,   341.318078190,     -15.206468948,   99.39499,  41.63498,   22.2056,  -19.466,  4.73509652067975,-22.7946093,    8.9253,  268.05765,  64.49666,    8.9222, 142.0611,   0.8384,
 2026-Dec-21 15:00:00,C,m, 149.061399021,  13.508086988,  149.431268481,  13.377942029,   356.463006028,     -16.658168538,   99.39559,  41.63981,   22.2054,  -19.468,  4.73454742456665,-22.8416028,    8.9209,  268.05765,  64.49666,    8.9178, 142.0622,   0.8385,
 2026-Dec-21 16:00:00,N,m, 149.060392096,  13.508651423,  149.430270270,  13.378502462,    11.707723969,     -16.120619839,   99.39618,  41.64465,   22.2051,  -19.471,  4.73399717820773,-22.8895257,    8.9165,  268.05765,  64.49666,    8.9134, 142.0633,   0.8387,
 2026-Dec-21 17:00:00, ,m, 149.059376105,  13.509221768,  149.429266125,  13.379068952,    26.633216990,     -13.645405690,   99.39678,  41.64950,   22.2049,  -19.473,  4.73344580833192,-22.9343104,    8.9121,  268.05765,  64.49666,    8.9090, 142.0644,   0.8388,
 2026-Dec-21 18:00:00, ,m, 149.058346530,  13.509797665,  149.428251261,  13.379641320,    40.946823758,      -9.455253611,   99.39738,  41.65436,   22.2047,  -19.475,  4.73289343752422,-22.9721036,    8.9077,  268.05765,  64.49666,    8.9046, 142.0654,   0.8389,
 2026-Dec-21 19:00:00, ,m, 149.057299411,  13.510378502,  149.427221256,  13.380219116,    54.572608661,      -3.879823326,   99.39798,  41.65923,   22.2045,  -19.478,  4.73234027584543,-22.9995303,    8.9033,  268.05765,  64.49666,    8.9001, 142.0665,   0.8390,
 2026-Dec-21 20:00:00, ,m, 149.056231621,  13.510963460,  149.426172362,  13.380801645,    67.643272250,       2.711529057,   99.39858,  41.66410,   22.2042,  -19.480,  4.73178660645431,-23.0139252,    8.8988,  268.05765,  64.49666,    8.8957, 142.0676,   0.8392,
 2026-Dec-21 21:00:00, ,m, 149.055141077,  13.511551564,  149.425101753,  13.381388017,    80.447008354,       9.948246278,   99.39919,  41.66898,   22.2040,  -19.482,  4.73123276621731,-23.0135156,    8.8943,  268.05765,  64.49666,    8.8912, 142.0686,   0.8393,
 2026-Dec-21 22:00:00, ,m, 149.054026888,  13.512141753,  149.424007726,  13.381977208,    93.381604626,      17.463179749,   99.39979,  41.67385,   22.2037,  -19.484,  4.73067912263493,-22.9975429,    8.8898,  268.05765,  64.49666,    8.8867, 142.0696,   0.8394,
 2026-Dec-21 23:00:00, ,m, 149.052889410,  13.512732950,  149.422889816,  13.382568126,   106.929682521,      24.871507405,   99.40040,  41.67873,   22.2035,  -19.487,  4.73012604866555,-22.9663147,    8.8853,  268.05765,  64.49666,    8.8821, 142.0707,   0.8395,
 2026-Dec-22 00:00:00, ,m, 149.051730230,  13.513324138,  149.421748828,  13.383159691,   121.632116067,      31.734063213,   99.40102,  41.68359,   22.2032,  -19.489,  4.72957389717246,-22.9211840,    8.8808,  268.05765,  64.49666,    8.8776, 142.0717,   0.8396,
 2026-Dec-22 01:00:00, ,m, 149.050552051,  13.513914429,  149.420586782,  13.383750907,   137.998519291,      37.520762673,   99.40163,  41.68845,   22.2030,  -19.491,  4.72902297674561,-22.8644561,    8.8762,  268.05765,  64.49666,    8.8730, 142.0727,   0.8398,
 2026-Dec-22 02:00:00, ,m, 149.049358511,  13.514503124,  149.419406778,  13.384340930,   156.264404894,      41.613844046,   99.40225,  41.69329,   22.2027,  -19.493,  4.72847353055526,-22.7992315,    8.8717,  268.05765,  64.49666,    8.8684, 142.0737,   0.8399,
 2026-Dec-22 03:00:00, ,m, 149.048153932,  13.515089760,  149.418212777,  13.384929124,   176.010913276,      43.422977749,   99.40287,  41.69812,   22.2024,  -19.496,  4.72792571968721,-22.7291928,    8.8671,  268.05765,  64.49666,    8.8638, 142.0747,   0.8400,
 2026-Dec-22 04:00:00, ,m, 149.046943028,  13.515674145,  149.417009340,  13.385515107,   196.044574684,      42.630723153,   99.40348,  41.70294,   22.2022,  -19.498,  4.72737961210262,-22.6583524,    8.8625,  268.05765,  64.49666,    8.8592, 142.0757,   0.8401,
 2026-Dec-22 05:00:00, ,m, 149.045730576,  13.516256369,  149.415801306,  13.386098780,   214.994523155,      39.381097280,   99.40410,  41.70774,   22.2019,  -19.500,  4.72683517797901,-22.5907779,    8.8579,  268.05765,  64.49666,    8.8546, 142.0767,   0.8402,
 2026-Dec-22 06:00:00,A,m, 149.044521093,  13.516836798,  149.414593465,  13.386680326,   232.113236719,      34.189184174,   99.40472,  41.71254,   22.2016,  -19.502,  4.72629229175274,-22.5303132,    8.8533,  268.05765,  64.49666,    8.8500, 142.0777,   0.8403,
 2026-Dec-22 07:00:00,N,m, 149.043318524,  13.517416049,  149.413390230,  13.387260204,   247.421910489,      27.684222647,   99.40533,  41.71732,   22.2014,  -19.505,  4.72575074072312,-22.4803148,    8.8487,  268.05765,  64.49666,    8.8455, 142.0787,   0.8404,
 2026-Dec-22 08:00:00,C, , 149.042125975,  13.517994948,  149.412195333,  13.387839118,   261.361492172,      20.435900784,   99.40595,  41.72209,   22.2011,  -19.507,  4.72521023962885,-22.4434220,    8.8441,  268.05765,  64.49666,    8.8409, 142.0797,   0.8405,
 2026-Dec-22 09:00:00,*, , 149.040945496,  13.518574474,  149.411011567,  13.388417963,   274.477673724,      12.915993686,   99.40656,  41.72685,   22.2008,  -19.509,  4.72467045019846,-22.4213758,    8.8395,  268.05765,  64.49666,    8.8363, 142.0807,   0.8406,
 2026-Dec-22 10:00:00,*, , 149.039777941,  13.519155690,  149.409840598,  13.388997769,   287.280966193,       5.526013324,   99.40717,  41.73162,   22.2006,  -19.511,  4.72413100433466,-22.4148998,    8.8350,  268.05765,  64.49666,    8.8318, 142.0817,   0.8407,
 2026-Dec-22 11:00:00,*, , 149.038622910,  13.519739674,  149.408682850,  13.389579630,   300.204866393,      -1.363481067,   99.40778,  41.73638,   22.2003,  -19.514,  4.72359152934430,-22.4236502,    8.8304,  268.05765,  64.49666,    8.8272, 142.0827,   0.8408,
 2026-Dec-22 12:00:00,*,m, 149.037478777,  13.520327441,  149.407537473,  13.390164627,   313.585051599,      -7.384380899,   99.40839,  41.74116,   22.2001,  -19.516,  4.72305167348524,-22.4462396,    8.8259,  268.05765,  64.49666,    8.8227, 142.0837,   0.8409,
 2026-Dec-22 13:00:00,*,m, 149.036342798,  13.520919876,  149.406402401,  13.390753753,   327.622386621,     -12.164284653,   99.40899,  41.74593,   22.1998,  -19.518,  4.72251113007931,-22.4803316,    8.8213,  268.05765,  64.49666,    8.8181, 142.0847,   0.8410,
 2026-Dec-22 14:00:00,*,m, 149.035211300,  13.521517672,  149.405274495,  13.391347851,   342.328393902,     -15.351071899,   99.40960,  41.75072,   22.1996,  -19.520,  4.72196965853952,-22.5228012,    8.8168,  268.05765,  64.49666,    8.8136, 142.0858,   0.8411,
 2026-Dec-22 15:00:00,C,m, 149.034079936,  13.522121283,  149.404149758,  13.391947548,   357.491518979,     -16.670944464,   99.41021,  41.75552,   22.1993,  -19.523,  4.72142710087087,-22.5699487,    8.8123,  268.05765,  64.49666,    8.8091, 142.0868,   0.8413,
 2026-Dec-22 16:00:00,N,m, 149.032943974,  13.522730895,  149.403023605,  13.392553220,    12.725455135,     -15.999188765,   99.41081,  41.76033,   22.1991,  -19.525,  4.72088339251404,-22.6177529,    8.8078,  268.05765,  64.49666,    8.8046, 142.0878,   0.8414,
 2026-Dec-22 17:00:00, ,m, 149.031798631,  13.523346409,  149.401891182,  13.393164961,    27.615079175,     -13.400138268,   99.41142,  41.76515,   22.1988,  -19.527,  4.72033856678951,-22.6621468,    8.8032,  268.05765,  64.49666,    8.8000, 142.0888,   0.8415,
 2026-Dec-22 18:00:00, ,m, 149.030639393,  13.523967451,  149.400747694,  13.393782577,    41.880853356,      -9.105938794,   99.41203,  41.76998,   22.1985,  -19.529,  4.71979275263807,-22.6992960,    8.7987,  268.05765,  64.49666,    8.7954, 142.0898,   0.8416,
 2026-Dec-22 19:00:00, ,m, 149.029462327,  13.524593397,  149.399588735,  13.394405601,    55.462039784,      -3.450715747,   99.41264,  41.77481,   22.1983,  -19.532,  4.71924616581210,-22.7258616,    8.7941,  268.05765,  64.49666,    8.7909, 142.0908,   0.8418,
 2026-Dec-22 20:00:00, ,m, 149.028264353,  13.525223414,  149.398410591,  13.395033325,    68.503557749,       3.195376151,   99.41325,  41.77966,   22.1980,  -19.534,  4.71869909411525,-22.7392285,    8.7895,  268.05765,  64.49666,    8.7863, 142.0918,   0.8419,
 2026-Dec-22 21:00:00, ,m, 149.027043449,  13.525856521,  149.397210492,  13.395664848,    81.302118323,      10.462271601,   99.41387,  41.78450,   22.1978,  -19.536,  4.71815187771884,-22.7376847,    8.7849,  268.05765,  64.49666,    8.7816, 142.0928,   0.8420,
 2026-Dec-22 22:00:00, ,m, 149.025798796,  13.526491650,  149.395986806,  13.396299138,    94.261811745,      17.982564752,   99.41449,  41.78935,   22.1975,  -19.538,  4.71760488587757,-22.7205388,    8.7803,  268.05765,  64.49666,    8.7770, 142.0938,   0.8421,
 2026-Dec-22 23:00:00, ,m, 149.024530831,  13.527127727,  149.394739146,  13.396935100,   107.870373720,      25.369054962,   99.41511,  41.79419,   22.1972,  -19.541,  4.71705849166240,-22.6881669,    8.7756,  268.05765,  64.49666,    8.7723, 142.0947,   0.8423,
 2026-Dec-23 00:00:00, ,m, 149.023241217,  13.527763738,  149.393468400,  13.397571656,   122.670799601,      32.177434438,   99.41573,  41.79902,   22.1969,  -19.543,  4.71651304643388,-22.6419868,    8.7710,  268.05765,  64.49666,    8.7677, 142.0957,   0.8424,
 2026-Dec-23 01:00:00, ,m, 149.021932733,  13.528398805,  149.392176670,  13.398207817,   139.164376017,      37.870708650,   99.41636,  41.80385,   22.1966,  -19.545,  4.71596885580295,-22.5843612,    8.7663,  268.05765,  64.49666,    8.7629, 142.0966,   0.8425,
 2026-Dec-23 02:00:00, ,m, 149.020609077,  13.529032241,  149.390867127,  13.398842747,   157.555104140,      41.827470250,   99.41698,  41.80866,   22.1963,  -19.547,  4.71542615872751,-22.5184351,    8.7616,  268.05765,  64.49666,    8.7582, 142.0976,   0.8426,
 2026-Dec-23 03:00:00, ,m, 149.019274619,  13.529663601,  149.389543794,  13.399475828,   177.368869728,      43.466882960,   99.41761,  41.81345,   22.1960,  -19.550,  4.71488511117765,-22.4479209,    8.7568,  268.05765,  64.49666,    8.7535, 142.0985,   0.8427,
 2026-Dec-23 04:00:00, ,m, 149.017934100,  13.530292711,  149.388211271,  13.400106695,   197.372707009,      42.498920241,   99.41824,  41.81824,   22.1957,  -19.552,  4.71434577548844,-22.3768437,    8.7521,  268.05765,  64.49666,    8.7488, 142.0994,   0.8428,
 2026-Dec-23 05:00:00, ,m, 149.016592305,  13.530919678,  149.386874420,  13.400735265,   216.215891230,      39.098900414,   99.41887,  41.82301,   22.1954,  -19.554,  4.71380811612988,-22.3092652,    8.7474,  268.05765,  64.49666,    8.7440, 142.1003,   0.8429,
 2026-Dec-23 06:00:00,A,m, 149.015253737,  13.531544888,  149.385538032,  13.401361743,   233.206596540,      33.798091515,   99.41949,  41.82777,   22.1951,  -19.556,  4.71327200218367,-22.2490057,    8.7426,  268.05765,  64.49666,    8.7393, 142.1013,   0.8430,
 2026-Dec-23 07:00:00,N,m, 149.013922309,  13.532168973,  149.384206496,  13.401986607,   248.407357825,      27.225678085,   99.42012,  41.83251,   22.1948,  -19.559,  4.71273721635607,-22.1993825,    8.7379,  268.05765,  64.49666,    8.7346, 142.1022,   0.8431,
 2026-Dec-23 08:00:00,C,m, 149.012601073,  13.532792774,  149.382883502,  13.402610573,   262.274388551,      19.944903930,   99.42074,  41.83725,   22.1946,  -19.561,  4.71220346990896,-22.1629820,    8.7332,  268.05765,  64.49666,    8.7299, 142.1031,   0.8432,
 2026-Dec-23 09:00:00,*, , 149.011292016,  13.533417277,  149.381571785,  13.403234551,   275.354013642,      12.421633834,   99.42136,  41.84198,   22.1943,  -19.563,  4.71167042248540,-22.1414832,    8.7285,  268.05765,  64.49666,    8.7252, 142.1041,   0.8433,
 2026-Dec-23 10:00:00,*, , 149.009995916,  13.534043551,  149.380272939,  13.403859578,   288.152408026,       5.054091085,   99.42198,  41.84671,   22.1940,  -19.565,  4.71113770547004,-22.1355421,    8.7238,  268.05765,  64.49666,    8.7205, 142.1050,   0.8434,
 2026-Dec-23 11:00:00,*, , 149.008712298,  13.534672672,  149.378987308,  13.404486750,   301.097185740,      -1.788071059,   99.42260,  41.85145,   22.1937,  -19.567,  4.71060494728339,-22.1447477,    8.7191,  268.05765,  64.49666,    8.7158, 142.1060,   0.8435,
 2026-Dec-23 12:00:00,*, , 149.007439459,  13.535305648,  149.377713961,  13.405117144,   314.516302989,      -7.736424222,   99.42322,  41.85618,   22.1934,  -19.570,  4.71007179887631,-22.1676493,    8.7144,  268.05765,  64.49666,    8.7112, 142.1069,   0.8436,
 2026-Dec-23 13:00:00,*,m, 149.006174587,  13.535943354,  149.376450756,  13.405751747,   328.599557740,     -12.418854411,   99.42384,  41.86093,   22.1931,  -19.572,  4.70953795767705,-22.2018570,    8.7098,  268.05765,  64.49666,    8.7065, 142.1079,   0.8437,
 2026-Dec-23 14:00:00,*,m, 149.004913956,  13.536586465,  149.375194487,  13.406391386,   343.343870035,     -15.486492108,   99.42445,  41.86568,   22.1928,  -19.574,  4.70900318835012,-22.2442049,    8.7051,  268.05765,  64.49666,    8.7018, 142.1089,   0.8439,
 2026-Dec-23 15:00:00,C,m, 149.003653178,  13.537235418,  149.373941107,  13.407036671,   358.523261659,     -16.673567538,   99.42507,  41.87045,   22.1926,  -19.576,  4.70846733894426,-22.2909686,    8.7005,  268.05765,  64.49666,    8.6972, 142.1098,   0.8440,
 2026-Dec-23 16:00:00,N,m, 149.002387506,  13.537890375,  149.372685997,  13.407687955,    13.744287971,     -15.867535567,   99.42568,  41.87522,   22.1923,  -19.578,  4.70793035132332,-22.3381204,    8.6958,  268.05765,  64.49666,    8.6925, 142.1108,   0.8441,
 2026-Dec-23 17:00:00, ,m, 149.001112159,  13.538551213,  149.371424293,  13.408345310,    28.596535180,     -13.145402199,   99.42630,  41.88001,   22.1920,  -19.581,  4.70739226516522,-22.3816053,    8.6911,  268.05765,  64.49666,    8.6878, 142.1117,   0.8442,
 2026-Dec-23 18:00:00, ,m, 148.999822650,  13.539217537,  149.370151211,  13.409008518,    42.814006183,      -8.748428116,   99.42692,  41.88481,   22.1917,  -19.583,  4.70685321525524,-22.4176193,    8.6864,  268.05765,  64.49666,    8.6831, 142.1127,   0.8444,
 2026-Dec-23 19:00:00, ,m, 148.998515093,  13.539888700,  149.368862380,  13.409677089,    56.351108177,      -3.014897569,   99.42754,  41.88961,   22.1914,  -19.585,  4.70631342225955,-22.4428699,    8.6817,  268.05765,  64.49666,    8.6784, 142.1136,   0.8445,
 2026-Dec-23 20:00:00, ,m, 148.997186472,  13.540563852,  149.367554141,  13.410350295,    69.364741237,       3.684402656,   99.42816,  41.89442,   22.1911,  -19.587,  4.70577317761113,-22.4548020,    8.6770,  268.05765,  64.49666,    8.6737, 142.1145,   0.8446,
 2026-Dec-23 21:00:00, ,m, 148.995834844,  13.541241997,  149.366223798,  13.411027216,    82.159951963,      10.979910392,   99.42879,  41.89923,   22.1908,  -19.590,  4.70523282354415,-22.4517729,    8.6723,  268.05765,  64.49666,    8.6689, 142.1154,   0.8447,
 2026-Dec-23 22:00:00, ,m, 148.994459478,  13.541922060,  149.364869799,  13.411706808,    95.147061311,      18.503856359,   99.42942,  41.90404,   22.1905,  -19.592,  4.70469272964559,-22.4331650,    8.6675,  268.05765,  64.49666,    8.6642, 142.1163,   0.8449,
 2026-Dec-23 23:00:00, ,m, 148.993060899,  13.542602960,  149.363491852,  13.412387971,   108.818848692,      25.866477216,   99.43005,  41.90885,   22.1902,  -19.594,  4.70415326753083,-22.3994282,    8.6627,  268.05765,  64.49666,    8.6594, 142.1172,   0.8450,
 2026-Dec-24 00:00:00, ,m, 148.991640858,  13.543283689,  149.362090935,  13.413069624,   123.720068786,      32.618123499,   99.43068,  41.91364,   22.1899,  -19.596,  4.70361478537948,-22.3520493,    8.6579,  268.05765,  64.49666,    8.6545, 142.1181,   0.8451,
 2026-Dec-24 01:00:00, ,m, 148.990202212,  13.543963374,  149.360669237,  13.413750783,   140.342535323,      38.214857401,   99.43132,  41.91843,   22.1896,  -19.599,  4.70307758407699,-22.2934495,    8.6531,  268.05765,  64.49666,    8.6497, 142.1190,   0.8452,
 2026-Dec-24 02:00:00, ,m, 148.988748723,  13.544641342,  149.359230003,  13.414430623,   158.856726778,      42.032140092,   99.43195,  41.92321,   22.1893,  -19.601,  4.70254189659750,-22.2268193,    8.6483,  268.05765,  64.49666,    8.6448, 142.1198,   0.8453,
 2026-Dec-24 03:00:00, ,m, 148.987284806,  13.545317164,  149.357777315,  13.415108539,   178.732380255,      43.499866141,   99.43259,  41.92797,   22.1889,  -19.603,  4.70200787204161,-22.1558989,    8.6434,  268.05765,  64.49666,    8.6400, 142.1207,   0.8454,
 2026-Dec-24 04:00:00, ,m, 148.985815225,  13.545990686,  149.356315811,  13.415784187,   198.699971684,      42.356432971,   99.43323,  41.93271,   22.1886,  -19.605,  4.70147556542339,-22.0847227,    8.6385,  268.05765,  64.49666,    8.6351, 142.1216,   0.8455,
 2026-Dec-24 05:00:00, ,m, 148.984344765,  13.546662037,  149.354850368,  13.416457506,   217.432923848,      38.808028782,   99.43386,  41.93745,   22.1883,  -19.608,  4.70094493390738,-22.0173419,    8.6337,  268.05765,  64.49666,    8.6303, 142.1224,   0.8456,
 2026-Dec-24 06:00:00,A,m, 148.982877907,  13.547331624,  149.353385765,  13.417128722,   234.295636849,      33.400888854,   99.43450,  41.94217,   22.1880,  -19.610,  4.70041583975344,-21.9575473,    8.6288,  268.05765,  64.49666,    8.6254, 142.1233,   0.8457,
 2026-Dec-24 07:00:00,N,m, 148.981418515,  13.548000101,  149.351926358,  13.417798335,   249.390298513,      26.763390978,   99.43513,  41.94688,   22.1876,  -19.612,  4.69988805976805,-21.9086095,    8.6240,  268.05765,  64.49666,    8.6206, 142.1241,   0.8458,
 2026-Dec-24 08:00:00,C,m, 148.979969577,  13.548668325,  149.350475780,  13.418467084,   263.187041667,      19.452197233,   99.43577,  41.95158,   22.1873,  -19.614,  4.69936130061466,-21.8730541,    8.6191,  268.05765,  64.49666,    8.6157, 142.1250,   0.8459,
 2026-Dec-24 09:00:00,*,m, 148.978532998,  13.549337299,  149.349036690,  13.419135896,   276.232266868,      11.927392069,   99.43640,  41.95628,   22.1870,  -19.616,  4.69883521893345,-21.8524888,    8.6143,  268.05765,  64.49666,    8.6109, 142.1259,   0.8460,
 2026-Dec-24 10:00:00,*, , 148.977109466,  13.550008103,  149.347610594,  13.419805822,   289.027642046,       4.584079572,   99.43703,  41.96097,   22.1867,  -19.619,  4.69830944489184,-21.8474935,    8.6094,  268.05765,  64.49666,    8.6061, 142.1268,   0.8461,
 2026-Dec-24 11:00:00,*, , 148.975698409,  13.550681817,  149.346197738,  13.420477965,   301.994784989,      -2.208873630,   99.43766,  41.96567,   22.1864,  -19.621,  4.69778360755166,-21.8575797,    8.6046,  268.05765,  64.49666,    8.6013, 142.1277,   0.8462,
 2026-Dec-24 12:00:00,*, , 148.974298029,  13.551359451,  149.344797092,  13.421153409,   315.453721356,      -8.082700852,   99.43828,  41.97037,   22.1861,  -19.623,  4.69725736031450,-21.8812245,    8.5998,  268.05765,  64.49666,    8.5965, 142.1285,   0.8463,
 2026-Dec-24 13:00:00,*, , 148.972905429,  13.552041874,  149.343406419,  13.421833136,   329.582879933,     -12.665709483,   99.43891,  41.97508,   22.1857,  -19.625,  4.69673040470129,-21.9159747,    8.5950,  268.05765,  64.49666,    8.5917, 142.1294,   0.8465,
 2026-Dec-24 14:00:00,*,m, 148.971516811,  13.552729754,  149.342022430,  13.422517968,   344.364381942,     -15.612583565,   99.43953,  41.97980,   22.1854,  -19.627,  4.69620251083641,-21.9586145,    8.5902,  268.05765,  64.49666,    8.5869, 142.1303,   0.8466,
 2026-Dec-24 15:00:00,C,m, 148.970127731,  13.553423513,  149.340641007,  13.423208504,   359.558055823,     -16.665949865,   99.44016,  41.98453,   22.1851,  -19.630,  4.69567353323285,-22.0053864,    8.5854,  268.05765,  64.49666,    8.5821, 142.1312,   0.8467,
 2026-Dec-24 16:00:00,N,m, 148.968733408,  13.554123297,  149.339257486,  13.423905082,    14.764051886,     -15.725640892,   99.44078,  41.98927,   22.1848,  -19.632,  4.69514342079618,-22.0522480,    8.5806,  268.05765,  64.49666,    8.5773, 142.1321,   0.8468,
 2026-Dec-24 17:00:00, ,m, 148.967329052,  13.554828969,  149.337866976,  13.424607755,    29.577473169,     -12.881234757,   99.44141,  41.99402,   22.1845,  -19.634,  4.69461222036188,-22.0951495,    8.5758,  268.05765,  64.49666,    8.5725, 142.1330,   0.8469,
 2026-Dec-24 18:00:00, ,m, 148.965910189,  13.555540114,  149.336464694,  13.425316287,    43.746245067,      -8.382793788,   99.44204,  41.99878,   22.1842,  -19.636,  4.69408007352327,-22.1303107,    8.5710,  268.05765,  64.49666,    8.5676, 142.1339,   0.8471,
 2026-Dec-24 19:00:00, ,m, 148.964472969,  13.556256070,  149.335046293,  13.426030171,    57.239842600,      -2.572458998,   99.44266,  42.00355,   22.1839,  -19.638,  4.69354720696729,-22.1544801,    8.5662,  268.05765,  64.49666,    8.5628, 142.1347,   0.8472,
 2026-Dec-24 20:00:00, ,m, 148.963014431,  13.556975973,  149.333608161,  13.426748660,    70.226904959,       4.178506976,   99.44330,  42.00832,   22.1836,  -19.641,  4.69301391697961,-22.1651581,    8.5613,  268.05765,  64.49666,    8.5579, 142.1356,   0.8473,
 2026-Dec-24 21:00:00, ,m, 148.961532704,  13.557698814,  149.332147665,  13.427470822,    83.020639374,      11.501046810,   99.44393,  42.01310,   22.1832,  -19.643,  4.69248054918073,-22.1607677,    8.5565,  268.05765,  64.49666,    8.5530, 142.1364,   0.8474,
 2026-Dec-24 22:00:00, ,m, 148.960027138,  13.558423513,  149.330663337,  13.428195602,    96.037531039,      19.026914333,   99.44457,  42.01787,   22.1829,  -19.645,  4.69194747488091,-22.1407631,    8.5516,  268.05765,  64.49666,    8.5481, 142.1373,   0.8476,
 2026-Dec-24 23:00:00, ,m, 148.958498348,  13.559148988,  149.329154972,  13.428921893,   109.775325115,      26.363594390,   99.44521,  42.02264,   22.1826,  -19.647,  4.69141506567402,-22.1056667,    8.5466,  268.05765,  64.49666,    8.5432, 142.1381,   0.8477,
 2026-Dec-25 00:00:00, ,m, 148.956948173,  13.559874230,  149.327623642,  13.429648615,   124.780136363,      33.055897701,   99.44585,  42.02740,   22.1822,  -19.650,  4.69088366801040,-22.0570336,    8.5417,  268.05765,  64.49666,    8.5382, 142.1389,   0.8478,
 2026-Dec-25 01:00:00, ,m, 148.955379546,  13.560598375,  149.326071624,  13.430374786,   141.533084293,      38.552932232,   99.44649,  42.03215,   22.1819,  -19.652,  4.69035357949156,-21.9973453,    8.5367,  268.05765,  64.49666,    8.5333, 142.1397,   0.8479,
 2026-Dec-25 02:00:00, ,m, 148.953796301,  13.561320761,  149.324502244,  13.431099589,   160.169079553,      42.227595682,   99.44714,  42.03688,   22.1815,  -19.654,  4.68982502851411,-21.9298391,    8.5318,  268.05765,  64.49666,    8.5283, 142.1405,   0.8480,
 2026-Dec-25 03:00:00, ,m, 148.952202905,  13.562040972,  149.322919650,  13.431822434,   180.101007644,      43.521789156,   99.44778,  42.04161,   22.1812,  -19.656,  4.68929815864793,-21.8582869,    8.5268,  268.05765,  64.49666,    8.5233, 142.1413,   0.8481,
 2026-Dec-25 04:00:00, ,m, 148.950604153,  13.562758869,  149.321328527,  13.432542988,   200.025981769,      42.203279089,   99.44843,  42.04632,   22.1808,  -19.658,  4.68877301883427,-21.7867364,    8.5218,  268.05765,  64.49666,    8.5183, 142.1421,   0.8482,
 2026-Dec-25 05:00:00, ,m, 148.949004841,  13.563474600,  149.319733777,  13.433261208,   218.645467663,      38.508593307,   99.44908,  42.05101,   22.1805,  -19.661,  4.68824956006207,-21.7192339,    8.5168,  268.05765,  64.49666,    8.5133, 142.1429,   0.8483,
 2026-Dec-25 06:00:00,A,m, 148.947409438,  13.564188586,  149.318140180,  13.433977338,   235.380381279,      32.997710274,   99.44972,  42.05569,   22.1801,  -19.663,  4.68772763875479,-21.6595473,    8.5118,  268.05765,  64.49666,    8.5083, 142.1437,   0.8484,
 2026-Dec-25 07:00:00,N,m, 148.945821777,  13.564901496,  149.316552074,  13.434691894,   250.370829838,      26.297491174,   99.45036,  42.06036,   22.1797,  -19.665,  4.68720702663663,-21.6109077,    8.5068,  268.05765,  64.49666,    8.5033, 142.1445,   0.8485,
 2026-Dec-25 08:00:00,C,m, 148.944244795,  13.565614200,  149.314973050,  13.435405628,   264.099566976,      18.957906926,   99.45101,  42.06503,   22.1794,  -19.667,  4.68668742640093,-21.5757881,    8.5018,  268.05765,  64.49666,    8.4984, 142.1453,   0.8486,
 2026-Dec-25 09:00:00,*,m, 148.942680332,  13.566327708,  149.313405709,  13.436119477,   277.112547045,      11.433400161,   99.45164,  42.06969,   22.1790,  -19.669,  4.68616849210662,-21.5557344,    8.4969,  268.05765,  64.49666,    8.4934, 142.1461,   0.8487,
 2026-Dec-25 10:00:00,*, , 148.941129001,  13.567043102,  149.311851484,  13.436834500,   289.906770433,       4.116124863,   99.45228,  42.07434,   22.1787,  -19.672,  4.68564985290455,-21.5512591,    8.4919,  268.05765,  64.49666,    8.4884, 142.1469,   0.8488,
 2026-Dec-25 11:00:00,*, , 148.939590153,  13.567761461,  149.310310542,  13.437551802,   302.897740851,      -2.625724230,   99.45292,  42.07900,   22.1783,  -19.674,  4.68513113846779,-21.5618064,    8.4870,  268.05765,  64.49666,    8.4835, 142.1477,   0.8489,
 2026-Dec-25 12:00:00,*, , 148.938061913,  13.568483789,  149.308781771,  13.438272460,   316.397334532,      -8.423032398,   99.45355,  42.08366,   22.1780,  -19.676,  4.68461200438285,-21.5857907,    8.4820,  268.05765,  64.49666,    8.4786, 142.1485,   0.8490,
 2026-Dec-25 13:00:00,*, , 148.936541315,  13.569210943,  149.307262857,  13.438997451,   330.572306405,     -12.904674990,   99.45419,  42.08833,   22.1777,  -19.678,  4.68409215576235,-21.6207053,    8.4771,  268.05765,  64.49666,    8.4736, 142.1494,   0.8492,
 2026-Dec-25 14:00:00,*, , 148.935024503,  13.569943575,  149.305750442,  13.439727581,   345.389801948,     -15.729203299,   99.45482,  42.09301,   22.1773,  -19.680,  4.68357136746097,-21.6632940,    8.4722,  268.05765,  64.49666,    8.4687, 142.1502,   0.8493,
 2026-Dec-25 15:00:00,C, , 148.933506996,  13.570682089,  149.304240357,  13.440463433,     0.595726852,     -16.648007058,   99.45545,  42.09770,   22.1770,  -19.682,  4.68304949951013,-21.7097745,    8.4672,  268.05765,  64.49666,    8.4638, 142.1510,   0.8494,
 2026-Dec-25 16:00:00,N,m, 148.931983991,  13.571426611,  149.302727901,  13.441205324,    15.784587101,     -15.573487014,   99.45609,  42.10241,   22.1767,  -19.685,  4.68252650671379,-21.7560979,    8.4623,  268.05765,  64.49666,    8.4589, 142.1519,   0.8495,
 2026-Dec-25 17:00:00,A,m, 148.930450699,  13.572176983,  149.301208172,  13.441953287,    30.557796692,     -12.607671190,   99.45672,  42.10712,   22.1763,  -19.687,  4.68200244174851,-21.7982256,    8.4574,  268.05765,  64.49666,    8.4539, 142.1527,   0.8496,
 2026-Dec-25 18:00:00, ,m, 148.928902669,  13.572932769,  149.299676395,  13.442707064,    44.677549698,      -8.009102036,   99.45736,  42.11184,   22.1760,  -19.689,  4.68147745155564,-21.8324067,    8.4524,  268.05765,  64.49666,    8.4490, 142.1535,   0.8498,
 2026-Dec-25 19:00:00, ,m, 148.927336093,  13.573693289,  149.298128254,  13.443466127,    58.128288673,      -2.123481083,   99.45800,  42.11657,   22.1756,  -19.691,  4.68095176727358,-21.8554349,    8.4475,  268.05765,  64.49666,    8.4440, 142.1543,   0.8499,
 2026-Dec-25 20:00:00, ,m, 148.925748069,  13.574457664,  149.296560188,  13.444229713,    71.090148027,       4.677598645,   99.45864,  42.12130,   22.1753,  -19.694,  4.68042568839996,-21.8648677,    8.4425,  268.05765,  64.49666,    8.4390, 142.1551,   0.8500,
 2026-Dec-25 21:00:00, ,m, 148.924136799,  13.575224877,  149.294969632,  13.444996876,    83.884328193,      12.025576869,   99.45928,  42.12604,   22.1749,  -19.696,  4.67989956226995,-21.8591945,    8.4375,  268.05765,  64.49666,    8.4340, 142.1558,   0.8501,
 2026-Dec-25 22:00:00, ,m, 148.922501713,  13.575993841,  149.293355195,  13.445766551,    96.933417331,      19.551609750,   99.45992,  42.13077,   22.1746,  -19.698,  4.67937376025692,-21.8379398,    8.4324,  268.05765,  64.49666,    8.4289, 142.1566,   0.8503,
 2026-Dec-25 23:00:00, ,m, 148.920843508,  13.576763474,  149.291716757,  13.446537630,   110.740039682,      26.860236299,   99.46057,  42.13550,   22.1742,  -19.700,  4.67884865232729,-21.8016953,    8.4274,  268.05765,  64.49666,    8.4238, 142.1574,   0.8504,
 2026-Dec-26 00:00:00, ,m, 148.919164100,  13.577532775,  149.290055474,  13.447309033,   125.851230571,      33.490531792,   99.46122,  42.14022,   22.1738,  -19.702,  4.67832458169336,-21.7520799,    8.4223,  268.05765,  64.49666,    8.4188, 142.1581,   0.8505,
 2026-Dec-26 01:00:00, ,m, 148.917466494,  13.578300891,  149.288373702,  13.448079789,   142.736115590,      38.884663500,   99.46187,  42.14493,   22.1734,  -19.705,  4.67780184130183,-21.6916283,    8.4172,  268.05765,  64.49666,    8.4137, 142.1589,   0.8506,
 2026-Dec-26 02:00:00, ,m, 148.915754576,  13.579067175,  149.286674834,  13.448849095,   161.491966703,      42.413589653,   99.46253,  42.14963,   22.1731,  -19.707,  4.67728065376984,-21.6236174,    8.4121,  268.05765,  64.49666,    8.4085, 142.1596,   0.8507,
 2026-Dec-26 03:00:00, ,m, 148.914032849,  13.579831233,  149.284963067,  13.449616377,   181.474323398,      43.532527834,   99.46318,  42.15431,   22.1727,  -19.709,  4.67676115614378,-21.5518412,    8.4070,  268.05765,  64.49666,    8.4034, 142.1603,   0.8508,
 2026-Dec-26 04:00:00, ,m, 148.912306123,  13.580592949,  149.283243115,  13.450381327,   201.350377230,      42.039486893,   99.46383,  42.15898,   22.1723,  -19.711,  4.67624339052604,-21.4803511,    8.4019,  268.05765,  64.49666,    8.3983, 142.1610,   0.8509,
 2026-Dec-26 05:00:00, ,m, 148.910579185,  13.581352492,  149.281519886,  13.451143923,   219.853396706,      38.200708508,   99.46449,  42.16363,   22.1719,  -19.713,  4.67572730121206,-21.4131777,    8.3967,  268.05765,  64.49666,    8.3932, 142.1618,   0.8510,
 2026-Dec-26 06:00:00,A,m, 148.908856471,  13.582110310,  149.279798145,  13.451904435,   236.460870796,      32.588689191,   99.46514,  42.16827,   22.1715,  -19.715,  4.67521273853404,-21.3540548,    8.3916,  268.05765,  64.49666,    8.3880, 142.1625,   0.8511,
 2026-Dec-26 07:00:00,N,m, 148.907141764,  13.582867092,  149.278082187,  13.452663402,   251.349057720,      25.828106795,   99.46579,  42.17290,   22.1711,  -19.718,  4.67469946914795,-21.3061631,    8.3865,  268.05765,  64.49666,    8.3829, 142.1632,   0.8512,
 2026-Dec-26 08:00:00,C,m, 148.905437928,  13.583623727,  149.276375542,  13.453421598,   265.012082945,      18.462158021,   99.46644,  42.17752,   22.1708,  -19.720,  4.67418719205830,-21.2719120,    8.3814,  268.05765,  64.49666,    8.3778, 142.1640,   0.8513,
 2026-Dec-26 09:00:00,*,m, 148.903746718,  13.584381241,  149.274680732,  13.454179977,   277.994966699,      10.939789578,   99.46709,  42.18214,   22.1704,  -19.722,  4.67367555928247,-21.2527747,    8.3763,  268.05765,  64.49666,    8.3727, 142.1647,   0.8514,
 2026-Dec-26 10:00:00,*,m, 148.902068657,  13.585140724,  149.272999102,  13.454939611,   290.789890252,       3.650373393,   99.46773,  42.18676,   22.1700,  -19.724,  4.67316419973762,-21.2491869,    8.3712,  268.05765,  64.49666,    8.3677, 142.1655,   0.8515,
 2026-Dec-26 11:00:00,*, , 148.900402997,  13.585903261,  149.271330720,  13.455701613,   303.806120329,      -3.038458128,   99.46838,  42.19137,   22.1696,  -19.726,  4.67265274471293,-21.2605168,    8.3661,  268.05765,  64.49666,    8.3626, 142.1662,   0.8516,
 2026-Dec-26 12:00:00,*, , 148.898747775,  13.586669853,  149.269674378,  13.456467061,   317.347155508,      -8.757241891,   99.46902,  42.19600,   22.1693,  -19.728,  4.67214085318104,-21.2851087,    8.3611,  268.05765,  64.49666,    8.3575, 142.1670,   0.8517,
 2026-Dec-26 13:00:00,*, , 148.897099942,  13.587441351,  149.268027672,  13.457236929,   331.567771138,     -13.135580855,   99.46966,  42.20063,   22.1689,  -19.731,  4.67162823521367,-21.3203959,    8.3560,  268.05765,  64.49666,    8.3525, 142.1677,   0.8518,
 2026-Dec-26 14:00:00,*, , 148.895455577,  13.588218395,  149.266387168,  13.458012012,   346.419981852,     -15.836217806,   99.47030,  42.20527,   22.1685,  -19.733,  4.67111467189638,-21.3630769,    8.3509,  268.05765,  64.49666,    8.3474, 142.1685,   0.8520,
 2026-Dec-26 15:00:00,C, , 148.893810151,  13.589001373,  149.264748635,  13.458792879,     1.636082432,     -16.619668631,   99.47094,  42.20992,   22.1682,  -19.735,  4.67060003037728,-21.4093417,    8.3459,  268.05765,  64.49666,    8.3424, 142.1692,   0.8521,
 2026-Dec-26 16:00:00,N, , 148.892158837,  13.589790394,  149.263107336,  13.459579829,    16.805720921,     -15.411072946,   99.47158,  42.21458,   22.1678,  -19.737,  4.67008427301835,-21.4551326,    8.3408,  268.05765,  64.49666,    8.3373, 142.1700,   0.8522,
 2026-Dec-26 17:00:00,A, , 148.890496847,  13.590585277,  149.261458353,  13.460372874,    31.537399989,     -12.324764727,   99.47222,  42.21925,   22.1674,  -19.739,  4.66956746002152,-21.4964224,    8.3358,  268.05765,  64.49666,    8.3322, 142.1708,   0.8523,
 2026-Dec-26 18:00:00, ,m, 148.888819754,  13.591385567,  149.259796923,  13.461171735,    45.607892140,      -7.627437574,   99.47287,  42.22393,   22.1671,  -19.741,  4.66904974534938,-21.5294906,    8.3307,  268.05765,  64.49666,    8.3271, 142.1715,   0.8525,
 2026-Dec-26 19:00:00, ,m, 148.887123798,  13.592190564,  149.258118768,  13.461975861,    59.016485184,      -1.668063733,   99.47351,  42.22862,   22.1667,  -19.744,  4.66853136621963,-21.5511781,    8.3256,  268.05765,  64.49666,    8.3220, 142.1722,   0.8526,
 2026-Dec-26 20:00:00, ,m, 148.885406142,  13.592999372,  149.256420382,  13.462784470,    71.954563551,       5.181568023,   99.47416,  42.23331,   22.1663,  -19.746,  4.66801262689253,-21.5591042,    8.3205,  268.05765,  64.49666,    8.3169, 142.1730,   0.8527,
 2026-Dec-26 21:00:00, ,m, 148.883665073,  13.593810961,  149.254699280,  13.463596598,    84.751161082,      12.553377192,   99.47481,  42.23801,   22.1659,  -19.748,  4.66749387786211,-21.5518292,    8.3153,  268.05765,  64.49666,    8.3117, 142.1737,   0.8528,
 2026-Dec-26 22:00:00, ,m, 148.881900111,  13.594624233,  149.252954161,  13.464411168,    97.834912350,      20.077794203,   99.47546,  42.24270,   22.1655,  -19.750,  4.66697549187670,-21.5289538,    8.3102,  268.05765,  64.49666,    8.3065, 142.1744,   0.8530,
 2026-Dec-26 23:00:00, ,m, 148.880112051,  13.595438103,  149.251185004,  13.465227063,   111.713223761,      27.356213469,   99.47612,  42.24738,   22.1651,  -19.752,  4.66645783843168,-21.4911463,    8.3050,  268.05765,  64.49666,    8.3013, 142.1751,   0.8531,
 2026-Dec-27 00:00:00, ,m, 148.878302901,  13.596251569,  149.249393067,  13.466043202,   126.933568372,      33.921782551,   99.47678,  42.25206,   22.1647,  -19.755,  4.66594125848252,-21.4400966,    8.2998,  268.05765,  64.49666,    8.2961, 142.1757,   0.8532,
 2026-Dec-27 01:00:00, ,m, 148.876475754,  13.597063784,  149.247580799,  13.466858613,   143.951698099,      39.209768250,   99.47744,  42.25673,   22.1643,  -19.757,  4.66542604111066,-21.3784012,    8.2945,  268.05765,  64.49666,    8.2909, 142.1764,   0.8533,
 2026-Dec-27 02:00:00, ,m, 148.874634567,  13.597874110,  149.245751679,  13.467672502,   162.825160579,      42.589870880,   99.47810,  42.26138,   22.1639,  -19.759,  4.66491240374177,-21.3093849,    8.2893,  268.05765,  64.49666,    8.2856, 142.1771,   0.8534,
 2026-Dec-27 03:00:00, ,m, 148.872783898,  13.598682166,  149.243909973,  13.468484304,   182.851882223,      43.531963319,   99.47876,  42.26602,   22.1635,  -19.761,  4.66440047727190,-21.2368731,    8.2841,  268.05765,  64.49666,    8.2804, 142.1777,   0.8535,
 2026-Dec-27 04:00:00, ,m, 148.870928590,  13.599487849,  149.242060442,  13.469293726,   202.672804899,      41.865090825,   99.47942,  42.27064,   22.1631,  -19.763,  4.66389029712149,-21.1649298,    8.2788,  268.05765,  64.49666,    8.2751, 142.1784,   0.8536,
 2026-Dec-27 05:00:00, ,m, 148.869073440,  13.600291346,  149.240208021,  13.470100762,   221.056599122,      37.884490863,   99.48008,  42.27525,   22.1627,  -19.765,  4.66338180083022,-21.0975790,    8.2735,  268.05765,  64.49666,    8.2699, 142.1790,   0.8537,
 2026-Dec-27 06:00:00,A,m, 148.867222871,  13.601093120,  149.238357474,  13.470905700,   237.537158287,      32.173957835,   99.48074,  42.27985,   22.1623,  -19.768,  4.66287483235841,-21.0385295,    8.2683,  268.05765,  64.49666,    8.2646, 142.1797,   0.8538,
 2026-Dec-27 07:00:00,N,m, 148.865380629,  13.601893874,  149.236513073,  13.471709093,   252.325098773,      25.355363500,   99.48139,  42.28443,   22.1618,  -19.770,  4.66236915279962,-20.9909203,    8.2630,  268.05765,  64.49666,    8.2594, 142.1804,   0.8539,
 2026-Dec-27 08:00:00,C,m, 148.863549527,  13.602694509,  149.234678304,  13.472511730,   265.924719749,      17.965072711,   99.48205,  42.28901,   22.1614,  -19.772,  4.66186445676670,-20.9571055,    8.2578,  268.05765,  64.49666,    8.2541, 142.1810,   0.8540,
 2026-Dec-27 09:00:00,*,m, 148.861731249,  13.603496058,  149.232855626,  13.473314577,   278.879651944,      10.446689074,   99.48270,  42.29358,   22.1610,  -19.774,  4.66136039334070,-20.9384936,    8.2526,  268.05765,  64.49666,    8.2489, 142.1817,   0.8541,
 2026-Dec-27 10:00:00,*,m, 148.859926240,  13.604299617,  149.231046307,  13.474118711,   291.677113867,       3.186969341,   99.48336,  42.29815,   22.1606,  -19.776,  4.66085659012664,-20.9354507,    8.2473,  268.05765,  64.49666,    8.2437, 142.1824,   0.8542,
 2026-Dec-27 11:00:00,*, , 148.858133670,  13.605106268,  149.229250330,  13.474925249,   304.720006704,      -3.446912164,   99.48401,  42.30273,   22.1602,  -19.778,  4.66035267878652,-20.9472754,    8.2421,  268.05765,  64.49666,    8.2385, 142.1831,   0.8543,
 2026-Dec-27 12:00:00,*, , 148.856351494,  13.605917007,  149.227466401,  13.475735266,   318.303213738,      -9.085153273,   99.48466,  42.30731,   22.1598,  -19.780,  4.65984832029284,-20.9722472,    8.2369,  268.05764,  64.49666,    8.2333, 142.1838,   0.8544,
 2026-Dec-27 13:00:00,*, , 148.854576591,  13.606732674,  149.225692035,  13.476549728,   332.569224916,     -13.358257478,   99.48530,  42.31189,   22.1594,  -19.783,  4.65934322817111,-21.0077441,    8.2318,  268.05764,  64.49666,    8.2281, 142.1845,   0.8545,
 2026-Dec-27 14:00:00,*, , 148.852804978,  13.607553896,  149.223923726,  13.477369419,   347.454792367,     -15.933493468,   99.48595,  42.31649,   22.1590,  -19.785,  4.65883718813972,-21.0504224,    8.2266,  268.05764,  64.49666,    8.2230, 142.1852,   0.8547,
 2026-Dec-27 15:00:00,C, , 148.851032084,  13.608381045,  149.222157184,  13.478194892,     2.678953267,     -16.580862289,   99.48660,  42.32110,   22.1586,  -19.787,  4.65833007280216,-21.0964463,    8.2214,  268.05764,  64.49666,    8.2178, 142.1859,   0.8548,
 2026-Dec-27 16:00:00,N, , 148.849253060,  13.609214209,  149.220387637,  13.479026429,    17.827307216,     -15.238392674,   99.48725,  42.32571,   22.1582,  -19.789,  4.65782185038537,-21.1417502,    8.2162,  268.05764,  64.49666,    8.2126, 142.1866,   0.8549,
 2026-Dec-27 17:00:00,A, , 148.847463115,  13.610053190,  149.218610151,  13.479864022,    32.516204361,     -12.032559775,   99.48790,  42.33034,   22.1578,  -19.791,  4.65731258692568,-21.1823172,    8.2110,  268.05764,  64.49666,    8.2074, 142.1872,   0.8550,
 2026-Dec-27 18:00:00, , , 148.845657842,  13.610897515,  149.216819969,  13.480707373,    46.537269322,      -7.237873405,   99.48855,  42.33498,   22.1574,  -19.793,  4.65680244175327,-21.2144551,    8.2058,  268.05764,  64.49666,    8.2021, 142.1879,   0.8552,
 2026-Dec-27 19:00:00, , , 148.843833521,  13.611746467,  149.215012842,  13.481555913,    59.904492828,      -1.206293941,   99.48920,  42.33962,   22.1570,  -19.796,  4.65629165658446,-21.2350484,    8.2005,  268.05764,  64.49666,    8.1969, 142.1886,   0.8553,
 2026-Dec-27 20:00:00, ,m, 148.841987373,  13.612599140,  149.213185313,  13.482408844,    72.820264188,       5.690317817,   99.48985,  42.34427,   22.1566,  -19.798,  4.65578053896980,-21.2417725,    8.1953,  268.05764,  64.49666,    8.1916, 142.1892,   0.8554,
 2026-Dec-27 21:00:00, ,m, 148.840117754,  13.613454492,  149.211334962,  13.483265193,    85.621298820,      13.084334635,   99.49051,  42.34892,   22.1562,  -19.800,  4.65526944123233,-21.2332523,    8.1900,  268.05764,  64.49666,    8.1863, 142.1899,   0.8555,
 2026-Dec-27 22:00:00, ,m, 148.838224262,  13.614311426,  149.209460566,  13.484123876,    98.742225271,      20.605326090,   99.49117,  42.35357,   22.1558,  -19.802,  4.65475873633957,-21.2091569,    8.1847,  268.05764,  64.49666,    8.1810, 142.1905,   0.8556,
 2026-Dec-27 23:00:00, ,m, 148.836307772,  13.615168857,  149.207562186,  13.484983773,   112.695123029,      27.851338885,   99.49183,  42.35821,   22.1554,  -19.804,  4.65424879236292,-21.1702218,    8.1794,  268.05764,  64.49666,    8.1757, 142.1911,   0.8557,
 2026-Dec-28 00:00:00, ,m, 148.834370369,  13.616025793,  149.205641160,  13.485843810,   128.027372959,      34.349405185,   99.49250,  42.36284,   22.1549,  -19.806,  4.65373994727494,-21.1181987,    8.1741,  268.05764,  64.49666,    8.1703, 142.1918,   0.8559,
 2026-Dec-28 01:00:00, ,m, 148.832415210,  13.616881398,  149.203700017,  13.486703023,   145.179891226,      39.527961071,   99.49316,  42.36746,   22.1545,  -19.809,  4.65323248581196,-21.0557349,    8.1687,  268.05764,  64.49666,    8.1650, 142.1924,   0.8560,
 2026-Dec-28 02:00:00, ,m, 148.830446308,  13.617735051,  149.201742299,  13.487560633,   164.168411706,      42.756190209,   99.49383,  42.37206,   22.1541,  -19.811,  4.65272661998802,-20.9861923,    8.1633,  268.05764,  64.49666,    8.1596, 142.1930,   0.8561,
 2026-Dec-28 03:00:00, ,m, 148.828468252,  13.618586392,  149.199772319,  13.488416095,   184.233225788,      43.519983536,   99.49449,  42.37666,   22.1536,  -19.813,  4.65222247459545,-20.9134164,    8.1580,  268.05764,  64.49666,    8.1542, 142.1936,   0.8562,
 2026-Dec-28 04:00:00, ,m, 148.826485899,  13.619435341,  149.197794869,  13.489269138,   203.992912329,      41.680130652,   99.49516,  42.38123,   22.1532,  -19.815,  4.65172007868605,-20.8414729,    8.1526,  268.05764,  64.49666,    8.1488, 142.1942,   0.8563,
 2026-Dec-28 05:00:00, ,m, 148.824504037,  13.620282107,  149.195814887,  13.490119779,   222.254960928,      37.560058310,   99.49583,  42.38580,   22.1527,  -19.817,  4.65121936361653,-20.7743689,    8.1472,  268.05764,  64.49666,    8.1434, 142.1948,   0.8564,
 2026-Dec-28 06:00:00,A,m, 148.822527057,  13.621127176,  149.193837121,  13.490968328,   238.609284573,      31.753648678,   99.49649,  42.39035,   22.1523,  -19.819,  4.65072016779191,-20.7157781,    8.1418,  268.05764,  64.49666,    8.1381, 142.1953,   0.8565,
 2026-Dec-28 07:00:00,N,m, 148.820558654,  13.621971271,  149.191865803,  13.491815362,   253.299050290,      24.879388207,   99.49716,  42.39488,   22.1518,  -19.821,  4.65022224778139,-20.6687892,    8.1364,  268.05764,  64.49666,    8.1327, 142.1959,   0.8566,
 2026-Dec-28 08:00:00,C,m, 148.818601572,  13.622815309,  149.189904357,  13.492661688,   266.837583986,      17.466775960,   99.49782,  42.39942,   22.1514,  -19.824,  4.64972529504429,-20.6356936,    8.1311,  268.05764,  64.49666,    8.1273, 142.1966,   0.8567,
 2026-Dec-28 09:00:00,*,m, 148.816657414,  13.623660335,  149.187955170,  13.493508287,   279.766702151,       9.954231129,   99.49848,  42.40394,   22.1510,  -19.826,  4.64922895711916,-20.6178292,    8.1257,  268.05764,  64.49666,    8.1220, 142.1972,   0.8568,
 2026-Dec-28 10:00:00,*,m, 148.814726537,  13.624507451,  149.186019420,  13.494356247,   292.568523548,       2.726060454,   99.49913,  42.40847,   22.1505,  -19.828,  4.64873286182326,-20.6154878,    8.1203,  268.05764,  64.49666,    8.1166, 142.1978,   0.8569,
 2026-Dec-28 11:00:00,*, , 148.812808023,  13.625357741,  149.184097003,  13.495206687,   305.639449085,      -3.850921336,   99.49979,  42.41299,   22.1501,  -19.830,  4.64823664280315,-20.6278958,    8.1150,  268.05764,  64.49666,    8.1113, 142.1984,   0.8570,
 2026-Dec-28 12:00:00,*, , 148.810899743,  13.626212195,  149.182186533,  13.496060684,   319.265500150,      -9.406592394,   99.50045,  42.41753,   22.1497,  -19.832,  4.64773996468496,-20.6532669,    8.1097,  268.05764,  64.49666,    8.1060, 142.1990,   0.8571,
 2026-Dec-28 13:00:00,*, , 148.808998504,  13.627071643,  149.180285443,  13.496919192,   333.576577121,     -13.572542965,   99.50110,  42.42207,   22.1492,  -19.834,  4.64724254610008,-20.6889248,    8.1044,  268.05764,  64.49666,    8.1007, 142.1997,   0.8572,
 2026-Dec-28 14:00:00,*, , 148.807100266,  13.627936696,  149.178390158,  13.497782985,   348.494063964,     -16.020911259,   99.50175,  42.42662,   22.1488,  -19.836,  4.64674417900794,-20.7314866,    8.0991,  268.05764,  64.49666,    8.0954, 142.2003,   0.8573,
 2026-Dec-28 15:00:00,C, , 148.805200420,  13.628807707,  149.176496339,  13.498652597,     3.724135651,     -16.531536341,   99.50241,  42.43118,   22.1484,  -19.838,  4.64624474299148,-20.7770947,    8.0937,  268.05764,  64.49666,    8.0900, 142.2009,   0.8574,
 2026-Dec-28 16:00:00,N, , 148.803294105,  13.629684742,  149.174599185,  13.499528288,    18.849173090,     -15.055464432,   99.50306,  42.43575,   22.1480,  -19.841,  4.64574421354507,-20.8216813,    8.0884,  268.05764,  64.49666,    8.0847, 142.2015,   0.8576,
 2026-Dec-28 17:00:00,A, , 148.801376539,  13.630567580,  149.172693757,  13.500410027,    33.494110470,     -11.731126379,   99.50372,  42.44033,   22.1475,  -19.843,  4.64524266378705,-20.8612472,    8.0831,  268.05764,  64.49666,    8.0794, 142.2022,   0.8577,
 2026-Dec-28 18:00:00, , , 148.799443350,  13.631455723,  149.170775321,  13.501297491,    47.465661460,      -6.840508241,   99.50437,  42.44492,   22.1471,  -19.845,  4.64474025947889,-20.8921362,    8.0777,  268.05764,  64.49666,    8.0740, 142.2028,   0.8578,
 2026-Dec-28 19:00:00, , , 148.797490873,  13.632348436,  149.168839670,  13.502190090,    60.792358301,      -0.738283865,   99.50503,  42.44952,   22.1467,  -19.847,  4.64423724769255,-20.9112857,    8.0724,  268.05764,  64.49666,    8.0686, 142.2034,   0.8579,
 2026-Dec-28 20:00:00, , , 148.795516406,  13.633244791,  149.166883416,  13.503087003,    73.687350937,       6.203726500,   99.50569,  42.45412,   22.1462,  -19.849,  4.64373393990208,-20.9164367,    8.0670,  268.05764,  64.49666,    8.0632, 142.2040,   0.8581,
 2026-Dec-28 21:00:00, , , 148.793518389,  13.634143735,  149.164904220,  13.503987238,    86.494892662,      13.618313017,   99.50636,  42.45872,   22.1458,  -19.851,  4.64323069065828,-20.9062887,    8.0616,  268.05764,  64.49666,    8.0578, 142.2045,   0.8582,
 2026-Dec-28 22:00:00, ,m, 148.791496520,  13.635044158,  149.162900953,  13.504889700,    99.655557150,      21.134042133,   99.50702,  42.46332,   22.1453,  -19.853,  4.64272787330786,-20.8805889,    8.0562,  268.05764,  64.49666,    8.0524, 142.2051,   0.8583,
 2026-Dec-28 23:00:00, ,m, 148.789451769,  13.635944973,  149.160873779,  13.505793262,   113.685974100,      28.345405479,   99.50769,  42.46791,   22.1449,  -19.856,  4.64222585442115,-20.8401501,    8.0507,  268.05764,  64.49666,    8.0469, 142.2057,   0.8584,
 2026-Dec-29 00:00:00, ,m, 148.787386317,  13.636845189,  149.158824136,  13.506696845,   129.132852007,      34.773137689,   99.50836,  42.47249,   22.1444,  -19.858,  4.64172496868113,-20.7867946,    8.0453,  268.05764,  64.49666,    8.0414, 142.2062,   0.8585,
 2026-Dec-29 01:00:00, ,m, 148.785303403,  13.637743975,  149.156754646,  13.507599491,   146.420726203,      39.838945737,   99.50903,  42.47706,   22.1440,  -19.860,  4.64122549595508,-20.7232296,    8.0398,  268.05764,  64.49666,    8.0359, 142.2068,   0.8586,
 2026-Dec-29 02:00:00, ,m, 148.783207108,  13.638640723,  149.154668929,  13.508500430,   165.521437335,      42.912298600,   99.50970,  42.48162,   22.1435,  -19.862,  4.64072764212068,-20.6528618,    8.0343,  268.05764,  64.49666,    8.0304, 142.2073,   0.8587,
 2026-Dec-29 03:00:00, ,m, 148.781102069,  13.639535086,  149.152571364,  13.509399130,   185.617882098,      43.496485307,   99.51037,  42.48616,   22.1430,  -19.864,  4.64023152496126,-20.5795640,    8.0288,  268.05764,  64.49666,    8.0249, 142.2078,   0.8588,
 2026-Dec-29 04:00:00, ,m, 148.778993167,  13.640427003,  149.150466778,  13.510295336,   205.310357099,      41.484654753,   99.51104,  42.49069,   22.1425,  -19.866,  4.63973716609723,-20.5074096,    8.0232,  268.05764,  64.49666,    8.0194, 142.2083,   0.8589,
 2026-Dec-29 05:00:00, ,m, 148.776885190,  13.641316703,  149.148360126,  13.511189086,   223.448383641,      37.227532840,   99.51171,  42.49520,   22.1421,  -19.868,  4.63924448950732,-20.4403937,    8.0177,  268.05764,  64.49666,    8.0139, 142.2089,   0.8590,
 2026-Dec-29 06:00:00,A,m, 148.774782505,  13.642204687,  149.146256144,  13.512080708,   239.677303044,      31.327895197,   99.51238,  42.49970,   22.1416,  -19.870,  4.63875332674151,-20.3821587,    8.0122,  268.05764,  64.49666,    8.0084, 142.2094,   0.8591,
 2026-Dec-29 07:00:00,N,m, 148.772688761,  13.643091699,  149.144159030,  13.512970801,   254.271020348,      24.400307720,   99.51305,  42.50419,   22.1411,  -19.873,  4.63826342846847,-20.3357456,    8.0067,  268.05764,  64.49666,    8.0029, 142.2099,   0.8592,
 2026-Dec-29 08:00:00,C,m, 148.770606634,  13.643978669,  149.142072151,  13.513860189,   267.750793094,      16.967392446,   99.51372,  42.50867,   22.1407,  -19.875,  4.63777448156655,-20.3033848,    8.0012,  268.05764,  64.49666,    7.9974, 142.2105,   0.8593,
 2026-Dec-29 09:00:00,*,m, 148.768537650,  13.644866655,  149.139997816,  13.514749867,   280.656228063,       9.462548225,   99.51439,  42.51315,   22.1402,  -19.877,  4.63728613058720,-20.2863433,    7.9957,  268.05764,  64.49666,    7.9919, 142.2110,   0.8594,
 2026-Dec-29 10:00:00,*,m, 148.766482072,  13.645756764,  149.137937116,  13.515640933,   293.464212935,       2.267794998,   99.51505,  42.51762,   22.1397,  -19.879,  4.63679800211971,-20.2848383,    7.9902,  268.05764,  64.49666,    7.9864, 142.2116,   0.8595,
 2026-Dec-29 11:00:00,*, , 148.764438890,  13.646650083,  149.135889849,  13.516534514,   306.564506931,      -4.250319683,   99.51571,  42.52210,   22.1393,  -19.881,  4.63630973038772,-20.2980218,    7.9848,  268.05764,  64.49666,    7.9810, 142.2122,   0.8596,
 2026-Dec-29 12:00:00,*, , 148.762405885,  13.647547601,  149.133854534,  13.517431685,   320.234014087,      -9.721384193,   99.51637,  42.52658,   22.1388,  -19.883,  4.63582098232289,-20.3240390,    7.9793,  268.05764,  64.49666,    7.9755, 142.2127,   0.8598,
 2026-Dec-29 13:00:00,*, , 148.760379781,  13.648450138,  149.131828511,  13.518333398,   334.589743979,     -13.778275321,   99.51703,  42.53108,   22.1383,  -19.885,  4.63533148039805,-20.3601552,    7.9739,  268.05764,  64.49666,    7.9701, 142.2133,   0.8599,
 2026-Dec-29 14:00:00,*, , 148.758356472,  13.649358297,  149.129808125,  13.519240417,   349.537634603,     -16.098353145,   99.51769,  42.53558,   22.1379,  -19.887,  4.63484102166112,-20.4029430,    7.9684,  268.05764,  64.49666,    7.9646, 142.2138,   0.8600,
 2026-Dec-29 15:00:00,C, , 148.756331299,  13.650272414,  149.127788976,  13.520153265,     4.771436306,     -16.471640387,   99.51835,  42.54009,   22.1374,  -19.889,  4.63434949164904,-20.4485173,    7.9630,  268.05764,  64.49666,    7.9592, 142.2144,   0.8601,
 2026-Dec-29 16:00:00,N, , 148.754299373,  13.651192542,  149.125766217,  13.521072185,    19.871158607,     -14.862306770,   99.51901,  42.54461,   22.1370,  -19.891,  4.63385687225319,-20.4928014,    7.9575,  268.05764,  64.49666,    7.9537, 142.2150,   0.8602,
 2026-Dec-29 17:00:00,A, , 148.752255907,  13.652118441,  149.123734891,  13.521997130,    34.471031776,     -11.420533514,   99.51967,  42.54914,   22.1365,  -19.894,  4.63336324297603,-20.5318061,    7.9521,  268.05764,  64.49666,    7.9483, 142.2155,   0.8604,
 2026-Dec-29 18:00:00, , , 148.750196547,  13.653049599,  149.121690269,  13.522927760,    48.393059232,      -6.435439143,   99.52033,  42.55368,   22.1361,  -19.896,  4.63286877550099,-20.5619034,    7.9466,  268.05764,  64.49666,    7.9428, 142.2161,   0.8605,
 2026-Dec-29 19:00:00, , , 148.748117666,  13.653985266,  149.119628170,  13.523863468,    61.680135988,      -0.264144728,   99.52099,  42.55823,   22.1356,  -19.898,  4.63237372194917,-20.5800745,    7.9411,  268.05764,  64.49666,    7.9373, 142.2166,   0.8606,
 2026-Dec-29 20:00:00, , , 148.746016618,  13.654924504,  149.117545253,  13.524803422,    74.555930279,       6.721671580,   99.52166,  42.56278,   22.1351,  -19.900,  4.63187839762648,-20.5841169,    7.9356,  268.05764,  64.49666,    7.9318, 142.2171,   0.8607,
 2026-Dec-29 21:00:00, , , 148.743891914,  13.655866252,  149.115439247,  13.525746619,    87.372097715,      14.155172409,   99.52232,  42.56733,   22.1347,  -19.902,  4.63138315944344,-20.5727954,    7.9301,  268.05764,  64.49666,    7.9262, 142.2176,   0.8608,
 2026-Dec-29 22:00:00, , , 148.741743330,  13.656809400,  149.113309099,  13.526691958,   100.575110954,      21.663771947,   99.52299,  42.57188,   22.1342,  -19.904,  4.63088838148594,-20.5459259,    7.9245,  268.05764,  64.49666,    7.9206, 142.2181,   0.8610,
 2026-Dec-29 23:00:00, ,m, 148.739571915,  13.657752864,  149.111155054,  13.527638313,   114.686010969,      28.838195691,   99.52367,  42.57642,   22.1337,  -19.906,  4.63039442941120,-20.5043889,    7.9189,  268.05764,  64.49666,    7.9150, 142.2186,   0.8611,
 2026-Dec-30 00:00:00, ,m, 148.737379928,  13.658695659,  149.108978636,  13.528584609,   130.250199548,      35.192705674,   99.52434,  42.58096,   22.1332,  -19.908,  4.62990163542358,-20.4500683,    7.9133,  268.05764,  64.49666,    7.9094, 142.2191,   0.8612,
 2026-Dec-30 01:00:00, ,m, 148.735170676,  13.659636968,  149.106782544,  13.529529898,   147.674202341,      40.142416323,   99.52502,  42.58547,   22.1327,  -19.910,  4.62941027554519,-20.3857226,    7.9077,  268.05764,  64.49666,    7.9038, 142.2196,   0.8613,
 2026-Dec-30 02:00:00, ,m, 148.732948293,  13.660576200,  149.104570465,  13.530473425,   166.883912141,      43.057945896,   99.52569,  42.58998,   22.1322,  -19.913,  4.62892055073900,-20.3147956,    7.9021,  268.05764,  64.49666,    7.8982, 142.2201,   0.8614,
 2026-Dec-30 03:00:00, ,m, 148.730717452,  13.661513027,  149.102346825,  13.531414675,   187.005350408,      43.461372050,   99.52637,  42.59447,   22.1317,  -19.915,  4.62843257317800,-20.2411804,    7.8964,  268.05764,  64.49666,    7.8925, 142.2205,   0.8615,
 2026-Dec-30 04:00:00, ,m, 148.728483048,  13.662447408,  149.100116484,  13.532353414,   206.624784752,      41.278718409,   99.52705,  42.59895,   22.1312,  -19.917,  4.62794635860135,-20.1689525,    7.8908,  268.05764,  64.49666,    7.8869, 142.2210,   0.8616,
 2026-Dec-30 05:00:00, ,m, 148.726249863,  13.663379593,  149.097884401,  13.533289701,   224.636756970,      36.887040918,   99.52772,  42.60341,   22.1307,  -19.919,  4.62746182528103,-20.1020904,    7.8851,  268.05764,  64.49666,    7.8812, 142.2215,   0.8617,
 2026-Dec-30 06:00:00,A,m, 148.724022235,  13.664310104,  149.095655299,  13.534223887,   240.741249902,      30.896834766,   99.52840,  42.60785,   22.1302,  -19.921,  4.62697879966925,-20.0442029,    7.8795,  268.05764,  64.49666,    7.8756, 142.2219,   0.8618,
 2026-Dec-30 07:00:00,N,m, 148.721803763,  13.665239701,  149.093433337,  13.535156588,   255.241097060,      23.918253526,   99.52907,  42.61229,   22.1297,  -19.923,  4.62649702833917,-19.9982818,    7.8739,  268.05764,  64.49666,    7.8700, 142.2224,   0.8619,
 2026-Dec-30 08:00:00,C,m, 148.719597062,  13.666169327,  149.091221827,  13.536088644,   268.664444165,      16.467052338,   99.52974,  42.61672,   22.1292,  -19.925,  4.62601619539969,-19.9664969,    7.8682,  268.05764,  64.49666,    7.8643, 142.2229,   0.8620,
 2026-Dec-30 09:00:00,*,m, 148.717403578,  13.667100049,  149.089023006,  13.537021064,   281.548320404,       8.971778541,   99.53041,  42.62114,   22.1287,  -19.927,  4.62553594419022,-19.9500473,    7.8626,  268.05764,  64.49666,    7.8587, 142.2234,   0.8621,
 2026-Dec-30 10:00:00,*,m, 148.715223495,  13.668032979,  149.086837884,  13.537954952,   294.364255698,       1.812326325,   99.53108,  42.62557,   22.1282,  -19.929,  4.62505590176786,-19.9490793,    7.8570,  268.05764,  64.49666,    7.8531, 142.2238,   0.8622,
 2026-Dec-30 11:00:00,*, , 148.713055720,  13.668969198,  149.084666173,  13.538891435,   307.495219166,      -4.644937757,   99.53174,  42.62999,   22.1277,  -19.931,  4.62457570450816,-19.9626767,    7.8514,  268.05764,  64.49666,    7.8476, 142.2243,   0.8623,
 2026-Dec-30 12:00:00,*, , 148.710897957,  13.669909688,  149.082506309,  13.539831583,   321.208733725,     -10.029352867,   99.53241,  42.63443,   22.1272,  -19.933,  4.62409502306449,-19.9889233,    7.8458,  268.05764,  64.49666,    7.8420, 142.2248,   0.8624,
 2026-Dec-30 13:00:00,*, , 148.708746865,  13.670855256,  149.080355557,  13.540776337,   335.608621554,     -13.975295450,   99.53307,  42.63886,   22.1268,  -19.935,  4.62361358497514,-20.0250346,    7.8403,  268.05764,  64.49666,    7.8364, 142.2253,   0.8625,
 2026-Dec-30 14:00:00,*, , 148.706598289,  13.671806484,  149.078210201,  13.541726446,   350.585326745,     -16.165707386,   99.53373,  42.64331,   22.1263,  -19.938,  4.62313119336859,-20.0675490,    7.8347,  268.05764,  64.49666,    7.8308, 142.2258,   0.8626,
 2026-Dec-30 15:00:00,C, , 148.704447541,  13.672763690,  149.076065795,  13.542682410,     5.820654444,     -16.401131724,   99.53440,  42.64777,   22.1258,  -19.940,  4.62264774048506,-20.1125647,    7.8291,  268.05764,  64.49666,    7.8253, 142.2263,   0.8628,
 2026-Dec-30 16:00:00,N, , 148.702289726,  13.673726899,  149.073917473,  13.543644452,    20.893104199,     -14.658944533,   99.53506,  42.65224,   22.1253,  -19.942,  4.62216321508754,-20.1560074,    7.8235,  268.05764,  64.49666,    7.8197, 142.2268,   0.8629,
 2026-Dec-30 17:00:00,A, , 148.700120075,  13.674695848,  149.071760281,  13.544612498,    35.446887097,     -11.100853095,   99.53572,  42.65672,   22.1248,  -19.944,  4.62167770325459,-20.1939100,    7.8180,  268.05764,  64.49666,    7.8141, 142.2273,   0.8630,
 2026-Dec-30 18:00:00, , , 148.697934272,  13.675670002,  149.069589514,  13.545586183,    49.319461048,      -6.022762196,   99.53639,  42.66121,   22.1243,  -19.946,  4.62119138250060,-20.2226842,    7.8124,  268.05764,  64.49666,    7.8085, 142.2278,   0.8631,
 2026-Dec-30 19:00:00, , , 148.695728753,  13.676648587,  149.067401042,  13.546564875,    62.567889411,       0.216016848,   99.53706,  42.66571,   22.1238,  -19.948,  4.62070450962664,-20.2393666,    7.8067,  268.05764,  64.49666,    7.8028, 142.2283,   0.8633,
 2026-Dec-30 20:00:00, , , 148.693500947,  13.677630649,  149.065191595,  13.547547722,    75.426119478,       7.244038189,   99.53773,  42.67021,   22.1233,  -19.950,  4.62021740313462,-20.2418220,    7.8011,  268.05764,  64.49666,    7.7972, 142.2287,   0.8634,
 2026-Dec-30 21:00:00, , , 148.691249457,  13.678615112,  149.062958982,  13.548533706,    88.253082156,      14.694782784,   99.53840,  42.67471,   22.1228,  -19.952,  4.61973042141014,-20.2288900,    7.7954,  268.05764,  64.49666,    7.7915, 142.2292,   0.8635,
 2026-Dec-30 22:00:00, , , 148.688974151,  13.679600859,  149.060702249,  13.549521712,   101.501105303,      22.194356418,   99.53907,  42.67920,   22.1223,  -19.954,  4.61924393816964,-20.2004642,    7.7897,  268.05764,  64.49666,    7.7858, 142.2296,   0.8636,
 2026-Dec-30 23:00:00, , , 148.686676179,  13.680586802,  149.058421740,  13.550510608,   115.695484506,      29.329503745,   99.53975,  42.68369,   22.1218,  -19.956,  4.61875831685486,-20.1575000,    7.7840,  268.05764,  64.49666,    7.7801, 142.2300,   0.8637,
 2026-Dec-31 00:00:00, , , 148.684357886,  13.681571961,  149.056119073,  13.551499321,   131.379623113,      35.607847161,   99.54043,  42.68816,   22.1213,  -19.959,  4.61827388573002,-20.1019489,    7.7783,  268.05764,  64.49666,    7.7743, 142.2305,   0.8638,
 2026-Dec-31 01:00:00, ,m, 148.682022658,  13.682555527,  149.053797036,  13.552486910,   148.940324524,      40.438082381,   99.54111,  42.69263,   22.1208,  -19.961,  4.61779091538901,-20.0366248,    7.7726,  268.05764,  64.49666,    7.7686, 142.2309,   0.8639,
 2026-Dec-31 02:00:00, ,m, 148.679674688,  13.683536924,  149.051459388,  13.553472629,   168.255518801,      43.192903241,   99.54179,  42.69708,   22.1202,  -19.963,  4.61730960021485,-19.9650113,    7.7668,  268.05764,  64.49666,    7.7628, 142.2313,   0.8640,
 2026-Dec-31 03:00:00, ,m, 148.677318688,  13.684515841,  149.049110608,  13.554455982,   188.395162699,      43.414569901,   99.54247,  42.70151,   22.1197,  -19.965,  4.61683004506286,-19.8910226,    7.7610,  268.05764,  64.49666,    7.7570, 142.2317,   0.8641,
 2026-Dec-31 04:00:00, ,m, 148.674959570,  13.685492258,  149.046755585,  13.555436754,   207.935893581,      41.062392142,   99.54314,  42.70593,   22.1192,  -19.967,  4.61635225808060,-19.8187358,    7.7553,  268.05764,  64.49666,    7.7513, 142.2321,   0.8642,
 2026-Dec-31 05:00:00, ,m, 148.672602104,  13.686466446,  149.044399285,  13.556415027,   225.820021683,      36.538715030,   99.54382,  42.71034,   22.1186,  -19.969,  4.61587615015750,-19.7521105,    7.7495,  268.05764,  64.49666,    7.7455, 142.2325,   0.8643,
 2026-Dec-31 06:00:00,A,m, 148.670250595,  13.687438950,  149.042046408,  13.557391173,   241.801203186,      30.460605294,   99.54450,  42.71473,   22.1181,  -19.971,  4.61540154104209,-19.6947182,    7.7437,  268.05764,  64.49666,    7.7397, 142.2329,   0.8644,
 2026-Dec-31 07:00:00,N,m, 148.667908585,  13.688410547,  149.039701068,  13.558365833,   256.209403219,      23.433355567,   99.54518,  42.71911,   22.1176,  -19.973,  4.61492817170781,-19.6494969,    7.7379,  268.05764,  64.49666,    7.7340, 142.2333,   0.8645,
 2026-Dec-31 08:00:00,C,m, 148.665578613,  13.689382201,  149.037366509,  13.559339865,   269.578664292,      15.965884152,   99.54585,  42.72349,   22.1171,  -19.975,  4.61445572212006,-19.6185498,    7.7322,  268.05764,  64.49666,    7.7282, 142.2337,   0.8646,
 2026-Dec-31 09:00:00,*,m, 148.663262038,  13.690354988,  149.035044885,  13.560314295,   282.443096193,       8.482059564,   99.54653,  42.72786,   22.1165,  -19.977,  4.61398383318675,-19.6030011,    7.7265,  268.05764,  64.49666,    7.7225, 142.2341,   0.8647,
 2026-Dec-31 10:00:00,*,m, 148.660958946,  13.691330030,  149.032737108,  13.561290238,   295.268747886,       1.359808509,   99.54720,  42.73222,   22.1160,  -19.979,  4.61351213138793,-19.6029187,    7.7207,  268.05764,  64.49666,    7.7168, 142.2346,   0.8648,
 2026-Dec-31 11:00:00,*, , 148.658668147,  13.692308412,  149.030442791,  13.562268829,   308.431642290,      -5.034604168,   99.54787,  42.73660,   22.1155,  -19.981,  4.61304025439631,-19.6173099,    7.7150,  268.05764,  64.49666,    7.7111, 142.2350,   0.8649,
 2026-Dec-31 12:00:00,*, , 148.656387251,  13.693291112,  149.028160267,  13.563251138,   322.189649269,     -10.330320381,   99.54853,  42.74097,   22.1150,  -19.983,  4.61256787593286,-19.6441886,    7.7093,  268.05764,  64.49666,    7.7054, 142.2354,   0.8650,
 2026-Dec-31 13:00:00,*, , 148.654112835,  13.694278932,  149.025886709,  13.564238104,   336.633113098,     -14.163443082,   99.54920,  42.74536,   22.1145,  -19.985,  4.61209472815392,-19.6807122,    7.7036,  268.05764,  64.49666,    7.6997, 142.2359,   0.8652,
 2026-Dec-31 14:00:00,*, , 148.651840676,  13.695272442,  149.023618320,  13.565230464,   351.636967886,     -16.222863004,   99.54987,  42.74975,   22.1140,  -19.987,  4.61162062003553,-19.7233755,    7.6979,  268.05764,  64.49666,    7.6940, 142.2363,   0.8653,
 2026-Dec-31 15:00:00,C, , 148.649566041,  13.696271943,  149.021350596,  13.566228708,     6.871594740,     -16.319970077,   99.55053,  42.75416,   22.1134,  -19.989,  4.61114545049525,-19.7682516,    7.6922,  268.05764,  64.49666,    7.6883, 142.2367,   0.8654,
 2026-Dec-31 16:00:00,N, , 148.647284011,  13.697277447,  149.019078631,  13.567233039,    21.914856070,     -14.445405910,   99.55120,  42.75857,   22.1129,  -19.991,  4.61066921535199,-19.8112602,    7.6865,  268.05764,  64.49666,    7.6825, 142.2372,   0.8655,
 2026-Dec-31 17:00:00,A, , 148.644989817,  13.698288671,  149.016797456,  13.568243367,    36.421599272,     -10.772161250,   99.55187,  42.76300,   22.1124,  -19.993,  4.61019200764717,-19.8484477,    7.6808,  268.05764,  64.49666,    7.6768, 142.2376,   0.8656,
 2026-Dec-31 18:00:00, , , 148.642679169,  13.699305062,  149.014502378,  13.569259308,    50.244866227,      -5.602579383,   99.55253,  42.76743,   22.1119,  -19.996,  4.60971401130507,-19.8762579,    7.6751,  268.05764,  64.49666,    7.6711, 142.2380,   0.8658,
 2026-Dec-31 19:00:00, , , 148.640348549,  13.700325833,  149.012189303,  13.570280214,    63.455679984,       0.702085661,   99.55321,  42.77187,   22.1114,  -19.998,  4.60923548856622,-19.8917756,    7.6693,  268.05764,  64.49666,    7.6653, 142.2384,   0.8659,
 2026-Dec-31 20:00:00, , , 148.637995450,  13.701350015,  149.009855016,  13.571305216,    76.298031383,       7.770699526,   99.55388,  42.77632,   22.1108,  -20.000,  4.60875676205105,-19.8929264,    7.6635,  268.05764,  64.49666,    7.6595, 142.2388,   0.8660,
 2026-Dec-31 21:00:00, , , 148.635618553,  13.702376526,  149.007497402,  13.572333284,    89.138007827,      15.236998526,   99.55455,  42.78076,   22.1103,  -20.002,  4.60827819269586,-19.8786189,    7.6577,  268.05764,  64.49666,    7.6537, 142.2392,   0.8661,
 2026-Dec-31 22:00:00, , , 148.633217814,  13.703404242,  149.005115590,  13.573363296,   102.433749715,      22.725617256,   99.55523,  42.78520,   22.1098,  -20.004,  4.60780015505029,-19.8488194,    7.6519,  268.05764,  64.49666,    7.6479, 142.2396,   0.8662,
 2026-Dec-31 23:00:00, , , 148.630794469,  13.704432078,  149.002710017,  13.574394118,   116.714630235,      29.819101848,   99.55591,  42.78963,   22.1092,  -20.006,  4.60732301165018,-19.8045542,    7.6461,  268.05764,  64.49666,    7.6421, 142.2399,   0.8664,
$$EOE
***********************************************************************************************************************************************************************************************************************************************************************
Column meaning:
 
TIME

  Times PRIOR to 1962 are UT1, a mean-solar time closely related to the
prior but now-deprecated GMT. Times AFTER 1962 are in UTC, the current
civil or "wall-clock" time-scale. UTC is kept within 0.9 seconds of UT1
using integer leap-seconds for 1972 and later years.

  Conversion from the internal Barycentric Dynamical Time (TDB) of solar
system dynamics to the non-uniform civil UT time-scale requested for output
has not been determined for UTC times after the next July or January 1st.
Therefore, the last known leap-second is used as a constant over future
intervals.

  Time tags refer to the UT time-scale conversion from TDB on Earth
regardless of observer location within the solar system, although clock
rates may differ due to the local gravity field and no analog to "UT"
may be defined for that location.

  Any 'b' symbol in the 1st-column denotes a B.C. date. First-column blank
(" ") denotes an A.D. date.
 
CALENDAR SYSTEM

  Mixed calendar mode was active such that calendar dates after AD 1582-Oct-15
(if any) are in the modern Gregorian system. Dates prior to 1582-Oct-5 (if any)
are in the Julian calendar system, which is automatically extended for dates
prior to its adoption on 45-Jan-1 BC.  The Julian calendar is useful for
matching historical dates. The Gregorian calendar more accurately corresponds
to the Earth's orbital motion and seasons. A "Gregorian-only" calendar mode is
available if such physical events are the primary interest.

  NOTE: "n.a." in output means quantity "not available" at the print-time.
 
SOLAR PRESENCE (OBSERVING SITE)
  Time tag is followed by a blank, then a solar-presence symbol:

       '*'  Daylight (refracted solar upper-limb on or above apparent horizon)
       'C'  Civil twilight/dawn
       'N'  Nautical twilight/dawn
       'A'  Astronomical twilight/dawn
       ' '  Night OR geocentric ephemeris

LUNAR PRESENCE (OBSERVING SITE)
  The solar-presence symbol is immediately followed by a lunar-presence symbol:

       'm'  Refracted upper-limb of Moon on or above apparent horizon
       ' '  Refracted upper-limb of Moon below apparent horizon OR geocentric
            ephemeris
 
 'R.A.___(ICRF), DEC____(ICRF),' =
  Astrometric right ascension and declination of the target center with
respect to the observing site (coordinate origin) in the reference frame of
the planetary ephemeris (ICRF). Compensated for down-leg light-time delay
aberration.

  Units: RA  in decimal degrees,  ddd.fffff{ffff}
         DEC in decimal degrees,  sdd.fffff{ffff}
 
 'R.A.__(a-app), DEC___(a-app),' =
  Airless apparent right ascension and declination of the target center
with respect to an instantaneous reference frame defined by the Earth equator
of-date (z-axis) and meridian containing the Earth equinox of-date (x-axis,
EOP-corrected IAU76/80). Compensated for down-leg light-time delay,
gravitational deflection of light, stellar aberration, precession & nutation.
Note: equinox (RA origin) is offset -53 mas from the of-date frame defined by
the IAU06/00a P & N system.

  Units: RA  in decimal degrees, ddd.fffff{ffff}
         DEC in decimal degrees  sdd.fffff{ffff}

 
 'Azimuth_(a-app), Elevation_(a-app),' =
  Airless apparent azimuth and elevation of target center. Compensated
for light-time, the gravitational deflection of light, stellar aberration,
precession and nutation. Azimuth is measured clockwise from north:

  North(0) -> East(90) -> South(180) -> West(270) -> North (360)

Elevation angle is with respect to a plane perpendicular to the reference
surface local zenith direction. TOPOCENTRIC ONLY.  Units: DEGREES
 
 'Illu%,' =
   Fraction of the target objects' assumed circular disk illuminated by Sun
(phase), as seen by the observer.  Units: PERCENT
 
 'Ang-diam,' =
   The equatorial angular width of the target body full disk, if it were fully
illuminated and visible to the observer. If the target body diameter is unknown
"n.a." is output.

   Units: ARCSECONDS
 
 'NP.ang,  NP.dist,' =
  Targets' apparent north-pole position angle (counter-clockwise with respect
to the direction of the true-of-date reference-frame north-pole) and its
angular distance from the sub-observer point (center of disk) at observation
time.  A negative distance indicates the planets' north-pole is on the hidden
hemisphere.  Units: DEGREES and ARCSECONDS
 
 'delta,     deldot,' =
   Apparent range ("delta", light-time aberrated) and range-rate ("delta-dot")
of the target center relative to the observer. A positive "deldot" means the
target center is moving away from the observer, negative indicates movement
toward the observer.  Units: AU and KM/S
 
 'S-T-O,' =
   The Sun-Target-Observer angle; the interior vertex angle at target center
formed by a vector from the target to the apparent center of the Sun (at
reflection time on the target) and the apparent vector from target to the
observer at print-time. Slightly different from true PHASE ANGLE (requestable
separately) at the few arcsecond level in that it includes stellar aberration
on the down-leg from target to observer.  Units: DEGREES
 
 'N.Pole-RA, N.Pole-DC,' =
    ICRF right ascension and declination of the target body's north-pole
direction at the time light left the body to be observed at print time.
Target pole/rotation model is given in the header. Units: DEGREES
 
 'phi,  PAB-LON,  PAB-LAT,' =
   "phi" is the true PHASE ANGLE at the observers' location at print time.
"PAB-LON" and "PAB-LAT" are the J2000 ecliptic longitude and latitude of the
phase angle bisector direction; the outward directed angle bisecting the arc
created by the apparent vector from Sun to target center and the astrometric
vector from observer to target center. For an otherwise uniform ellipsoid, the
time when its long-axis is perpendicular to the PAB direction approximately
corresponds to lightcurve maximum (or maximum brightness) of the body. PAB is
discussed in Harris et al., Icarus 57, 251-258 (1984).

   Units: DEGREES, DEGREES, DEGREES

Computations by ...

    Solar System Dynamics Group, Horizons On-Line Ephemeris System
    4800 Oak Grove Drive, Jet Propulsion Laboratory
    Pasadena, CA  91109   USA

    General site: https://ssd.jpl.nasa.gov/
    Mailing list: https://ssd.jpl.nasa.gov/email_list.html
    System news : https://ssd.jpl.nasa.gov/horizons/news.html
    User Guide  : https://ssd.jpl.nasa.gov/horizons/manual.html
    Connect     : browser        https://ssd.jpl.nasa.gov/horizons/app.html#/x
                  API            https://ssd-api.jpl.nasa.gov/doc/horizons.html
                  command-line   telnet ssd.jpl.nasa.gov 6775
                  e-mail/batch   https://ssd.jpl.nasa.gov/ftp/ssd/horizons_batch.txt
                  scripts        https://ssd.jpl.nasa.gov/ftp/ssd/SCRIPTS
    Inquiries   : Jon.D.Giorgini@jpl.nasa.gov

***********************************************************************************************************************************************************************************************************************************************************************
