# JPL Horizons response, kept whole (#472)
# request-url: https://ssd.jpl.nasa.gov/api/horizons.api?format=text&COMMAND=%27502%27&MAKE_EPHEM=%27YES%27&EPHEM_TYPE=%27OBSERVER%27&CENTER=%27coord%40399%27&COORD_TYPE=%27GEODETIC%27&QUANTITIES=%271%2C2%2C4%2C6%2C12%2C13%2C20%2C24%27&EXTRA_PREC=%27YES%27&ANG_FORMAT=%27DEG%27&APPARENT=%27AIRLESS%27&CSV_FORMAT=%27YES%27&TIME_DIGITS=%27SECONDS%27&SITE_COORD=%2710.75%2C59.91%2C0.0%27&START_TIME=%272026-12-01%2000%3A00%27&STOP_TIME=%272026-12-31%2023%3A00%27&STEP_SIZE=%271%20h%27
# requested-utc: 2026-10-07T13:53:22Z
# body-sha256: 3b75c6886bb50ed754544580bbd45a2d743f58eb31cdb50f29dbd4a592aa488a
# body-bytes: 183488
# complete: True
API VERSION: 1.2
API SOURCE: NASA/JPL Horizons API

*******************************************************************************
 Revised: Mar 12, 2021           Europa / (Jupiter)                         502

 SATELLITE PHYSICAL PROPERTIES:
  Mean radius (km)       = 1560.8   +- 0.3    Density (g cm^-3)= 3.013 +- 0.005
  GM   (km^3/s^2)        = 3202.7121+- 0.0054 Geometric Albedo = 0.67 +/- 0.03  
                                              V(1,0)           = -1.41

 SATELLITE ORBIT (at J2000.0 epoch, 2000-Jan-1.5):
  Semi-major axis, a (km) ~ 671,000           Orbital period   ~ 3.55 d
  Eccentricity, e         ~ 0.00981        Rotational period   = Synchronous
  Inclination, i  (deg)   ~ 0.462
*******************************************************************************


*******************************************************************************
Ephemeris / API_USER Wed Oct  7 06:53:23 2026 Pasadena, USA      / Horizons    
*******************************************************************************
Target body name: Europa (502)                    {source: jup365_merged}
Center body name: Earth (399)                     {source: DE441}
Center-site name: (user defined site below)
*******************************************************************************
Start time      : A.D. 2026-Dec-01 00:00:00.0000 UT      
Stop  time      : A.D. 2026-Dec-31 23:00:00.0000 UT      
Step-size       : 60 minutes
*******************************************************************************
Target pole/equ : IAU_EUROPA                      {West-longitude positive}
Target radii    : 1562.6, 1560.3, 1559.5 km       {Equator_a, b, pole_c}       
Center geodetic : 10.75, 59.91, 0.0               {E-lon(deg),Lat(deg),Alt(km)}
Center cylindric: 10.75, 3205.78431, 5495.4568    {E-lon(deg),Dxy(km),Dz(km)}
Center pole/equ : ITRF93                          {East-longitude positive}
Center radii    : 6378.137, 6378.137, 6356.752 km {Equator_a, b, pole_c}       
Target primary  : Jupiter
Vis. interferer : MOON (R_eq= 1737.400) km        {source: DE441}
Rel. light bend : Sun                             {source: jup365_merged}
Rel. lght bnd GM: 1.3271E+11 km^3/s^2                                          
Atmos refraction: NO (AIRLESS)
RA format       : DEG
Time format     : CAL 
Calendar mode   : Mixed Julian/Gregorian
EOP file        : eop.261006.p270102                                           
EOP coverage    : DATA-BASED 1962-JAN-20 TO 2026-OCT-06. PREDICTS-> 2027-JAN-01
Units conversion: 1 au= 149597870.700 km, c= 299792.458 km/s, 1 day= 86400.0 s 
Table cut-offs 1: Elevation (-90.0deg=NO ),Airmass (>38.000=NO), Daylight (NO )
Table cut-offs 2: Solar elongation (  0.0,180.0=NO ),Local Hour Angle( 0.0=NO )
Table cut-offs 3: RA/DEC angular rate (     0.0=NO )                           
Table format    : Comma Separated Values (spreadsheet)
***************************************************************************************************************************************************************************************************************************************
 Date__(UT)__HR:MN:SS, , , R.A.___(ICRF), DEC____(ICRF),  R.A.__(a-app), DEC___(a-app), Azimuth_(a-app), Elevation_(a-app),   X_(sat-prim), Y_(sat-prim), SatPANG,  ang-sep, vis.,  Ang-diam,             delta,     deldot,     S-T-O,
***************************************************************************************************************************************************************************************************************************************
$$SOE
 2026-Dec-01 00:00:00, ,m, 148.949296798,  13.456722053,  149.316469095,  13.327755016,   101.854661235,      22.128933057,         90.743,      -34.396, 110.756,  97.0451,    *,  0.856802,  5.02917937733409,-34.0769172,   10.4450,
 2026-Dec-01 01:00:00, ,m, 148.947802857,  13.457581927,  149.314993038,  13.328616491,   116.066256597,      29.248324027,         79.973,      -29.926, 110.513,  85.3904,    *,  0.856940,  5.02837007447523,-33.1751608,   10.4433,
 2026-Dec-01 02:00:00, ,m, 148.946167266,  13.458485820,  149.313373600,  13.329522745,   131.766293437,      35.498746601,         68.774,      -25.296, 110.192,  73.2796,    *,  0.857074,  5.02758303412051,-32.2280873,   10.4416,
 2026-Dec-01 03:00:00, ,m, 148.944410281,  13.459426139,  149.311630417,  13.330466034,   149.330788592,      40.289445920,         57.206,      -20.530, 109.740,  60.7790,    *,  0.857204,  5.02681925722661,-31.2432879,   10.4398,
 2026-Dec-01 04:00:00, ,m, 148.942553409,  13.460395319,  149.309784550,  13.331438604,   168.623560842,      42.997586894,         45.331,      -15.653, 109.049,  47.9578,    *,  0.857330,  5.02607955212531,-30.2291375,   10.4380,
 2026-Dec-01 05:00:00, ,m, 148.940619061,  13.461385890,  149.307858155,  13.332432775,   188.709762734,      43.174285887,         33.212,      -10.692, 107.845,  34.8907,    *,  0.857452,  5.02536451875085,-29.1945323,   10.4361,
 2026-Dec-01 06:00:00,A,m, 148.938630162,  13.462390534,  149.305874119,  13.333441015,   208.180984954,      40.787285347,         20.913,       -5.674, 105.178,  21.6692,    *,  0.857570,  5.02467453957262,-28.1485979,   10.4341,
 2026-Dec-01 07:00:00,C,m, 148.936609749,  13.463402119,  149.303855652,  13.334455981,   226.001843742,      36.241435848,          8.501,       -0.623,  94.193,   8.5234,    t,  0.857684,  5.02400977770716,-27.1003874,   10.4322,
 2026-Dec-01 08:00:00,*,m, 148.934580575,  13.464413727,  149.301825887,  13.335470561,   241.937851741,      30.151238669,         -3.960,        4.432, 318.215,   5.9432,    t,  0.857793,  5.02337018222197,-26.0585891,   10.4302,
 2026-Dec-01 09:00:00,*,m, 148.932564752,  13.465418648,  149.299807482,  13.336477884,   256.319682415,      23.118408001,        -16.403,        9.464, 299.984,  18.9375,    t,  0.857898,  5.02275550017980,-25.0312618,   10.4281,
 2026-Dec-01 10:00:00,*,m, 148.930583429,  13.466410372,  149.297822274,  13.337471315,   269.678042074,      15.649442211,        -28.762,       14.448, 296.672,  32.1868,    *,  0.857999,  5.02216529455194,-24.0256135,   10.4261,
 2026-Dec-01 11:00:00,*,m, 148.928656544,  13.467382569,  149.295890971,  13.338444446,   282.543922519,       8.167194847,        -40.972,       19.356, 295.288,  45.3137,    *,  0.858095,  5.02159896680037,-23.0478369,   10.4240,
 2026-Dec-01 12:00:00,*,m, 148.926802648,  13.468329050,  149.294032929,  13.339391062,   295.381480441,       1.049666300,        -52.968,       24.163, 294.523,  58.2184,    *,  0.858188,  5.02105578268505,-22.1030064,   10.4219,
 2026-Dec-01 13:00:00,*, , 148.925038814,  13.469243739,  149.292265997,  13.340305106,   308.565649021,      -5.336030508,        -64.686,       28.843, 294.034,  70.8244,    *,  0.858277,  5.02053489966021,-21.1950507,   10.4198,
 2026-Dec-01 14:00:00,*, , 148.923380618,  13.470120635,  149.290606454,  13.341180649,   322.353023148,     -10.617743151,        -76.065,       33.371, 293.691,  83.0619,    *,  0.858363,  5.02003539406111,-20.3267971,   10.4177,
 2026-Dec-01 15:00:00,C, , 148.921842209,  13.470953789,  149.289069019,  13.342011851,   336.831317383,     -14.430374868,        -87.043,       37.724, 293.435,  94.8643,    *,  0.858444,  5.01955628634333,-19.5000880,   10.4156,
 2026-Dec-01 16:00:00,N, , 148.920436439,  13.471737285,  149.287666947,  13.342792937,   351.870866099,     -16.462551589,        -97.562,       41.877, 293.235, 106.1679,    *,  0.858523,  5.01909656276188,-18.7159578,   10.4134,
 2026-Dec-01 17:00:00, , , 148.919175039,  13.472465238,  149.286412173,  13.343518187,     7.136496001,     -16.527117946,       -107.566,       45.810, 293.072, 116.9120,    *,  0.858599,  5.01865519221495,-17.9748554,   10.4112,
 2026-Dec-01 18:00:00, , , 148.918068840,  13.473131809,  149.285315523,  13.344181929,    22.202123551,     -14.617884197,       -117.001,       49.500, 292.936, 127.0384,    *,  0.858671,  5.01823113736630,-17.2768940,   10.4090,
 2026-Dec-01 19:00:00, , , 148.917128004,  13.473731231,  149.284386934,  13.344778563,    36.722201265,     -10.911686852,       -125.817,       52.928, 292.820, 136.4926,    *,  0.858741,  5.01782335958694,-16.6221118,   10.4068,
 2026-Dec-01 20:00:00, , , 148.916362244,  13.474257858,  149.283635700,  13.345302591,    50.552460836,      -5.714131432,       -133.965,       56.075, 292.718, 145.2232,    *,  0.858808,  5.01743081770690,-16.0107228,   10.4046,
 2026-Dec-01 21:00:00, , , 148.915781024,  13.474706227,  149.283070692,  13.345748669,    63.767744928,       0.611408157,       -141.401,       58.923, 292.627, 153.1826,    *,  0.858873,  5.01705246101826,-15.4433406,   10.4023,
 2026-Dec-01 22:00:00, , , 148.915393709,  13.475071132,  149.282700552,  13.346111671,    76.615397419,       7.692601527,       -148.085,       61.459, 292.545, 160.3271,    *,  0.858935,  5.01668721739050,-14.9211586,   10.4000,
 2026-Dec-01 23:00:00, , , 148.915209656,  13.475347708,  149.282533829,  13.346386769,    89.463696588,      15.162388320,       -153.979,       63.666, 292.470, 166.6171,    *,  0.858996,  5.01633397772133,-14.4460722,   10.3977,
 2026-Dec-02 00:00:00, ,m, 148.915238240,  13.475531522,  149.282579062,  13.346569516,   102.771449710,      22.644572972,       -159.051,       65.534, 292.399, 172.0176,    *,  0.859055,  5.01599157822498,-14.0207351,   10.3953,
 2026-Dec-02 01:00:00, ,m, 148.915488794,  13.475618660,  149.282844778,  13.346655940,   117.066365931,      29.720726524,       -163.272,       67.051, 292.333, 176.4979,    *,  0.859112,  5.01565878223391,-13.6485433,   10.3930,
 2026-Dec-02 02:00:00, ,m, 148.915970486,  13.475605815,  149.283339420,  13.346642629,   132.883389428,      35.891054593,       -166.618,       68.208, 292.269, 180.0323,    *,  0.859167,  5.01533426324874,-13.3335475,   10.3906,
 2026-Dec-02 03:00:00, ,m, 148.916692117,  13.475490362,  149.284071195,  13.346526815,   150.576545567,      40.559304609,       -169.069,       68.999, 292.207, 182.6000,    *,  0.859222,  5.01501659090875,-13.0802991,   10.3883,
 2026-Dec-02 04:00:00, ,m, 148.917661864,  13.475270420,  149.285047863,  13.346306445,   169.960817013,      43.106505551,       -170.609,       69.419, 292.147, 184.1851,    *,  0.859275,  5.01470422137664,-12.8936397,   10.3859,
 2026-Dec-02 05:00:00, ,m, 148.918886983,  13.474944897,  149.286276460,  13.345980239,   190.049683120,      43.105486272,       -171.230,       69.464, 292.088, 184.7773,    *,  0.859328,  5.01439549334823,-12.7784462,   10.3835,
 2026-Dec-02 06:00:00,A,m, 148.920373485,  13.474513520,  149.287762993,  13.345547730,   209.432335132,      40.556526873,       -170.926,       69.134, 292.028, 184.3712,    *,  0.859381,  5.01408863052934,-12.7393513,   10.3812,
 2026-Dec-02 07:00:00,C,m, 148.922125804,  13.473976833,  149.289512108,  13.345009278,   227.122982178,      35.887185788,       -169.696,       68.429, 291.968, 182.9670,    *,  0.859433,  5.01378175099343,-12.7804544,   10.3788,
 2026-Dec-02 08:00:00,*,m, 148.924146490,  13.473336189,  149.291526769,  13.344366072,   242.937295800,      29.716507057,       -167.545,       67.354, 291.907, 180.5702,    *,  0.859486,  5.01347288337473,-12.9050455,   10.3765,
 2026-Dec-02 09:00:00,*,m, 148.926435939,  13.472593710,  149.293807960,  13.343620101,   257.229567843,      22.640615649,       -164.483,       65.912, 291.843, 177.1919,    *,  0.859540,  5.01315998939164,-13.1153584,   10.3743,
 2026-Dec-02 10:00:00,*,m, 148.928992177,  13.471752233,  149.296354426,  13.342774114,   270.534700618,      15.159103109,       -160.525,       64.110, 291.777, 172.8483,    *,  0.859594,  5.01284099176830,-13.4123710,   10.3720,
 2026-Dec-02 11:00:00,*,m, 148.931810720,  13.470815248,  149.299162487,  13.341831560,   283.380230562,       7.690165078,       -155.691,       61.959, 291.707, 167.5613,    *,  0.859651,  5.01251380625558,-13.7956667,   10.3698,
 2026-Dec-02 12:00:00,*,m, 148.934884513,  13.469786816,  149.302225923,  13.340796510,   296.224761579,       0.609729318,       -150.005,       59.469, 291.631, 161.3578,    *,  0.859708,  5.01217637617152,-14.2633648,   10.3677,
 2026-Dec-02 13:00:00,*, , 148.938203964,  13.468671491,  149.305535949,  13.339673578,   309.436400757,      -5.715459932,       -143.496,       56.652, 291.549, 154.2700,    *,  0.859768,  5.01182670770333,-14.8121268,   10.3656,
 2026-Dec-02 14:00:00,*, , 148.941757058,  13.467474233,  149.309081276,  13.338467837,   323.262428800,     -10.913431873,       -136.199,       53.524, 291.459, 146.3350,    *,  0.859831,  5.01146290415541,-15.4372377,   10.3635,
 2026-Dec-02 15:00:00,C, , 148.945529563,  13.466200334,  149.312848267,  13.337184726,   337.777827729,     -14.621165423,       -128.153,       50.101, 291.358, 137.5949,    *,  0.859896,  5.01108319738958,-16.1327569,   10.3615,
 2026-Dec-02 16:00:00,N, , 148.949505301,  13.464855341,  149.316821169,  13.335829977,   352.838712559,     -16.533294860,       -119.400,       46.401, 291.242, 128.0962,    *,  0.859964,  5.01068597487365,-16.8917304,   10.3595,
 2026-Dec-02 17:00:00, , , 148.953666478,  13.463445002,  149.320982417,  13.334409540,     8.100033713,     -16.472992291,       -109.987,       42.445, 291.106, 117.8901,    *,  0.860036,  5.01026980104448,-17.7064485,   10.3575,
 2026-Dec-02 18:00:00, , , 148.957994056,  13.461975217,  149.325312986,  13.332929525,    23.136029649,     -14.446191319,        -99.965,       38.253, 290.944, 107.0317,    *,  0.860111,  5.00983343205088,-18.5687355,   10.3556,
 2026-Dec-02 19:00:00, , , 148.962468136,  13.460452008,  149.329792778,  13.331396160,    37.611452165,     -10.639622396,        -89.388,       33.849, 290.744,  95.5803,    *,  0.860189,  5.00937582336957,-19.4702493,   10.3537,
 2026-Dec-02 20:00:00, , , 148.967068342,  13.458881508,  149.334401023,  13.329815763,    51.396191522,      -5.364208829,        -78.314,       29.256, 290.487,  83.5987,    *,  0.860271,  5.00889613024363,-20.4027752,   10.3518,
 2026-Dec-02 21:00:00, , , 148.971774179,  13.457269951,  149.339116660,  13.328194727,    64.577316728,       1.015352588,        -66.803,       24.500, 290.143,  71.1532,    *,  0.860358,  5.00839370134807,-21.3584920,   10.3500,
 2026-Dec-02 22:00:00, , , 148.976565347,  13.455623692,  149.343918696,  13.326539522,    77.410684668,       8.127276993,        -54.920,       19.606, 289.648,  58.3137,    *,  0.860448,  5.00786806651297,-22.3301973,   10.3481,
 2026-Dec-02 23:00:00, , , 148.981421996,  13.453949220,  149.348786504,  13.324856710,    90.270388703,      15.604867347,        -42.728,       14.602, 288.868,  45.1540,    u,  0.860542,  5.00731891969832,-23.3114751,   10.3463,
 2026-Dec-03 00:00:00, , , 148.986324910,  13.452253185,  149.353700072,  13.323152965,   103.619586053,      23.070702071,        -30.297,        9.515, 287.436,  31.7553,    u,  0.860641,  5.00674609869595,-24.2967985,   10.3445,
 2026-Dec-03 01:00:00, , , 148.991255621,  13.450542420,  149.358640158,  13.321435095,   117.988168778,      30.102801077,        -17.693,        4.373, 283.884,  18.2257,    U,  0.860743,  5.00614956320942,-25.2815619,   10.3428,
 2026-Dec-03 02:00:00, ,m, 148.996196435,  13.448823965,  149.363588386,  13.319710069,   133.906165684,      36.195914080,         -4.989,       -0.794, 260.954,   5.0514,    O,  0.860850,  5.00552937302531,-26.2620414,   10.3410,
 2026-Dec-03 03:00:00, ,m, 149.001130398,  13.447105078,  149.368527249,  13.317985034,   151.705440597,      40.749727989,          7.747,       -5.959, 127.566,   9.7737,    O,  0.860961,  5.00488566793041,-27.2352903,   10.3393,
 2026-Dec-03 04:00:00, ,m, 149.006041194,  13.445393232,  149.373440052,  13.316267325,   171.156280749,      43.150364793,         20.443,      -11.092, 118.482,  23.2581,    *,  0.861076,  5.00421865085838,-28.1989772,   10.3375,
 2026-Dec-03 05:00:00, ,m, 149.010912994,  13.443696108,  149.378310787,  13.314564464,   191.230057677,      42.991493703,         33.028,      -16.165, 116.077,  36.7715,    *,  0.861194,  5.00352857547295,-29.1511818,   10.3358,
 2026-Dec-03 06:00:00,A,m, 149.015730280,  13.442021558,  149.383123970,  13.312884139,   210.520975801,      40.301950037,         45.432,      -21.149, 114.961,  50.1136,    *,  0.861317,  5.00281573903813,-30.0901624,   10.3342,
 2026-Dec-03 07:00:00,N,m, 149.020477655,  13.440377557,  149.387864453,  13.311234170,   228.090433821,      35.527420701,         57.586,      -26.017, 114.311,  63.1912,    *,  0.861444,  5.00208048100777,-31.0141161,   10.3325,
 2026-Dec-03 08:00:00,*,m, 149.025139663,  13.438772142,  149.392517224,  13.309622455,   243.796833285,      29.289208618,         69.423,      -30.742, 113.882,  75.9257,    *,  0.861574,  5.00132318732244,-31.9209475,   10.3309,
 2026-Dec-03 09:00:00,*,m, 149.029700638,  13.437213325,  149.397067233,  13.308056900,   258.012776233,      22.177788886,         80.876,      -35.297, 113.575,  88.2440,    *,  0.861708,  5.00054429995565,-32.8080664,   10.3293,
 2026-Dec-03 10:00:00,*,m, 149.034144603,  13.435709006,  149.401499242,  13.306545335,   271.275357213,      14.686672346,         91.882,      -39.657, 113.342, 100.0766,    *,  0.861846,  4.99974433084108,-33.6722288,   10.3277,
 2026-Dec-03 11:00:00,*,m, 149.038455222,  13.434266863,  149.405797736,  13.305095418,   284.108518107,       7.230292176,        102.380,      -43.798, 113.157, 111.3574,    *,  0.861988,  4.99892387896000,-34.5094347,   10.3262,
 2026-Dec-03 12:00:00,*,m, 149.042615828,  13.432894255,  149.409946895,  13.303714534,   296.965914773,       0.183244971,        112.312,      -47.697, 113.006, 122.0235,    *,  0.862132,  4.99808364910432,-35.3148924,   10.3247,
 2026-Dec-03 13:00:00,*, , 149.046609528,  13.431598108,  149.413930634,  13.302409681,   310.209709154,      -6.087464893,        121.624,      -51.332, 112.878, 132.0161,    *,  0.862281,  4.99722447066802,-36.0830521,   10.3232,
 2026-Dec-03 14:00:00,*, , 149.050419370,  13.430384819,  149.417732727,  13.301187375,   324.078877351,     -11.209410087,        130.264,      -54.684, 112.767, 141.2801,    *,  0.862432,  4.99634731477465,-36.8077099,   10.3218,
 2026-Dec-03 15:00:00,C, , 149.054028591,  13.429260162,  149.421336999,  13.300053547,   338.636705576,     -14.820872286,        138.185,      -57.734, 112.670, 149.7647,    *,  0.862586,  4.99545330812185,-37.4821754,   10.3203,
 2026-Dec-03 16:00:00,N, , 149.057420910,  13.428229218,  149.424727583,  13.299013459,   353.725935580,     -16.621520826,        145.343,      -60.465, 112.583, 157.4238,    *,  0.862744,  4.99454374211044,-38.0994941,   10.3189,
 2026-Dec-03 17:00:00, , , 149.060580867,  13.427296312,  149.427889231,  13.298071637,     8.991945512,     -16.443756120,        151.701,      -62.864, 112.503, 164.2158,    *,  0.862903,  4.99362007611598,-38.6527092,   10.3174,
 2026-Dec-03 18:00:00, , , 149.063494185,  13.426464976,  149.430807659,  13.297231816,    24.008808237,     -14.304659452,        157.225,      -64.916, 112.429, 170.1044,    *,  0.863065,  4.99268393413048,-39.1351473,   10.3159,
 2026-Dec-03 19:00:00, , , 149.066148123,  13.425737936,  149.433469909,  13.296496918,    38.450496956,     -10.400300444,        161.884,      -66.611, 112.360, 175.0582,    *,  0.863229,  4.99173709443234,-39.5407092,   10.3145,
 2026-Dec-03 20:00:00, , , 149.068531819,  13.425117117,  149.435864698,  13.295869036,    52.199984032,      -5.046902509,        165.654,      -67.940, 112.294, 179.0511,    *,  0.863394,  4.99078147239591,-39.8641461,   10.3130,
 2026-Dec-03 21:00:00, , , 149.070636584,  13.424603663,  149.437982750,  13.295349455,    65.355968243,       1.389125216,        168.516,      -68.897, 112.230, 182.0626,    *,  0.863560,  4.98981909700782,-40.1013033,   10.3115,
 2026-Dec-03 22:00:00, , , 149.072456143,  13.424197989,  149.439817071,  13.294938687,    78.182790327,       8.535966421,        170.456,      -69.476, 112.169, 184.0774,    *,  0.863728,  4.98885208207318,-40.2493153,   10.3099,
 2026-Dec-03 23:00:00, , , 149.073986794,  13.423899832,  149.441363161,  13.294636514,    91.060748965,      16.026671804,        171.464,      -69.674, 112.108, 185.0861,    *,  0.863896,  4.98788259345155,-40.3067388,   10.3083,
 2026-Dec-04 00:00:00, , , 149.075227489,  13.423708320,  149.442619148,  13.294442062,   104.457992294,      23.481976808,        171.536,      -69.493, 112.047, 185.0846,    *,  0.864064,  4.98691281393046,-40.2736149,   10.3067,
 2026-Dec-04 01:00:00, , , 149.076179823,  13.423622043,  149.443585837,  13.294353869,   118.907328456,      30.475695285,        170.674,      -68.932, 111.986, 184.0744,    *,  0.864231,  4.98594490750568,-40.1514556,   10.3050,
 2026-Dec-04 02:00:00, , , 149.076847934,  13.423639133,  149.444266658,  13.294369959,   134.934405532,      36.496398383,        168.882,      -67.996, 111.924, 182.0626,    *,  0.864399,  4.98498098488318,-39.9431567,   10.3033,
 2026-Dec-04 03:00:00, ,m, 149.077238319,  13.423757321,  149.444667538,  13.294487925,   152.848769794,      40.939035972,        166.173,      -66.690, 111.861, 179.0618,    *,  0.864565,  4.98402307194113,-39.6528401,   10.3015,
 2026-Dec-04 04:00:00, ,m, 149.077359585,  13.423974008,  149.444796685,  13.294704992,   172.375128935,      43.194510892,        162.563,      -65.022, 111.794, 175.0896,    *,  0.864730,  4.98307308269909,-39.2856389,   10.2997,
 2026-Dec-04 05:00:00, ,m, 149.077222139,  13.424286306,  149.444664305,  13.295018080,   192.442317463,      42.877521464,        158.072,      -63.001, 111.724, 170.1692,    *,  0.864893,  4.98213279804769,-38.8474364,   10.2979,
 2026-Dec-04 06:00:00,A,m, 149.076837842,  13.424691077,  149.444282275,  13.295423850,   211.649915337,      40.045810015,        152.726,      -60.639, 111.650, 164.3285,    *,  0.865054,  4.98120385111409,-38.3445785,   10.2960,
 2026-Dec-04 07:00:00,N,m, 149.076219650,  13.425184947,  149.443663777,  13.295918733,   229.106363950,      35.163618502,        146.555,      -57.950, 111.569, 157.6006,    *,  0.865213,  4.98028771970433,-37.7835767,   10.2941,
 2026-Dec-04 08:00:00,*,m, 149.075381264,  13.425764312,  149.442822933,  13.296498951,   244.712393110,      28.855202037,        139.594,      -54.948, 111.481, 150.0229,    *,  0.865370,  4.97938572580163,-37.1708218,   10.2922,
 2026-Dec-04 09:00:00,*,m, 149.074336803,  13.426425322,  149.441774448,  13.297160510,   258.859071201,      21.706220770,        131.881,      -51.649, 111.382, 141.6376,    *,  0.865524,  4.97849904164025,-36.5123266,   10.2902,
 2026-Dec-04 10:00:00,*,m, 149.073100524,  13.427163863,  149.440533293,  13.297899188,   272.086210515,      14.204883484,        123.458,      -48.073, 111.271, 132.4907,    *,  0.865675,  4.97762870145115,-35.8135146,   10.2882,
 2026-Dec-04 11:00:00,*,m, 149.071686607,  13.427975518,  149.439114435,  13.298710508,   284.914611962,       6.762541903,        114.372,      -44.238, 111.142, 122.6324,    *,  0.865824,  4.97677561761613,-35.0790668,   10.2862,
 2026-Dec-04 12:00:00,*,m, 149.070109011,  13.428855532,  149.437532640,  13.299589705,   297.793093791,      -0.246939160,        104.672,      -40.165, 110.989, 112.1164,    *,  0.865969,  4.97594059969412,-34.3128372,   10.2841,
 2026-Dec-04 13:00:00,*, , 149.068381404,  13.429798777,  149.435802348,  13.300531684,   311.077446626,      -6.455824540,         94.411,      -35.877, 110.804, 100.9999,    *,  0.866111,  4.97512437461999,-33.5178405,   10.2821,
 2026-Dec-04 14:00:00,*, , 149.066517177,  13.430799711,  149.433937630,  13.301530984,   324.997237298,     -11.491058025,         83.643,      -31.396, 110.571,  89.3433,    *,  0.866250,  4.97432760632737,-32.6963116,   10.2799,
 2026-Dec-04 15:00:00,C, , 149.064529519,  13.431852360,  149.431952220,  13.302581747,   339.602397774,     -14.992616437,         72.428,      -26.747, 110.266,  77.2096,    *,  0.866385,  4.97355091312161,-31.8498315,   10.2778,
 2026-Dec-04 16:00:00,N, , 149.062431567,  13.432950299,  149.429859619,  13.303677698,   354.720771865,     -16.666340973,         60.823,      -21.954, 109.845,  64.6650,    *,  0.866517,  4.97279488131837,-30.9795103,   10.2756,
 2026-Dec-04 17:00:00, , , 149.060236588,  13.434086663,  149.427673259,  13.304812129,     9.987824723,     -16.355548917,         48.893,      -17.043, 109.216,  51.7787,    *,  0.866645,  4.97206007395305,-30.0862110,   10.2734,
 2026-Dec-04 18:00:00, , , 149.057958195,  13.435254158,  149.425406700,  13.305977916,    24.978757602,     -14.090118455,         36.700,      -12.041, 108.163,  38.6246,    *,  0.866769,  4.97134703374046,-29.1708003,   10.2711,
 2026-Dec-04 19:00:00, , , 149.055610568,  13.436445109,  149.423073856,  13.307167540,    39.378977203,     -10.076520217,         24.308,       -6.973, 106.005,  25.2888,    *,  0.866890,  4.97065627988064,-28.2344075,   10.2688,
 2026-Dec-04 20:00:00, , , 149.053208660,  13.437651515,  149.420689217,  13.308373135,    53.086580068,      -4.636657541,         11.785,       -1.867,  99.003,  11.9319,    t,  0.867006,  4.96998829880428,-27.2786610,   10.2664,
 2026-Dec-04 21:00:00, , , 149.050768365,  13.438865120,  149.418268050,  13.309586552,    66.213283386,       1.861380259,         -0.804,        3.250, 346.099,   3.3480,    t,  0.867119,  4.96934352935039,-26.3059227,   10.2640,
 2026-Dec-04 22:00:00, , , 149.048306638,  13.440077510,  149.415826556,  13.310799436,    79.032796076,       9.045864070,        -13.393,        8.351, 301.947,  15.7828,    t,  0.867227,  4.96872234310995,-25.3194389,   10.2616,
 2026-Dec-04 23:00:00, , , 149.045841548,  13.441280203,  149.413381975,  13.312003323,    91.932335500,      16.549566817,        -25.913,       13.409, 297.361,  29.1767,    *,  0.867331,  4.96812502168293,-24.3234555,   10.2590,
 2026-Dec-05 00:00:00, , , 149.043392249,  13.442464762,  149.410952614,  13.313189742,   105.385764371,      23.991066991,        -38.300,       18.397, 295.659,  42.4887,    *,  0.867431,  4.96755173198702,-23.3232564,   10.2565,
 2026-Dec-05 01:00:00, , , 149.040978878,  13.443622894,  149.408557800,  13.314350317,   119.929299623,      30.939299268,        -50.486,       23.289, 294.766,  55.5986,    *,  0.867527,  4.96700250161460,-22.3251236,   10.2538,
 2026-Dec-05 02:00:00, , , 149.038622370,  13.444746556,  149.406217750,  13.315476879,   136.083400672,      36.875754615,        -62.409,       28.059, 294.211,  68.4255,    *,  0.867619,  4.96647719602714,-21.3362259,   10.2512,
 2026-Dec-05 03:00:00, , , 149.036344198,  13.445828051,  149.403953359,  13.316561562,   154.131273238,      41.190199477,        -74.004,       32.681, 293.830,  80.8973,    *,  0.867707,  4.96597549918433,-20.3644455,   10.2485,
 2026-Dec-05 04:00:00, , , 149.034166055,  13.446860102,  149.401785916,  13.317596899,   173.744577029,      43.279675216,        -85.209,       37.130, 293.549,  92.9457,    *,  0.867790,  4.96549689901575,-19.4181510,   10.2457,
 2026-Dec-05 05:00:00, ,m, 149.032109483,  13.447835925,  149.399736768,  13.318575895,   193.804224264,      42.783605930,        -95.965,       41.384, 293.331, 104.5056,    *,  0.867870,  4.96504067888013,-18.5059294,   10.2429,
 2026-Dec-05 06:00:00,A,m, 149.030195487,  13.448749274,  149.397826938,  13.319492091,   212.917585539,      39.792572742,       -106.214,       45.419, 293.157, 115.5146,    *,  0.867946,  4.96460591580978,-17.6362928,   10.2402,
 2026-Dec-05 07:00:00,N,m, 149.028444134,  13.449594469,  149.396076725,  13.320339605,   230.246583121,      34.791140704,       -115.900,       49.213, 293.011, 125.9132,    *,  0.868019,  4.96419148591742,-16.8173794,   10.2374,
 2026-Dec-05 08:00:00,*,m, 149.026874176,  13.450366407,  149.394505310,  13.321113152,   245.738723933,      28.406286708,       -124.973,       52.747, 292.888, 135.6451,    *,  0.868088,  4.96379607688554,-16.0566675,   10.2345,
 2026-Dec-05 09:00:00,*,m, 149.025502710,  13.451060551,  149.393130383,  13.321808049,   259.805126955,      21.217895045,       -133.382,       56.000, 292.780, 144.6575,    *,  0.868154,  4.96341820699980,-15.3607203,   10.2317,
 2026-Dec-05 10:00:00,*,m, 149.024344891,  13.451672906,  149.391967820,  13.322420196,   272.988351683,      13.707911829,       -141.083,       58.956, 292.685, 152.9012,    *,  0.868217,  4.96305624976519,-14.7349793,   10.2289,
 2026-Dec-05 11:00:00,*,m, 149.023413723,  13.452199986,  149.391031417,  13.322946051,   285.805457193,       6.283824973,       -148.031,       61.598, 292.598, 160.3310,    *,  0.868278,  4.96270846278838,-14.1836182,   10.2261,
 2026-Dec-05 12:00:00,*,m, 149.022719925,  13.452638764,  149.390332703,  13.323382584,   298.699539377,      -0.681896740,       -154.191,       63.911, 292.519, 166.9059,    *,  0.868337,  4.96237301934592,-13.7094668,   10.2233,
 2026-Dec-05 13:00:00,*, , 149.022271885,  13.452986633,  149.389880841,  13.323727232,   312.018928691,      -6.821479414,       -159.526,       65.882, 292.446, 172.5892,    *,  0.868394,  4.96204804090297,-13.3140086,   10.2206,
 2026-Dec-05 14:00:00,*, , 149.022075702,  13.453241353,  149.389682612,  13.323977849,   325.982584776,     -11.762125183,       -164.007,       67.501, 292.377, 177.3488,    *,  0.868449,  4.96173162881106,-12.9974504,   10.2178,
 2026-Dec-05 15:00:00,C, , 149.022135305,  13.453401016,  149.389742487,  13.324132661,   340.626131278,     -15.146683259,       -167.609,       68.758, 292.311, 181.1575,    *,  0.868503,  4.96142189349519,-12.7588600,   10.2151,
 2026-Dec-05 16:00:00,N, , 149.022452637,  13.453464016,  149.390062777,  13.324190222,   355.762433166,     -16.688494842,       -170.309,       69.645, 292.248, 183.9930,    *,  0.868556,  4.96111697963832,-12.5963593,   10.2123,
 2026-Dec-05 17:00:00, , , 149.023027897,  13.453429030,  149.390643845,  13.324149391,    11.018206802,     -16.242833536,       -172.093,       70.157, 292.186, 185.8381,    *,  0.868609,  4.96081508616761,-12.5073604,   10.2096,
 2026-Dec-05 18:00:00, , , 149.023859809,  13.453295018,  149.391484366,  13.324009314,    25.971626776,     -13.852671674,       -172.949,       70.291, 292.125, 186.6808,    *,  0.868662,  4.96051448022460,-12.4888267,   10.2069,
 2026-Dec-05 19:00:00, , , 149.024945909,  13.453061234,  149.392581618,  13.323769425,    40.320919673,      -9.734405828,       -172.869,       70.045, 292.064, 186.5145,    *,  0.868715,  4.96021350473218,-12.5375405,   10.2042,
 2026-Dec-05 20:00:00, , , 149.026282820,  13.452727260,  149.393931771,  13.323429463,    53.979648422,      -4.214762894,       -171.853,       69.419, 292.002, 185.3381,    *,  0.868768,  4.95991057962506,-12.6503593,   10.2015,
 2026-Dec-05 21:00:00, , , 149.027866501,  13.452293043,  149.395530170,  13.322989504,    67.072090727,       2.337317419,       -169.904,       68.417, 291.940, 183.1558,    *,  0.868821,  4.95960419725641,-12.8244407,   10.1988,
 2026-Dec-05 22:00:00, , , 149.029692444,  13.451758950,  149.397371574,  13.322450004,    79.880527859,       9.550821631,       -167.031,       67.042, 291.875, 179.9772,    *,  0.868876,  4.95929291290425,-13.0574221,   10.1962,
 2026-Dec-05 23:00:00, , , 149.031755824,  13.451125833,  149.399450355,  13.321811858,    92.798186728,      17.058692603,       -163.247,       65.301, 291.808, 175.8177,    *,  0.868932,  4.95897533164266,-13.3475418,   10.1935,
 2026-Dec-06 00:00:00, , , 149.034051564,  13.450395084,  149.401760620,  13.321076452,   106.303556533,      24.477734349,       -158.571,       63.204, 291.737, 170.6979,    *,  0.868989,  4.95865009308945,-13.6936928,   10.1908,
 2026-Dec-06 01:00:00, , , 149.036574339,  13.449568702,  149.404296270,  13.320245736,   120.934731510,      31.372503825,       -153.027,       60.760, 291.662, 164.6438,    *,  0.869047,  4.95831585569998,-14.0954072,   10.1882,
 2026-Dec-06 02:00:00, , , 149.039318499,  13.448649344,  149.407050980,  13.319322270,   137.204793364,      37.218321282,       -146.644,       57.984, 291.579, 157.6867,    *,  0.869108,  4.95797128228804,-14.5527703,   10.1856,
 2026-Dec-06 03:00:00, , , 149.042277938,  13.447640370,  149.410018106,  13.318309284,   155.368521807,      41.401403758,       -139.454,       54.888, 291.489, 149.8629,    *,  0.869170,  4.95761502837511,-15.0662725,   10.1829,
 2026-Dec-06 04:00:00, , , 149.045445897,  13.446545866,  149.413190539,  13.317210708,   175.045705035,      43.326995044,       -131.496,       51.489, 291.388, 141.2140,    *,  0.869235,  4.95724573475828,-15.6366091,   10.1804,
 2026-Dec-06 05:00:00, , , 149.048814740,  13.445370657,  149.416560493,  13.316031195,   195.076440026,      42.659954442,       -122.813,       47.806, 291.274, 131.7860,    *,  0.869302,  4.95686202538376,-16.2644425,   10.1778,
 2026-Dec-06 06:00:00,A,m, 149.052375710,  13.444120291,  149.420119279,  13.314776122,   214.083246947,      39.521469211,       -113.450,       43.859, 291.140, 121.6296,    *,  0.869372,  4.95646251123067,-16.9501431,   10.1753,
 2026-Dec-06 07:00:00,N,m, 149.056118680,  13.442801007,  149.423857055,  13.313451568,   231.281598793,      34.412859368,       -103.458,       39.668, 290.982, 110.7999,    *,  0.869445,  4.95604580047479,-17.6935298,   10.1728,
 2026-Dec-06 08:00:00,C,m, 149.060031944,  13.441419681,  149.427762587,  13.312064270,   246.661187013,      27.961423676,        -92.892,       35.257, 290.787,  99.3559,    *,  0.869522,  4.95561051474481,-18.4936265,   10.1704,
 2026-Dec-06 09:00:00,*,m, 149.064102031,  13.439983752,  149.431823047,  13.310621563,   260.649295568,      20.740383927,        -81.809,       30.649, 290.541,  87.3604,    *,  0.869601,  4.95515531083548,-19.3484546,   10.1680,
 2026-Dec-06 10:00:00,*,m, 149.068313600,  13.438501129,  149.436023854,  13.309131298,   273.789351965,      13.225266146,        -70.270,       25.870, 290.214,  74.8799,    *,  0.869685,  4.95467890683371,-20.2548763,   10.1656,
 2026-Dec-06 11:00:00,*,m, 149.072649396,  13.436980092,  149.440348582,  13.307601743,   286.594096761,       5.819692000,        -58.339,       20.946, 289.752,  61.9843,    *,  0.869773,  4.95418011127437,-21.2085013,   10.1634,
 2026-Dec-06 12:00:00,*,m, 149.077090294,  13.435429181,  149.444778953,  13.306041477,   299.500994595,      -1.105315333,        -46.081,       15.904, 289.043,  48.7474,    u,  0.869864,  4.95365785369255,-22.2036652,   10.1611,
 2026-Dec-06 13:00:00,*, , 149.081615430,  13.433857082,  149.449294906,  13.304459273,   312.851453540,      -7.182029268,        -33.563,       10.772, 287.795,  35.2494,    u,  0.869960,  4.95311121480025,-23.2334825,   10.1589,
 2026-Dec-06 14:00:00,*, , 149.086202418,  13.432272515,  149.453874763,  13.302863987,   326.854831872,     -12.037895087,        -20.856,        5.579, 284.976,  21.5896,    u,  0.870061,  4.95253945449382,-24.2899728,   10.1568,
 2026-Dec-06 15:00:00,C, , 149.090827637,  13.430684132,  149.458495468,  13.301264441,   341.533929117,     -15.318285568,         -8.030,        0.353, 272.517,   8.0381,    O,  0.870166,  4.95194203599785,-25.3642549,   10.1547,
 2026-Dec-06 16:00:00,N, , 149.095466594,  13.429100423,  149.463132914,  13.299669325,   356.688279050,     -16.743122274,          4.843,       -4.876, 135.194,   6.8730,    O,  0.870275,  4.95131864466476,-26.4467947,   10.1526,
 2026-Dec-06 17:00:00, , , 149.100094319,  13.427529636,  149.467762313,  13.298087101,    11.936873235,     -16.178121007,         17.693,      -10.080, 119.670,  20.3635,    O,  0.870389,  4.95066920026244,-27.5276952,   10.1506,
 2026-Dec-06 18:00:00, , , 149.104685800,  13.425979719,  149.472358618,  13.296525935,    26.860493143,     -13.677614383,         30.448,      -15.230, 116.572,  34.0447,    *,  0.870508,  4.94999386197390,-28.5970096,   10.1485,
 2026-Dec-06 19:00:00, , , 149.109216417,  13.424458278,  149.476896966,  13.294993639,    41.168523044,      -9.466559300,         43.036,      -20.296, 115.247,  47.5824,    *,  0.870631,  4.94929302577729,-29.6450584,   10.1465,
 2026-Dec-06 20:00:00, , , 149.113662357,  13.422972547,  149.481353103,  13.293497634,    54.787955484,      -3.875848268,         55.388,      -25.251, 114.505,  60.8730,    *,  0.870759,  4.94856731433971,-30.6627309,   10.1445,
 2026-Dec-06 21:00:00, , , 149.118000994,  13.421529389,  149.485703804,  13.292044929,    67.854035166,       2.724771623,         67.435,      -30.066, 114.027,  73.8348,    *,  0.870891,  4.94781756001650,-31.6417537,   10.1426,
 2026-Dec-06 22:00:00, , , 149.122211211,  13.420135295,  149.489927233,  13.290642126,    80.656651444,       9.964738816,         79.109,      -34.716, 113.691,  86.3928,    *,  0.871027,  4.94704478196382,-32.5749092,   10.1406,
 2026-Dec-06 23:00:00, , , 149.126273650,  13.418796409,  149.494003244,  13.289295429,    93.594468777,      17.476873914,         90.347,      -39.174, 113.438,  98.4761,    *,  0.871167,  4.94625015872333,-33.4561915,   10.1386,
 2026-Dec-07 00:00:00, , , 149.130170875,  13.417518556,  149.497913601,  13.288010669,   107.150122041,      24.876063211,        101.085,      -43.416, 113.239, 110.0168,    *,  0.871311,  4.94543499789606,-34.2808911,   10.1366,
 2026-Dec-07 01:00:00, , , 149.133887460,  13.416307263,  149.501642119,  13.286793335,   121.863054537,      31.722603151,        111.266,      -47.417, 113.078, 120.9508,    *,  0.871458,  4.94460070467378,-35.0456050,   10.1346,
 2026-Dec-07 02:00:00, , , 149.137409975,  13.415167798,  149.505174707,  13.285648608,   138.238690345,      37.486082625,        120.831,      -51.157, 112.942, 131.2177,    *,  0.871608,  4.94374875102805,-35.7481726,   10.1326,
 2026-Dec-07 03:00:00, , , 149.140726905,  13.414105186,  149.508499330,  13.284581387,   156.504618629,      41.549792925,        129.730,      -54.615, 112.826, 140.7608,    *,  0.871761,  4.94288064726952,-36.3875438,   10.1306,
 2026-Dec-07 04:00:00, , , 149.143828494,  13.413124222,  149.511605894,  13.283596315,   176.233567528,      43.327226161,        137.913,      -57.770, 112.723, 149.5279,    *,  0.871917,  4.94199791748655,-36.9635906,   10.1286,
 2026-Dec-07 05:00:00, , , 149.146706541,  13.412229478,  149.514486062,  13.282697793,   196.232112213,      42.506848316,        145.336,      -60.608, 112.632, 157.4713,    *,  0.872075,  4.94110208007079,-37.4768757,   10.1265,
 2026-Dec-07 06:00:00,A, , 149.149354156,  13.411425283,  149.517133020,  13.281889978,   215.140666693,      39.236953058,        151.958,      -63.112, 112.548, 164.5479,    *,  0.872235,  4.94019463415437,-37.9283954,   10.1245,
 2026-Dec-07 07:00:00,N, , 149.151765511,  13.410715700,  149.519541229,  13.281176764,   232.223736742,      34.032924551,        157.745,      -65.268, 112.472, 170.7198,    *,  0.872397,  4.93927705234986,-38.3193158,   10.1225,
 2026-Dec-07 08:00:00,C,m, 149.153935593,  13.410104480,  149.521706153,  13.280561761,   247.507407150,      27.521907281,        162.666,      -67.065, 112.400, 175.9542,    *,  0.872561,  4.93835077972550,-38.6507217,   10.1204,
 2026-Dec-07 09:00:00,*,m, 149.155859985,  13.409595011,  149.523624012,  13.280048242,   261.432195668,      20.271389314,        166.694,      -68.495, 112.332, 180.2236,    *,  0.872726,  4.93741723850022,-38.9233955,   10.1184,
 2026-Dec-07 10:00:00,*,m, 149.157534703,  13.409190248,  149.525291572,  13.279639090,   274.541872250,      12.751737951,        169.809,      -69.549, 112.266, 183.5060,    *,  0.872892,  4.93647783753292,-39.1376417,   10.1163,
 2026-Dec-07 11:00:00,*,m, 149.158956079,  13.408892647,  149.526705982,  13.279336734,   287.345338920,       5.363854397,        171.995,      -70.223, 112.203, 185.7848,    *,  0.873059,  4.93553398533863,-39.2931713,   10.1143,
 2026-Dec-07 12:00:00,*,m, 149.160120722,  13.408704088,  149.527864675,  13.279143075,   300.275098720,      -1.521711781,        173.242,      -70.512, 112.141, 187.0491,    *,  0.873226,  4.93458710511300,-39.3890517,   10.1122,
 2026-Dec-07 13:00:00,*, , 149.161025550,  13.408625806,  149.528765348,  13.279059413,   313.666136490,      -7.536444990,        173.545,      -70.417, 112.079, 187.2937,    *,  0.873394,  4.93363865010382,-39.4237276,   10.1101,
 2026-Dec-07 14:00:00,*, , 149.161667898,  13.408658327,  149.529406010,  13.279086385,   327.718363799,     -12.307335903,        172.903,      -69.939, 112.017, 186.5189,    *,  0.873562,  4.93269011764278,-39.3951112,   10.1081,
 2026-Dec-07 15:00:00,C, , 149.162045679,  13.408801415,  149.529785106,  13.279223899,   342.441530617,     -15.481801032,        171.321,      -69.080, 111.954, 184.7304,    *,  0.873730,  4.93174306024513,-39.3007341,   10.1059,
 2026-Dec-07 16:00:00,N, , 149.162157615,  13.409054041,  149.529901701,  13.279471094,   357.621421924,     -16.786181643,        168.810,      -67.845, 111.889, 181.9397,    *,  0.873897,  4.93079909239191,-39.1379522,   10.1038,
 2026-Dec-07 17:00:00, , , 149.162003488,  13.409414360,  149.529755718,  13.279826307,    12.869044987,     -16.096804291,        165.384,      -66.243, 111.822, 178.1633,    *,  0.874063,  4.92985989191510,-38.9041864,   10.1016,
 2026-Dec-07 18:00:00, , , 149.161584423,  13.409879715,  149.529348202,  13.280287064,    27.767893744,     -13.479743331,        161.064,      -64.283, 111.752, 173.4233,    *,  0.874229,  4.92892719528886,-38.5971855,   10.0994,
 2026-Dec-07 19:00:00, , , 149.160903158,  13.410446664,  149.528681599,  13.280850092,    42.038905954,      -9.168970760,        155.873,      -61.974, 111.677, 167.7466,    *,  0.874393,  4.92800278656408,-38.2152884,   10.0972,
 2026-Dec-07 20:00:00, , , 149.159964293,  13.411111022,  149.527760024,  13.281511351,    55.623047202,      -3.500000238,        149.842,      -59.331, 111.596, 161.1653,    *,  0.874555,  4.92708848013838,-37.7576710,   10.0949,
 2026-Dec-07 21:00:00, , , 149.158774497,  13.411867923,  149.526589503,  13.282266083,    68.667176763,       3.156169114,        143.003,      -56.369, 111.508, 153.7161,    *,  0.874715,  4.92618609799805,-37.2245563,   10.0925,
 2026-Dec-07 22:00:00, , , 149.157342650,  13.412711900,  149.525178154,  13.283108887,    81.469575823,      10.428966838,        135.395,      -53.102, 111.410, 145.4401,    *,  0.874873,  4.92529744247208,-36.6173744,   10.0901,
 2026-Dec-07 23:00:00, , , 149.155679917,  13.413636976,  149.523536311,  13.284033803,    94.435319034,      17.950548061,        127.059,      -49.550, 111.300, 136.3828,    *,  0.875028,  4.92442426587263,-35.9388602,   10.0876,
 2026-Dec-08 00:00:00, , , 149.153799725,  13.414636761,  149.521676566,  13.285034406,   108.052346946,      25.333150833,        118.042,      -45.732, 111.173, 126.5939,    *,  0.875180,  4.92356823863839,-35.1930789,   10.0851,
 2026-Dec-08 01:00:00, , , 149.151717671,  13.415704552,  149.519613723,  13.286103907,   122.862522642,      32.131787273,        108.391,      -41.669, 111.024, 116.1265,    *,  0.875329,  4.92273091773048,-34.3853794,   10.0825,
 2026-Dec-08 02:00:00, , , 149.149451329,  13.416833430,  149.517364666,  13.287235257,   139.363602375,      37.809049763,         98.158,      -37.382, 110.845, 105.0375,    *,  0.875475,  4.92191371704479,-33.5222747,   10.0798,
 2026-Dec-08 03:00:00, , , 149.147019995,  13.418016351,  149.514948142,  13.288421244,   157.753132539,      41.744365171,         87.400,      -32.894, 110.621,  93.3870,    *,  0.875616,  4.92111788149950,-32.6112570,   10.0771,
 2026-Dec-08 04:00:00, , , 149.144444351,  13.419246221,  149.512384472,  13.289654580,   177.550853462,      43.360052693,         76.174,      -28.230, 110.332,  81.2380,    *,  0.875754,  4.92034446625341,-31.6605571,   10.0743,
 2026-Dec-08 05:00:00, , , 149.141746104,  13.420515967,  149.509695203,  13.290927980,   197.525268314,      42.370805850,         64.540,      -23.415, 109.939,  68.6566,    *,  0.875887,  4.91959432212135,-30.6788815,   10.0715,
 2026-Dec-08 06:00:00,A, , 149.138947576,  13.421818576,  149.506902713,  13.292234218,   216.335694793,      38.955182834,         52.559,      -18.474, 109.364,  55.7119,    *,  0.876017,  4.91886808790759,-29.6750835,   10.0687,
 2026-Dec-08 07:00:00,N, , 149.136071305,  13.423147130,  149.504029811,  13.293566173,   233.299761765,      33.644608081,         40.296,      -13.434, 108.436,  42.4771,    *,  0.876142,  4.91816619033500,-28.6578906,   10.0658,
 2026-Dec-08 08:00:00,C, , 149.133139659,  13.424494813,  149.501099318,  13.294916850,   248.483342398,      27.066766424,         27.817,       -8.322, 106.654,  29.0350,    *,  0.876262,  4.91748885052613,-27.6356131,   10.0629,
 2026-Dec-08 09:00:00,*,m, 149.130174481,  13.425854911,  149.498133693,  13.296279389,   262.341988870,      19.783472661,         15.186,       -3.164, 101.768,  15.5125,    t,  0.876379,  4.91683609723351,-26.6158899,   10.0599,
 2026-Dec-08 10:00:00,*,m, 149.127196796,  13.427220791,  149.495154692,  13.297647052,   275.420455366,      12.259835377,          2.472,        2.012,  50.865,   3.1874,    t,  0.876491,  4.91620778544955,-25.6054948,   10.0569,
 2026-Dec-08 11:00:00,*,m, 149.124226591,  13.428585877,  149.492183090,  13.299013208,   288.223727530,       4.893962671,        -10.258,        7.178, 304.983,  12.5199,    t,  0.876598,  4.91560361895331,-24.6102038,   10.0539,
 2026-Dec-08 12:00:00,*,m, 149.121282664,  13.429943615,  149.489238483,  13.300371297,   301.178712934,      -1.944122834,        -22.937,       12.307, 298.217,  26.0303,    *,  0.876702,  4.91502317527616,-23.6347275,   10.0509,
 2026-Dec-08 13:00:00,*, , 149.118382566,  13.431287441,  149.486339172,  13.301714797,   314.612750498,      -7.885302208,        -35.498,       17.373, 296.078,  39.5207,    *,  0.876801,  4.91446593144092,-22.6827148,   10.0479,
 2026-Dec-08 14:00:00,*, , 149.115542621,  13.432610750,  149.483502127,  13.303037189,   328.714504686,     -12.556693509,        -47.874,       22.347, 295.025,  52.8320,    *,  0.876897,  4.91393128875966,-21.7568273,   10.0448,
 2026-Dec-08 15:00:00,C, , 149.112778021,  13.433906877,  149.480743035,  13.304331930,   343.478722864,     -15.608997658,        -59.999,       27.204, 294.392,  65.8773,    *,  0.876988,  4.91341859502599,-20.8588798,   10.0418,
 2026-Dec-08 16:00:00,N, , 149.110102973,  13.435169084,  149.478076420,  13.305592435,   358.676349292,     -16.776866056,        -71.809,       31.918, 293.967,  78.5818,    *,  0.877076,  4.91292716262866,-19.9900367,   10.0387,
 2026-Dec-08 17:00:00, , , 149.107530905,  13.436390572,  149.475515817,  13.306812069,    13.911135039,     -15.949272147,        -83.241,       36.463, 293.659,  90.8755,    *,  0.877160,  4.91245628143211,-19.1510477,   10.0355,
 2026-Dec-08 18:00:00, , , 149.105074683,  13.437564503,  149.473073983,  13.307984159,    28.771611682,     -13.205467040,        -94.234,       40.816, 293.423, 102.6918,    *,  0.877241,  4.91200522568420,-18.3425050,   10.0324,
 2026-Dec-08 19:00:00, , , 149.102746837,  13.438684042,  149.470763132,  13.309102025,    42.992850641,      -8.788901310,       -104.729,       44.953, 293.235, 113.9666,    *,  0.877318,  4.91157325467806,-17.5651021,   10.0292,
 2026-Dec-08 20:00:00, , , 149.100559773,  13.439742416,  149.468595164,  13.310159028,    56.531526725,      -3.039426130,       -114.669,       48.852, 293.080, 124.6391,    *,  0.877392,  4.91115960737324,-16.8198736,   10.0260,
 2026-Dec-08 21:00:00, , , 149.098525940,  13.440732986,  149.466581867,  13.311148628,    69.546872398,       3.671275048,       -124.002,       52.492, 292.948, 134.6513,    *,  0.877462,  4.91076349163040,-16.1084005,   10.0228,
 2026-Dec-08 22:00:00, , , 149.096657953,  13.441649339,  149.464735082,  13.312064468,    82.345745162,      10.973128254,       -132.676,       55.853, 292.835, 143.9488,    *,  0.877530,  4.91038406910903,-15.4329632,   10.0195,
 2026-Dec-08 23:00:00, , , 149.094968637,  13.442485373,  149.463066804,  13.312900458,    95.339606616,      18.497905737,       -140.644,       58.916, 292.734, 152.4807,    *,  0.877595,  4.91002043719597,-14.7966337,   10.0162,
 2026-Dec-09 00:00:00, , , 149.093471004,  13.443235406,  149.461589210,  13.313650876,   109.021533380,      25.855220227,       -147.862,       61.665, 292.644, 160.2002,    *,  0.877658,  4.90967160956123,-14.2032964,   10.0129,
 2026-Dec-09 01:00:00, , , 149.092178148,  13.443894261,  149.460314609,  13.314310462,   123.935081825,      32.594639770,       -154.290,       64.085, 292.562, 167.0644,    *,  0.877717,  4.90933649706506,-13.6575981,   10.0096,
 2026-Dec-09 02:00:00, , , 149.091103064,  13.444457366,  149.459255321,  13.314874515,   140.568050652,      38.171745113,       -159.893,       66.162, 292.485, 173.0350,    *,  0.877775,  4.90901389075395,-13.1648253,   10.0063,
 2026-Dec-09 03:00:00, , , 149.090258396,  13.444920825,  149.458423465,  13.315338979,   159.083298663,      41.962993780,       -164.638,       67.884, 292.413, 178.0783,    *,  0.877831,  4.90870244857201,-12.7307195,   10.0030,
 2026-Dec-09 04:00:00, , , 149.089656139,  13.445281488,  149.457830696,  13.315700517,   178.942974995,      43.402050853,       -168.500,       69.241, 292.345, 182.1654,    *,  0.877885,  4.90840068717330,-12.3612405,    9.9996,
 2026-Dec-09 05:00:00, , , 149.089307298,  13.445536993,  149.457487890,  13.315956568,   198.878563474,      42.232966589,       -171.454,       70.225, 292.280, 185.2722,    *,  0.877937,  4.90810697987027,-12.0622957,    9.9963,
 2026-Dec-09 06:00:00,A, , 149.089221529,  13.445685790,  149.457404791,  13.316105389,   217.574444254,      38.665866247,       -173.484,       70.831, 292.216, 187.3802,    *,  0.877989,  4.90781956136927,-11.8394489,    9.9930,
 2026-Dec-09 07:00:00,N, , 149.089406793,  13.445727150,  149.457589659,  13.316146067,   234.405670472,      33.247290576,       -174.576,       71.055, 292.153, 188.4759,    *,  0.878039,  4.90753653968312,-11.6976187,    9.9897,
 2026-Dec-09 08:00:00,C, , 149.089869026,  13.445661145,  149.458048920,  13.316078518,   249.478440993,      26.603879211,       -174.723,       70.893, 292.091, 188.5512,    *,  0.878090,  4.90725591477622,-11.6408272,    9.9864,
 2026-Dec-09 09:00:00,*, , 149.090611870,  13.445488611,  149.458786861,  13.315903459,   263.262379768,      19.290487304,       -173.922,       70.347, 292.029, 187.6038,    *,  0.878140,  4.90697560318909,-11.6719491,    9.9832,
 2026-Dec-09 10:00:00,*,m, 149.091636457,  13.445211101,  149.459805374,  13.315622369,   276.302190526,      11.766048709,       -172.175,       69.418, 291.965, 185.6365,    *,  0.878190,  4.90669346787872,-11.7925389,    9.9800,
 2026-Dec-09 11:00:00,*,m, 149.092941280,  13.444830816,  149.461103770,  13.315237425,   289.098125111,       4.425163765,       -169.491,       68.111, 291.900, 182.6581,    *,  0.878241,  4.90640735152559,-12.0027139,    9.9768,
 2026-Dec-09 12:00:00,*,m, 149.094522150,  13.444350534,  149.462678684,  13.314751434,   302.070869076,      -2.363330271,       -165.881,       66.433, 291.832, 178.6828,    *,  0.878294,  4.90611511177599,-12.3011115,    9.9737,
 2026-Dec-09 13:00:00,*,m, 149.096372241,  13.443773537,  149.464524063,  13.314167756,   315.539688900,      -8.230397203,       -161.363,       64.390, 291.760, 173.7303,    *,  0.878348,  4.90581465660329,-12.6849224,    9.9706,
 2026-Dec-09 14:00:00,*, , 149.098482229,  13.443103535,  149.466631249,  13.313490225,   329.681924628,     -12.803995859,       -155.961,       61.995, 291.684, 167.8257,    *,  0.878403,  4.90550397798839,-13.1499963,    9.9676,
 2026-Dec-09 15:00:00,C, , 149.100840505,  13.442344595,  149.468989154,  13.312723070,   344.477854932,     -15.738712490,       -149.702,       59.259, 291.602, 160.9996,    *,  0.878461,  4.90518118223087,-13.6910146,    9.9646,
 2026-Dec-09 16:00:00,N, , 149.103433464,  13.441501089,  149.471584504,  13.311870849,   359.684823926,     -16.777701549,       -142.620,       56.197, 291.511, 153.2878,    *,  0.878521,  4.90484451542800,-14.3017172,    9.9617,
 2026-Dec-09 17:00:00, , , 149.106245834,  13.440577640,  149.474402158,  13.310938393,    14.900773407,     -15.822093656,       -134.751,       52.825, 291.411, 144.7310,    *,  0.878584,  4.90449238297815,-14.9751697,    9.9588,
 2026-Dec-09 18:00:00, , , 149.109261046,  13.439579100,  149.477425459,  13.309930757,    29.719972962,     -12.963214191,       -126.137,       49.161, 291.298, 135.3751,    *,  0.878650,  4.90412336236015,-15.7040521,    9.9559,
 2026-Dec-09 19:00:00, , , 149.112461605,  13.438510525,  149.480636619,  13.308853191,    43.891105705,      -8.452731040,       -116.825,       45.224, 291.166, 125.2703,    *,  0.878720,  4.90373620888145,-16.4809512,    9.9530,
 2026-Dec-09 20:00:00, , , 149.115829453,  13.437377180,  149.484017100,  13.307711132,    57.385239253,      -2.633858695,       -106.866,       41.036, 291.011, 114.4714,    *,  0.878793,  4.90332985454639,-17.2986369,    9.9502,
 2026-Dec-09 21:00:00, , , 149.119346298,  13.436184548,  149.487547979,  13.306510200,    70.372548492,       4.121596865,        -96.312,       36.620, 290.822, 103.0373,    *,  0.878869,  4.90290340063973,-18.1503058,    9.9474,
 2026-Dec-09 22:00:00, , , 149.122993890,  13.434938351,  149.491210265,  13.305256214,    83.167224700,      11.444341959,        -85.223,       32.000, 290.584,  91.0308,    *,  0.878949,  4.90245610502001,-19.0297748,    9.9446,
 2026-Dec-09 23:00:00, , , 149.126754237,  13.433644581,  149.494985170,  13.303955213,    96.185968404,      18.965983109,        -73.657,       27.201, 290.271,  78.5184,    *,  0.879033,  4.90198736544452,-19.9316157,    9.9419,
 2026-Dec-10 00:00:00, , , 149.130609743,  13.432309529,  149.498854304,  13.302613488,   109.925683842,      26.293866231,        -61.681,       22.250, 289.838,  65.5700,    *,  0.879121,  4.90149670048149,-20.8512206,    9.9391,
 2026-Dec-10 01:00:00, , , 149.134543274,  13.430939811,  149.502799791,  13.301237608,   124.929994083,      32.972832462,        -49.358,       17.173, 289.186,  52.2596,    *,  0.879213,  4.90098372968842,-21.7847970,    9.9364,
 2026-Dec-10 02:00:00, , , 149.138538146,  13.429542392,  149.506804316,  13.299834448,   141.675259349,      38.452731731,        -36.758,       11.999, 288.080,  38.6666,    u,  0.879309,  4.90044815474167,-22.7292946,    9.9337,
 2026-Dec-10 03:00:00, , , 149.142578048,  13.428124595,  149.510851089,  13.298411207,   160.290460679,      42.108769591,        -23.950,        6.758, 285.757,  24.8851,    u,  0.879410,  4.89988974309017,-23.6822704,    9.9310,
 2026-Dec-10 04:00:00, , , 149.146646909,  13.426694100,  149.514923745,  13.296975415,   180.186689831,      43.386861544,        -11.006,        1.477, 277.642,  11.1046,    O,  0.879514,  4.89930831548402,-24.6417036,    9.9283,
 2026-Dec-10 05:00:00, , , 149.150728729,  13.425258915,  149.519006199,  13.295534920,   200.068802424,      42.058382669,          2.003,       -3.814, 152.299,   4.3078,    O,  0.879623,  4.89870373841203,-25.6057755,    9.9257,
 2026-Dec-10 06:00:00,A, , 149.154807383,  13.423827344,  149.523082461,  13.294097864,   218.650340159,      38.360312726,         15.003,       -9.085, 121.196,  17.5394,    O,  0.879735,  4.89807592209395,-26.5726307,    9.9231,
 2026-Dec-10 07:00:00,N, , 149.158866438,  13.422407924,  149.527136435,  13.292672637,   235.358459993,      32.850300245,         27.923,      -14.307, 117.128,  31.3751,    *,  0.879852,  4.89742482423839,-27.5401401,    9.9205,
 2026-Dec-10 08:00:00,C, , 149.162888981,  13.421009349,  149.531151736,  13.291267810,   250.332602794,      26.152488857,         40.691,      -19.451, 115.547,  45.1010,    *,  0.879973,  4.89675045932834,-28.5056816,    9.9179,
 2026-Dec-10 09:00:00,*, , 149.166857495,  13.419640381,  149.535111525,  13.289892057,   264.052500010,      18.815022720,         53.235,      -24.488, 114.700,  58.5974,    *,  0.880099,  4.89605291276311,-29.4659583,    9.9154,
 2026-Dec-10 10:00:00,*, , 149.170753784,  13.418309741,  149.538998391,  13.288554054,   277.061603067,      11.291405169,         65.486,      -29.390, 114.168,  71.7791,    *,  0.880228,  4.89533235879781,-30.4168669,    9.9129,
 2026-Dec-10 11:00:00,*,m, 149.174558974,  13.417026003,  149.542794303,  13.287262378,   289.855579203,       3.973422849,         77.375,      -34.129, 113.799,  84.5690,    *,  0.880362,  4.89458908090828,-31.3534293,    9.9105,
 2026-Dec-10 12:00:00,*,m, 149.178253590,  13.415797475,  149.546480622,  13.286025388,   302.849596539,      -2.770720296,         88.837,      -38.681, 113.526,  96.8946,    *,  0.880500,  4.89382349298954,-32.2697925,    9.9081,
 2026-Dec-10 13:00:00,*,m, 149.181817704,  13.414632087,  149.550038203,  13.284851113,   316.355841227,      -8.571568000,         99.808,      -43.019, 113.313, 108.6866,    *,  0.880641,  4.89303615968787,-33.1593007,    9.9057,
 2026-Dec-10 14:00:00,*,m, 149.185231167,  13.413537287,  149.553447568,  13.283747140,   330.541534875,     -13.057307801,        110.228,      -47.119, 113.141, 119.8796,    *,  0.880787,  4.89222781417624,-34.0146346,    9.9033,
 2026-Dec-10 15:00:00,C, , 149.188473900,  13.412519944,  149.556689157,  13.282720515,   345.373763307,     -15.885531052,        120.040,      -50.959, 112.997, 130.4115,    *,  0.880936,  4.89139937181031,-34.8280128,    9.9009,
 2026-Dec-10 16:00:00,N, , 149.191526240,  13.411586276,  149.559743635,  13.281777651,     0.597230107,     -16.806687400,        129.189,      -54.517, 112.875, 140.2246,    *,  0.881089,  4.89055193834044,-35.5914407,    9.8985,
 2026-Dec-10 17:00:00, , , 149.194369319,  13.410741784,  149.562592253,  13.280924257,    15.804175746,     -15.732696303,        137.626,      -57.775, 112.768, 149.2650,    *,  0.881245,  4.88968681168574,-36.2969937,    9.8962,
 2026-Dec-10 18:00:00, , , 149.196985456,  13.409991220,  149.565217232,  13.280165292,    30.593662165,     -12.765817224,        145.304,      -60.715, 112.672, 157.4835,    *,  0.881404,  4.88880547667923,-36.9371149,    9.8938,
 2026-Dec-10 19:00:00, , , 149.199358541,  13.409338567,  149.567602154,  13.279504930,    44.726476841,      -8.165373167,        152.183,      -63.320, 112.585, 164.8358,    *,  0.881565,  4.88790959264009,-37.5049102,    9.8914,
 2026-Dec-10 20:00:00, , , 149.201474388,  13.408787048,  149.569732338,  13.278946556,    58.186795042,      -2.277999931,        158.226,      -65.577, 112.506, 171.2822,    *,  0.881729,  4.88700097408936,-37.9944201,    9.8890,
 2026-Dec-10 21:00:00, , , 149.203321039,  13.408339146,  149.571595178,  13.278492782,    71.155091019,       4.523919065,        163.399,      -67.474, 112.432, 176.7885,    *,  0.881895,  4.88608156536922,-38.4008516,    9.8866,
 2026-Dec-10 22:00:00, , , 149.204888998,  13.407996649,  149.573180420,  13.278145476,    83.952840950,      11.871274959,        167.677,      -69.001, 112.361, 181.3257,    *,  0.882062,  4.88515341032078,-38.7207547,    9.8841,
 2026-Dec-10 23:00:00, , , 149.206171385,  13.407760703,  149.574480375,  13.277905814,    97.002303256,      19.394919572,        171.037,      -70.149, 112.294, 184.8702,    *,  0.882231,  4.88421861849622,-38.9521322,    9.8816,
 2026-Dec-11 00:00:00, , , 149.207164001,  13.407631871,  149.575490033,  13.277774338,   110.804700058,      26.699384157,        173.462,      -70.914, 112.229, 187.4041,    *,  0.882401,  4.88327932960518,-39.0944758,    9.8790,
 2026-Dec-11 01:00:00, , , 149.207865302,  13.407610200,  149.576207092,  13.277751026,   125.904221835,      33.324256138,        174.940,      -71.291, 112.165, 188.9150,    *,  0.882571,  4.88233767800637,-39.1487265,    9.8764,
 2026-Dec-11 02:00:00, , , 149.208276279,  13.407695286,  149.576631899,  13.277835357,   142.766114846,      38.713155327,        175.464,      -71.279, 112.102, 189.3962,    *,  0.882741,  4.88139575904817,-39.1171614,    9.8738,
 2026-Dec-11 03:00:00, , , 149.208400268,  13.407886327,  149.576767294,  13.278026377,   161.485646899,      42.239658907,        175.034,      -70.879, 112.039, 188.8467,    *,  0.882911,  4.88045559893309,-39.0032154,    9.8711,
 2026-Dec-11 04:00:00, , , 149.208242679,  13.408182174,  149.576618382,  13.278322760,   181.423614460,      43.361699429,        173.652,      -70.094, 111.975, 187.2711,    *,  0.883081,  4.87951912954273,-38.8112498,    9.8684,
 2026-Dec-11 05:00:00, , , 149.207810692,  13.408581366,  149.576192243,  13.278722850,   201.259806927,      41.877575293,        171.328,      -68.928, 111.909, 184.6795,    *,  0.883249,  4.87858816932565,-38.5462826,    9.8656,
 2026-Dec-11 06:00:00,A, , 149.207112913,  13.409082143,  149.575497596,  13.279224696,   219.737098621,      38.050562090,        168.076,      -67.388, 111.841, 181.0875,    *,  0.883417,  4.87766441094524,-38.2136998,    9.8628,
 2026-Dec-11 07:00:00,N, , 149.206159029,  13.409682458,  149.574544449,  13.279826067,   236.333013601,      32.449401649,        163.914,      -65.483, 111.770, 176.5162,    *,  0.883582,  4.87674941593313,-37.8189649,    9.8600,
 2026-Dec-11 08:00:00,C, , 149.204959476,  13.410379958,  149.573343742,  13.280524454,   251.218851649,      25.696455514,        158.868,      -63.225, 111.695, 170.9917,    *,  0.883746,  4.87584461612970,-37.3673486,    9.8572,
 2026-Dec-11 09:00:00,*, , 149.203525145,  13.411171966,  149.571907020,  13.281317054,   264.884289196,      18.334147215,        152.964,      -60.625, 111.614, 164.5452,    *,  0.883908,  4.87495132124589,-36.8636933,    9.8543,
 2026-Dec-11 10:00:00,*, , 149.201867144,  13.412055439,  149.570246145,  13.282200745,   277.871968770,      10.811490573,        146.237,      -57.699, 111.527, 157.2127,    *,  0.884068,  4.87407073148215,-36.3122303,    9.8514,
 2026-Dec-11 11:00:00,*,m, 149.199996619,  13.413026931,  149.568373072,  13.283172045,   290.673405304,       3.518283286,        138.723,      -54.462, 111.430, 149.0349,    *,  0.884225,  4.87320395381643,-35.7164597,    9.8484,
 2026-Dec-11 12:00:00,*,m, 149.197924661,  13.414082546,  149.566299689,  13.284227071,   303.698329093,      -3.177195827,        130.464,      -50.932, 111.320, 140.0569,    *,  0.884380,  4.87235202034727,-35.0791002,    9.8455,
 2026-Dec-11 13:00:00,*,m, 149.195662281,  13.415217897,  149.564037750,  13.285361496,   317.251350524,      -8.904551206,        121.505,      -47.129, 111.196, 130.3276,    *,  0.884532,  4.87151590697390,-34.4021104,    9.8425,
 2026-Dec-11 14:00:00,*,m, 149.193220470,  13.416428069,  149.561598871,  13.286570505,   331.488411970,     -13.292062833,        111.894,      -43.073, 111.050, 119.9002,    *,  0.884681,  4.87069655064583,-33.6867903,    9.8394,
 2026-Dec-11 15:00:00,C,m, 149.190610323,  13.417707596,  149.558994618,  13.287848768,   346.361873405,     -16.000819814,        101.683,      -38.786, 110.875, 108.8312,    *,  0.884826,  4.86989486363713,-32.9339157,    9.8364,
 2026-Dec-11 16:00:00,N, , 149.187843212,  13.419050453,  149.556236640,  13.289190415,     1.602729270,     -16.789754374,         90.928,      -34.291, 110.659,  97.1806,    *,  0.884968,  4.86911174359553,-32.1439638,    9.8333,
 2026-Dec-11 17:00:00, , , 149.184931005,  13.420450062,  149.553336874,  13.290589037,    16.797781801,     -15.583123016,         79.686,      -29.612, 110.383,  85.0114,    *,  0.885107,  4.86834807797511,-31.3173429,    9.8301,
 2026-Dec-11 18:00:00, , , 149.181886294,  13.421899320,  149.550307764,  13.292037695,    31.552464960,     -12.495453794,         68.017,      -24.775, 110.011,  72.3896,    *,  0.885242,  4.86760474265478,-30.4546482,    9.8269,
 2026-Dec-11 19:00:00, , , 149.178722626,  13.423390646,  149.547162500,  13.293528960,    45.641680626,      -7.794493189,         55.984,      -19.805, 109.480,  59.3842,    *,  0.885374,  4.86688259432571,-29.5569182,    9.8236,
 2026-Dec-11 20:00:00, , , 149.175454701,  13.424916048,  149.543915239,  13.295054962,    59.064367095,      -1.830563255,         43.650,      -14.728, 108.644,  46.0682,    *,  0.885501,  4.86618245695716,-28.6258681,    9.8203,
 2026-Dec-11 21:00:00, , , 149.172098530,  13.426467204,  149.540581303,  13.296607467,    72.012446306,       5.023341834,         31.081,       -9.573, 107.117,  32.5222,    *,  0.885624,  4.86550510308210,-27.6640841,    9.8170,
 2026-Dec-11 22:00:00, , , 149.168671525,  13.428035556,  149.537177308,  13.298177959,    84.815562605,      12.398240908,         18.345,       -4.365, 103.384,  18.8567,    t,  0.885743,  4.86485123097907,-26.6751683,    9.8135,
 2026-Dec-11 23:00:00, , , 149.165192523,  13.429612418,  149.533721248,  13.299757746,    97.902414974,      19.923967995,          5.507,        0.867,  81.053,   5.5749,    t,  0.885858,  4.86422143914818,-25.6638169,    9.8101,
 2026-Dec-12 00:00:00, , , 149.161681718,  13.431189082,  149.530232478,  13.301338062,   111.779449974,      27.201640488,         -7.363,        6.096, 309.621,   9.5586,    t,  0.885968,  4.86361619974092,-24.6358278,    9.8065,
 2026-Dec-12 01:00:00, , , 149.158160521,  13.432756928,  149.526731631,  13.302910183,   126.991792903,      33.764619815,        -20.197,       11.293, 299.212,  23.1398,    *,  0.886074,  4.86303583274830,-23.5980303,    9.8030,
 2026-Dec-12 02:00:00, , , 149.154651328,  13.434307525,  149.523240441,  13.304465531,   143.991797440,      39.049251944,        -32.928,       16.431, 296.521,  36.7996,    *,  0.886175,  4.86248048273862,-22.5581445,    9.7993,
 2026-Dec-12 03:00:00, , , 149.151177227,  13.435832724,  149.519781491,  13.305995775,   162.835160708,      42.427424701,        -45.487,       21.484, 295.283,  50.3049,    *,  0.886272,  4.86195009977102,-21.5245771,    9.7957,
 2026-Dec-12 04:00:00, , , 149.147761644,  13.437324735,  149.516377892,  13.307492921,   182.824317152,      43.371430296,        -57.808,       26.423, 294.567,  63.5602,    *,  0.886364,  4.86144442582223,-20.5061698,    9.7920,
 2026-Dec-12 05:00:00, , , 149.144427948,  13.438776190,  149.513052909,  13.308949385,   202.611115136,      41.710805259,        -69.826,       31.224, 294.095,  76.4880,    *,  0.886452,  4.86096298769477,-19.5119153,    9.7882,
 2026-Dec-12 06:00:00,A, , 149.141199041,  13.440180182,  149.509829558,  13.310358049,   220.972564090,      37.738605077,        -81.476,       35.860, 293.759,  89.0165,    *,  0.886536,  4.86050509696628,-18.5506589,    9.7845,
 2026-Dec-12 07:00:00,N, , 149.138096949,  13.441530296,  149.506730186,  13.311712298,   237.442804929,      32.035766856,        -92.696,       40.306, 293.504, 101.0774,    *,  0.886615,  4.86006985711707,-17.6308033,    9.7807,
 2026-Dec-12 08:00:00,C, , 149.135142442,  13.442820606,  149.503776067,  13.313006035,   252.228484905,      25.222422435,       -103.425,       44.538, 293.302, 112.6052,    *,  0.886690,  4.85965617754941,-16.7600338,    9.7769,
 2026-Dec-12 09:00:00,*, , 149.132354701,  13.444045665,  149.500987034,  13.314233683,   265.830284232,      17.834402952,       -113.607,       48.535, 293.137, 123.5375,    *,  0.886762,  4.85926279379306,-15.9450815,    9.7732,
 2026-Dec-12 10:00:00,*, , 149.129751046,  13.445200482,  149.498381163,  13.315390162,   278.789882763,      10.315437413,       -123.186,       52.274, 292.999, 133.8151,    *,  0.886831,  4.85888829279189,-15.1915406,    9.7694,
 2026-Dec-12 11:00:00,*,m, 149.127346746,  13.446280481,  149.495974525,  13.316470859,   291.593945198,       3.052694545,       -132.110,       55.735, 292.879, 143.3820,    *,  0.886896,  4.85853114181971,-14.5037508,    9.7656,
 2026-Dec-12 12:00:00,*,m, 149.125154905,  13.447281464,  149.493781023,  13.317471590,   304.645727384,      -3.586059274,       -140.331,       58.899, 292.774, 152.1860,    *,  0.886958,  4.85818971933605,-13.8847540,    9.7619,
 2026-Dec-12 13:00:00,*,m, 149.123186449,  13.448199567,  149.491812317,  13.318388553,   318.240929547,      -9.230208195,       -147.804,       61.748, 292.679, 160.1787,    *,  0.887018,  4.85786234602413,-13.3363219,    9.7581,
 2026-Dec-12 14:00:00,*,m, 149.121450184,  13.449031221,  149.490077831,  13.319218286,   332.522762083,     -13.509173063,       -154.486,       64.268, 292.594, 167.3159,    *,  0.887075,  4.85754731435726,-12.8590495,    9.7544,
 2026-Dec-12 15:00:00,C,m, 149.119952934,  13.449773122,  149.488584855,  13.319957628,   347.427854279,     -16.088982993,       -160.342,       66.444, 292.515, 173.5578,    *,  0.887131,  4.85724291514649,-12.4525142,    9.7507,
 2026-Dec-12 16:00:00,N,m, 149.118699745,  13.450422217,  149.487338705,  13.320603691,     2.673718267,     -16.738619874,       -165.337,       68.263, 292.441, 178.8692,    *,  0.887185,  4.85694745918408,-12.1155205,    9.7470,
 2026-Dec-12 17:00:00, ,m, 149.117694124,  13.450975695,  149.486342953,  13.321153846,    17.843356005,     -15.395795336,       -169.445,       69.716, 292.370, 183.2198,    *,  0.887238,  4.85665929355606,-11.8462833,    9.7433,
 2026-Dec-12 18:00:00, , , 149.116938308,  13.451431005,  149.485599685,  13.321605718,    32.550683378,     -12.187546484,       -172.640,       70.793, 292.303, 186.5842,    *,  0.887289,  4.85637681220006,-11.6427445,    9.7396,
 2026-Dec-12 19:00:00, , , 149.116433532,  13.451785881,  149.485109782,  13.321957208,    46.586104945,      -7.389515511,       -174.903,       71.488, 292.238, 188.9422,    *,  0.887340,  4.85609845951076,-11.5028096,    9.7359,
 2026-Dec-12 20:00:00, , , 149.116180283,  13.452038389,  149.484873194,  13.322206522,    59.963629409,      -1.354871475,       -176.221,       71.796, 292.174, 190.2791,    *,  0.887390,  4.85582272824579,-11.4245910,    9.7323,
 2026-Dec-12 21:00:00, , , 149.116178505,  13.452186984,  149.484889186,  13.322352221,    72.886221008,       5.543555970,       -176.585,       71.716, 292.110, 190.5855,    *,  0.887441,  4.85554815203483,-11.4066091,    9.7286,
 2026-Dec-12 22:00:00, , , 149.116427762,  13.452230576,  149.485156546,  13.322393278,    85.690999802,      12.937487877,       -175.990,       71.246, 292.046, 189.8575,    *,  0.887491,  4.85527329365818,-11.4479404,    9.7249,
 2026-Dec-12 23:00:00, , , 149.116927327,  13.452168604,  149.485673724,  13.322329148,    98.812275619,      20.456142762,       -174.437,       70.389, 291.982, 188.0970,    *,  0.887541,  4.85499673049649,-11.5483034,    9.7213,
 2026-Dec-13 00:00:00, , , 149.117676195,  13.452001109,  149.486438908,  13.322159840,   112.760604796,      27.697571503,       -171.934,       69.148, 291.915, 185.3113,    *,  0.887592,  4.85471703875823,-11.7080737,    9.7176,
 2026-Dec-13 01:00:00, , , 149.118673029,  13.451728802,  149.487450018,  13.321885986,   128.080269665,      34.189420478,       -168.491,       67.529, 291.847, 181.5135,    *,  0.887644,  4.85443277818284,-11.9282291,    9.7140,
 2026-Dec-13 02:00:00, , , 149.119916027,  13.451353127,  149.488704629,  13.321508913,   145.208065213,      39.361815172,       -164.126,       65.541, 291.775, 176.7224,    *,  0.887698,  4.85414247889022,-12.2102274,    9.7104,
 2026-Dec-13 03:00:00, , , 149.121402730,  13.450876301,  149.490199821,  13.321030690,   164.157929720,      42.586893311,       -158.860,       63.193, 291.698, 170.9621,    *,  0.887752,  4.85384463190053,-12.5558255,    9.7068,
 2026-Dec-13 04:00:00, , , 149.123129785,  13.450301350,  149.491931975,  13.320454171,   184.176260071,      43.353465821,       -152.721,       60.497, 291.616, 164.2624,    *,  0.887808,  4.85353768459450,-12.9668520,    9.7032,
 2026-Dec-13 05:00:00, , , 149.125092678,  13.449632111,  149.493896520,  13.319783018,   203.894664900,      41.522525426,       -145.742,       57.469, 291.526, 156.6584,    *,  0.887866,  4.85322004203989,-13.4449497,    9.6997,
 2026-Dec-13 06:00:00,A, , 149.127285455,  13.448873225,  149.496087666,  13.319021695,   222.129559299,      37.414399187,       -137.958,       54.123, 291.426, 148.1903,    *,  0.887927,  4.85289007469740,-13.9913060,    9.6962,
 2026-Dec-13 07:00:00,N, , 149.129700463,  13.448030096,  149.498498128,  13.318175452,   238.470189881,      31.619201524,       -129.411,       50.478, 291.313, 138.9034,    *,  0.887990,  4.85254613256815,-14.6063907,    9.6928,
 2026-Dec-13 08:00:00,C, , 149.132328117,  13.447108837,  149.501118875,  13.317250274,   253.154634074,      24.753054240,       -120.147,       46.553, 291.184, 128.8478,    *,  0.888055,  4.85218656538590,-15.2897186,    9.6894,
 2026-Dec-13 09:00:00,*, , 149.135156733,  13.446116194,  149.503938920,  13.316252819,   266.691846071,      17.344494814,       -110.217,       42.369, 291.032, 118.0778,    *,  0.888124,  4.85180974802094,-16.0396565,    9.6860,
 2026-Dec-13 10:00:00,*, , 149.138172421,  13.445059455,  149.506945169,  13.315190333,   279.621288441,       9.831699690,        -99.674,       37.950, 290.848, 106.6524,    *,  0.888197,  4.85141410987915,-16.8532864,    9.6827,
 2026-Dec-13 11:00:00,*, , 149.141359062,  13.443946348,  149.510122347,  13.314070552,   292.424386802,       2.599006299,        -88.576,       33.319, 290.618,  94.6344,    *,  0.888273,  4.85099816677720,-17.7263378,    9.6795,
 2026-Dec-13 12:00:00,*,m, 149.144698384,  13.442784933,  149.513453011,  13.312901596,   305.498032483,      -3.986574954,        -76.984,       28.502, 290.319,  82.0902,    *,  0.888353,  4.85056055357049,-18.6531938,    9.6763,
 2026-Dec-13 13:00:00,*,m, 149.148170112,  13.441583489,  149.516917651,  13.311691853,   319.129570335,      -9.554444322,        -64.962,       23.526, 289.910,  69.0899,    *,  0.888437,  4.85010005572235,-19.6269726,    9.6732,
 2026-Dec-13 14:00:00,*,m, 149.151752218,  13.440350413,  149.520494888,  13.310449869,   333.450569817,     -13.735222730,        -52.576,       18.417, 289.307,  55.7076,    *,  0.888526,  4.84961563803442,-20.6396809,    9.6701,
 2026-Dec-13 15:00:00,C,m, 149.155421236,  13.439094115,  149.524161744,  13.309184239,   348.383524747,     -16.199495705,        -39.894,       13.204, 288.315,  42.0222,    u,  0.888619,  4.84910646890850,-21.6824306,    9.6670,
 2026-Dec-13 16:00:00,N,m, 149.159152647,  13.437822940,  149.527893992,  13.307903515,     3.634072907,     -16.725245420,        -26.987,        7.916, 286.350,  28.1244,    u,  0.888717,  4.84857193877003,-22.7457046,    9.6640,
 2026-Dec-13 17:00:00, ,m, 149.162921293,  13.436545091,  149.531666561,  13.306616120,    18.782102627,     -15.262011296,        -13.927,        2.583, 280.508,  14.1647,    U,  0.888820,  4.84801167163375,-23.8196579,    9.6610,
 2026-Dec-13 18:00:00, ,m, 149.166701824,  13.435268582,  149.535453969,  13.305330280,    33.449177943,     -11.947637993,         -0.786,       -2.766, 195.870,   2.8756,    O,  0.888928,  4.84742552921016,-24.8944337,    9.6580,
 2026-Dec-13 19:00:00, , , 149.170469132,  13.434001196,  149.539230774,  13.304053979,    47.439296668,      -7.064460915,         12.362,       -8.101, 123.238,  14.7802,    O,  0.889040,  4.84681360741023,-25.9604758,    9.6551,
 2026-Dec-13 20:00:00, , , 149.174198764,  13.432750476,  149.542972006,  13.302794931,    60.779552697,      -0.967992514,         25.445,      -13.393, 117.759,  28.7545,    *,  0.889157,  4.84617622557065,-27.0088179,    9.6522,
 2026-Dec-13 21:00:00, , , 149.177867290,  13.431523714,  149.546653578,  13.301560564,    73.682497279,       5.969099359,         38.389,      -18.612, 115.863,  42.6632,    *,  0.889278,  4.84551390916606,-28.0313329,    9.6492,
 2026-Dec-13 22:00:00, , , 149.181452605,  13.430327969,  149.550252628,  13.300358023,    86.491788557,      13.379042675,         51.123,      -23.728, 114.896,  56.3616,    *,  0.889404,  4.84482736716402,-29.0209266,    9.6463,
 2026-Dec-13 23:00:00, , , 149.184934154,  13.429170082,  149.553747806,  13.299194189,    99.646626607,      20.890303581,         63.575,      -28.714, 114.304,  69.7597,    *,  0.889535,  4.84411746548999,-29.9716659,    9.6434,
 2026-Dec-14 00:00:00, , , 149.188293080,  13.428056701,  149.557119467,  13.298075701,   113.660903292,      28.097959516,         75.677,      -33.541, 113.901,  82.7781,    *,  0.889669,  4.84338519828232,-30.8788336,    9.6404,
 2026-Dec-14 01:00:00, , , 149.191512271,  13.426994308,  149.560349783,  13.297008980,   129.077244736,      34.524394321,         87.361,      -38.183, 113.605,  95.3427,    *,  0.889808,  4.84263165871445,-31.7389093,    9.6375,
 2026-Dec-14 02:00:00, , , 149.194576337,  13.425989237,  149.563422767,  13.296000258,   146.316828410,      39.594357152,         98.563,      -42.614, 113.378, 107.3829,    *,  0.889950,  4.84185801114159,-32.5494794,    9.6346,
 2026-Dec-14 03:00:00, , , 149.197471507,  13.425047686,  149.566324208,  13.295055601,   165.354725215,      42.681052229,        109.220,      -46.810, 113.195, 118.8315,    *,  0.890095,  4.84106546618883,-33.3090846,    9.6316,
 2026-Dec-14 04:00:00, , , 149.200185459,  13.424175720,  149.569041540,  13.294180912,   185.388899106,      43.289238231,        119.275,      -50.748, 113.044, 129.6253,    *,  0.890244,  4.84025526014979,-34.0170164,    9.6287,
 2026-Dec-14 05:00:00, , , 149.202707115,  13.423379253,  149.571563652,  13.293381939,   205.038282960,      41.308193539,        128.672,      -54.405, 112.915, 139.7048,    *,  0.890397,  4.83942863972627,-34.6730791,    9.6257,
 2026-Dec-14 06:00:00,A, , 149.205026412,  13.422664023,  149.573880658,  13.292664251,   223.158102343,      37.081352404,        137.360,      -57.763, 112.803, 149.0149,    *,  0.890551,  4.83858685273150,-35.2773355,    9.6227,
 2026-Dec-14 07:00:00,N, , 149.207134062,  13.422035547,  149.575983653,  13.292033212,   239.385974605,      31.205753302,        145.291,      -60.802, 112.703, 157.5049,    *,  0.890709,  4.83773114493411,-35.8298542,    9.6198,
 2026-Dec-14 08:00:00,C, , 149.209021341,  13.421499057,  149.577864473,  13.291493930,   253.985873880,      24.293581531,        152.423,      -63.506, 112.613, 165.1290,    *,  0.890869,  4.83686276276429,-36.3304778,    9.6168,
 2026-Dec-14 09:00:00,*, , 149.210679910,  13.421059435,  149.579515478,  13.291051196,   267.472866450,      16.867203039,        158.718,      -65.862, 112.531, 171.8463,    *,  0.891031,  4.83598296117083,-36.7786294,    9.6139,
 2026-Dec-14 10:00:00,*, , 149.212101695,  13.420721132,  149.580929388,  13.290709412,   280.384086411,       9.360479714,        164.142,      -67.856, 112.454, 177.6210,    *,  0.891195,  4.83509301553911,-37.1731708,    9.6109,
 2026-Dec-14 11:00:00,*, , 149.213278827,  13.420488080,  149.582099167,  13.290472513,   293.196350916,       2.155985922,        168.667,      -69.478, 112.382, 182.4228,    *,  0.891361,  4.83419423627710,-37.5123235,    9.6080,
 2026-Dec-14 12:00:00,*,m, 149.214203663,  13.420363611,  149.583017986,  13.290343877,   306.300929478,      -4.379118840,        172.269,      -70.720, 112.313, 186.2269,    *,  0.891528,  4.83328798447669,-37.7936594,    9.6050,
 2026-Dec-14 13:00:00,*,m, 149.214868878,  13.420350379,  149.583679263,  13.290326250,   319.977406884,      -9.873450527,        174.931,      -71.575, 112.246, 189.0140,    *,  0.891696,  4.83237568696757,-38.0141603,    9.6020,
 2026-Dec-14 14:00:00,*,m, 149.215267623,  13.420450284,  149.584076770,  13.290421666,   334.346037561,     -13.958120588,        176.638,      -72.040, 112.181, 190.7705,    *,  0.891865,  4.83145884911229,-38.1703448,    9.5990,
 2026-Dec-14 15:00:00,C,m, 149.215393753,  13.420664426,  149.584204819,  13.290631386,   349.315216319,     -16.307700940,        177.384,      -72.112, 112.116, 191.4884,    *,  0.892035,  4.83053906383979,-38.2584525,    9.5960,
 2026-Dec-14 16:00:00,N,m, 149.215242097,  13.420993059,  149.584058495,  13.290955848,     4.578559129,     -16.708812182,        177.166,      -71.791, 112.052, 191.1655,    *,  0.892205,  4.82961801566822,-38.2746737,    9.5929,
 2026-Dec-14 17:00:00, ,m, 149.214808752,  13.421435578,  149.583633942,  13.291394634,    19.712655980,     -15.122700433,        175.986,      -71.081, 111.987, 189.8052,    *,  0.892375,  4.82869747881420,-38.2154083,    9.5898,
 2026-Dec-14 18:00:00, ,m, 149.214091393,  13.421990521,  149.582928661,  13.291946467,    34.346582878,     -11.698130008,        173.852,      -69.986, 111.921, 187.4164,    *,  0.892545,  4.82777930889386,-38.0775362,    9.5867,
 2026-Dec-14 19:00:00, ,m, 149.213089562,  13.422655597,  149.581941819,  13.292609219,    48.297920191,      -6.724442810,        170.778,      -68.511, 111.853, 184.0138,    *,  0.892714,  4.82686542817018,-37.8586801,    9.5835,
 2026-Dec-14 20:00:00, ,m, 149.211804926,  13.423427728,  149.580674524,  13.293379949,    61.607062692,      -0.559947514,        166.781,      -66.666, 111.781, 179.6172,    *,  0.892882,  4.82595780475441,-37.5574425,    9.5803,
 2026-Dec-14 21:00:00, , , 149.210241480,  13.424303119,  149.579130072,  13.294254956,    74.496643616,       6.422325193,        161.884,      -64.461, 111.706, 174.2517,    *,  0.893048,  4.82505842659883,-37.1735985,    9.5770,
 2026-Dec-14 22:00:00, , , 149.208405680,  13.425277335,  149.577314123,  13.295229853,    87.317628927,      13.854536976,        156.115,      -61.908, 111.625, 167.9476,    *,  0.893213,  4.82416927146609,-36.7082381,    9.5736,
 2026-Dec-14 23:00:00, , , 149.206306488,  13.426345390,  149.575234805,  13.296299650,   100.515130568,      21.363733986,        149.507,      -59.023, 111.538, 160.7402,    *,  0.893375,  4.82329227450266,-36.1638087,    9.5702,
 2026-Dec-15 00:00:00, , , 149.203955336,  13.427501843,  149.572902730,  13.297458853,   114.607541533,      28.541159858,        142.094,      -55.819, 111.441, 152.6692,    *,  0.893535,  4.82242929502958,-35.5441656,    9.5667,
 2026-Dec-15 01:00:00, , , 149.201366000,  13.428740896,  149.570330925,  13.298701561,   130.136660293,      34.902812486,        133.919,      -52.316, 111.333, 143.7791,    *,  0.893692,  4.82158208389646,-34.8544395,    9.5632,
 2026-Dec-15 02:00:00, , , 149.198554383,  13.430056482,  149.567534666,  13.300021561,   147.507295553,      39.866867359,        125.026,      -48.533, 111.211, 134.1184,    *,  0.893846,  4.82075225432089,-34.1009097,    9.5596,
 2026-Dec-15 03:00:00, , , 149.195538231,  13.431442351,  149.564531233,  13.301412424,   166.651975171,      42.807098503,        115.462,      -44.489, 111.068, 123.7397,    *,  0.893996,  4.81994125652452,-33.2908005,    9.5560,
 2026-Dec-15 04:00:00, , , 149.192336783,  13.432892139,  149.561339596,  13.302867585,   186.715202258,      43.245404253,        105.281,      -40.207, 110.898, 112.6992,    *,  0.894143,  4.81915035806685,-32.4320193,    9.5523,
 2026-Dec-15 05:00:00, , , 149.188970391,  13.434399421,  149.557980050,  13.304380404,   206.301477499,      41.101900044,         94.535,      -35.709, 110.690, 101.0567,    *,  0.894286,  4.81838063085055,-31.5328674,    9.5485,
 2026-Dec-15 06:00:00,A, , 149.185460109,  13.435957746,  149.554473805,  13.305944226,   224.307139809,      36.745424913,         83.284,      -31.021, 110.426,  88.8752,    *,  0.894425,  4.81763294524499,-30.6017403,    9.5447,
 2026-Dec-15 07:00:00,N, , 149.181827299,  13.437560662,  149.550842580,  13.307552402,   240.421272930,      30.781202198,         71.587,      -26.166, 110.076,  76.2206,    *,  0.894559,  4.81690797139860,-29.6468327,    9.5409,
 2026-Dec-15 08:00:00,C, , 149.178093253,  13.439201710,  149.547108205,  13.309198311,   254.935872195,      23.817999661,         59.507,      -21.172, 109.583,  63.1620,    *,  0.894690,  4.81620618738736,-28.6758687,    9.5370,
 2026-Dec-15 09:00:00,*, , 149.174278865,  13.440874418,  149.543292245,  13.310875354,   268.373225117,      16.372216592,         47.108,      -16.064, 108.828,  49.7720,    *,  0.894816,  4.81552789339500,-27.6958734,    9.5331,
 2026-Dec-15 10:00:00,*, , 149.170404365,  13.442572275,  149.539415698,  13.312576935,   281.268512834,       8.873536714,         34.456,      -10.870, 107.507,  36.1297,    *,  0.894937,  4.81487323070899,-26.7130030,    9.5292,
 2026-Dec-15 11:00:00,*, , 149.166489132,  13.444288698,  149.535498742,  13.314296439,   294.093751647,       1.702916381,         21.618,       -5.616, 104.563,  22.3353,    *,  0.895055,  4.81424220401498,-25.7324418,    9.5253,
 2026-Dec-15 12:00:00,*,m, 149.162551579,  13.446017000,  149.531560574,  13.316027193,   307.233816583,      -4.772247219,          8.662,       -0.333,  92.198,   8.6680,    t,  0.895168,  4.81363470530195,-24.7583713,    9.5213,
 2026-Dec-15 13:00:00,*,m, 149.158609135,  13.447750354,  149.527619329,  13.317762436,   320.959090648,     -10.179955557,         -4.344,        4.954, 318.758,   6.5886,    t,  0.895276,  4.81305053765242,-23.7940104,    9.5173,
 2026-Dec-15 14:00:00,*,m, 149.154678295,  13.449481773,  149.523692087,  13.319495280,   335.376524519,     -14.152536830,        -17.329,       10.216, 300.521,  20.1159,    t,  0.895381,  4.81248943725805,-22.8417219,    9.5133,
 2026-Dec-15 15:00:00,C,m, 149.150774747,  13.451204087,  149.519794954,  13.321218693,   350.378579289,     -16.370042200,        -30.226,       15.424, 297.037,  33.9334,    *,  0.895481,  4.81195109215340,-21.9031767,    9.5093,
 2026-Dec-15 16:00:00,N,m, 149.146913552,  13.452909948,  149.515943209,  13.322925481,     5.646347504,     -16.629797787,        -42.965,       20.552, 295.565,  47.6272,    *,  0.895577,  4.81143515638960,-20.9795663,    9.5052,
 2026-Dec-15 17:00:00, ,m, 149.143109351,  13.454591843,  149.512151504,  13.324608299,    20.754585471,     -14.906718993,        -55.480,       25.572, 294.748,  61.0891,    *,  0.895669,  4.81094125867562,-20.0718479,    9.5011,
 2026-Dec-15 18:00:00, ,m, 149.139376598,  13.456242130,  149.508434084,  13.326259663,    35.342536598,     -11.361659637,        -67.704,       30.457, 294.223,  74.2378,    *,  0.895757,  4.81046900490941,-19.1810036,    9.4970,
 2026-Dec-15 19:00:00, ,m, 149.135729776,  13.457853092,  149.504805025,  13.327872001,    49.243791052,      -6.291204045,        -79.571,       35.181, 293.855,  86.9997,    *,  0.895841,  4.81001797449056,-18.3082943,    9.4928,
 2026-Dec-15 20:00:00, ,m, 149.132183589,  13.459417008,  149.501278447,  13.329437707,    62.513513291,      -0.056117570,        -91.018,       39.719, 293.579,  99.3049,    *,  0.895921,  4.80958771081781,-17.4554858,    9.4887,
 2026-Dec-15 21:00:00, ,m, 149.128753108,  13.460926236,  149.497868698,  13.330949215,    75.385076317,       6.970682540,       -101.983,       44.047, 293.363, 111.0863,    *,  0.895997,  4.80917770684937,-16.6250307,    9.4845,
 2026-Dec-15 22:00:00, , , 149.125453848,  13.462373312,  149.494590485,  13.332399095,    88.217035869,      14.421624181,       -112.408,       48.141, 293.188, 122.2801,    *,  0.896070,  4.80878738695741,-15.8201931,    9.4802,
 2026-Dec-15 23:00:00, , , 149.122301774,  13.463751050,  149.491458930,  13.333780144,   101.460592568,      21.922394420,       -122.236,       51.979, 293.041, 132.8254,    *,  0.896139,  4.80841608649895,-15.0451128,    9.4760,
 2026-Dec-16 00:00:00, , , 149.119313230,  13.465052652,  149.488489552,  13.335085499,   115.638590485,      29.060166522,       -131.414,       55.540, 292.915, 142.6646,    *,  0.896205,  4.80806303070813,-14.3047936,    9.4717,
 2026-Dec-16 01:00:00, , , 149.116504778,  13.466271803,  149.485698169,  13.336308736,   131.290954961,      35.344155022,       -139.891,       58.805, 292.805, 151.7439,    *,  0.896268,  4.80772731516395,-13.6049851,    9.4674,
 2026-Dec-16 02:00:00, , , 149.113892967,  13.467402770,  149.483100716,  13.337443971,   148.802651761,      40.185946183,       -147.621,       61.755, 292.707, 160.0134,    *,  0.896327,  4.80740788899190,-12.9520879,    9.4630,
 2026-Dec-16 03:00:00, , , 149.111494039,  13.468440478,  149.480712986,  13.338485950,   168.057506452,      42.961314530,       -154.562,       64.376, 292.618, 167.4270,    *,  0.896384,  4.80710354211529,-12.3528886,    9.4587,
 2026-Dec-16 04:00:00, , , 149.109323583,  13.469380576,  149.478550316,  13.339430123,   188.142303320,      43.212627949,       -160.674,       66.650, 292.536, 173.9434,    *,  0.896438,  4.80681289881368,-11.8143244,    9.4544,
 2026-Dec-16 05:00:00, , , 149.107396155,  13.470219481,  149.476627231,  13.340272701,   207.650195347,      40.894139391,       -165.922,       68.567, 292.459, 179.5258,    *,  0.896490,  4.80653441755543,-11.3431912,    9.4501,
 2026-Dec-16 06:00:00,A, , 149.105724905,  13.470954401,  149.474957059,  13.341010695,   225.525217193,      36.401030950,       -170.278,       70.115, 292.387, 184.1422,    *,  0.896540,  4.80626639797578,-10.9458458,    9.4458,
 2026-Dec-16 07:00:00,N, , 149.104321197,  13.471583338,  149.473551552,  13.341641928,   241.511531095,      30.345700043,       -173.715,       71.285, 292.318, 187.7659,    *,  0.896588,  4.80600699495148,-10.6279174,    9.4415,
 2026-Dec-16 08:00:00,C, , 149.103194287,  13.472105068,  149.472420527,  13.342165031,   255.929593297,      23.332066591,       -176.214,       72.069, 292.251, 190.3753,    *,  0.896636,  4.80575423932891,-10.3940462,    9.4373,
 2026-Dec-16 09:00:00,*, , 149.102351044,  13.472519108,  149.471571552,  13.342579412,   269.308196779,      15.869389350,       -177.758,       72.463, 292.185, 191.9541,    *,  0.896682,  4.80550606442812,-10.2476670,    9.4330,
 2026-Dec-16 10:00:00,*, , 149.101795746,  13.472825661,  149.471009695,  13.342885219,   282.179687969,       8.382282333,       -178.338,       72.465, 292.120, 192.4916,    *,  0.896728,  4.80526033707185,-10.1908515,    9.4289,
 2026-Dec-16 11:00:00,*, , 149.101529968,  13.473025559,  149.470737354,  13.343083277,   295.010457875,       1.249340213,       -177.949,       72.072, 292.055, 191.9829,    *,  0.896774,  4.80501489159578,-10.2242196,    9.4247,
 2026-Dec-16 12:00:00,*,m, 149.101552551,  13.473120197,  149.470754173,  13.343175026,   308.178241049,      -5.162530160,       -176.590,       71.286, 291.990, 190.4286,    *,  0.896820,  4.80476756510890,-10.3469249,    9.4207,
 2026-Dec-16 13:00:00,*,m, 149.101859671,  13.473111460,  149.471057055,  13.343162445,   321.943625728,     -10.481518763,       -174.266,       70.112, 291.923, 187.8350,    *,  0.896867,  4.80451623219924,-10.5567146,    9.4166,
 2026-Dec-16 14:00:00,*,m, 149.102444993,  13.473001661,  149.471640264,  13.343047985,   336.400066556,     -14.342043146,       -170.990,       68.554, 291.853, 184.2142,    *,  0.896915,  4.80425883732861,-10.8500607,    9.4126,
 2026-Dec-16 15:00:00,C,m, 149.103299897,  13.472793489,  149.472495614,  13.342834505,   351.424656411,     -16.430388815,       -166.776,       66.620, 291.781, 179.5841,    *,  0.896964,  4.80399342332414,-11.2223515,    9.4086,
 2026-Dec-16 16:00:00,N,m, 149.104413774,  13.472489958,  149.473612736,  13.342525210,     6.687332719,     -16.554863912,       -161.647,       64.320, 291.704, 173.9681,    *,  0.897016,  4.80371815464414,-11.6681316,    9.4047,
 2026-Dec-16 17:00:00, ,m, 149.105774359,  13.472094380,  149.474979388,  13.342123615,    21.762489651,     -14.703585552,       -155.628,       61.666, 291.621, 167.3951,    *,  0.897069,  4.80343133445255,-12.1813741,    9.4008,
 2026-Dec-16 18:00:00, ,m, 149.107368083,  13.471610351,  149.476581817,  13.341633512,    36.300123111,     -11.048446823,       -148.751,       58.673, 291.532, 159.8997,    *,  0.897125,  4.80313141495478,-12.7557652,    9.3970,
 2026-Dec-16 19:00:00, ,m, 149.109180434,  13.471041744,  149.478405123,  13.341058956,    50.149261344,      -5.892128363,       -141.053,       55.355, 291.432, 151.5214,    *,  0.897184,  4.80281700089886,-13.3849841,    9.3931,
 2026-Dec-16 20:00:00, ,m, 149.111196282,  13.470392732,  149.480433620,  13.340404273,    63.378634896,       0.403014893,       -132.574,       51.731, 291.321, 142.3052,    *,  0.897246,  4.80248684660093,-14.0629590,    9.3893,
 2026-Dec-16 21:00:00, ,m, 149.113400179,  13.469667808,  149.482651168,  13.339674071,    76.231082613,       7.464707510,       -123.360,       47.819, 291.193, 132.3005,    *,  0.897310,  4.80213984727828,-14.7840814,    9.3856,
 2026-Dec-16 22:00:00, ,m, 149.115776586,  13.468871820,  149.485041454,  13.338873268,    89.071571906,      14.925972516,       -113.460,       43.642, 291.043, 121.5619,    *,  0.897379,  4.80177502584159,-15.5433674,    9.3818,
 2026-Dec-16 23:00:00, , , 149.118310041,  13.468010008,  149.487588210,  13.338007130,   102.356159080,      22.411460449,       -102.930,       39.223, 290.864, 110.1479,    *,  0.897450,  4.80139151658172,-16.3365532,    9.3781,
 2026-Dec-17 00:00:00, , , 149.120985246,  13.467088048,  149.490275359,  13.337081303,   116.610594784,      29.504800903,        -91.826,       34.584, 290.641,  98.1212,    *,  0.897526,  4.80098854736944,-17.1601226,    9.3743,
 2026-Dec-17 01:00:00, , , 149.123787082,  13.466112074,  149.493087083,  13.336101855,   132.371018615,      35.709405114,        -80.210,       29.752, 290.354,  85.5485,    *,  0.897605,  4.80056542205354,-18.0112635,    9.3706,
 2026-Dec-17 02:00:00, , , 149.126700546,  13.465088710,  149.496007813,  13.335075298,   150.001220068,      40.431897863,        -68.144,       24.753, 289.966,  72.5001,    *,  0.897688,  4.80012150469228,-18.8877601,    9.3670,
 2026-Dec-17 03:00:00, , , 149.129710637,  13.464025075,  149.499022148,  13.334008613,   169.338673606,      43.051905440,        -55.697,       19.616, 289.404,  59.0500,    *,  0.897775,  4.79965620708607,-19.7878284,    9.3633,
 2026-Dec-17 04:00:00, , , 149.132802183,  13.462928775,  149.502114718,  13.332909246,   189.421230654,      43.132487172,        -42.937,       14.368, 288.503,  45.2771,    u,  0.897866,  4.79916898080979,-20.7099091,    9.3597,
 2026-Dec-17 05:00:00, , , 149.135959651,  13.461807875,  149.505270006,  13.331785100,   208.840022733,      40.658847396,        -29.935,        9.038, 286.802,  31.2697,    u,  0.897961,  4.79865931458813,-21.6524335,    9.3561,
 2026-Dec-17 06:00:00,A, , 149.139166942,  13.460670852,  149.508472143,  13.330644494,   226.586923529,      36.047703008,        -16.763,        3.657, 282.307,  17.1574,    U,  0.898061,  4.79812673744267,-22.6135810,    9.3525,
 2026-Dec-17 07:00:00,N, , 149.142407203,  13.459526529,  149.511704705,  13.329496113,   242.454448133,      29.915528799,         -3.495,       -1.746, 243.453,   3.9068,    O,  0.898165,  4.79757082759287,-23.5910466,    9.3490,
 2026-Dec-17 08:00:00,C, , 149.145662667,  13.458383987,  149.514950531,  13.328348931,   256.785643722,      22.860618749,          9.796,       -7.141, 126.090,  12.1225,    O,  0.898274,  4.79699122664728,-24.5818367,    9.3455,
 2026-Dec-17 09:00:00,*, , 149.148914558,  13.457252465,  149.518191578,  13.327212118,   270.113112176,      15.385447231,         23.035,      -12.497, 118.480,  26.2072,    *,  0.898387,  4.79638765820420,-25.5821091,    9.3421,
 2026-Dec-17 10:00:00,*, , 149.152143043,  13.456141247,  149.521408835,  13.326094937,   282.965750183,       7.910130159,         36.150,      -17.785, 116.195,  40.2881,    *,  0.898504,  4.79575994962565,-26.5870713,    9.3387,
 2026-Dec-17 11:00:00,*, , 149.155327281,  13.455059545,  149.524582313,  13.325006626,   295.804659127,       0.811368759,         49.065,      -22.976, 115.090,  54.1790,    *,  0.898626,  4.79510805547522,-27.5909453,    9.3353,
 2026-Dec-17 12:00:00,*,m, 149.158445544,  13.454016375,  149.527691102,  13.323956277,   309.001225942,      -5.544054225,         61.711,      -28.040, 114.433,  67.7837,    *,  0.898753,  4.79443208094270,-28.5870041,    9.3319,
 2026-Dec-17 13:00:00,*,m, 149.161475415,  13.453020440,  149.530713531,  13.322952717,   322.807379815,     -10.784115791,         74.017,      -32.949, 113.994,  81.0206,    *,  0.898884,  4.79373230352402,-29.5676797,    9.3286,
 2026-Dec-17 14:00:00,*,m, 149.164394072,  13.452080023,  149.533627385,  13.322004389,   337.304509670,     -14.544687027,         85.914,      -37.677, 113.676,  93.8138,    *,  0.899020,  4.79300919129220,-30.5247374,    9.3253,
 2026-Dec-17 15:00:00,C,m, 149.167178628,  13.451202892,  149.536410217,  13.321119251,   352.355804501,     -16.517236613,         97.337,      -42.196, 113.433, 106.0915,    *,  0.899160,  4.79226341627551,-31.4495060,    9.3220,
 2026-Dec-17 16:00:00,N,m, 149.169806516,  13.450396221,  149.539039698,  13.320304686,     7.620936753,     -16.519582622,        108.222,      -46.483, 113.240, 117.7853,    *,  0.899304,  4.79149586174534,-32.3331510,    9.3187,
 2026-Dec-17 17:00:00, ,m, 149.172255909,  13.449666531,  149.541494026,  13.319567428,    22.673626535,     -14.551464143,        118.511,      -50.513, 113.081, 128.8303,    *,  0.899452,  4.79070762258406,-33.1669737,    9.3154,
 2026-Dec-17 18:00:00, ,m, 149.174506133,  13.449019656,  149.543752335,  13.318913518,    37.173150595,     -10.794633125,        128.147,      -54.264, 112.946, 139.1660,    *,  0.899603,  4.78989999833367,-33.9427171,    9.3121,
 2026-Dec-17 19:00:00, ,m, 149.176538076,  13.448460725,  149.545795120,  13.318348271,    50.982159385,      -5.557398813,        137.076,      -57.717, 112.829, 148.7357,    *,  0.899758,  4.78907447898378,-34.6528600,    9.3088,
 2026-Dec-17 20:00:00, ,m, 149.178334545,  13.447994171,  149.547604625,  13.317876272,    64.181608697,       0.796131677,        145.251,      -60.851, 112.725, 157.4873,    *,  0.899917,  4.78823272401699,-35.2908804,    9.3055,
 2026-Dec-17 21:00:00, ,m, 149.179880573,  13.447623752,  149.549165182,  13.317501392,    77.023184654,       7.893830465,        152.628,      -63.651, 112.632, 165.3737,    *,  0.900078,  4.78737653565675,-35.8514714,    9.3021,
 2026-Dec-17 22:00:00, ,m, 149.181163642,  13.447352591,  149.550463491,  13.317226818,    89.878183802,      15.368751378,        159.167,      -66.101, 112.547, 172.3523,    *,  0.900241,  4.78650782762791,-36.3306958,    9.2987,
 2026-Dec-17 23:00:00, ,m, 149.182173829,  13.447183226,  149.551488816,  13.317055099,   103.207699736,      22.844007342,        164.833,      -68.188, 112.468, 178.3860,    *,  0.900406,  4.78562859102214,-36.7260710,    9.2953,
 2026-Dec-18 00:00:00, ,m, 149.182903848,  13.447117664,  149.552233086,  13.316988205,   117.540645590,      29.899283800,        169.596,      -69.902, 112.393, 183.4430,    *,  0.900573,  4.78474085903418,-37.0365776,    9.2918,
 2026-Dec-18 01:00:00, , , 149.183349011,  13.447157438,  149.552690906,  13.317027580,   133.409626556,      36.031892825,        173.432,      -71.233, 112.323, 187.4971,    *,  0.900742,  4.78384667239564,-37.2625931,    9.2883,
 2026-Dec-18 02:00:00, , , 149.183507090,  13.447303659,  149.552859475,  13.317174209,   151.157674912,      40.643314991,        176.321,      -72.174, 112.254, 190.5274,    *,  0.900911,  4.78294804726866,-37.4057549,    9.2847,
 2026-Dec-18 03:00:00, , , 149.183378114,  13.447557061,  149.552738413,  13.317428664,   170.577330701,      43.116862348,        178.248,      -72.722, 112.188, 192.5191,    *,  0.901081,  4.78204694718482,-37.4687632,    9.2811,
 2026-Dec-18 04:00:00, , , 149.182964095,  13.447918036,  149.552329527,  13.317791155,   190.660632021,      43.035662398,        179.205,      -72.874, 112.122, 193.4629,    *,  0.901251,  4.78114526032924,-37.4551365,    9.2775,
 2026-Dec-18 05:00:00, , , 149.182268720,  13.448386648,  149.551636508,  13.318261558,   209.998993150,      40.414453552,        179.189,      -72.629, 112.057, 193.3552,    *,  0.901420,  4.78024478310229,-37.3689372,    9.2738,
 2026-Dec-18 06:00:00,A, , 149.181297022,  13.448962639,  149.550664605,  13.318839429,   227.630498583,      35.690230099,        178.199,      -71.990, 111.991, 192.1983,    *,  0.901590,  4.77934721046067,-37.2144859,    9.2701,
 2026-Dec-18 07:00:00,N, , 149.180055052,  13.449645420,  149.549420286,  13.319524011,   243.392742533,      29.483512027,        176.244,      -70.961, 111.924, 190.0002,    *,  0.901758,  4.77845413309917,-36.9960802,    9.2663,
 2026-Dec-18 08:00:00,C, , 149.178549581,  13.450434036,  149.547910903,  13.320314211,   257.649601319,      22.387882978,        173.336,      -69.547, 111.856, 186.7743,    *,  0.901926,  4.77756704097263,-36.7177606,    9.2626,
 2026-Dec-18 09:00:00,*, , 149.176787839,  13.451327135,  149.546144398,  13.321208577,   270.937340339,      14.900185856,        169.492,      -67.758, 111.784, 182.5397,    *,  0.902092,  4.77668733237308,-36.3830663,    9.2588,
 2026-Dec-18 10:00:00,*, , 149.174777322,  13.452322916,  149.544129060,  13.322205251,   283.781888751,       7.437096393,        164.733,      -65.603, 111.708, 177.3207,    *,  0.902256,  4.77581632764332,-35.9949203,    9.2549,
 2026-Dec-18 11:00:00,*, , 149.172525668,  13.453419081,  149.541873340,  13.323301926,   296.639500400,       0.374336900,        159.087,      -63.094, 111.627, 171.1468,    *,  0.902419,  4.77495528523014,-35.5555313,    9.2511,
 2026-Dec-18 12:00:00,*,m, 149.170040606,  13.454612778,  149.539385754,  13.324495791,   309.875270502,      -5.920669154,        152.585,      -60.246, 111.540, 164.0526,    *,  0.902580,  4.77410541926232,-35.0663767,    9.2472,
 2026-Dec-18 13:00:00,*,m, 149.167329994,  13.455900558,  149.536674858,  13.325783480,   323.731936348,     -11.075163042,        145.263,      -57.073, 111.444, 156.0774,    *,  0.902738,  4.77326791654010,-34.5282643,    9.2433,
 2026-Dec-18 14:00:00,*,m, 149.164401924,  13.457278339,  149.533749306,  13.327161033,   338.277708899,     -14.726388250,        137.162,      -53.595, 111.338, 147.2650,    *,  0.902894,  4.77244395124803,-33.9414588,    9.2393,
 2026-Dec-18 15:00:00,C,m, 149.161264884,  13.458741378,  149.530617976,  13.328623856,   353.360636950,     -16.571544092,        128.325,      -49.829, 111.216, 137.6637,    *,  0.903047,  4.77163469596171,-33.3058614,    9.2353,
 2026-Dec-18 16:00:00,N,m, 149.157927975,  13.460284269,  149.527290157,  13.330166711,     8.629603705,     -16.439071423,        118.801,      -45.796, 111.076, 127.3255,    *,  0.903197,  4.77084132775650,-32.6212349,    9.2313,
 2026-Dec-18 17:00:00, ,m, 149.154401155,  13.461900955,  149.523775777,  13.331783711,    23.658355644,     -14.341608556,        108.641,      -41.518, 110.910, 116.3067,    *,  0.903344,  4.77006502856018,-31.8874543,    9.2272,
 2026-Dec-18 18:00:00, ,m, 149.150695478,  13.463584760,  149.520085648,  13.333468344,    38.117003071,     -10.471757756,         97.900,      -37.017, 110.709, 104.6667,    *,  0.903488,  4.76930697932042,-31.1047665,    9.2230,
 2026-Dec-18 19:00:00, ,m, 149.146823334,  13.465328444,  149.516231716,  13.335213513,    51.883446170,      -5.144007360,         86.635,      -32.319, 110.455,  92.4684,    *,  0.903628,  4.76856834802820,-30.2740386,    9.2188,
 2026-Dec-18 20:00:00, ,m, 149.142798638,  13.467124276,  149.512227284,  13.337011595,    65.052154450,       1.275538695,         74.906,      -27.448, 110.121,  79.7778,    *,  0.903764,  4.76785027209758,-29.3969753,    9.2146,
 2026-Dec-18 21:00:00, ,m, 149.138636970,  13.468964121,  149.508087188,  13.338854524,    77.884668730,       8.414741041,         62.776,      -22.429, 109.659,  66.6638,    *,  0.903896,  4.76715383601477,-28.4762926,    9.2102,
 2026-Dec-18 22:00:00, ,m, 149.134355645,  13.470839541,  149.503827919,  13.340733884,    90.759576830,      15.906422191,         50.310,      -17.291, 108.965,  53.1992,    *,  0.904024,  4.76648004551192,-27.5158311,    9.2059,
 2026-Dec-18 23:00:00, ,m, 149.129973695,  13.472741904,  149.499467661,  13.342641013,   104.144080676,      23.371639272,         37.574,      -12.060, 107.794,  39.4621,    *,  0.904147,  4.76582979978598,-26.5206040,    9.2014,
 2026-Dec-19 00:00:00, ,m, 149.125511768,  13.474662496,  149.495026248,  13.344567116,   118.571245990,      30.385241517,         24.635,       -6.764, 105.352,  25.5465,    *,  0.904266,  4.76520386345780,-25.4967704,    9.1969,
 2026-Dec-19 01:00:00, ,m, 149.120991946,  13.476592625,  149.490525030,  13.346503378,   134.570052373,      36.437218229,         11.562,       -1.431,  97.055,  11.6499,    t,  0.904380,  4.76460284004320,-24.4515361,    9.1924,
 2026-Dec-19 02:00:00, , , 149.116437477,  13.478523727,  149.485986660,  13.348441068,   152.459511709,      40.922929792,         -1.576,        3.911, 338.051,   4.2163,    t,  0.904489,  4.76402714866608,-23.3929852,    9.1878,
 2026-Dec-19 03:00:00, , , 149.111872444,  13.480447453,  149.481434800,  13.350371641,   171.979714640,      43.230055986,        -14.709,        9.233, 302.117,  17.3661,    t,  0.904594,  4.76347700557221,-22.3298516,    9.1832,
 2026-Dec-19 04:00:00, , , 149.107321382,  13.482355739,  149.476893765,  13.352286820,   192.069861688,      42.965147025,        -27.767,       14.506, 297.586,  31.3274,    *,  0.904693,  4.76295241169823,-21.2712470,    9.1785,
 2026-Dec-19 05:00:00, , , 149.102808864,  13.484240864,  149.472388125,  13.354178668,   211.322164442,      40.176851764,        -40.680,       19.704, 295.846,  45.2008,    *,  0.904788,  4.76245314713259,-20.2263634,    9.1738,
 2026-Dec-19 06:00:00,A, , 149.098359078,  13.486095487,  149.467942275,  13.356039629,   228.827034161,      35.325097229,        -53.381,       24.798, 294.919,  58.8596,    *,  0.904878,  4.76197877282338,-19.2041719,    9.1691,
 2026-Dec-19 07:00:00,N, , 149.093995413,  13.487912661,  149.463580015,  13.357862569,   244.472418694,      29.034951929,        -65.802,       29.762, 294.339,  72.2185,    *,  0.904964,  4.76152863941046,-18.2131348,    9.1643,
 2026-Dec-19 08:00:00,C, , 149.089740087,  13.489685832,  149.459324137,  13.359640775,   258.645486405,      21.894760198,        -77.876,       34.568, 293.939,  85.2016,    *,  0.905045,  4.76110190265345,-17.2609471,    9.1596,
 2026-Dec-19 09:00:00,*, , 149.085613828,  13.491408826,  149.455196075,  13.361367957,   271.886753546,      14.395022168,        -89.538,       39.191, 293.643,  97.7374,    *,  0.905122,  4.76069754459200,-16.3543212,    9.1549,
 2026-Dec-19 10:00:00,*, , 149.081635622,  13.493075816,  149.451215596,  13.363038219,   284.718853707,       6.948376545,       -100.726,       43.606, 293.412, 109.7577,    *,  0.905194,  4.76031439915473,-15.4988365,    9.1501,
 2026-Dec-19 11:00:00,*, , 149.077822544,  13.494681290,  149.447400581,  13.364646032,   297.592367415,      -0.070920790,       -111.380,       47.790, 293.227, 121.1971,    *,  0.905264,  4.75995118061506,-14.6988494,    9.1454,
 2026-Dec-19 12:00:00,*,m, 149.074189687,  13.496220009,  149.443766895,  13.366186188,   310.864855548,      -6.295333769,       -121.442,       51.719, 293.073, 131.9933,    *,  0.905329,  4.75960651332751,-13.9574831,    9.1407,
 2026-Dec-19 13:00:00,*,m, 149.070750160,  13.497686969,  149.440328332,  13.367653764,   324.768247989,     -11.352165925,       -130.858,       55.373, 292.941, 142.0877,    *,  0.905391,  4.75927896082855,-13.2766858,    9.1359,
 2026-Dec-19 14:00:00,*,m, 149.067515183,  13.499077373,  149.437096661,  13.369044084,   339.355935450,     -14.881311324,       -139.576,       58.732, 292.826, 151.4248,    *,  0.905451,  4.75896705270976,-12.6573580,    9.1312,
 2026-Dec-19 15:00:00,C,m, 149.064494243,  13.500386609,  149.434081743,  13.370352686,   354.459983072,     -16.587434377,       -147.548,       61.776, 292.724, 159.9534,    *,  0.905507,  4.75866930773014,-12.0995354,    9.1266,
 2026-Dec-19 16:00:00,N,m, 149.061695305,  13.501610248,  149.431291718,  13.371575310,     9.719249376,     -16.311339695,       -154.730,       64.490, 292.632, 167.6262,    *,  0.905562,  4.75838425196252,-11.6026160,    9.1219,
 2026-Dec-19 17:00:00, ,m, 149.059125061,  13.502744048,  149.428733237,  13.372707891,    24.709662103,     -14.079644649,       -161.083,       66.857, 292.547, 174.4003,    *,  0.905614,  4.75811043113655,-11.1656126,    9.1172,
 2026-Dec-19 18:00:00, ,m, 149.056789187,  13.503783987,  149.426411726,  13.373746576,    39.114422935,     -10.095908642,       -166.569,       68.865, 292.468, 180.2377,    *,  0.905664,  4.75784641677023,-10.7874129,    9.1125,
 2026-Dec-19 19:00:00, ,m, 149.054692593,  13.504726308,  149.424331648,  13.374687759,    52.827974129,      -4.680203901,       -171.159,       70.503, 292.394, 185.1049,    *,  0.905713,  4.75759080613636,-10.4670290,    9.1078,
 2026-Dec-19 20:00:00, ,m, 149.052839645,  13.505567572,  149.422496756,  13.375528122,    65.958545321,       1.800177927,       -174.826,       71.760, 292.323, 188.9738,    *,  0.905760,  4.75734221656077,-10.2038161,    9.1032,
 2026-Dec-19 21:00:00, ,m, 149.051234336,  13.506304740,  149.420910308,  13.376264705,    78.777185229,       8.973783898,       -177.547,       72.629, 292.255, 191.8213,    *,  0.905806,  4.75709927496342, -9.9976466,    9.0985,
 2026-Dec-19 22:00:00, ,m, 149.049880393,  13.506935244,  149.419575221,  13.376894978,    91.669199507,      16.473690877,       -179.307,       73.104, 292.188, 193.6299,    *,  0.905852,  4.75686060390253, -9.8490249,    9.0939,
 2026-Dec-19 23:00:00, ,m, 149.048781314,  13.507457077,  149.418494166,  13.377416921,   105.107155646,      23.919208932,       -180.093,       73.183, 292.122, 194.3876,    *,  0.905897,  4.75662480564290, -9.7591358,    9.0892,
 2026-Dec-20 00:00:00, ,m, 149.047940325,  13.507868875,  149.417669579,  13.377829109,   119.627076741,      30.880613779,       -179.899,       72.863, 292.056, 194.0881,    *,  0.905941,  4.75639044592301, -9.7298208,    9.0846,
 2026-Dec-20 01:00:00, ,m, 149.047360263,  13.508169991,  149.417103598,  13.378130794,   135.752099682,      36.841079854,       -178.725,       72.147, 291.989, 192.7307,    *,  0.905986,  4.75615603913220, -9.7634851,    9.0800,
 2026-Dec-20 02:00:00, ,m, 149.047043383,  13.508360563,  149.416797921,  13.378321972,   153.773831494,      41.191122062,       -176.574,       71.036, 291.922, 190.3208,    *,  0.906031,  4.75592003652458, -9.8629398,    9.0754,
 2026-Dec-20 03:00:00, ,m, 149.046991119,  13.508441561,  149.416753603,  13.378403448,   173.377777967,      43.325133025,       -173.457,       69.536, 291.852, 186.8694,    *,  0.906076,  4.75568081889825,-10.0311904,    9.0708,
 2026-Dec-20 04:00:00, , , 149.047203794,  13.508414817,  149.416970793,  13.378376871,   193.454013533,      42.875270055,       -169.388,       67.655, 291.779, 182.3932,    *,  0.906123,  4.75543669486790,-10.2711863,    9.0663,
 2026-Dec-20 05:00:00, , , 149.047680317,  13.508283036,  149.417448441,  13.378244763,   212.603160641,      39.923830963,       -164.388,       65.402, 291.701, 176.9150,    *,  0.906171,  4.75518590547849,-10.5855471,    9.0618,
 2026-Dec-20 06:00:00,A, , 149.048417880,  13.508049777,  149.418183995,  13.378010509,   229.971190247,      34.951178667,       -158.483,       62.789, 291.619, 170.4629,    *,  0.906220,  4.75492663547185,-10.9762865,    9.0573,
 2026-Dec-20 07:00:00,N, , 149.049411674,  13.507719421,  149.419173103,  13.377678341,   245.494335059,      28.584499624,       -151.704,       59.830, 291.529, 163.0708,    *,  0.906272,  4.75465703105740,-11.4445513,    9.0529,
 2026-Dec-20 08:00:00,C, , 149.050654661,  13.507297110,  149.420409346,  13.377253285,   259.580083914,      21.405527580,       -144.086,       56.540, 291.431, 154.7779,    *,  0.906325,  4.75437522358355,-11.9903948,    9.0485,
 2026-Dec-20 09:00:00,*, , 149.052137402,  13.506788670,  149.421884034,  13.376741096,   272.771333775,      13.897762419,       -135.670,       52.937, 291.320, 145.6285,    *,  0.906382,  4.75407935808951,-12.6126000,    9.0442,
 2026-Dec-20 10:00:00,*, , 149.053847964,  13.506200525,  149.423586056,  13.376148173,   285.586532862,       6.469399786,       -126.502,       49.040, 291.194, 135.6720,    *,  0.906441,  4.75376762536562,-13.3085667,    9.0400,
 2026-Dec-20 11:00:00,*, , 149.055771926,  13.505539592,  149.425501830,  13.375481463,   298.470269304,      -0.507153549,       -116.631,       44.871, 291.047, 124.9624,    *,  0.906504,  4.75343829588922,-14.0742701,    9.0358,
 2026-Dec-20 12:00:00,*,m, 149.057892461,  13.504813180,  149.427615338,  13.374748354,   311.772659752,      -6.664659961,       -106.112,       40.452, 290.872, 113.5585,    *,  0.906570,  4.75308975384959,-14.9042946,    9.0316,
 2026-Dec-20 13:00:00,*,m, 149.060190532,  13.504028881,  149.429908255,  13.373956565,   325.715391509,     -11.630849012,        -95.000,       35.807, 290.656, 101.5227,    *,  0.906641,  4.75272052943963,-15.7919437,    9.0275,
 2026-Dec-20 14:00:00,*,m, 149.062645151,  13.503194476,  149.432360172,  13.373114045,   340.338206230,     -15.048377146,        -83.359,       30.963, 290.380,  88.9219,    *,  0.906715,  4.75232932767801,-16.7294174,    9.0235,
 2026-Dec-20 15:00:00,C,m, 149.065233729,  13.502317845,  149.434948898,  13.372228867,   355.458846120,     -16.628939941,        -71.251,       25.944, 290.011,  75.8264,    *,  0.906794,  4.75191505222584,-17.7080483,    9.0195,
 2026-Dec-20 16:00:00,N,m, 149.067932464,  13.501406888,  149.437650830,  13.371309146,    10.707606447,     -16.224546909,        -58.744,       20.781, 289.483,  62.3104,    *,  0.906878,  4.75147682296504,-18.7185817,    9.0155,
 2026-Dec-20 17:00:00, ,m, 149.070716781,  13.500469468,  149.440441375,  13.370362963,    25.662874828,     -13.874132354,        -45.907,       15.500, 288.658,  48.4523,    u,  0.906966,  4.75101398648695,-19.7514818,    9.0116,
 2026-Dec-20 18:00:00, ,m, 149.073561766,  13.499513369,  149.443295392,  13.369398313,    40.019732959,      -9.790634148,        -32.811,       10.131, 287.160,  34.3393,    u,  0.907060,  4.75052611908173,-20.7972453,    9.0077,
 2026-Dec-20 19:00:00, ,m, 149.076442603,  13.498546269,  149.446187642,  13.368423062,    53.687186978,      -4.298699911,        -19.529,        4.705, 283.545,  20.0880,    U,  0.907158,  4.75001302228164,-21.8467036,    9.0038,
 2026-Dec-20 20:00:00, ,m, 149.079334967,  13.497575733,  149.449093214,  13.367444933,    66.785397843,       2.233572853,         -6.136,       -0.749, 263.038,   6.1813,    O,  0.907260,  4.74947471147044,-22.8912941,    8.9999,
 2026-Dec-20 21:00:00, ,m, 149.082215374,  13.496609217,  149.451987914,  13.366471495,    79.593599293,       9.435421482,          7.295,       -6.201, 130.362,   9.5743,    O,  0.907368,  4.74891139849290,-23.9232849,    8.9960,
 2026-Dec-20 22:00:00, ,m, 149.085061453,  13.495654081,  149.454848590,  13.365510179,    92.502840686,      16.940096286,         20.689,      -11.619, 119.317,  23.7280,    *,  0.907480,  4.74832346955532,-24.9359396,    8.9921,
 2026-Dec-20 23:00:00, ,m, 149.087852142,  13.494717615,  149.457653383,  13.364568290,   105.990111247,      24.365221946,         33.970,      -16.973, 116.548,  37.9747,    *,  0.907597,  4.74771145997378,-25.9236135,    8.9883,
 2026-Dec-21 00:00:00, ,m, 149.090567798,  13.493807057,  149.460381892,  13.363653038,   120.593280790,      31.276884619,         47.065,      -22.235, 115.285,  52.0538,    *,  0.907719,  4.74707602748852,-26.8817760,    8.9844,
 2026-Dec-21 01:00:00, ,m, 149.093190223,  13.492929618,  149.463015253,  13.362771553,   136.828667532,      37.152294073,         59.902,      -27.374, 114.557,  65.8611,    *,  0.907845,  4.74641792590478,-27.8069614,    8.9805,
 2026-Dec-21 02:00:00, ,m, 149.095702607,  13.492092490,  149.465536131,  13.361930914,   154.961220595,      41.378349554,         72.408,      -32.362, 114.079,  79.3124,    *,  0.907975,  4.74573798074469,-28.6966527,    8.9766,
 2026-Dec-21 03:00:00, ,m, 149.098089405,  13.491302852,  149.467928633,  13.361138155,   174.627333056,      43.356844988,         84.515,      -37.171, 113.737,  92.3301,    *,  0.908109,  4.74503706840481,-29.5491080,    8.9728,
 2026-Dec-21 04:00:00, ,m, 149.100336161,  13.490567854,  149.470178157,  13.360400264,   194.677811176,      42.743815197,         96.156,      -41.775, 113.479, 104.8408,    *,  0.908247,  4.74431610002167,-30.3631456,    8.9689,
 2026-Dec-21 05:00:00, ,m, 149.102429299,  13.489894594,  149.472271198,  13.359724172,   213.727109795,      39.650759083,        107.266,      -46.149, 113.275, 116.7748,    *,  0.908389,  4.74357601087700,-31.1379015,    8.9650,
 2026-Dec-21 06:00:00,A, , 149.104355901,  13.489290068,  149.474195118,  13.359116718,   230.972314401,      34.574342209,        117.785,      -50.268, 113.107, 128.0659,    *,  0.908534,  4.74281775574760,-31.8725805,    8.9612,
 2026-Dec-21 07:00:00,N, , 149.106103497,  13.488761110,  149.475937920,  13.358584598,   246.390344769,      28.142395497,        127.654,      -54.109, 112.966, 138.6520,    *,  0.908682,  4.74204231015200,-32.5662186,    8.9573,
 2026-Dec-21 08:00:00,C, , 149.107659881,  13.488314321,  149.477488032,  13.358134308,   260.404462496,      20.930584621,        136.820,      -57.653, 112.844, 148.4754,    *,  0.908834,  4.74125067700183,-33.2174741,    8.9534,
 2026-Dec-21 09:00:00,*, , 149.109012976,  13.487955976,  149.478834132,  13.357772056,   273.558609277,      13.416589918,        145.234,      -60.879, 112.737, 157.4827,    *,  0.908989,  4.74044389775502,-33.8244646,    8.9495,
 2026-Dec-21 10:00:00,*, , 149.110150767,  13.487691935,  149.479965030,  13.357503684,   286.367286141,       6.005296480,        152.850,      -63.771, 112.641, 165.6252,    *,  0.909146,  4.73962306682541,-34.3846613,    8.9457,
 2026-Dec-21 11:00:00,*, , 149.111061301,  13.487527545,  149.480869607,  13.357334567,   299.269844088,      -0.931792531,        159.628,      -66.312, 112.553, 172.8592,    *,  0.909306,  4.73878934774833,-34.8948497,    8.9418,
 2026-Dec-21 12:00:00,*,m, 149.111732762,  13.487467544,  149.481536844,  13.357269518,   312.609791982,      -7.026920815,        165.531,      -68.490, 112.472, 179.1465,    *,  0.909468,  4.73794398945278,-35.3511603,    8.9379,
 2026-Dec-21 13:00:00,*,m, 149.112153629,  13.487515977,  149.481955916,  13.357312701,   326.599323671,     -11.907472350,        170.528,      -70.293, 112.396, 184.4539,    *,  0.909633,  4.73708834096075,-35.7491679,    8.9340,
 2026-Dec-21 14:00:00,*,m, 149.112312896,  13.487676118,  149.482116370,  13.357467544,   341.265096043,     -15.218098332,        174.594,      -71.712, 112.323, 188.7539,    *,  0.909799,  4.73622386292108,-36.0840539,    8.9301,
 2026-Dec-21 15:00:00,C,m, 149.112200347,  13.487950413,  149.482008363,  13.357736674,   356.410826845,     -16.676782563,        177.707,      -72.739, 112.254, 192.0246,    *,  0.909966,  4.73535213458615,-36.3508209,    8.9262,
 2026-Dec-21 16:00:00,N,m, 149.111806875,  13.488340441,  149.481622953,  13.358121865,    11.658212349,     -16.146102671,        179.853,      -73.370, 112.186, 194.2497,    *,  0.910135,  4.73447485513934,-36.5445450,    8.9222,
 2026-Dec-21 17:00:00, ,m, 149.111124813,  13.488846894,  149.480952423,  13.358624004,    26.587721369,     -13.676905734,        181.021,      -73.602, 112.119, 195.4189,    *,  0.910304,  4.73359383867246,-36.6606465,    8.9182,
 2026-Dec-21 18:00:00, ,m, 149.110148272,  13.489469587,  149.479990617,  13.359243090,    40.905767774,      -9.491447370,        181.206,      -73.434, 112.053, 195.5274,    *,  0.910474,  4.73271100252353,-36.6951712,    8.9142,
 2026-Dec-21 19:00:00, ,m, 149.108873440,  13.490207483,  149.478733265,  13.359978243,    54.535534728,      -3.919233643,        180.410,      -72.867, 111.987, 194.5763,    *,  0.910644,  4.73182834910931,-36.6450428,    8.9101,
 2026-Dec-21 20:00:00, ,m, 149.107298851,  13.491058737,  149.477178274,  13.360827744,    67.609126208,       2.670321656,        178.637,      -71.906, 111.919, 192.5725,    *,  0.910813,  4.73094794199163,-36.5082898,    8.9059,
 2026-Dec-21 21:00:00, ,m, 149.105425575,  13.492020769,  149.475325969,  13.361789092,    80.414395807,       9.906536427,        175.898,      -70.556, 111.850, 189.5282,    *,  0.910982,  4.73007187708106,-36.2842188,    8.9017,
 2026-Dec-21 22:00:00, ,m, 149.103257338,  13.493090335,  149.473179260,  13.362859075,    93.348914048,      17.422175366,        172.211,      -68.825, 111.778, 185.4616,    *,  0.911150,  4.72920225040498,-35.9735251,    8.8974,
 2026-Dec-21 23:00:00, ,m, 149.100800552,  13.494263623,  149.470743726,  13.364033858,   106.895115623,      24.832428146,        167.596,      -66.723, 111.702, 180.3958,    *,  0.911315,  4.72834112406348,-35.5783322,    8.8931,
 2026-Dec-22 00:00:00, ,m, 149.098064248,  13.495536337,  149.468027609,  13.365309071,   121.593766913,      31.698264186,        162.079,      -64.262, 111.622, 174.3596,    *,  0.911479,  4.72749049212616,-35.1021570,    8.8887,
 2026-Dec-22 01:00:00, ,m, 149.095059924,  13.496903790,  149.465041712,  13.366679910,   137.954771775,      37.489819416,        155.691,      -61.456, 111.535, 167.3867,    *,  0.911641,  4.72665224825278,-34.5498017,    8.8842,
 2026-Dec-22 02:00:00, ,m, 149.091801306,  13.498360991,  149.461799207,  13.368141223,   156.214951892,      41.589433969,        148.468,      -58.319, 111.440, 159.5156,    *,  0.911800,  4.72582815672796,-33.9271801,    8.8797,
 2026-Dec-22 03:00:00, ,m, 149.088304040,  13.499902712,  149.458315368,  13.369687597,   175.957995981,      43.406338196,        140.448,      -54.869, 111.334, 150.7896,    *,  0.911956,  4.72501982839079,-33.2410865,    8.8751,
 2026-Dec-22 04:00:00, ,m, 149.084585334,  13.501523552,  149.454607232,  13.371313423,   195.992622839,      42.621867469,        131.675,      -51.126, 111.215, 141.2563,    *,  0.912109,  4.72422870262774,-32.4989255,    8.8705,
 2026-Dec-22 05:00:00, ,m, 149.080663561,  13.503217977,  149.450693217,  13.373012959,   214.947566381,      39.378621898,        122.198,      -47.109, 111.078, 130.9675,    *,  0.912258,  4.72345603620655,-31.7084173,    8.8658,
 2026-Dec-22 06:00:00,A,m, 149.076557864,  13.504980344,  149.446592720,  13.374780361,   232.073004017,      34.190970577,        112.067,      -42.840, 110.916, 119.9790,    *,  0.912403,  4.72270289928985,-30.8772987,    8.8611,
 2026-Dec-22 07:00:00,N,m, 149.072287761,  13.506804910,  149.442325707,  13.376609708,   247.388227096,      27.688248521,        101.337,      -38.342, 110.721, 108.3503,    *,  0.912545,  4.72197017850467,-30.0130387,    8.8563,
 2026-Dec-22 08:00:00,C, , 149.067872797,  13.508685824,  149.437912330,  13.378495000,   261.333437421,      20.440607110,         90.065,      -33.639, 110.477,  96.1439,    *,  0.912683,  4.72125858649156,-29.1225876,    8.8515,
 2026-Dec-22 09:00:00,*, , 149.063332243,  13.510617099,  149.433372582,  13.380430147,   274.454315679,      12.920317697,         78.312,      -28.756, 110.160,  83.4258,    *,  0.912816,  4.72056867694122,-28.2121744,    8.8467,
 2026-Dec-22 10:00:00,*, , 149.058684864,  13.512592590,  149.428726020,  13.382408945,   287.261640185,       5.529319038,         66.140,      -23.720, 109.727,  70.2652,    *,  0.912945,  4.71990086377612,-27.2871665,    8.8418,
 2026-Dec-22 11:00:00,*, , 149.053948777,  13.514605951,  149.423991560,  13.384425038,   300.189232232,      -1.361462409,         53.613,      -18.557, 109.090,  56.7344,    *,  0.913070,  4.71925544287716,-26.3519995,    8.8370,
 2026-Dec-22 12:00:00,*,m, 149.049141375,  13.516650598,  149.419187350,  13.386471883,   313.573059692,      -7.383575433,         40.799,      -13.294, 108.046,  42.9109,    *,  0.913190,  4.71863261461149,-25.4101810,    8.8321,
 2026-Dec-22 13:00:00,*,m, 149.044279349,  13.518719682,  149.414330738,  13.388542713,   327.614178846,     -12.164280992,         27.766,       -7.960, 105.995,  28.8846,    *,  0.913307,  4.71803250540181,-24.4643658,    8.8271,
 2026-Dec-22 14:00:00,*,m, 149.039378780,  13.520806063,  149.409438313,  13.390630509,   342.324128767,     -15.351146627,         14.582,       -2.582, 100.042,  14.8091,    t,  0.913418,  4.71745518669578,-23.5164947,    8.8222,
 2026-Dec-22 15:00:00,C,m, 149.034455294,  13.522902301,  149.404526029,  13.392727978,   357.491155356,     -16.670155976,          1.318,        2.810,  25.128,   3.1032,    t,  0.913526,  4.71690068993506,-22.5679861,    8.8172,
 2026-Dec-22 16:00:00,N,m, 149.029524264,  13.525000661,  149.399609380,  13.394827549,    12.728619334,     -15.996552033,        -11.957,        8.188, 304.402,  14.4915,    t,  0.913629,  4.71636901645827,-21.6199627,    8.8122,
 2026-Dec-22 17:00:00, ,m, 149.024601037,  13.527093142,  149.394703620,  13.396921385,    27.621136070,     -13.394820110,        -25.172,       13.523, 298.247,  28.5739,    *,  0.913727,  4.71586014165212,-20.6735002,    8.8071,
 2026-Dec-22 18:00:00, ,m, 149.019701164,  13.529171521,  149.389823994,  13.399001417,    41.889139527,      -9.097382179,        -38.256,       18.788, 296.158,  42.6198,    *,  0.913822,  4.71537401301245,-19.7298833,    8.8020,
 2026-Dec-22 19:00:00, ,m, 149.014840613,  13.531227416,  149.384985970,  13.401059394,    55.472094335,      -3.438660212,        -51.140,       23.954, 295.100,  56.4712,    *,  0.913911,  4.71491054201994,-18.7908587,    8.7969,
 2026-Dec-22 20:00:00, ,m, 149.010035936,  13.533252368,  149.380205446,  13.403086954,    68.515254194,       3.210936067,        -63.756,       28.993, 294.456,  70.0374,    *,  0.913997,  4.71446959065204,-17.8588230,    8.7918,
 2026-Dec-22 21:00:00, ,m, 149.005304385,  13.535237939,  149.375498901,  13.405075715,    81.315724227,      10.481129848,        -76.035,       33.879, 294.019,  83.2401,    *,  0.914078,  4.71405095353433,-16.9370000,    8.7866,
 2026-Dec-22 22:00:00, ,m, 149.000663954,  13.537175812,  149.370883490,  13.407017367,    94.278044408,      18.004309835,        -87.913,       38.586, 293.700,  96.0063,    *,  0.914155,  4.71365433684185,-16.0295272,    8.7814,
 2026-Dec-22 23:00:00, ,m, 148.996133333,  13.539057908,  149.366377061,  13.408903790,   107.890487125,      25.393017742,        -99.325,       43.087, 293.455, 108.2659,    *,  0.914228,  4.71327933584668,-15.1414827,    8.7761,
 2026-Dec-23 00:00:00, ,m, 148.991731794,  13.540876491,  149.361998084,  13.410727156,   122.696648959,      32.202567440,       -110.210,       47.360, 293.259, 119.9521,    *,  0.914296,  4.71292541273255,-14.2788359,    8.7709,
 2026-Dec-23 01:00:00, ,m, 148.987478972,  13.542624275,  149.357765503,  13.412480046,   139.198215571,      37.895423841,       -120.509,       51.380, 293.096, 131.0014,    *,  0.914361,  4.71259187645265,-13.4483278,    8.7656,
 2026-Dec-23 02:00:00, ,m, 148.983394596,  13.544294518,  149.353698496,  13.414155547,   157.598645749,      41.849592354,       -130.165,       55.126, 292.958, 141.3531,    *,  0.914422,  4.71227786627801,-12.6572854,    8.7603,
 2026-Dec-23 03:00:00, ,m, 148.979498141,  13.545881102,  149.349816175,  13.415747348,   177.421583995,      43.484055206,       -139.126,       58.577, 292.838, 150.9506,    *,  0.914479,  4.71198234046460,-11.9133838,    8.7550,
 2026-Dec-23 04:00:00, ,m, 148.975808446,  13.547378597,  149.346137225,  13.417249806,   197.431142864,      42.509549751,       -147.343,       61.715, 292.732, 159.7409,    *,  0.914533,  4.71170407114977,-11.2243697,    8.7497,
 2026-Dec-23 05:00:00, ,m, 148.972343313,  13.548782297,  149.342679507,  13.418658010,   216.275691218,      39.102870029,       -154.770,       64.522, 292.637, 167.6752,    *,  0.914584,  4.71144164619465,-10.5977632,    8.7444,
 2026-Dec-23 06:00:00,A,m, 148.969119099,  13.550088247,  149.339459653,  13.419967805,   233.264965488,      33.796530461,       -161.365,       66.982, 292.549, 174.7092,    *,  0.914632,  4.71119347824592,-10.0405591,    8.7391,
 2026-Dec-23 07:00:00,N,m, 148.966150341,  13.551293237,  149.336492665,  13.421175811,   248.463508736,      27.220271746,       -167.092,       69.081, 292.468, 180.8031,    *,  0.914678,  4.71095782082604, -9.5589447,    8.7338,
 2026-Dec-23 08:00:00,C,m, 148.963449422,  13.552394785,  149.333791553,  13.422279412,   262.328748080,      19.937422663,       -171.918,       70.808, 292.392, 185.9222,    *,  0.914722,  4.71073279080972, -9.1580540,    8.7286,
 2026-Dec-23 09:00:00,*, , 148.961026301,  13.553391098,  149.331367018,  13.423276725,   275.407464006,      12.413776300,       -175.814,       72.152, 292.319, 190.0369,    *,  0.914764,  4.71051639623514, -8.8417725,    8.7234,
 2026-Dec-23 10:00:00,*, , 148.958888330,  13.554281024,  149.329227219,  13.424166558,   288.205852054,       5.047481778,       -178.759,       73.105, 292.249, 193.1228,    *,  0.914805,  4.71030656805959, -8.6126061,    8.7183,
 2026-Dec-23 11:00:00,*, , 148.957040152,  13.555063995,  149.327377613,  13.424948356,   301.151291041,      -1.791859174,       -180.733,       73.662, 292.181, 195.1611,    *,  0.914845,  4.71010119422375, -8.4716211,    8.7132,
 2026-Dec-23 12:00:00,*, , 148.955483698,  13.555739965,  149.325820899,  13.425622136,   314.571283781,      -7.735895640,       -181.725,       73.818, 292.114, 196.1386,    *,  0.914884,  4.70989815425366, -8.4184599,    8.7081,
 2026-Dec-23 13:00:00,*,m, 148.954218271,  13.556309351,  149.324557048,  13.426188425,   328.654963733,     -12.412711973,       -181.727,       73.572, 292.047, 196.0479,    *,  0.914923,  4.70969535261239, -8.4514282,    8.7031,
 2026-Dec-23 14:00:00,*,m, 148.953240720,  13.556772977,  149.323583429,  13.426648199,   343.398492903,     -15.473861721,       -180.737,       72.925, 291.980, 194.8872,    *,  0.914963,  4.70949074911679, -8.5676504,    8.6982,
 2026-Dec-23 15:00:00,C,m, 148.952545680,  13.557132039,  149.322895014,  13.427002829,   358.575358764,     -16.654250993,       -178.758,       71.878, 291.912, 192.6608,    *,  0.915004,  4.70928238495007, -8.7632780,    8.6932,
 2026-Dec-23 16:00:00,N,m, 148.952125865,  13.557388065,  149.322484654,  13.427254039,    13.792171771,     -15.842127176,       -175.799,       70.438, 291.841, 189.3788,    *,  0.915045,  4.70906840311335, -9.0337406,    8.6883,
 2026-Dec-23 17:00:00, ,m, 148.951972401,  13.557542911,  149.322343393,  13.427403881,    28.639209279,     -13.115147532,       -171.875,       68.611, 291.768, 185.0571,    *,  0.915088,  4.70884706254772, -9.3740184,    8.6835,
 2026-Dec-23 18:00:00, ,m, 148.952075161,  13.557598754,  149.322460815,  13.427454722,    42.851423086,      -8.714896053,       -167.005,       66.406, 291.691, 179.7175,    *,  0.915133,  4.70861674559536, -9.7789196,    8.6786,
 2026-Dec-23 19:00:00, ,m, 148.952423099,  13.557558115,  149.322825396,  13.427409246,    56.383990324,      -2.979663815,       -161.215,       63.836, 291.608, 173.3876,    *,  0.915180,  4.70837595892356,-10.2433435,    8.6738,
 2026-Dec-23 20:00:00, ,m, 148.953004541,  13.557423884,  149.323424831,  13.427270478,    69.394239944,       3.719931032,       -154.534,       60.913, 291.519, 166.1006,    *,  0.915229,  4.70812332847871,-10.7625110,    8.6691,
 2026-Dec-23 21:00:00, ,m, 148.953807435,  13.557199365,  149.324246326,  13.427041813,    82.187385070,      11.014529525,       -146.998,       57.653, 291.421, 157.8949,    *,  0.915281,  4.70785758943701,-11.3321476,    8.6643,
 2026-Dec-23 22:00:00, ,m, 148.954819534,  13.556888322,  149.325276832,  13.426727060,    95.173785122,      18.536516354,       -138.648,       54.073, 291.311, 148.8147,    *,  0.915335,  4.70757757244864,-11.9486066,    8.6596,
 2026-Dec-23 23:00:00, ,m, 148.956028503,  13.556495026,  149.326503207,  13.426330486,   108.846197099,      25.896199957,       -129.527,       50.193, 291.187, 138.9089,    *,  0.915392,  4.70728218770742,-12.6089259,    8.6549,
 2026-Dec-24 00:00:00, ,m, 148.957421950,  13.556024301,  149.327912308,  13.425856865,   123.749226212,      32.643926873,       -119.687,       46.034, 291.042, 128.2315,    *,  0.915453,  4.70697040850647,-13.3108142,    8.6502,
 2026-Dec-24 01:00:00, ,m, 148.958987385,  13.555481562,  149.329490996,  13.425311519,   140.374153566,      38.235747859,       -109.180,       41.619, 290.871, 116.8407,    *,  0.915517,  4.70664125594917,-14.0525693,    8.6455,
 2026-Dec-24 02:00:00, ,m, 148.960712107,  13.554872841,  149.331226075,  13.424700351,   158.890196427,      42.047291481,        -98.064,       36.971, 290.661, 104.7995,    *,  0.915585,  4.70629378637610,-14.8329353,    8.6409,
 2026-Dec-24 03:00:00, ,m, 148.962583043,  13.554204792,  149.333104159,  13.424029862,   178.765327847,      43.509056999,        -86.400,       32.117, 290.394,  92.1745,    *,  0.915656,  4.70592708284927,-15.6509107,    8.6363,
 2026-Dec-24 04:00:00, ,m, 148.964586540,  13.553484682,  149.335111494,  13.423307155,   198.729182954,      42.360441353,        -74.252,       27.083, 290.042,  79.0363,    *,  0.915731,  4.70554025171981,-16.5055207,    8.6317,
 2026-Dec-24 05:00:00, ,m, 148.966708154,  13.552720358,  149.337233750,  13.422539911,   217.456252208,      38.808434841,        -61.689,       21.897, 289.545,  65.4592,    *,  0.915811,  4.70513242491720,-17.3955722,    8.6272,
 2026-Dec-24 06:00:00,A,m, 148.968932428,  13.551920193,  149.339455795,  13.421736352,   234.312686870,      33.399401550,        -48.779,       16.587, 288.782,  51.5219,    *,  0.915894,  4.70470276816217,-18.3194096,    8.6227,
 2026-Dec-24 07:00:00,N,m, 148.971242708,  13.551093009,  149.341761490,  13.420905173,   249.401676750,      26.761342036,        -35.595,       11.185, 287.445,  37.3103,    u,  0.915982,  4.70425049485396,-19.2746904,    8.6183,
 2026-Dec-24 08:00:00,C,m, 148.973621000,  13.550247987,  149.344133510,  13.420055466,   263.193524533,      19.450404496,        -22.209,        5.718, 284.439,  22.9331,    u,  0.916075,  4.70377488494548,-20.2581982,    8.6138,
 2026-Dec-24 09:00:00,*,m, 148.976047888,  13.549394557,  149.346553221,  13.419196613,   276.234418903,      11.926206460,         -8.696,        0.219, 271.440,   8.6991,    P,  0.916172,  4.70327530772694,-21.2657069,    8.6095,
 2026-Dec-24 10:00:00,*, , 148.978502533,  13.548542281,  149.349000628,  13.418338178,   289.025740113,       4.583456784,          4.867,       -5.284, 137.347,   7.1839,    O,  0.916274,  4.70275124711912,-22.2919094,    8.6051,
 2026-Dec-24 11:00:00,*, , 148.980962757,  13.547700723,  149.351454393,  13.417489778,   301.988875608,      -2.209325963,         18.407,      -10.757, 120.302,  21.3202,    O,  0.916381,  4.70220232785153,-23.3304164,    8.6008,
 2026-Dec-24 12:00:00,*, , 148.983405206,  13.546879333,  149.353891957,  13.416660965,   315.443749870,      -8.083690394,         31.847,      -16.173, 116.921,  35.7188,    *,  0.916493,  4.70162834078583,-24.3738285,    8.5966,
 2026-Dec-24 13:00:00,*, , 148.985805603,  13.546087321,  149.356289727,  13.415861093,   329.568883306,     -12.668203604,         45.113,      -21.499, 115.479,  49.9747,    *,  0.916610,  4.70102926564792,-25.4138789,    8.5923,
 2026-Dec-24 14:00:00,*,m, 148.988139073,  13.545333550,  149.358623366,  13.415099206,   344.346707451,     -15.617685865,         58.131,      -26.708, 114.674,  63.9734,    *,  0.916732,  4.70040528955510,-26.4416384,    8.5881,
 2026-Dec-24 15:00:00,C,m, 148.990380527,  13.544626443,  149.360868133,  13.414383933,   359.537480404,     -16.674694321,         70.828,      -31.768, 114.155,  77.6279,    *,  0.916858,  4.69975681995800,-27.4477722,    8.5839,
 2026-Dec-24 16:00:00,N,m, 148.992505087,  13.543973908,  149.362999289,  13.413723399,    14.741655442,     -15.738765637,         83.135,      -36.654, 113.789,  90.8587,    *,  0.916989,  4.69908449094548,-28.4228320,    8.5797,
 2026-Dec-24 17:00:00, ,m, 148.994488525,  13.543383281,  149.364992532,  13.413125158,    29.554291880,     -12.899050188,         94.984,      -41.337, 113.515, 103.5912,    *,  0.917125,  4.69838916226369,-29.3575663,    8.5755,
 2026-Dec-24 18:00:00, ,m, 148.996307710,  13.542861290,  149.366824442,  13.412596144,    43.722935374,      -8.405201666,        106.308,      -45.793, 113.300, 115.7542,    *,  0.917265,  4.69767191084847,-30.2432289,    8.5713,
 2026-Dec-24 19:00:00, ,m, 148.997941012,  13.542414049,  149.368472917,  13.412142646,    57.216535788,      -2.599065833,        117.047,      -49.995, 113.125, 127.2805,    *,  0.917409,  4.69693401513579,-31.0718675,    8.5671,
 2026-Dec-24 20:00:00, ,m, 148.999368673,  13.542047060,  149.369917566,  13.411770308,    70.203221004,       4.148278762,        127.141,      -53.922, 112.978, 138.1067,    *,  0.917557,  4.69617693286327,-31.8365733,    8.5628,
 2026-Dec-24 21:00:00, ,m, 149.000573096,  13.541765238,  149.371140051,  13.411484142,    82.995730997,      11.467906834,        136.535,      -57.552, 112.851, 148.1736,    *,  0.917708,  4.69540227348067,-32.5316766,    8.5586,
 2026-Dec-24 22:00:00, ,m, 149.001539065,  13.541572947,  149.372124354,  13.411288557,    96.010072042,      18.991725241,        145.179,      -60.865, 112.740, 157.4264,    *,  0.917863,  4.69461176661673,-33.1528775,    8.5542,
 2026-Dec-24 23:00:00, ,m, 149.002253863,  13.541474047,  149.372856955,  13.411187408,   109.743444064,      26.327465828,        153.026,      -63.844, 112.641, 165.8151,    *,  0.918020,  4.69380722828557,-33.6973025,    8.5499,
 2026-Dec-25 00:00:00, ,m, 149.002707304,  13.541471941,  149.373326916,  13.411184041,   124.741422585,      33.020345703,        160.033,      -66.472, 112.550, 173.2947,    *,  0.918180,  4.69299052663890,-34.1634849,    8.5455,
 2026-Dec-25 01:00:00, ,m, 149.002891664,  13.541569622,  149.373525868,  13.411281347,   141.485023795,      38.520040248,        166.163,      -68.736, 112.467, 179.8254,    *,  0.918342,  4.69216354907418,-34.5512727,    8.5411,
 2026-Dec-25 02:00:00, ,m, 149.002801538,  13.541769713,  149.373447909,  13.411481808,   160.110430352,      42.199944316,        171.385,      -70.624, 112.389, 185.3727,    *,  0.918505,  4.69132817239233,-34.8616690,    8.5366,
 2026-Dec-25 03:00:00, ,m, 149.002433616,  13.542074499,  149.373089418,  13.411787543,   180.033702846,      43.501783838,        175.671,      -72.126, 112.315, 189.9077,    *,  0.918670,  4.69048623747078,-35.0966183,    8.5321,
 2026-Dec-25 04:00:00, ,m, 149.001786417,  13.542485943,  149.372448809,  13.412200334,   199.955074372,      42.192016621,        178.999,      -73.234, 112.244, 193.4073,    *,  0.918836,  4.68963952959356,-35.2587531,    8.5276,
 2026-Dec-25 05:00:00, ,m, 149.000859977,  13.543005689,  149.371526229,  13.412721639,   218.576068570,      38.505349102,        181.352,      -73.942, 112.175, 195.8539,    *,  0.919003,  4.68878976517543,-35.3511186,    8.5230,
 2026-Dec-25 06:00:00,A,m, 148.999655548,  13.543635047,  149.370323244,  13.413352595,   235.315143031,      33.000553077,        182.719,      -74.249, 112.108, 197.2359,    *,  0.919170,  4.68793858517940,-35.3768952,    8.5184,
 2026-Dec-25 07:00:00,N,m, 148.998175285,  13.544374965,  149.368842516,  13.414094000,   250.310074170,      26.304170689,        183.094,      -74.152, 112.041, 197.5474,    *,  0.919336,  4.68708755505792,-35.3391373,    8.5137,
 2026-Dec-25 08:00:00,C,m, 148.996421995,  13.545225985,  149.367087500,  13.414946279,   264.042457079,      18.966329354,        182.478,      -73.654, 111.974, 196.7886,    *,  0.919503,  4.68623817060103,-35.2405458,    8.5091,
 2026-Dec-25 09:00:00,*,m, 148.994398913,  13.546188190,  149.365062196,  13.415909441,   277.057951043,      11.441734855,        180.873,      -72.756, 111.906, 194.9652,    *,  0.919669,  4.68539186867443,-35.0832918,    8.5044,
 2026-Dec-25 10:00:00,*, , 148.992109566,  13.547261144,  149.362770941,  13.416983021,   289.853690633,       4.122769078,        178.292,      -71.465, 111.836, 192.0886,    *,  0.919834,  4.68455004149992,-34.8689004,    8.4997,
 2026-Dec-25 11:00:00,*, , 148.989557698,  13.548443830,  149.360218294,  13.418166022,   302.845535011,      -2.622183717,        174.749,      -69.789, 111.763, 188.1761,    *,  0.919999,  4.68371405289808,-34.5982042,    8.4949,
 2026-Dec-25 12:00:00,*, , 148.986747286,  13.549734592,  149.357408984,  13.419456855,   316.345882388,      -8.423796334,        170.265,      -67.736, 111.688, 183.2502,    *,  0.920161,  4.68288525478951,-34.2713687,    8.4901,
 2026-Dec-25 13:00:00,*, , 148.983682623,  13.551131081,  149.354347950,  13.420853278,   330.522137883,     -12.910619223,        164.865,      -65.319, 111.607, 177.3388,    *,  0.920323,  4.68206500224962,-33.8879862,    8.4853,
 2026-Dec-25 14:00:00,*, , 148.980368478,  13.552630219,  149.351040448,  13.422352357,   345.342074504,     -15.740693862,        158.579,      -62.551, 111.521, 170.4750,    *,  0.920482,  4.68125466552811,-33.4472326,    8.4804,
 2026-Dec-25 15:00:00,C, , 148.976810305,  13.554228174,  149.347492234,  13.423950425,     0.551905203,     -16.664737015,        151.442,      -59.447, 111.426, 162.6968,    *,  0.920639,  4.68045563767342,-32.9480734,    8.4755,
 2026-Dec-25 16:00:00,N,m, 148.973014495,  13.555920361,  149.343709785,  13.425643071,    15.745875666,     -15.594478347,        143.494,      -56.024, 111.322, 154.0470,    *,  0.920794,  4.67966933672505,-32.3895067,    8.4706,
 2026-Dec-25 17:00:00,A,m, 148.968988637,  13.557701452,  149.339700565,  13.427425143,    30.524670027,     -12.631498790,        134.777,      -52.301, 111.204, 144.5726,    *,  0.920946,  4.67889720183502,-31.7708216,    8.4655,
 2026-Dec-25 18:00:00, ,m, 148.964741785,  13.559565422,  149.335473286,  13.429290777,    44.649687291,      -8.034222413,        125.338,      -48.299, 111.069, 134.3253,    *,  0.921095,  4.67814068312099,-31.0918574,    8.4605,
 2026-Dec-25 19:00:00, ,m, 148.960284684,  13.561505608,  149.331038169,  13.431233440,    58.104846644,      -2.148490060,        115.229,      -44.038, 110.911, 123.3605,    *,  0.921240,  4.67740122551308,-30.3532407,    8.4553,
 2026-Dec-25 20:00:00, ,m, 148.955629960,  13.563514783,  149.326407161,  13.433245999,    71.070092985,       4.653853670,        104.505,      -39.541, 110.721, 111.7374,    *,  0.921382,  4.67668024729562,-29.5565862,    8.4501,
 2026-Dec-25 21:00:00, ,m, 148.950792237,  13.565585253,  149.321594099,  13.435320812,    83.866665153,      12.003996110,         93.221,      -34.834, 110.486,  99.5186,    *,  0.921520,  4.67597911444012,-28.7046440,    8.4449,
 2026-Dec-25 22:00:00, ,m, 148.945788176,  13.567708958,  149.316614801,  13.437449818,    96.917309098,      19.532888057,         81.439,      -29.940, 110.182,  86.7700,    *,  0.921654,  4.67529911214204,-27.8013830,    8.4396,
 2026-Dec-25 23:00:00, ,m, 148.940636426,  13.569877588,  149.311487078,  13.439624654,   110.724892670,      26.844909563,         69.222,      -24.887, 109.772,  73.5608,    *,  0.921784,  4.67464141519501,-26.8520032,    8.4342,
 2026-Dec-26 00:00:00, ,m, 148.935357490,  13.572082688,  149.306230648,  13.441836763,   125.836835499,      33.478986433,         56.634,      -19.700, 109.178,  59.9633,    *,  0.921909,  4.67400705894196,-25.8628759,    8.4287,
 2026-Dec-26 01:00:00, ,m, 148.929973495,  13.574315766,  149.300866967,  13.444077510,   142.722891661,      38.877068114,         43.743,      -14.408, 108.230,  46.0548,    *,  0.922030,  4.67339691253445,-24.8414125,    8.4233,
 2026-Dec-26 02:00:00, ,m, 148.924507896,  13.576568394,  149.295418971,  13.446338282,   161.481160084,      42.409720678,         30.616,       -9.039, 106.448,  31.9223,    *,  0.922145,  4.67281165611120,-23.7958712,    8.4177,
 2026-Dec-26 03:00:00, ,m, 148.918985111,  13.578832284,  149.289910747,  13.448610586,   181.467668281,      43.531585809,         17.323,       -3.621, 101.805,  17.6976,    t,  0.922256,  4.67225176330134,-22.7351102,    8.4121,
 2026-Dec-26 04:00:00, ,m, 148.913430112,  13.581099362,  149.284367149,  13.450886127,   201.349058974,      42.040187888,          3.936,        1.817,  65.214,   4.3348,    t,  0.922361,  4.67171749019795,-21.6682994,    8.4065,
 2026-Dec-26 05:00:00, ,m, 148.907868004,  13.583361805,  149.278813376,  13.453156865,   219.857404456,      38.201738838,         -9.476,        7.247, 307.406,  11.9294,    t,  0.922462,  4.67120887147480,-20.6046192,    8.4009,
 2026-Dec-26 06:00:00,A,m, 148.902323590,  13.585612080,  149.273274535,  13.455415060,   236.469460726,      32.589132914,        -22.841,       12.638, 298.958,  26.1039,    *,  0.922557,  4.67072572381958,-19.5529563,    8.3952,
 2026-Dec-26 07:00:00,N,m, 148.896820966,  13.587842944,  149.267775214,  13.457653289,   251.361483162,      25.827564610,        -36.087,       17.964, 296.465,  40.3105,    *,  0.922647,  4.67026765640915,-18.5216266,    8.3895,
 2026-Dec-26 08:00:00,C,m, 148.891383166,  13.590047438,  149.262339084,  13.459864453,   265.027920135,      18.460675563,        -49.145,       23.194, 295.267,  54.3425,    *,  0.922733,  4.66983408761964,-17.5181360,    8.3838,
 2026-Dec-26 09:00:00,*,m, 148.886031856,  13.592218869,  149.256988559,  13.462041759,   278.014123586,      10.937766061,        -61.944,       28.302, 294.558,  68.1025,    *,  0.922814,  4.66942426686807,-16.5489952,    8.3781,
 2026-Dec-26 10:00:00,*,m, 148.880787120,  13.594350773,  149.251744520,  13.464178697,   290.812500691,       3.648507237,        -74.416,       33.261, 294.085,  81.5099,    *,  0.922891,  4.66903730018198,-15.6195967,    8.3725,
 2026-Dec-26 11:00:00,*, , 148.875667319,  13.596436884,  149.246626122,  13.466269001,   303.832394000,      -3.039199186,        -86.495,       38.043, 293.744,  94.4899,    *,  0.922963,  4.66867217787690,-14.7341630,    8.3668,
 2026-Dec-26 12:00:00,*, , 148.870689052,  13.598471090,  149.241650697,  13.468306615,   317.377177809,      -8.755664542,        -98.116,       42.622, 293.484, 106.9714,    *,  0.923031,  4.66832780260535,-13.8957679,    8.3611,
 2026-Dec-26 13:00:00,*, , 148.865867186,  13.600447408,  149.236833737,  13.470285649,   331.601257701,     -13.130373063,       -109.215,       46.975, 293.278, 118.8862,    *,  0.923095,  4.66800301604664,-13.1064268,    8.3554,
 2026-Dec-26 14:00:00,*, , 148.861214982,  13.602359955,  149.232188968,  13.472200356,   346.456080560,     -15.826154111,       -119.733,       51.078, 293.108, 130.1695,    *,  0.923156,  4.66769662263139,-12.3672514,    8.3498,
 2026-Dec-26 15:00:00,C, , 148.856744265,  13.604202942,  149.227728496,  13.474045104,     1.673411692,     -16.603882131,       -129.613,       54.908, 292.964, 140.7594,    *,  0.923213,  4.66740740893341,-11.6786527,    8.3441,
 2026-Dec-26 16:00:00,N, , 148.852465655,  13.605970679,  149.223463007,  13.475814374,    16.842750588,     -15.389267287,       -138.800,       58.444, 292.840, 150.5981,    *,  0.923267,  4.66713415769251,-11.0405813,    8.3385,
 2026-Dec-26 17:00:00,A, , 148.848388806,  13.607657602,  149.219402010,  13.477502771,    31.572979681,     -12.297235647,       -147.244,       61.668, 292.730, 159.6312,    *,  0.923318,  4.66687565583559,-10.4527829,    8.3328,
 2026-Dec-26 18:00:00, ,m, 148.844522660,  13.609258309,  149.215554097,  13.479105055,    45.641578587,      -7.594911408,       -154.899,       64.560, 292.632, 167.8087,    *,  0.923366,  4.66663069630924, -9.9150538,    8.3272,
 2026-Dec-26 19:00:00, ,m, 148.840875671,  13.610767627,  149.211927186,  13.480616184,    59.048551629,      -1.631486057,       -161.721,       67.105, 292.542, 175.0848,    *,  0.923413,  4.66639807399442, -9.4274743,    8.3215,
 2026-Dec-26 20:00:00, ,m, 148.837455995,  13.612180683,  149.208528750,  13.482031383,    71.985850298,       5.221175386,       -167.672,       69.289, 292.459, 181.4185,    *,  0.923456,  4.66617657641162, -8.9906055,    8.3159,
 2026-Dec-26 21:00:00, ,m, 148.834271612,  13.613492991,  149.205365986,  13.483346220,    84.782954370,      12.594955959,       -172.719,       71.099, 292.381, 186.7737,    *,  0.923498,  4.66596497031269, -8.6056324,    8.3102,
 2026-Dec-26 22:00:00, ,m, 148.831330387,  13.614700541,  149.202445928,  13.484556695,    97.868924064,      20.120199672,       -176.832,       72.524, 292.307, 191.1194,    *,  0.923538,  4.66576198556590, -8.2744438,    8.3046,
 2026-Dec-26 23:00:00, ,m, 148.828640047,  13.615799900,  149.199775481,  13.485659331,   111.751628032,      27.398092915,       -179.987,       73.556, 292.235, 194.4300,    *,  0.923577,  4.66556629795358, -7.9996426,    8.2990,
 2026-Dec-27 00:00:00, ,m, 148.826208079,  13.616788299,  149.197361370,  13.486651272,   126.978909730,      33.961406170,       -182.164,       74.189, 292.166, 196.6852,    *,  0.923615,  4.66537651260075, -7.7844831,    8.2934,
 2026-Dec-27 01:00:00, ,m, 148.824041547,  13.617663716,  149.195210018,  13.487530367,   144.006257405,      39.244908025,       -183.351,       74.418, 292.098, 197.8706,    *,  0.923651,  4.66519114973227, -7.6327407,    8.2878,
 2026-Dec-27 02:00:00, ,m, 148.822146851,  13.618424946,  149.193327342,  13.488295250,   162.889360773,      42.618001253,       -183.538,       74.242, 292.031, 197.9775,    *,  0.923688,  4.66500863431623, -7.5485213,    8.2822,
 2026-Dec-27 03:00:00, ,m, 148.820529432,  13.619071652,  149.191718489,  13.488945400,   182.922609143,      43.551099482,       -182.722,       73.660, 291.963, 197.0032,    *,  0.923723,  4.66482729090180, -7.5360226,    8.2767,
 2026-Dec-27 04:00:00, ,m, 148.819193435,  13.619604395,  149.190387531,  13.489481185,   202.744330171,      41.874873272,       -180.906,       72.675, 291.894, 194.9508,    *,  0.923759,  4.66464534461791, -7.5992634,    8.2712,
 2026-Dec-27 05:00:00, ,m, 148.818141380,  13.620024642,  149.189337123,  13.489903883,   221.124073084,      37.886359557,       -178.097,       71.291, 291.823, 191.8294,    *,  0.923796,  4.66446092888798, -7.7417991,    8.2657,
 2026-Dec-27 06:00:00,A,m, 148.817373827,  13.620334747,  149.188568176,  13.490215679,   237.598586278,      32.170274824,       -174.310,       69.516, 291.749, 187.6541,    *,  0.923833,  4.66427209996294, -7.9664431,    8.2603,
 2026-Dec-27 07:00:00,N,m, 148.816889087,  13.620537918,  149.188079535,  13.490419639,   252.380665418,      25.348520245,       -169.563,       67.358, 291.672, 182.4460,    *,  0.923872,  4.66407685791026, -8.2750116,    8.2549,
 2026-Dec-27 08:00:00,C,m, 148.816682988,  13.620638156,  149.187867709,  13.490519660,   265.975494952,      17.957106386,       -163.881,       64.829, 291.589, 176.2318,    *,  0.923912,  4.66387317325697, -8.6681116,    8.2496,
 2026-Dec-27 09:00:00,*,m, 148.816748710,  13.620640178,  149.187926665,  13.490520404,   278.926795176,      10.439241496,       -157.293,       61.941, 291.500, 169.0442,    *,  0.923955,  4.66365901809311, -9.1449846,    8.2444,
 2026-Dec-27 10:00:00,*,m, 148.817076713,  13.620549331,  149.188247696,  13.490427213,   291.721527924,       3.181347937,       -149.834,       58.711, 291.403, 160.9213,    *,  0.924000,  4.66343240012656, -9.7034190,    8.2392,
 2026-Dec-27 11:00:00,*, , 148.817654752,  13.620371491,  149.188819388,  13.490246014,   304.762187770,      -3.449691239,       -141.545,       55.155, 291.294, 151.9067,    *,  0.924047,  4.66319139796770,-10.3397362,    8.2340,
 2026-Dec-27 12:00:00,*, , 148.818467999,  13.620112972,  149.189627675,  13.489983219,   318.343165470,      -9.084382938,       -132.469,       51.293, 291.172, 142.0491,    *,  0.924098,  4.66293419582392,-11.0488533,    8.2290,
 2026-Dec-27 13:00:00,*, , 148.819499244,  13.619780422,  149.190656003,  13.489645619,   332.606436523,     -13.353622874,       -122.657,       47.145, 291.030, 131.4022,    *,  0.924153,  4.66265911580152,-11.8244187,    8.2239,
 2026-Dec-27 14:00:00,*, , 148.820729192,  13.619380737,  149.191885569,  13.489240291,   347.488368969,     -15.925181441,       -112.161,       42.735, 290.862, 120.0242,    *,  0.924211,  4.66236464615259,-12.6590118,    8.2189,
 2026-Dec-27 15:00:00,C, , 148.822136817,  13.618920985,  149.193295652,  13.488774505,     2.707960085,     -16.569605801,       -101.040,       38.087, 290.658, 107.9778,    *,  0.924274,  4.66204946405365,-13.5443953,    8.2140,
 2026-Dec-27 16:00:00,N, , 148.823699767,  13.618408339,  149.194863994,  13.488255654,    17.851197350,     -15.225359110,        -89.354,       33.225, 290.400,  95.3298,    *,  0.924341,  4.66171245184460,-14.4718037,    8.2091,
 2026-Dec-27 17:00:00,A, , 148.825394801,  13.617850035,  149.196567234,  13.487691186,    32.535043290,     -12.019097267,        -77.168,       28.178, 290.062,  82.1508,    *,  0.924412,  4.66135270606686,-15.4322501,    8.2042,
 2026-Dec-27 18:00:00, , , 148.827198217,  13.617253336,  149.198381345,  13.487088569,    46.551622565,      -7.225245389,        -64.550,       22.972, 289.592,  68.5153,    *,  0.924488,  4.66096953909358,-16.4168323,    8.1994,
 2026-Dec-27 19:00:00, , , 148.829086272,  13.616625529,  149.200282078,  13.486455263,    59.915130040,      -1.195518951,        -51.569,       17.638, 288.883,  54.5018,    *,  0.924569,  4.66056247360725,-17.4170177,    8.1946,
 2026-Dec-27 20:00:00, ,m, 148.831035552,  13.615973916,  149.202245366,  13.485798708,    72.827890292,       5.698508146,        -38.298,       12.204, 287.675,  40.1955,    u,  0.924654,  4.66013123062512,-18.4248918,    8.1898,
 2026-Dec-27 21:00:00, ,m, 148.833023284,  13.615305836,  149.204247688,  13.485126337,    85.626385710,      13.089473944,        -24.811,        6.700, 285.113,  25.6996,    u,  0.924745,  4.65967571216473,-19.4333536,    8.1850,
 2026-Dec-27 22:00:00, ,m, 148.835027578,  13.614628679,  149.206266357,  13.484445586,    98.744905416,      20.607185734,        -11.182,        1.158, 275.914,  11.2420,    U,  0.924840,  4.65919597995807,-20.4362467,    8.1802,
 2026-Dec-27 23:00:00, ,m, 148.837027581,  13.613949916,  149.208279735,  13.483763919,   112.695085078,      27.849933965,          2.512,       -4.391, 150.230,   5.0592,    O,  0.924940,  4.65869223184058,-21.4284204,    8.1754,
 2026-Dec-28 00:00:00, ,m, 148.839003549,  13.613277118,  149.210267359,  13.483088854,   128.023749003,      34.345060604,         16.195,       -9.918, 121.482,  18.9907,    O,  0.925045,  4.65816477754551,-22.4057186,    8.1706,
 2026-Dec-28 01:00:00, ,m, 148.840936835,  13.612617974,  149.212209977,  13.482427985,   145.171270137,      39.521439053,         29.791,      -15.390, 117.320,  33.5318,    *,  0.925154,  4.65761401562012,-23.3648983,    8.1658,
 2026-Dec-28 02:00:00, ,m, 148.842809804,  13.611980297,  149.214089513,  13.481788992,   164.153328930,      42.748786409,         43.224,      -20.778, 115.672,  47.9592,    *,  0.925268,  4.65704041304832,-24.3034877,    8.1610,
 2026-Dec-28 03:00:00, ,m, 148.844605686,  13.611372016,  149.215888946,  13.481179653,   184.211250768,      43.513347218,         56.420,      -26.051, 114.782,  62.1444,    *,  0.925386,  4.65644448892334,-25.2195941,    8.1563,
 2026-Dec-28 04:00:00, ,m, 148.846308395,  13.610801151,  149.217592148,  13.480607822,   203.965279297,      41.675695379,         69.304,      -31.181, 114.221,  75.9965,    *,  0.925509,  4.65582680318409,-26.1116777,    8.1515,
 2026-Dec-28 05:00:00, ,m, 148.847902310,  13.610275772,  149.219183675,  13.480081406,   222.223682444,      37.558518071,         81.807,      -36.138, 113.830,  89.4347,    *,  0.925636,  4.65518795102829,-26.9783090,    8.1467,
 2026-Dec-28 06:00:00,A,m, 148.849372076,  13.609803938,  149.220648550,  13.479608319,   238.575871974,      31.754920272,         93.858,      -40.896, 113.540, 102.3826,    *,  0.925767,  4.65452856317603,-27.8179282,    8.1420,
 2026-Dec-28 07:00:00,N,m, 148.850702411,  13.609393622,  149.221972049,  13.479196411,   253.264118883,      24.882870978,        105.391,      -45.428, 113.314, 114.7679,    *,  0.925902,  4.65384931170642,-28.6286258,    8.1372,
 2026-Dec-28 08:00:00,C,m, 148.851877961,  13.609052619,  149.223139524,  13.478853392,   266.801084728,      17.471574914,        116.344,      -49.710, 113.131, 126.5222,    *,  0.926041,  4.65315092076032,-29.4079603,    8.1324,
 2026-Dec-28 09:00:00,*,m, 148.852883218,  13.608788444,  149.224136263,  13.478586739,   279.728237929,       9.959257386,        126.657,      -53.718, 112.978, 137.5807,    *,  0.926184,  4.65243418102345,-30.1528282,    8.1277,
 2026-Dec-28 10:00:00,*,m, 148.853702495,  13.608608229,  149.224947424,  13.478403590,   292.527593415,       2.730057414,        136.272,      -57.430, 112.847, 147.8832,    *,  0.926330,  4.65169996660551,-30.8593962,    8.1229,
 2026-Dec-28 11:00:00,*, , 148.854319996,  13.608518612,  149.225558038,  13.478310640,   305.595663118,      -3.849363614,        145.139,      -60.826, 112.732, 157.3737,    *,  0.926480,  4.65094925272180,-31.5231032,    8.1182,
 2026-Dec-28 12:00:00,*, , 148.854719949,  13.608525635,  149.225953095,  13.478314034,   319.218822684,      -9.408977827,        153.209,      -63.888, 112.630, 166.0010,    *,  0.926632,  4.65018313249583,-32.1387309,    8.1134,
 2026-Dec-28 13:00:00,*, , 148.854886825,  13.608634648,  149.226117707,  13.478419267,   333.527582693,     -13.580314294,        160.439,      -66.600, 112.538, 173.7190,    *,  0.926788,  4.64940283123292,-32.7005426,    8.1087,
 2026-Dec-28 14:00:00,*, , 148.854805617,  13.608850236,  149.226037343,  13.478631096,   348.444060046,     -16.035185945,        166.792,      -68.947, 112.452, 180.4868,    *,  0.926946,  4.64860971665276,-33.2024782,    8.1039,
 2026-Dec-28 15:00:00,C, , 148.854462167,  13.609176152,  149.225698127,  13.478953472,     3.674936562,     -16.552816233,        172.233,      -70.917, 112.373, 186.2686,    *,  0.927106,  4.64780530382505,-33.6383969,    8.0991,
 2026-Dec-28 16:00:00,N, , 148.853843525,  13.609615278,  149.225087179,  13.479389481,    18.802508016,     -15.083490761,        176.735,      -72.500, 112.298, 191.0345,    *,  0.927269,  4.64699125389410,-34.0023484,    8.0942,
 2026-Dec-28 17:00:00,A, , 148.852938317,  13.610169614,  149.224192976,  13.479941321,    33.451017412,     -11.764990561,        180.274,      -73.687, 112.225, 194.7600,    *,  0.927433,  4.64616936608657,-34.2888560,    8.0893,
 2026-Dec-28 18:00:00, , , 148.851737098,  13.610840276,  149.223005720,  13.480610291,    47.426252926,      -6.878935119,        182.833,      -74.474, 112.156, 197.4265,    *,  0.927598,  4.64534156294467,-34.4931936,    8.0844,
 2026-Dec-28 19:00:00, , , 148.850232673,  13.611627534,  149.221517675,  13.481396808,    60.755965247,      -0.779901941,        184.399,      -74.856, 112.087, 199.0213,    *,  0.927764,  4.64450986918295,-34.6116357,    8.0794,
 2026-Dec-28 20:00:00, , , 148.848420350,  13.612530854,  149.219723468,  13.482300450,    73.652783628,       6.160239578,        184.966,      -74.832, 112.020, 199.5373,    *,  0.927931,  4.64367638499847,-34.6416655,    8.0744,
 2026-Dec-28 21:00:00, , , 148.846298133,  13.613548965,  149.217620323,  13.483320010,    86.460615727,      13.574212729,        184.531,      -74.402, 111.952, 198.9734,    *,  0.928097,  4.64284325504481,-34.5821251,    8.0692,
 2026-Dec-28 22:00:00, ,m, 148.843866821,  13.614679938,  149.215208212,  13.484453568,    99.619739152,      21.090588532,        183.099,      -73.570, 111.883, 197.3343,    *,  0.928263,  4.64201263457949,-34.4332988,    8.0641,
 2026-Dec-28 23:00:00, ,m, 148.841130010,  13.615921268,  149.212489919,  13.485698578,   113.646494880,      28.303990687,        180.680,      -72.341, 111.813, 194.6305,    *,  0.928429,  4.64118665449527,-34.1969220,    8.0588,
 2026-Dec-29 00:00:00, ,m, 148.838094009,  13.617269962,  149.209471006,  13.487051955,   129.087482503,      34.735430699,        177.286,      -70.722, 111.741, 190.8781,    *,  0.928592,  4.64036738703184,-33.8761159,    8.0535,
 2026-Dec-29 01:00:00, ,m, 148.834767658,  13.618722617,  149.206159685,  13.488510162,   146.367869838,      39.806940810,        172.938,      -68.722, 111.665, 186.0987,    *,  0.928755,  4.63955681393032,-33.4752510,    8.0481,
 2026-Dec-29 02:00:00, ,m, 148.831162070,  13.620275500,  149.202566602,  13.490069292,   165.461640757,      42.888005821,        167.661,      -66.352, 111.585, 180.3194,    *,  0.928915,  4.63875679864117,-32.9997485,    8.0427,
 2026-Dec-29 03:00:00, ,m, 148.827290305,  13.621924605,  149.198704544,  13.491725145,   185.554907044,      43.481085157,        161.484,      -63.626, 111.499, 173.5725,    *,  0.929073,  4.63796906393608,-32.4558324,    8.0372,
 2026-Dec-29 04:00:00, ,m, 148.823167005,  13.623665699,  149.194588089,  13.493473281,   205.249552774,      41.477691986,        154.441,      -60.559, 111.405, 165.8953,    *,  0.929228,  4.63719517592344,-31.8502480,    8.0317,
 2026-Dec-29 05:00:00, ,m, 148.818807999,  13.625494354,  149.190233217,  13.495309066,   223.393499823,      37.227113512,        146.571,      -57.168, 111.302, 157.3300,    *,  0.929380,  4.63643653505058,-31.1899660,    8.0261,
 2026-Dec-29 06:00:00,A,m, 148.814229914,  13.627405954,  149.185656907,  13.497227695,   239.629399437,      31.331640995,        137.917,      -53.471, 111.186, 147.9233,    *,  0.929529,  4.63569437422028,-30.4818908,    8.0205,
 2026-Dec-29 07:00:00,N,m, 148.809449805,  13.629395692,  149.180876749,  13.499224197,   254.229492600,      24.406090938,        128.525,      -49.488, 111.054, 137.7264,    *,  0.929674,  4.63496976368631,-29.7325913,    8.0148,
 2026-Dec-29 08:00:00,C,m, 148.804484836,  13.631458548,  149.175910576,  13.501293426,   267.714540546,      16.973573933,        118.446,      -45.240, 110.900, 126.7943,    *,  0.929816,  4.63426362195491,-28.9480741,    8.0091,
 2026-Dec-29 09:00:00,*,m, 148.799352012,  13.633589258,  149.170776163,  13.503430033,   280.624256843,       9.467955241,        107.734,      -40.751, 110.716, 115.1860,    *,  0.929953,  4.63357673153442,-28.1336097,    8.0034,
 2026-Dec-29 10:00:00,*,m, 148.794068001,  13.635782270,  149.165490981,  13.505628435,   293.435850099,       2.271647020,         96.447,      -36.045, 110.489, 102.9642,    *,  0.930087,  4.63290975807022,-27.2936258,    7.9976,
 2026-Dec-29 11:00:00,*, , 148.788649024,  13.638031709,  149.160072040,  13.507882774,   306.539453493,      -4.248454916,         84.645,      -31.146, 110.199,  90.1946,    *,  0.930217,  4.63226327119770,-26.4316723,    7.9918,
 2026-Dec-29 12:00:00,*, , 148.783110838,  13.640331333,  149.154535815,  13.510186869,   320.212329714,      -9.721589483,         72.390,      -26.081, 109.811,  76.9463,    *,  0.930343,  4.63163776535321,-25.5504595,    7.9860,
 2026-Dec-29 13:00:00,*, , 148.777468798,  13.642674505,  149.148898255,  13.512534186,   334.571757383,     -13.780257244,         59.749,      -20.877, 109.258,  63.2917,    *,  0.930464,  4.63103367881299,-24.6519661,    7.9802,
 2026-Dec-29 14:00:00,*, , 148.771737990,  13.645054170,  149.143174873,  13.514917809,   349.523745536,     -16.101439006,         46.787,      -15.561, 108.395,  49.3074,    *,  0.930581,  4.63045140937366,-23.7376092,    7.9743,
 2026-Dec-29 15:00:00,C, , 148.765933415,  13.647462855,  149.137380905,  13.517330421,     4.761845996,     -16.474860255,         33.574,      -10.162, 106.839,  35.0785,    *,  0.930694,  4.62989132538724,-22.8084551,    7.9684,
 2026-Dec-29 16:00:00,N, , 148.760070213,  13.649892680,  149.131531512,  13.519764308,    19.865685927,     -14.864576770,         20.180,       -4.708, 103.133,  20.7219,    t,  0.930802,  4.62935377128553,-21.8654668,    7.9624,
 2026-Dec-29 17:00:00,A, , 148.754163905,  13.652335395,  149.125642018,  13.522211385,    34.469158622,     -11.420869748,          6.675,        0.771,  83.409,   6.7198,    t,  0.930905,  4.62883906701700,-20.9097566,    7.9564,
 2026-Dec-29 18:00:00, , , 148.748230624,  13.654782438,  149.119728156,  13.524663231,    48.394157207,      -6.433102307,         -6.868,        6.248, 312.293,   9.2844,    t,  0.931004,  4.62834750146108,-19.9428334,    7.9504,
 2026-Dec-29 19:00:00, , , 148.742287309,  13.657225002,  149.113806287,  13.527111156,    61.683705319,      -0.258681400,        -20.378,       11.692, 299.846,  23.4934,    *,  0.931098,  4.62787932010487,-18.9668287,    7.9444,
 2026-Dec-29 20:00:00, , , 148.736351859,  13.659654131,  149.107893590,  13.529546283,    74.561755548,       6.730451350,        -33.782,       17.074, 296.814,  37.8518,    *,  0.931188,  4.62743470771730,-17.9846832,    7.9383,
 2026-Dec-29 21:00:00, , , 148.730443209,  13.662060827,  149.102008189,  13.531959641,    87.380340203,      14.167224406,        -47.011,       22.367, 295.446,  52.0599,    *,  0.931272,  4.62701376718092,-17.0002777,    7.9321,
 2026-Dec-29 22:00:00, , , 148.724581330,  13.664436154,  149.096169206,  13.534342279,   100.586395133,      21.678813684,        -59.992,       27.541, 294.661,  66.0109,    *,  0.931352,  4.62661649597046,-16.0184963,    7.9260,
 2026-Dec-29 23:00:00, ,m, 148.718787146,  13.666771364,  149.090396734,  13.536685377,   114.701527571,      28.855644019,        -72.657,       32.569, 294.148,  79.6214,    *,  0.931428,  4.62624276197692,-15.0452168,    7.9197,
 2026-Dec-30 00:00:00, ,m, 148.713082357,  13.669058002,  149.084711715,  13.538980364,   130.271736777,      35.211546992,        -84.937,       37.425, 293.782,  92.8148,    *,  0.931498,  4.62589228045651,-14.0872273,    7.9135,
 2026-Dec-30 01:00:00, ,m, 148.707489186,  13.671288019,  149.079135740,  13.541219034,   147.703790865,      40.161061538,        -96.767,       42.081, 293.507, 105.5183,    *,  0.931564,  4.62556459383739,-13.1520732,    7.9073,
 2026-Dec-30 02:00:00, ,m, 148.702030055,  13.673453859,  149.073690763,  13.543393641,   166.922658002,      43.074285715,       -108.082,       46.513, 293.289, 117.6623,    *,  0.931626,  4.62525905595133,-12.2478446,    7.9010,
 2026-Dec-30 03:00:00, ,m, 148.696727199,  13.675548544,  149.068398752,  13.545496996,   187.051959915,      43.473343617,       -118.821,       50.696, 293.111, 129.1806,    *,  0.931683,  4.62497482198630,-11.3829157,    7.8948,
 2026-Dec-30 04:00:00, ,m, 148.691602260,  13.677565725,  149.063281291,  13.547522533,   206.675816599,      41.285192574,       -128.925,       54.609, 292.961, 140.0100,    *,  0.931736,  4.62471084509811,-10.5656546,    7.8885,
 2026-Dec-30 05:00:00, ,m, 148.686675852,  13.679499725,  149.058359157,  13.549464362,   224.688864273,      36.888185861,       -138.340,       58.229, 292.832, 150.0908,    *,  0.931786,  4.62446588019840, -9.8041206,    7.8823,
 2026-Dec-30 06:00:00,A,m, 148.681967149,  13.681345548,  149.053651891,  13.551317294,   240.792711128,      30.893722716,       -147.013,       61.536, 292.719, 159.3676,    *,  0.931831,  4.62423849497986, -9.1057684,    7.8760,
 2026-Dec-30 07:00:00,N,m, 148.677493504,  13.683098881,  149.049177390,  13.553076854,   255.291668502,      23.912327326,       -154.896,       64.513, 292.617, 167.7887,    *,  0.931874,  4.62402708777816, -8.4771787,    7.8698,
 2026-Dec-30 08:00:00,C,m, 148.673270122,  13.684756068,  149.044951543,  13.554739263,   268.714662577,      16.459841092,       -161.946,       67.142, 292.525, 175.3070,    *,  0.931914,  4.62382991143447, -7.9238315,    7.8637,
 2026-Dec-30 09:00:00,*,m, 148.669309806,  13.686314069,  149.040987931,  13.556301410,   281.598981100,       8.964824093,       -168.122,       69.409, 292.440, 181.8802,    *,  0.931951,  4.62364510194417, -7.4499368,    7.8575,
 2026-Dec-30 10:00:00,*,m, 148.665622793,  13.687770418,  149.037297604,  13.557760807,   294.416102953,       1.807190746,       -173.390,       71.301, 292.360, 187.4709,    *,  0.931986,  4.62347071038056, -7.0583330,    7.8514,
 2026-Dec-30 11:00:00,*, , 148.662216675,  13.689123165,  149.033888951,  13.559115533,   307.548712965,      -4.646673737,       -177.718,       72.807, 292.284, 192.0467,    *,  0.932020,  4.62330473638920, -6.7504588,    7.8454,
 2026-Dec-30 12:00:00,*, , 148.659096419,  13.690370821,  149.030767662,  13.560364184,   321.263809229,     -10.026161190,       -181.083,       73.917, 292.212, 195.5807,    *,  0.932052,  4.62314516147006, -6.5263984,    7.8394,
 2026-Dec-30 13:00:00,*, , 148.656264479,  13.691512311,  149.027936790,  13.561505807,   335.664476769,     -13.965881911,       -183.462,       74.626, 292.142, 198.0517,    *,  0.932083,  4.62298998030421, -6.3849974,    7.8334,
 2026-Dec-30 14:00:00,*, , 148.653720978,  13.692546931,  149.025396892,  13.562539859,   350.640414296,     -16.149286488,       -184.842,       74.928, 292.073, 199.4440,    *,  0.932114,  4.62283722853782, -6.3240399,    7.8275,
 2026-Dec-30 15:00:00,C, , 148.651463964,  13.693474319,  149.023146255,  13.563466161,     5.873067123,     -16.377673889,       -185.213,       74.822, 292.005, 199.7479,    *,  0.932144,  4.62268500570069, -6.3404732,    7.8216,
 2026-Dec-30 16:00:00,N, , 148.649489702,  13.694294443,  149.021181170,  13.564284873,    20.941259226,     -14.629217486,       -184.571,       74.306, 291.936, 198.9596,    *,  0.932175,  4.62253149230980, -6.4306633,    7.8158,
 2026-Dec-30 17:00:00,A, , 148.647792991,  13.695007603,  149.019496252,  13.564996486,    35.490072595,     -11.066198752,       -182.918,       73.382, 291.866, 197.0811,    *,  0.932207,  4.62237496057949, -6.5906682,    7.8100,
 2026-Dec-30 18:00:00, , , 148.646367487,  13.695614451,  149.018084768,  13.565601824,    49.357920866,      -5.984753612,       -180.259,       72.056, 291.795, 194.1207,    *,  0.932240,  4.62221377863209, -6.8165010,    7.8042,
 2026-Dec-30 19:00:00, , , 148.645205993,  13.696116023,  149.016938964,  13.566102073,    62.602558799,       0.255844813,       -176.610,       70.334, 291.721, 190.0927,    *,  0.932273,  4.62204640858726, -7.1043730,    7.7984,
 2026-Dec-30 20:00:00, , , 148.644300717,  13.696513790,  149.016050351,  13.566498811,    75.458312629,       7.284305812,       -171.986,       68.224, 291.644, 185.0172,    *,  0.932309,  4.62187139927153, -7.4508953,    7.7927,
 2026-Dec-30 21:00:00, , , 148.643643465,  13.696809712,  149.015409952,  13.566794063,    88.284301966,      14.734258231,       -166.413,       65.737, 291.562, 178.9205,    *,  0.932346,  4.62168737470178, -7.8532262,    7.7870,
 2026-Dec-30 22:00:00, , , 148.643225764,  13.697006297,  149.015008481,  13.566990355,   101.532973742,      22.231878133,       -159.919,       62.887, 291.473, 171.8344,    *,  0.932385,  4.62149301976687, -8.3091554,    7.7813,
 2026-Dec-30 23:00:00, , , 148.643038914,  13.697106662,  149.014836447,  13.567090770,   115.729688147,      29.363873417,       -152.539,       59.689, 291.376, 163.7967,    *,  0.932426,  4.62128706471640, -8.8171188,    7.7757,
 2026-Dec-31 00:00:00, , , 148.643073954,  13.697114586,  149.014884176,  13.567099010,   131.417672746,      35.637739950,       -144.313,       56.159, 291.269, 154.8504,    *,  0.932471,  4.62106827013620, -9.3761433,    7.7701,
 2026-Dec-31 01:00:00, ,m, 148.643321559,  13.697034552,  149.015141761,  13.567019440,   148.982849546,      40.462084345,       -135.284,       52.317, 291.148, 145.0440,    *,  0.932518,  4.62083541403897, -9.9857276,    7.7645,
 2026-Dec-31 02:00:00, ,m, 148.643771881,  13.696871772,  149.015598939,  13.566857126,   168.301154948,      43.209866635,       -125.502,       48.184, 291.008, 134.4310,    *,  0.932568,  4.62058728253322,-10.6456657,    7.7589,
 2026-Dec-31 03:00:00, ,m, 148.644414332,  13.696632200,  149.016244907,  13.566617856,   188.440288170,      43.424284933,       -115.021,       43.783, 290.844, 123.0695,    *,  0.932621,  4.62032266526358,-11.3558293,    7.7534,
 2026-Dec-31 04:00:00, ,m, 148.645237351,  13.696322511,  149.017068105,  13.566308133,   207.976521044,      41.065963371,       -103.898,       39.137, 290.645, 111.0223,    *,  0.932678,  4.62004035645933,-12.1159226,    7.7479,
 2026-Dec-31 05:00:00, ,m, 148.646228161,  13.695950072,  149.018055973,  13.565935157,   225.854017130,      36.538085118,        -92.194,       34.272, 290.396,  98.3562,    *,  0.932739,  4.61973916201130,-12.9252290,    7.7425,
 2026-Dec-31 06:00:00,A,m, 148.647372545,  13.695522874,  149.019194713,  13.565506776,   241.828437611,      30.457735463,        -79.974,       29.216, 290.071,  85.1421,    *,  0.932804,  4.61941791254798,-13.7823694,    7.7371,
 2026-Dec-31 07:00:00,N,m, 148.648654659,  13.695049457,  149.020469072,  13.565031416,   256.230677697,      23.429760057,        -67.306,       23.996, 289.625,  71.4545,    *,  0.932873,  4.61907548203058,-14.6850882,    7.7317,
 2026-Dec-31 08:00:00,C,m, 148.650056901,  13.694538811,  149.021862183,  13.564517993,   269.594872897,      15.962547487,        -54.260,       18.641, 288.962,  57.3722,    *,  0.932947,  4.61871081096604,-15.6300858,    7.7264,
 2026-Dec-31 09:00:00,*,m, 148.651559863,  13.694000258,  149.023355455,  13.563975805,   282.454886340,       8.479500030,        -40.909,       13.181, 287.861,  42.9797,    u,  0.933025,  4.61832293297474,-16.6129096,    7.7211,
 2026-Dec-31 10:00:00,*,m, 148.653142356,  13.693443334,  149.024928552,  13.563414414,   295.276455451,       1.358147335,        -27.327,        7.647, 285.634,  28.3767,    u,  0.933108,  4.61791100317173,-17.6279133,    7.7159,
 2026-Dec-31 11:00:00,*, , 148.654781536,  13.692877660,  149.026559455,  13.562843518,   308.435342004,      -5.035603568,        -13.590,        2.069, 278.656,  13.7467,    U,  0.933196,  4.61747432664525,-18.6682900,    7.7107,
 2026-Dec-31 12:00:00,*, , 148.656453111,  13.692312819,  149.028224625,  13.562272825,   322.189274520,     -10.331228726,          0.225,       -3.522, 176.341,   3.5291,    O,  0.933290,  4.61701238525776,-19.7261782,    7.7056,
 2026-Dec-31 13:00:00,*, , 148.658131637,  13.691758233,  149.029899238,  13.561711923,   336.628642254,     -14.165117883,         14.042,       -9.094, 122.928,  16.7299,    O,  0.933388,  4.61652486105561,-20.7928366,    7.7005,
 2026-Dec-31 14:00:00,*, , 148.659790883,  13.691223063,  149.031557515,  13.561170170,   351.628635289,     -16.226332635,         27.784,      -14.617, 117.748,  31.3944,    *,  0.933492,  4.61601165475113,-21.8588768,    7.6954,
 2026-Dec-31 15:00:00,C, , 148.661404250,  13.690716112,  149.033173113,  13.560656589,     6.859999990,     -16.326240174,         41.374,      -20.060, 115.864,  45.9805,    *,  0.933601,  4.61547289802328,-22.9145417,    7.6903,
 2026-Dec-31 16:00:00,N, , 148.662945225,  13.690245763,  149.034719559,  13.560179784,    21.900849713,     -14.455253209,         54.736,      -25.392, 114.884,  60.3396,    *,  0.933715,  4.61490895875108,-23.9500115,    7.6852,
 2026-Dec-31 17:00:00,A, , 148.664387845,  13.689819919,  149.036170712,  13.559747879,    36.405996283,     -10.786014549,         67.797,      -30.584, 114.278,  74.3774,    *,  0.933834,  4.61432043872348,-24.9557199,    7.6801,
 2026-Dec-31 18:00:00, , , 148.665707143,  13.689445981,  149.037501232,  13.559368473,    50.228182164,      -5.620523281,         80.485,      -35.607, 113.862,  88.0110,    *,  0.933958,  4.61370816383049,-25.9226595,    7.6750,
 2026-Dec-31 19:00:00, , , 148.666879567,  13.689130840,  149.038687014,  13.559048622,    63.438006793,       0.680237164,         92.729,      -40.434, 113.556, 101.1628,    *,  0.934087,  4.61307316720359,-26.8426590,    7.6699,
 2026-Dec-31 20:00:00, , , 148.667883331,  13.688880879,  149.039705586,  13.558794838,    76.279013008,       7.745333436,        104.462,      -45.037, 113.319, 113.7592,    *,  0.934220,  4.61241666620568,-27.7086147,    7.6648,
 2026-Dec-31 21:00:00, , , 148.668698700,  13.688702009,  149.040536441,  13.558613106,    89.116822427,      15.208680878,        115.619,      -49.393, 113.128, 125.7306,    *,  0.934357,  4.61174003454427,-28.5146624,    7.6596,
 2026-Dec-31 22:00:00, , , 148.669308181,  13.688599693,  149.041161281,  13.558508918,   102.409045305,      22.695135837,        126.140,      -53.476, 112.969, 137.0110,    *,  0.934498,  4.61104477107058,-29.2562794,    7.6544,
 2026-Dec-31 23:00:00, , , 148.669696625,  13.688578993,  149.041564176,  13.558487308,   116.684445124,      29.787581279,        135.968,      -57.265, 112.834, 147.5387,    *,  0.934642,  4.61033246701189,-29.9303120,    7.6492,
$$EOE
***************************************************************************************************************************************************************************************************************************************
Column meaning:
 
TIME

  Times PRIOR to 1962 are UT1, a mean-solar time closely related to the
prior but now-deprecated GMT. Times AFTER 1962 are in UTC, the current
civil or "wall-clock" time-scale. UTC is kept within 0.9 seconds of UT1
using integer leap-seconds for 1972 and later years.

  Conversion from the internal Barycentric Dynamical Time (TDB) of solar
system dynamics to the non-uniform civil UT time-scale requested for output
has not been determined for UTC times after the next July or January 1st.
Therefore, the last known leap-second is used as a constant over future
intervals.

  Time tags refer to the UT time-scale conversion from TDB on Earth
regardless of observer location within the solar system, although clock
rates may differ due to the local gravity field and no analog to "UT"
may be defined for that location.

  Any 'b' symbol in the 1st-column denotes a B.C. date. First-column blank
(" ") denotes an A.D. date.
 
CALENDAR SYSTEM

  Mixed calendar mode was active such that calendar dates after AD 1582-Oct-15
(if any) are in the modern Gregorian system. Dates prior to 1582-Oct-5 (if any)
are in the Julian calendar system, which is automatically extended for dates
prior to its adoption on 45-Jan-1 BC.  The Julian calendar is useful for
matching historical dates. The Gregorian calendar more accurately corresponds
to the Earth's orbital motion and seasons. A "Gregorian-only" calendar mode is
available if such physical events are the primary interest.

  NOTE: "n.a." in output means quantity "not available" at the print-time.
 
SOLAR PRESENCE (OBSERVING SITE)
  Time tag is followed by a blank, then a solar-presence symbol:

       '*'  Daylight (refracted solar upper-limb on or above apparent horizon)
       'C'  Civil twilight/dawn
       'N'  Nautical twilight/dawn
       'A'  Astronomical twilight/dawn
       ' '  Night OR geocentric ephemeris

LUNAR PRESENCE (OBSERVING SITE)
  The solar-presence symbol is immediately followed by a lunar-presence symbol:

       'm'  Refracted upper-limb of Moon on or above apparent horizon
       ' '  Refracted upper-limb of Moon below apparent horizon OR geocentric
            ephemeris
 
 'R.A.___(ICRF), DEC____(ICRF),' =
  Astrometric right ascension and declination of the target center with
respect to the observing site (coordinate origin) in the reference frame of
the planetary ephemeris (ICRF). Compensated for down-leg light-time delay
aberration.

  Units: RA  in decimal degrees,  ddd.fffff{ffff}
         DEC in decimal degrees,  sdd.fffff{ffff}
 
 'R.A.__(a-app), DEC___(a-app),' =
  Airless apparent right ascension and declination of the target center
with respect to an instantaneous reference frame defined by the Earth equator
of-date (z-axis) and meridian containing the Earth equinox of-date (x-axis,
EOP-corrected IAU76/80). Compensated for down-leg light-time delay,
gravitational deflection of light, stellar aberration, precession & nutation.
Note: equinox (RA origin) is offset -53 mas from the of-date frame defined by
the IAU06/00a P & N system.

  Units: RA  in decimal degrees, ddd.fffff{ffff}
         DEC in decimal degrees  sdd.fffff{ffff}

 
 'Azimuth_(a-app), Elevation_(a-app),' =
  Airless apparent azimuth and elevation of target center. Compensated
for light-time, the gravitational deflection of light, stellar aberration,
precession and nutation. Azimuth is measured clockwise from north:

  North(0) -> East(90) -> South(180) -> West(270) -> North (360)

Elevation angle is with respect to a plane perpendicular to the reference
surface local zenith direction. TOPOCENTRIC ONLY.  Units: DEGREES
 
 'X_(sat-prim), Y_(sat-prim), SatPANG,' =
   Satellite apparent differential coordinates in the plane-of-sky with
respect to the primary body along with the satellite position angle.
Differential coordinates are defined in RA as:

     X= ((RA_sat - RA_primary) * cosine(DEC_primary))

... and in DEC as:

     Y= (DEC_sat - DEC_primary)

Non-lunar satellites only. "SatPANG" is the counter-clockwise (CCW) position
angle from the reference-frame of-date north-pole to a line from the primary
center to the satellite center. Units: ARCSECONDS (X & Y), DEGREES (pos, angle)
 
 'ang-sep, vis.,' =
  The angular separation between the center of the target object and the center
of the (remote) primary body it revolves around, as seen by the observer, with
target visibility code.

  Visibility codes (refers to limb-to-limb):

    /t = Transiting primary body disk    /O = Occulted by primary body disk
    /p = Partial umbral eclipse          /P = Occulted partial umbral eclipse
    /u = Total umbral eclipse            /U = Occulted total umbral eclipse
    /- = Target is the primary body      /* = None of above ("free and clear")

  The radius of both primary and target body is taken to be the equatorial
value (maximum, given a triaxial shape). Atmospheric effects and oblateness
aspect are NOT currently considered.  Light-time is considered.

  Units: ARCSECONDS and visibility code
 
 'Ang-diam,' =
   The equatorial angular width of the target body full disk, if it were fully
illuminated and visible to the observer. If the target body diameter is unknown
"n.a." is output.

   Units: ARCSECONDS
 
 'delta,     deldot,' =
   Apparent range ("delta", light-time aberrated) and range-rate ("delta-dot")
of the target center relative to the observer. A positive "deldot" means the
target center is moving away from the observer, negative indicates movement
toward the observer.  Units: AU and KM/S
 
 'S-T-O,' =
   The Sun-Target-Observer angle; the interior vertex angle at target center
formed by a vector from the target to the apparent center of the Sun (at
reflection time on the target) and the apparent vector from target to the
observer at print-time. Slightly different from true PHASE ANGLE (requestable
separately) at the few arcsecond level in that it includes stellar aberration
on the down-leg from target to observer.  Units: DEGREES

Computations by ...

    Solar System Dynamics Group, Horizons On-Line Ephemeris System
    4800 Oak Grove Drive, Jet Propulsion Laboratory
    Pasadena, CA  91109   USA

    General site: https://ssd.jpl.nasa.gov/
    Mailing list: https://ssd.jpl.nasa.gov/email_list.html
    System news : https://ssd.jpl.nasa.gov/horizons/news.html
    User Guide  : https://ssd.jpl.nasa.gov/horizons/manual.html
    Connect     : browser        https://ssd.jpl.nasa.gov/horizons/app.html#/x
                  API            https://ssd-api.jpl.nasa.gov/doc/horizons.html
                  command-line   telnet ssd.jpl.nasa.gov 6775
                  e-mail/batch   https://ssd.jpl.nasa.gov/ftp/ssd/horizons_batch.txt
                  scripts        https://ssd.jpl.nasa.gov/ftp/ssd/SCRIPTS
    Inquiries   : Jon.D.Giorgini@jpl.nasa.gov

***************************************************************************************************************************************************************************************************************************************
