# JPL Horizons response, kept whole (#472)
# request-url: https://ssd.jpl.nasa.gov/api/horizons.api?format=text&COMMAND=%27504%27&MAKE_EPHEM=%27YES%27&EPHEM_TYPE=%27OBSERVER%27&CENTER=%27coord%40399%27&COORD_TYPE=%27GEODETIC%27&QUANTITIES=%271%2C2%2C4%2C6%2C12%2C13%2C20%2C24%27&EXTRA_PREC=%27YES%27&ANG_FORMAT=%27DEG%27&APPARENT=%27AIRLESS%27&CSV_FORMAT=%27YES%27&TIME_DIGITS=%27SECONDS%27&SITE_COORD=%2710.75%2C59.91%2C0.0%27&START_TIME=%272026-12-01%2000%3A00%27&STOP_TIME=%272026-12-31%2023%3A00%27&STEP_SIZE=%271%20h%27
# requested-utc: 2026-10-07T13:54:01Z
# body-sha256: f2dfb6c6aead98493ca9aa5744539f375da2ade458180c97b7579cbd9a3d8b73
# body-bytes: 183491
# complete: True
API VERSION: 1.2
API SOURCE: NASA/JPL Horizons API

*******************************************************************************
 Revised: Mar 12, 2021           Callisto / (Jupiter)                       504

 SATELLITE PHYSICAL PROPERTIES:
  Mean radius (km)      = 2410.3 +- 1.5       Density (g cm^-3)= 1.834 +- 0.004
  GM (km^3/s^2)         = 7179.2834 +- 0.0097 Geometric Albedo = 0.17  +- 0.02
                                              V(1,0)           = -1.05

 SATELLITE ORBIT (at J2000.0 epoch, 2000-Jan-1.5):
  Semi-major axis, a (km)~ 1,883,000          Orbital period   ~ 16.691    d
  Eccentricity, e        ~ 0.00744            Rotational period= Synchronous
  Inclination, i  (deg)  ~ 0.200 
*******************************************************************************


*******************************************************************************
Ephemeris / API_USER Wed Oct  7 06:54:02 2026 Pasadena, USA      / Horizons    
*******************************************************************************
Target body name: Callisto (504)                  {source: jup365_merged}
Center body name: Earth (399)                     {source: DE441}
Center-site name: (user defined site below)
*******************************************************************************
Start time      : A.D. 2026-Dec-01 00:00:00.0000 UT      
Stop  time      : A.D. 2026-Dec-31 23:00:00.0000 UT      
Step-size       : 60 minutes
*******************************************************************************
Target pole/equ : IAU_CALLISTO                    {West-longitude positive}
Target radii    : 2410.3, 2410.3, 2410.3 km       {Equator_a, b, pole_c}       
Center geodetic : 10.75, 59.91, 0.0               {E-lon(deg),Lat(deg),Alt(km)}
Center cylindric: 10.75, 3205.78431, 5495.4568    {E-lon(deg),Dxy(km),Dz(km)}
Center pole/equ : ITRF93                          {East-longitude positive}
Center radii    : 6378.137, 6378.137, 6356.752 km {Equator_a, b, pole_c}       
Target primary  : Jupiter
Vis. interferer : MOON (R_eq= 1737.400) km        {source: DE441}
Rel. light bend : Sun                             {source: jup365_merged}
Rel. lght bnd GM: 1.3271E+11 km^3/s^2                                          
Atmos refraction: NO (AIRLESS)
RA format       : DEG
Time format     : CAL 
Calendar mode   : Mixed Julian/Gregorian
EOP file        : eop.261006.p270102                                           
EOP coverage    : DATA-BASED 1962-JAN-20 TO 2026-OCT-06. PREDICTS-> 2027-JAN-01
Units conversion: 1 au= 149597870.700 km, c= 299792.458 km/s, 1 day= 86400.0 s 
Table cut-offs 1: Elevation (-90.0deg=NO ),Airmass (>38.000=NO), Daylight (NO )
Table cut-offs 2: Solar elongation (  0.0,180.0=NO ),Local Hour Angle( 0.0=NO )
Table cut-offs 3: RA/DEC angular rate (     0.0=NO )                           
Table format    : Comma Separated Values (spreadsheet)
***************************************************************************************************************************************************************************************************************************************
 Date__(UT)__HR:MN:SS, , , R.A.___(ICRF), DEC____(ICRF),  R.A.__(a-app), DEC___(a-app), Azimuth_(a-app), Elevation_(a-app),   X_(sat-prim), Y_(sat-prim), SatPANG,  ang-sep, vis.,  Ang-diam,             delta,     deldot,     S-T-O,
***************************************************************************************************************************************************************************************************************************************
$$SOE
 2026-Dec-01 00:00:00, ,m, 148.814750542,  13.507811885,  149.182083367,  13.379026366,   101.948684607,      22.239137121,       -379.997,      150.181, 291.579, 408.5671,    *,  1.318597,  5.04067598814988,-20.3174025,   10.4163,
 2026-Dec-01 01:00:00, ,m, 148.817621588,  13.506918930,  149.184966937,  13.378129142,   116.168595336,      29.350751891,       -375.496,      148.319, 291.568, 403.6981,    *,  1.318725,  5.04018649451303,-20.3636201,   10.4144,
 2026-Dec-01 02:00:00, ,m, 148.820500159,  13.506015316,  149.187856121,  13.377221821,   131.882367409,      35.589683460,       -370.903,      146.421, 291.556, 398.7290,    *,  1.318853,  5.03969602556729,-20.3988540,   10.4125,
 2026-Dec-01 03:00:00, ,m, 148.823389045,  13.505100452,  149.190753114,  13.376303678,   149.463882834,      40.364530184,       -366.217,      144.486, 291.545, 393.6611,    *,  1.318982,  5.03920481335365,-20.4259143,   10.4105,
 2026-Dec-01 04:00:00, ,m, 148.826291762,  13.504173954,  149.193661005,  13.375374166,   168.771250608,      43.052708338,       -361.441,      142.515, 291.533, 388.4956,    *,  1.319111,  5.03871301386641,-20.4482746,   10.4086,
 2026-Dec-01 05:00:00, ,m, 148.829212289,  13.503235687,  149.196583548,  13.374432966,   188.862333912,      43.207634348,       -356.576,      140.508, 291.520, 383.2339,    *,  1.319239,  5.03822069389032,-20.4698329,   10.4066,
 2026-Dec-01 06:00:00,A,m, 148.832154773,  13.502285778,  149.199524871,  13.373480014,   208.326435274,      40.800874839,       -351.622,      138.467, 291.507, 377.8771,    *,  1.319369,  5.03772782398337,-20.4946428,   10.4047,
 2026-Dec-01 07:00:00,C,m, 148.835123219,  13.501324620,  149.202489182,  13.372515516,   226.132906416,      36.240178713,       -346.580,      136.391, 291.494, 372.4267,    *,  1.319498,  5.03723427808631,-20.5266343,   10.4027,
 2026-Dec-01 08:00:00,*,m, 148.838121193,  13.500352851,  149.205480447,  13.371539945,   242.053361934,      30.140711033,       -341.453,      134.281, 291.481, 366.8839,    *,  1.319627,  5.03673983978620,-20.5693434,   10.4008,
 2026-Dec-01 09:00:00,*,m, 148.841151556,  13.499371326,  149.208502101,  13.370554018,   256.421840441,      23.103415614,       -336.242,      132.138, 291.467, 361.2503,    *,  1.319757,  5.03624421480541,-20.6256682,   10.3989,
 2026-Dec-01 10:00:00,*,m, 148.844216238,  13.498381062,  149.211556782,  13.369558655,   269.769910664,      15.633692123,       -330.947,      129.962, 291.452, 355.5272,    *,  1.319887,  5.03574704886108,-20.6976688,   10.3970,
 2026-Dec-01 11:00:00,*,m, 148.847316085,  13.497383182,  149.214646129,  13.368554928,   282.628243666,       8.153466461,       -325.570,      127.754, 291.437, 349.7160,    *,  1.320018,  5.03524794967191,-20.7864248,   10.3951,
 2026-Dec-01 12:00:00,*,m, 148.850450772,  13.496378847,  149.217770644,  13.367543994,   295.460270758,       1.040051573,       -320.113,      125.513, 291.422, 343.8181,    *,  1.320150,  5.03474651160562,-20.8919597,   10.3932,
 2026-Dec-01 13:00:00,*, , 148.853618801,  13.495369187,  149.220929630,  13.366527034,   308.640062434,      -5.339978783,       -314.576,      123.242, 291.406, 337.8351,    *,  1.320282,  5.03424234127932,-21.0132374,   10.3914,
 2026-Dec-01 14:00:00,*, , 148.856817577,  13.494355234,  149.224121211,  13.365505172,   322.423281140,     -10.614996251,       -308.961,      120.940, 291.389, 331.7684,    *,  1.320415,  5.03373508235951,-21.1482320,   10.3895,
 2026-Dec-01 15:00:00,C, , 148.860043558,  13.493337862,  149.227342438,  13.364479417,   336.896742935,     -14.420532229,       -303.270,      118.607, 291.371, 325.6195,    *,  1.320549,  5.03322443786423,-21.2940647,   10.3877,
 2026-Dec-01 16:00:00,N, , 148.863292473,  13.492317737,  149.230589460,  13.363450601,   351.930182966,     -16.445980258,       -297.504,      116.245, 291.353, 319.3897,    *,  1.320684,  5.03271018844008,-21.4471992,   10.3859,
 2026-Dec-01 17:00:00, , , 148.866559581,  13.491295284,  149.233857762,  13.362419332,     7.188453390,     -16.504970609,       -291.664,      113.854, 291.335, 313.0808,    *,  1.320820,  5.03219220536308,-21.6036824,   10.3841,
 2026-Dec-01 18:00:00, , , 148.869839977,  13.490270666,  149.237142446,  13.361385967,    22.246165577,     -14.591875025,       -285.752,      111.434, 291.315, 306.6940,    *,  1.320957,  5.03167045737347,-21.7594132,   10.3823,
 2026-Dec-01 19:00:00, , , 148.873128890,  13.489243788,  149.240438542,  13.360350593,    36.758738488,     -10.883692533,       -279.768,      108.987, 291.294, 300.2311,    *,  1.321095,  5.03114501087711,-21.9104219,   10.3805,
 2026-Dec-01 20:00:00, , , 148.876421991,  13.488214309,  149.243741311,  13.359313040,    50.582643260,      -5.685829832,       -273.715,      106.512, 291.273, 293.6934,    *,  1.321234,  5.03061602349960,-22.0531399,   10.3786,
 2026-Dec-01 21:00:00, , , 148.879715653,  13.487181683,  149.247046553,  13.358272896,    63.793037458,       0.638716589,       -267.594,      104.011, 291.250, 287.0826,    *,  1.321374,  5.03008373143551,-22.1846431,   10.3768,
 2026-Dec-01 22:00:00, , , 148.883007175,  13.486145202,  149.250350856,  13.357229550,    76.637255737,       7.718000460,       -261.407,      101.483, 291.227, 280.4003,    *,  1.321514,  5.02954843145913,-22.3028494,   10.3749,
 2026-Dec-01 23:00:00, , , 148.886294937,  13.485104063,  149.253651808,  13.356182249,    89.483420765,      15.185263021,       -255.154,       98.930, 291.202, 273.6480,    *,  1.321656,  5.02901045882896,-22.4066604,   10.3731,
 2026-Dec-02 00:00:00, ,m, 148.889578482,  13.484057425,  149.256948125,  13.355130154,   102.790151555,      22.664506144,       -248.837,       96.352, 291.176, 266.8273,    *,  1.321798,  5.02847016259977,-22.4960342,   10.3712,
 2026-Dec-02 01:00:00, ,m, 148.892858516,  13.483004487,  149.260239720,  13.354072415,   117.084952019,      29.737407517,       -242.459,       93.750, 291.149, 259.9401,    *,  1.321940,  5.02792788003314,-22.5719870,   10.3693,
 2026-Dec-02 02:00:00, ,m, 148.896136831,  13.481944551,  149.263527667,  13.353008240,   132.902458213,      35.904226230,       -236.019,       91.124, 291.120, 252.9878,    *,  1.322083,  5.02738391185947,-22.6365211,   10.3674,
 2026-Dec-02 03:00:00, ,m, 148.899416153,  13.480877084,  149.266814109,  13.351936959,   150.596126431,      40.568787756,       -229.521,       88.476, 291.089, 245.9724,    *,  1.322227,  5.02683850008632,-22.6924863,   10.3655,
 2026-Dec-02 04:00:00, ,m, 148.902699923,  13.479801761,  149.270102072,  13.350858084,   169.980096346,      43.112343815,       -222.965,       85.805, 291.057, 238.8954,    *,  1.322370,  5.02629180987304,-22.7433828,   10.3636,
 2026-Dec-02 05:00:00, ,m, 148.905992032,  13.478718506,  149.273395230,  13.349771356,   190.067247725,      43.108134073,       -216.354,       83.112, 291.022, 231.7587,    *,  1.322515,  5.02574391671406,-22.7931196,   10.3617,
 2026-Dec-02 06:00:00,A,m, 148.909296521,  13.477627508,  149.276697625,  13.348676770,   209.447087019,      40.556827148,       -209.688,       80.398, 290.986, 224.5640,    *,  1.322659,  5.02519479980865,-22.8457447,   10.3597,
 2026-Dec-02 07:00:00,C,m, 148.912617276,  13.476529217,  149.280013356,  13.347574594,   227.134740848,      35.886070935,       -202.970,       77.665, 290.946, 217.3133,    *,  1.322804,  5.02464434207163,-22.9051660,   10.3578,
 2026-Dec-02 08:00:00,*,m, 148.915957729,  13.475424329,  149.283346264,  13.346465359,   242.946547906,      29.714719811,       -196.202,       74.911, 290.904, 210.0082,    *,  1.322949,  5.02409233678484,-22.9748820,   10.3559,
 2026-Dec-02 09:00:00,*,m, 148.919320589,  13.474313751,  149.286699644,  13.345349836,   257.236988518,      22.638635387,       -189.384,       72.139, 290.859, 202.6507,    *,  1.323095,  5.02353850043346,-23.0577400,   10.3540,
 2026-Dec-02 10:00:00,*,m, 148.922707628,  13.473198547,  149.290075982,  13.344228997,   270.540901615,      15.157202384,       -182.519,       69.348, 290.811, 195.2426,    *,  1.323242,  5.02298249084842,-23.1557391,   10.3521,
 2026-Dec-02 11:00:00,*,m, 148.926119522,  13.472079886,  149.293476751,  13.343103962,   283.385704611,       7.688492881,       -175.608,       66.540, 290.759, 187.7857,    *,  1.323389,  5.02242392941217,-23.2698917,   10.3503,
 2026-Dec-02 12:00:00,*,m, 148.929555777,  13.470958967,  149.296902284,  13.341975930,   296.229900440,       0.608380915,       -168.654,       63.714, 290.702, 180.2819,    *,  1.323537,  5.02186242580667,-23.4001520,   10.3484,
 2026-Dec-02 13:00:00,*, , 148.933014727,  13.469836953,  149.300351711,  13.340846116,   309.441520561,      -5.716391574,       -161.657,       60.873, 290.640, 172.7330,    *,  1.323686,  5.02129760361044,-23.5454168,   10.3466,
 2026-Dec-02 14:00:00,*, , 148.936493616,  13.468714905,  149.303822990,  13.339715679,   323.267777496,     -10.913821570,       -154.620,       58.016, 290.573, 165.1410,    *,  1.323836,  5.02072912500791,-23.7035994,   10.3448,
 2026-Dec-02 15:00:00,C, , 148.939988752,  13.467593721,  149.307313013,  13.338585651,   337.783569347,     -14.620840780,       -147.544,       55.144, 290.499, 157.5075,    *,  1.323986,  5.02015671286500,-23.8717712,   10.3430,
 2026-Dec-02 16:00:00,N, , 148.943495730,  13.466474088,  149.310817783,  13.337456888,   352.844902347,     -16.532046362,       -140.430,       52.258, 290.417, 149.8346,    *,  1.324139,  5.01958016872786,-24.0463591,   10.3412,
 2026-Dec-02 17:00:00, , , 148.947009695,  13.465356447,  149.314332659,  13.336330015,     8.106617816,     -16.470606942,       -133.282,       49.359, 290.326, 142.1241,    *,  1.324292,  5.01899938547507,-24.2233886,   10.3394,
 2026-Dec-02 18:00:00, , , 148.950525645,  13.464240980,  149.317852634,  13.335205406,    23.142894707,     -14.442492743,       -126.099,       46.447, 290.225, 134.3778,    *,  1.324446,  5.01841435375760,-24.3987545,   10.3376,
 2026-Dec-02 19:00:00, , , 148.954038737,  13.463127604,  149.321372649,  13.334083163,    37.618505848,     -10.634495113,       -118.884,       43.522, 290.112, 126.5977,    *,  1.324602,  5.01782516179161,-24.5684996,   10.3358,
 2026-Dec-02 20:00:00, , , 148.957544587,  13.462015997,  149.324887906,  13.332963127,    51.403428945,      -5.357600461,       -111.639,       40.587, 289.983, 118.7857,    *,  1.324758,  5.01723198851872,-24.7290838,   10.3340,
 2026-Dec-02 21:00:00, , , 148.961039535,  13.460905628,  149.328394157,  13.331844903,    64.584854272,       1.023438849,       -104.366,       37.640, 289.836, 110.9437,    u,  1.324916,  5.01663509060134,-24.8776245,   10.3322,
 2026-Dec-02 22:00:00, , , 148.964520862,  13.459795810,  149.331887969,  13.330727899,    77.418778770,       8.136784092,        -97.065,       34.684, 289.667, 103.0738,    u,  1.325074,  5.01603478414417,-25.0120920,   10.3304,
 2026-Dec-02 23:00:00, , , 148.967986943,  13.458685760,  149.335366918,  13.329611377,    90.279465306,      15.615670308,        -89.739,       31.718, 289.469,  95.1780,    u,  1.325234,  5.01543142239303,-25.1314467,   10.3286,
 2026-Dec-03 00:00:00, , , 148.971437323,  13.457574664,  149.338829728,  13.328494523,   103.630293369,      23.082571319,        -82.390,       28.744, 289.236,  87.2585,    u,  1.325394,  5.01482537093864,-25.2357078,   10.3267,
 2026-Dec-03 01:00:00, , , 148.974872714,  13.456461749,  149.342276316,  13.327376512,   118.001435956,      30.115336236,        -75.018,       25.762, 288.956,  79.3176,    u,  1.325555,  5.01421698212325,-25.3259505,   10.3249,
 2026-Dec-03 02:00:00, ,m, 148.978294913,  13.455346349,  149.345707770,  13.326256581,   133.923176646,      36.208450855,        -67.627,       22.773, 288.613,  71.3578,    *,  1.325716,  5.01360657040334,-25.4042299,   10.3230,
 2026-Dec-03 03:00:00, ,m, 148.981706642,  13.454227960,  149.349126239,  13.325134091,   151.727305116,      40.761269685,        -60.218,       19.778, 288.184,  63.3818,    *,  1.325878,  5.01299439035542,-25.4734388,   10.3211,
 2026-Dec-03 04:00:00, ,m, 148.985111332,  13.453106297,  149.352534748,  13.324008588,   171.183239998,      43.159690729,        -52.792,       16.777, 287.632,  55.3931,    *,  1.326040,  5.01238061883215,-25.5371066,   10.3192,
 2026-Dec-03 05:00:00, ,m, 148.988512847,  13.451981317,  149.355936961,  13.322879848,   191.260816194,      42.997579492,        -45.352,       13.771, 286.892,  47.3959,    *,  1.326203,  5.01176534249042,-25.5991567,   10.3173,
 2026-Dec-03 06:00:00,A,m, 148.991915191,  13.450853244,  149.359336891,  13.321747902,   210.553311929,      40.304445199,        -37.898,       10.761, 285.852,  39.3963,    *,  1.326366,  5.01114855154643,-25.6636348,   10.3154,
 2026-Dec-03 07:00:00,N,m, 148.995322192,  13.449722562,  149.362738593,  13.320613053,   228.122599418,      35.526705297,        -30.434,        7.747, 284.282,  31.4048,    *,  1.326530,  5.01053014018506,-25.7344301,   10.3135,
 2026-Dec-03 08:00:00,*,m, 148.998737211,  13.448589999,  149.366145849,  13.319475865,   243.828146630,      29.286081329,        -22.961,        4.731, 281.642,  23.4434,    *,  1.326694,  5.00990991359626,-25.8150069,   10.3116,
 2026-Dec-03 09:00:00,*,m, 149.002162872,  13.447456487,  149.369561878,  13.318337139,   258.043335953,      22.173177838,        -15.481,        1.712, 276.312,  15.5750,    O,  1.326859,  5.00928760115574,-25.9081653,   10.3098,
 2026-Dec-03 10:00:00,*,m, 149.005600851,  13.446323117,  149.372989076,  13.317197874,   271.305613046,      14.681512914,         -7.995,       -1.308, 260.711,   8.1009,    O,  1.327025,  5.00866287484800,-26.0158474,   10.3079,
 2026-Dec-03 11:00:00,*,m, 149.009051723,  13.445191074,  149.376428818,  13.316059210,   284.138995231,       7.225510177,         -0.505,       -4.328, 186.654,   4.3575,    O,  1.327191,  5.00803537166901,-26.1390019,   10.3061,
 2026-Dec-03 12:00:00,*,m, 149.012514887,  13.444061571,  149.379881329,  13.314922365,   296.997052767,       0.179768778,          6.987,       -7.349, 136.445,  10.1398,    O,  1.327358,  5.00740471847491,-26.2775175,   10.3043,
 2026-Dec-03 13:00:00,*, , 149.015988574,  13.442935779,  149.383345633,  13.313788563,   310.241730025,      -6.088710968,         14.479,      -10.368, 125.606,  17.8081,    O,  1.327526,  5.00677055757404,-26.4302284,   10.3025,
 2026-Dec-03 14:00:00,*, , 149.019469931,  13.441814763,  149.386819586,  13.312658969,   324.111645542,     -11.207563586,         21.969,      -13.386, 121.354,  25.7259,    *,  1.327695,  5.00613257131002,-26.5949917,   10.3007,
 2026-Dec-03 15:00:00,C, , 149.022955184,  13.440699419,  149.390299985,  13.311534617,   338.669621334,     -14.815259212,         29.455,      -16.402, 119.110,  33.7145,    *,  1.327866,  5.00549050395211,-26.7688328,   10.2989,
 2026-Dec-03 16:00:00,N, , 149.026439855,  13.439590430,  149.393782752,  13.310416357,   353.757980930,     -16.611827102,         36.937,      -19.415, 117.726,  41.7291,    *,  1.328037,  5.00484417939341,-26.9481466,   10.2971,
 2026-Dec-03 17:00:00, , , 149.029919040,  13.438488229,  149.397263182,  13.309304811,     9.021973783,     -16.430155700,         44.412,      -22.424, 116.788,  49.7524,    *,  1.328210,  5.00419351344531,-27.1289422,   10.2953,
 2026-Dec-03 18:00:00, , , 149.033387707,  13.437392988,  149.400736225,  13.308200339,    24.035962453,     -14.287797282,         51.878,      -25.429, 116.111,  57.7756,    *,  1.328384,  5.00353851988537,-27.3071148,   10.2936,
 2026-Dec-03 19:00:00, , , 149.036841003,  13.436304615,  149.404196802,  13.307103034,    38.474477077,     -10.381124889,         59.333,      -28.429, 115.599,  65.7934,    *,  1.328559,  5.00287930984526,-27.4787244,   10.2918,
 2026-Dec-03 20:00:00, , , 149.040274556,  13.435222777,  149.407640113,  13.306012726,    52.221023446,      -5.026454749,         66.777,      -31.423, 115.197,  73.8019,    *,  1.328735,  5.00221608457941,-27.6402636,   10.2900,
 2026-Dec-03 21:00:00, , , 149.043684739,  13.434146936,  149.411061935,  13.304929009,    65.374636405,       1.409858043,         74.207,      -34.410, 114.875,  81.7978,    *,  1.328912,  5.00154912211028,-27.7888959,   10.2882,
 2026-Dec-03 22:00:00, , , 149.047068880,  13.433076398,  149.414458875,  13.303851279,    78.199795409,       8.556107351,         81.620,      -37.390, 114.609,  89.7787,    *,  1.329090,  5.00087875866387,-27.9226479,   10.2864,
 2026-Dec-03 23:00:00, , , 149.050425414,  13.432010376,  149.417828566,  13.302778795,    91.076811502,      16.045448116,         89.017,      -40.362, 114.387,  97.7419,    *,  1.329269,  5.00020536616681,-28.0405427,   10.2846,
 2026-Dec-04 00:00:00, , , 149.053753954,  13.430948055,  149.421169801,  13.301710738,   104.473765071,      23.498689430,         96.394,      -43.325, 114.198, 105.6852,    *,  1.329449,  4.99952932734600,-28.1426646,   10.2827,
 2026-Dec-04 01:00:00, , , 149.057055285,  13.429888665,  149.424482573,  13.300646283,   118.923290629,      30.489695198,        103.750,      -46.279, 114.036, 113.6064,    *,  1.329629,  4.99885101013558,-28.2301513,   10.2809,
 2026-Dec-04 02:00:00, , , 149.060331274,  13.428831544,  149.427768048,  13.299584668,   134.950639186,      36.507108906,        111.083,      -49.223, 113.895, 121.5034,    *,  1.329810,  4.99817074314442,-28.3051143,   10.2790,
 2026-Dec-04 03:00:00, ,m, 149.063584709,  13.427776198,  149.431028447,  13.298525261,   152.864593571,      40.946079874,        118.392,      -52.155, 113.770, 129.3740,    *,  1.329992,  4.99748879386380,-28.3704921,   10.2771,
 2026-Dec-04 04:00:00, ,m, 149.066819075,  13.426722347,  149.434266864,  13.297467617,   172.388894064,      43.197966921,        125.674,      -55.076, 113.660, 137.2163,    *,  1.330174,  4.99680535110802,-28.4298472,   10.2752,
 2026-Dec-04 05:00:00, ,m, 149.070038278,  13.425669960,  149.437487014,  13.296411518,   192.452001391,      42.878130688,        132.928,      -57.985, 113.562, 145.0281,    *,  1.330356,  4.99612051289095,-28.4871200,   10.2734,
 2026-Dec-04 06:00:00,A,m, 149.073246348,  13.424619270,  149.440692951,  13.295357009,   211.654284805,      40.044801335,        140.151,      -60.880, 113.474, 152.8074,    *,  1.330539,  4.99543428056825,-28.5463568,   10.2715,
 2026-Dec-04 07:00:00,N,m, 149.076447124,  13.423570769,  149.443888752,  13.294304398,   229.105348285,      35.162216868,        147.343,      -63.762, 113.395, 160.5524,    *,  1.330722,  4.99474655964689,-28.6114311,   10.2696,
 2026-Dec-04 08:00:00,*,m, 149.079643961,  13.422525188,  149.447078207,  13.293254258,   244.706483510,      28.854259763,        154.501,      -66.629, 113.322, 168.2611,    *,  1.330906,  4.99405716720645,-28.6857762,   10.2677,
 2026-Dec-04 09:00:00,*,m, 149.082839467,  13.421483465,  149.450264523,  13.292207395,   258.848703092,      21.706123234,        161.624,      -69.481, 113.256, 175.9314,    *,  1.331090,  4.99336584542339,-28.7721478,   10.2658,
 2026-Dec-04 10:00:00,*,m, 149.086035284,  13.420446686,  149.453450071,  13.291164808,   272.071517487,      14.205581829,        168.709,      -72.317, 113.196, 183.5617,    *,  1.331275,  4.99267228027184,-28.8724339,   10.2640,
 2026-Dec-04 11:00:00,*,m, 149.089231951,  13.419416030,  149.456636193,  13.290127633,   284.895416645,       6.763587333,        175.756,      -75.136, 113.140, 191.1500,    *,  1.331461,  4.99197612412013,-28.9875232,   10.2621,
 2026-Dec-04 12:00:00,*,m, 149.092428827,  13.418392697,  149.459823073,  13.289097078,   297.769002390,      -0.246391162,        182.762,      -77.939, 113.089, 198.6945,    *,  1.331647,  4.99127702067440,-29.1172424,   10.2603,
 2026-Dec-04 13:00:00,*, , 149.095624104,  13.417377842,  149.463009691,  13.288074355,   311.048022091,      -6.457018761,        189.726,      -80.724, 113.041, 206.1933,    *,  1.331835,  4.99057463056134,-29.2603663,   10.2585,
 2026-Dec-04 14:00:00,*, , 149.098814898,  13.416372508,  149.466193865,  13.287060608,   324.962269527,     -11.495601040,        196.647,      -83.490, 112.997, 213.6449,    *,  1.332023,  4.98986865579710,-29.4146997,   10.2567,
 2026-Dec-04 15:00:00,C, , 149.101997411,  13.415377563,  149.469372360,  13.286056846,   339.562235479,     -15.002327303,        203.522,      -86.237, 112.956, 221.0472,    *,  1.332212,  4.98915886146640,-29.5772258,   10.2549,
 2026-Dec-04 16:00:00,N, , 149.105167162,  13.414393660,  149.472541083,  13.285063890,   354.676535123,     -16.682956565,        210.349,      -88.964, 112.917, 228.3988,    *,  1.332403,  4.98844509312734,-29.7443115,   10.2531,
 2026-Dec-04 17:00:00, , , 149.108319261,  13.413421201,  149.475695328,  13.284082330,     9.941235392,     -16.380362319,        217.129,      -91.671, 112.881, 235.6977,    *,  1.332595,  4.98772728874895,-29.9119535,   10.2513,
 2026-Dec-04 18:00:00, , , 149.111448706,  13.412460321,  149.478830067,  13.283112490,    24.931555267,     -14.123737782,        223.858,      -94.356, 112.847, 242.9424,    *,  1.332788,  4.98700548436444,-30.0760515,   10.2496,
 2026-Dec-04 19:00:00, , , 149.114550704,  13.411510893,  149.481940261,  13.282154426,    39.332279643,     -10.118876249,        230.536,      -97.020, 112.815, 250.1311,    *,  1.332982,  4.98627981305186,-30.2326866,   10.2478,
 2026-Dec-04 20:00:00, , , 149.117620957,  13.410572550,  149.485021177,  13.281207931,    53.040560075,      -4.687193087,        237.160,      -99.662, 112.785, 257.2621,    *,  1.333177,  4.98555049730875,-30.3783882,   10.2460,
 2026-Dec-04 21:00:00, , , 149.120655932,  13.409644718,  149.488068677,  13.280272563,    66.167164523,       1.803509637,        243.730,     -102.280, 112.756, 264.3337,    *,  1.333373,  4.98481783535482,-30.5103700,   10.2442,
 2026-Dec-04 22:00:00, , , 149.123653072,  13.408726671,  149.491079475,  13.279347683,    78.984929960,       8.981693950,        250.243,     -104.875, 112.729, 271.3443,    *,  1.333569,  4.98408218227512,-30.6267190,   10.2423,
 2026-Dec-04 23:00:00, , , 149.126610935,  13.407817595,  149.494051327,  13.278432519,    91.880167114,      16.480365895,        256.698,     -107.446, 112.703, 278.2921,    *,  1.333767,  4.98334392731647,-30.7265249,   10.2405,
 2026-Dec-05 00:00:00, , , 149.129529269,  13.406916647,  149.496983156,  13.277526221,   105.325639475,      23.918522936,        263.094,     -109.991, 112.678, 285.1754,    *,  1.333965,  4.98260346888708,-30.8099409,   10.2386,
 2026-Dec-05 01:00:00, , , 149.132408994,  13.406023035,  149.499875098,  13.276627938,   119.856266473,      30.865856493,        269.428,     -112.511, 112.655, 291.9926,    *,  1.334164,  4.98186118896915,-30.8781709,   10.2367,
 2026-Dec-05 02:00:00, , , 149.135252113,  13.405136075,  149.502728460,  13.275736888,   135.991560640,      36.805053421,        275.700,     -115.005, 112.633, 298.7420,    *,  1.334363,  4.98111742869666,-30.9333861,   10.2348,
 2026-Dec-05 03:00:00, , , 149.138061544,  13.404255257,  149.505545602,  13.274852417,   154.015806036,      41.127292785,        281.908,     -117.472, 112.611, 305.4220,    *,  1.334563,  4.98037246677084,-30.9785740,   10.2329,
 2026-Dec-05 04:00:00, , , 149.140840889,  13.403380286,  149.508329746,  13.273974064,   173.605838126,      43.230238054,        288.050,     -119.912, 112.591, 312.0308,    *,  1.334763,  4.97962650219152,-31.0173326,   10.2310,
 2026-Dec-05 05:00:00, ,m, 149.143594160,  13.402511115,  149.511084727,  13.273101597,   193.650147538,      42.751720017,        294.125,     -122.323, 112.571, 318.5668,    *,  1.334963,  4.97887964248724,-31.0536222,   10.2291,
 2026-Dec-05 06:00:00,A,m, 149.146325476,  13.401647961,  149.513814701,  13.272235042,   212.759361312,      39.778731190,        300.132,     -124.706, 112.552, 325.0284,    *,  1.335163,  4.97813189825024,-31.0914923,   10.2271,
 2026-Dec-05 07:00:00,N,m, 149.149038749,  13.400791300,  149.516523829,  13.271374697,   230.091904583,      34.792544421,        306.068,     -127.060, 112.534, 331.4141,    *,  1.335364,  4.97738318435014,-31.1348027,   10.2252,
 2026-Dec-05 08:00:00,*,m, 149.151737392,  13.399941846,  149.519215968,  13.270521115,   245.589881032,      28.418583851,        311.932,     -129.384, 112.516, 337.7222,    *,  1.335565,  4.97663332774338,-31.1869577,   10.2233,
 2026-Dec-05 09:00:00,*,m, 149.154424051,  13.399100513,  149.521894377,  13.269675084,   259.660895284,      21.236480138,        317.723,     -131.678, 112.499, 343.9513,    *,  1.335767,  4.97588208134274,-31.2506712,   10.2214,
 2026-Dec-05 10:00:00,*,m, 149.157100403,  13.398268363,  149.524561463,  13.268837578,   272.846074592,      13.728356211,        323.440,     -133.941, 112.483, 350.0998,    *,  1.335969,  4.97512914299696,-31.3277791,   10.2195,
 2026-Dec-05 11:00:00,*,m, 149.159767005,  13.397446543,  149.527218591,  13.268009708,   285.662258333,       6.301838735,        329.081,     -136.173, 112.467, 356.1663,    *,  1.336172,  4.97437417827955,-31.4191121,   10.2176,
 2026-Dec-05 12:00:00,*,m, 149.162423237,  13.396636219,  149.529865963,  13.267192648,   298.553003587,      -0.670608507,        334.645,     -138.373, 112.452, 362.1493,    *,  1.336375,  4.97361684552560,-31.5244373,   10.2157,
 2026-Dec-05 13:00:00,*, , 149.165067310,  13.395838505,  149.532502577,  13.266387572,   311.867681398,      -6.821256724,        340.130,     -140.541, 112.437, 368.0473,    *,  1.336580,  4.97285682140108,-31.6424727,   10.2139,
 2026-Dec-05 14:00:00,*, , 149.167696365,  13.395054397,  149.535126267,  13.265595580,   325.826937407,     -11.777143450,        345.536,     -142.675, 112.423, 373.8591,    *,  1.336785,  4.97209382525297,-31.7709732,   10.2120,
 2026-Dec-05 15:00:00,C, , 149.170306644,  13.394284715,  149.537733827,  13.264817636,   340.468579629,     -15.180409212,        350.860,     -144.776, 112.409, 379.5831,    *,  1.336991,  4.97132764057155,-31.9068833,   10.2102,
 2026-Dec-05 16:00:00,N, , 149.172893717,  13.393530059,  149.540321204,  13.264054507,   355.607430396,     -16.742917211,        356.102,     -146.843, 112.396, 385.2181,    *,  1.337198,  4.97055813209470,-32.0465448,   10.2083,
 2026-Dec-05 17:00:00, , , 149.175452763,  13.392790773,  149.542883750,  13.263306726,    10.870796669,     -16.317875781,        361.260,     -148.876, 112.383, 390.7626,    *,  1.337406,  4.96978525738176,-32.1859456,   10.2065,
 2026-Dec-05 18:00:00, , , 149.177978876,  13.392066934,  149.545416514,  13.262574559,    25.835502386,     -13.946245085,        366.334,     -150.874, 112.370, 396.2154,    *,  1.337615,  4.96900907206420,-32.3209938,   10.2046,
 2026-Dec-05 19:00:00, , , 149.180467371,  13.391358358,  149.547914559,  13.261858002,    40.197182171,      -9.843113531,        371.321,     -152.836, 112.358, 401.5751,    *,  1.337825,  4.96822972841217,-32.4477957,   10.2028,
 2026-Dec-05 20:00:00, , , 149.182914087,  13.390664617,  149.550373273,  13.261156789,    53.866837439,      -4.334773160,        376.221,     -154.762, 112.346, 406.8403,    *,  1.338035,  4.96744746731483,-32.5629219,   10.2009,
 2026-Dec-05 21:00:00, , , 149.185315644,  13.389985082,  149.552788663,  13.260470416,    66.966921236,       2.209691176,        381.033,     -156.652, 112.334, 412.0098,    *,  1.338247,  4.96666260422295,-32.6636407,   10.1990,
 2026-Dec-05 22:00:00, , , 149.187669655,  13.389318971,  149.555157606,  13.259798188,    79.778547759,       9.418956974,        385.755,     -158.505, 112.323, 417.0822,    *,  1.338459,  4.96587551001555,-32.7481035,   10.1971,
 2026-Dec-05 23:00:00, , , 149.189974861,  13.388665418,  149.557478039,  13.259139276,    92.694016327,      16.925816207,        390.386,     -160.320, 112.312, 422.0562,    *,  1.338671,  4.96508658810085,-32.8154707,   10.1952,
 2026-Dec-06 00:00:00, , , 149.192231201,  13.388023533,  149.559749075,  13.258492781,   106.190791991,      24.347295227,        394.924,     -162.097, 112.301, 426.9306,    *,  1.338885,  4.96429624931883,-32.8659677,   10.1932,
 2026-Dec-06 01:00:00, , , 149.194439789,  13.387392476,  149.561971049,  13.257857802,   120.805921907,      31.248693642,        399.370,     -163.836, 112.290, 431.7040,    *,  1.339098,  4.96350488636422,-32.9008683,   10.1913,
 2026-Dec-06 02:00:00, , , 149.196602821,  13.386771522,  149.564145467,  13.257233512,   137.052421440,      37.106585606,        403.721,     -165.536, 112.280, 436.3752,    *,  1.339312,  4.96271284948118,-32.9224062,   10.1893,
 2026-Dec-06 03:00:00, , , 149.198723398,  13.386160122,  149.566274882,  13.256619217,   155.188390760,      41.308399519,        407.976,     -167.197, 112.269, 440.9430,    *,  1.339526,  4.96192042509447,-32.9336210,   10.1873,
 2026-Dec-06 04:00:00, , , 149.200805299,  13.385557943,  149.568362705,  13.256014415,   174.842251987,      43.259005589,        412.134,     -168.817, 112.259, 445.4063,    *,  1.339740,  4.96112781884012,-32.9381486,   10.1853,
 2026-Dec-06 05:00:00, , , 149.202852695,  13.384964902,  149.570412941,  13.255418839,   194.863738335,      42.619806328,        416.195,     -170.398, 112.250, 449.7637,    *,  1.339954,  4.96033514415832,-32.9399712,   10.1833,
 2026-Dec-06 06:00:00,A,m, 149.204869848,  13.384381180,  149.572429902,  13.254832480,   213.876865549,      39.506743117,        420.156,     -171.938, 112.240, 454.0143,    *,  1.340168,  4.95954241722904,-32.9431432,   10.1812,
 2026-Dec-06 07:00:00,N,m, 149.206860797,  13.383807217,  149.574417890,  13.254255599,   231.090110742,      34.417458108,        424.018,     -173.437, 112.230, 458.1568,    *,  1.340382,  4.95874955859736,-32.9515123,   10.1792,
 2026-Dec-06 08:00:00,C,m, 149.208829061,  13.383243688,  149.576380879,  13.253688712,   246.485623338,      27.978350334,        427.779,     -174.895, 112.221, 462.1904,    *,  1.340597,  4.95795640137677,-32.9684552,   10.1772,
 2026-Dec-06 09:00:00,*,m, 149.210777382,  13.382691464,  149.578322230,  13.253132567,   260.486736823,      20.763327093,        431.438,     -176.312, 112.212, 466.1139,    *,  1.340811,  4.95716270546766,-32.9966448,   10.1752,
 2026-Dec-06 10:00:00,*,m, 149.212707514,  13.382151562,  149.580244435,  13.252588097,   273.635808341,      13.248920455,        434.994,     -177.686, 112.203, 469.9265,    *,  1.341026,  4.95636817681672,-33.0378662,   10.1732,
 2026-Dec-06 11:00:00,*,m, 149.214620088,  13.381625079,  149.582148935,  13.252056363,   286.445894719,       5.839551593,        438.447,     -179.018, 112.194, 473.6271,    *,  1.341242,  4.95557249039734,-33.0928934,   10.1712,
 2026-Dec-06 12:00:00,*,m, 149.216514549,  13.381113127,  149.584035997,  13.251538490,   299.355387617,      -1.093215223,        441.795,     -180.307, 112.185, 477.2149,    *,  1.341457,  4.95477531533575,-33.1614354,   10.1692,
 2026-Dec-06 13:00:00,*, , 149.218389177,  13.380616759,  149.585904682,  13.251035593,   312.707033270,      -7.181216711,        445.039,     -181.553, 112.176, 480.6891,    *,  1.341674,  4.95397634046146,-33.2421550,   10.1673,
 2026-Dec-06 14:00:00,*, , 149.220241188,  13.380136906,  149.587752890,  13.250548710,   326.711918556,     -12.051314863,        448.176,     -182.756, 112.168, 484.0487,    *,  1.341891,  4.95317529853089,-33.3327596,   10.1653,
 2026-Dec-06 15:00:00,C, , 149.222066905,  13.379674321,  149.589577491,  13.250078737,   341.394735711,     -15.347888505,        451.206,     -183.916, 112.159, 487.2931,    *,  1.342108,  4.95237198746423,-33.4301570,   10.1633,
 2026-Dec-06 16:00:00,N, , 149.223862002,  13.379229530,  149.591374517,  13.249626371,   356.556396322,     -16.789354093,        454.129,     -185.031, 112.151, 490.4214,    *,  1.342327,  4.95156628714012,-33.5306668,   10.1614,
 2026-Dec-06 17:00:00, , , 149.225621774,  13.378802800,  149.593139427,  13.249192068,    11.815908444,     -16.239676963,        456.943,     -186.102, 112.143, 493.4328,    *,  1.342546,  4.95075817059715,-33.6302715,   10.1594,
 2026-Dec-06 18:00:00, , , 149.227341452,  13.378394134,  149.594867393,  13.248776017,    26.752533368,     -13.751757542,        459.649,     -187.129, 112.135, 496.3267,    *,  1.342766,  4.94994770887389,-33.7248907,   10.1574,
 2026-Dec-06 19:00:00, , , 149.229016515,  13.378003267,  149.596553627,  13.248378137,    41.073433908,      -9.549871604,        462.246,     -188.112, 112.127, 499.1022,    *,  1.342986,  4.94913506915554,-33.8106600,   10.1555,
 2026-Dec-06 20:00:00, , , 149.230642981,  13.377629695,  149.598193685,  13.247998078,    54.703727232,      -3.964962383,        464.732,     -189.049, 112.119, 501.7587,    *,  1.343207,  4.94832050635293,-33.8841948,   10.1535,
 2026-Dec-06 21:00:00, , , 149.232217673,  13.377272714,  149.599783768,  13.247635262,    67.777544937,       2.632778172,        467.107,     -189.941, 112.111, 504.2954,    *,  1.343429,  4.94750434869013,-33.9428216,   10.1514,
 2026-Dec-06 22:00:00, , , 149.233738417,  13.376931469,  149.601320962,  13.247288917,    80.584228280,       9.872300313,        469.371,     -190.787, 112.103, 506.7116,    *,  1.343651,  4.94668697828711,-33.9847604,   10.1494,
 2026-Dec-06 23:00:00, , , 149.235204188,  13.376605022,  149.602803429,  13.246958139,    93.522081655,      17.386117492,        471.522,     -191.588, 112.095, 509.0067,    *,  1.343873,  4.94586880806678,-34.0092459,   10.1473,
 2026-Dec-07 00:00:00, , , 149.236615159,  13.376292417,  149.604230523,  13.246641959,   107.073315766,      24.789111511,        473.561,     -192.343, 112.087, 511.1800,    *,  1.344095,  4.94505025656778,-34.0165792,   10.1453,
 2026-Dec-07 01:00:00, , , 149.237972686,  13.375992752,  149.605602821,  13.246339413,   121.776949728,      31.641941719,        475.486,     -193.051, 112.080, 513.2308,    *,  1.344318,  4.94423172238595,-34.0081073,   10.1432,
 2026-Dec-07 02:00:00, , , 149.239279201,  13.375705244,  149.606922072,  13.246049609,   138.138661209,      37.414883124,        477.298,     -193.714, 112.072, 515.1586,    *,  1.344540,  4.94341355997318,-33.9861299,   10.1410,
 2026-Dec-07 03:00:00, , , 149.240538034,  13.375429285,  149.608191070,  13.245771797,   156.388465572,      41.491841589,        478.995,     -194.329, 112.065, 516.9628,    *,  1.344763,  4.94259605852632,-33.9537402,   10.1389,
 2026-Dec-07 04:00:00, , , 149.241753181,  13.375164490,  149.609413451,  13.245505419,   176.104624826,      43.285881575,        480.576,     -194.898, 112.057, 518.6428,    *,  1.344985,  4.94177942531660,-33.9146142,   10.1367,
 2026-Dec-07 05:00:00, , , 149.242929014,  13.374910724,  149.610593439,  13.245250157,   196.099273102,      42.483203071,        482.043,     -195.419, 112.050, 520.1982,    *,  1.345207,  4.94096377465077,-33.8727576,   10.1345,
 2026-Dec-07 06:00:00,A, , 149.244069978,  13.374668117,  149.611735539,  13.245005949,   215.013022683,      39.228978795,        483.394,     -195.894, 112.042, 521.6284,    *,  1.345429,  4.94014912322035,-33.8322305,   10.1324,
 2026-Dec-07 07:00:00,N, , 149.245180277,  13.374437058,  149.612844231,  13.244773005,   232.105757124,      34.036613818,        484.628,     -196.321, 112.035, 522.9331,    *,  1.345651,  4.93933539214922,-33.7968696,   10.1302,
 2026-Dec-07 08:00:00,C,m, 149.246263576,  13.374218167,  149.613923647,  13.244551792,   247.399059725,      27.532933484,        485.745,     -196.701, 112.027, 524.1118,    *,  1.345872,  4.93852241559882,-33.7700239,   10.1280,
 2026-Dec-07 09:00:00,*,m, 149.247322745,  13.374012260,  149.614977284,  13.244343002,   261.331231800,      20.285945063,        486.746,     -197.034, 112.020, 525.1642,    *,  1.346094,  4.93770995534108,-33.7543259,   10.1258,
 2026-Dec-07 10:00:00,*,m, 149.248359656,  13.373820295,  149.616007757,  13.244147511,   274.445501174,      12.766624899,        487.629,     -197.319, 112.012, 526.0901,    *,  1.346315,  4.93689772030017,-33.7515100,   10.1237,
 2026-Dec-07 11:00:00,*,m, 149.249375043,  13.373643305,  149.617016613,  13.243966321,   287.250992401,       5.376287248,        488.395,     -197.556, 112.005, 526.8890,    *,  1.346537,  4.93608538972333,-33.7622939,   10.1215,
 2026-Dec-07 12:00:00,*,m, 149.250368454,  13.373482333,  149.618004220,  13.243800488,   300.180768528,      -1.514313626,        489.043,     -197.746, 111.998, 527.5609,    *,  1.346758,  4.93527263839300,-33.7863287,   10.1194,
 2026-Dec-07 13:00:00,*, , 149.251338270,  13.373338358,  149.618969736,  13.243651059,   313.570641609,      -7.536558797,        489.573,     -197.887, 111.990, 528.1055,    *,  1.346980,  4.93445916215191,-33.8222231,   10.1172,
 2026-Dec-07 14:00:00,*, , 149.252281811,  13.373212235,  149.619911160,  13.243518997,   327.621658366,     -12.317260528,        489.985,     -197.981, 111.983, 528.5225,    *,  1.347203,  4.93364470199189,-33.8676377,   10.1151,
 2026-Dec-07 15:00:00,C, , 149.253195522,  13.373104633,  149.620825466,  13.243405115,   342.344908536,     -15.503375870,        490.278,     -198.027, 111.976, 528.8119,    *,  1.347425,  4.93282906505521,-33.9194457,   10.1130,
 2026-Dec-07 16:00:00,N, , 149.254075204,  13.373015991,  149.621708809,  13.243310026,   357.527276138,     -16.820386063,        490.453,     -198.025, 111.969, 528.9735,    *,  1.347649,  4.93201214110908,-33.9739466,   10.1108,
 2026-Dec-07 17:00:00, , , 149.254916307,  13.372946491,  149.622556782,  13.243234098,    12.779993312,     -16.143483885,        490.510,     -197.975, 111.961, 529.0072,    *,  1.347872,  4.93119391336370,-34.0271196,   10.1087,
 2026-Dec-07 18:00:00, , , 149.255714231,  13.372896042,  149.623364716,  13.243177430,    27.685669708,     -13.537701898,        490.448,     -197.877, 111.954, 528.9128,    *,  1.348096,  4.93037446289200,-34.0748990,   10.1065,
 2026-Dec-07 19:00:00, , , 149.256464647,  13.372864292,  149.624128000,  13.243139848,    41.963727967,      -9.236390901,        490.267,     -197.731, 111.947, 528.6904,    *,  1.348321,  4.92955396634734,-34.1134526,   10.1044,
 2026-Dec-07 20:00:00, , , 149.257163788,  13.372850646,  149.624842395,  13.243120912,    55.553692649,      -3.574907147,        489.967,     -197.537, 111.939, 528.3397,    *,  1.348545,  4.92873268713460,-34.1394443,   10.1022,
 2026-Dec-07 21:00:00, , , 149.257808708,  13.372854311,  149.625504322,  13.243119952,    68.601381430,       3.075637322,        489.549,     -197.295, 111.932, 527.8609,    *,  1.348770,  4.92791096063840,-34.1502625,   10.1000,
 2026-Dec-07 22:00:00, , , 149.258397484,  13.372874348,  149.626111110,  13.243136108,    81.404325401,      10.344528434,        489.011,     -197.004, 111.924, 527.2538,    *,  1.348995,  4.92708917451960,-34.1441992,   10.0977,
 2026-Dec-07 23:00:00, , , 149.258929347,  13.372909738,  149.626661180,  13.243168392,    94.366865544,      17.863933665,        488.355,     -196.666, 111.917, 526.5185,    *,  1.349220,  4.92626774542888,-34.1205669,   10.0955,
 2026-Dec-08 00:00:00, , , 149.259404741,  13.372959446,  149.627154152,  13.243215754,   107.976013032,      25.246403148,        487.580,     -196.279, 111.909, 525.6550,    *,  1.349445,  4.92544709373200,-34.0797460,   10.0932,
 2026-Dec-08 01:00:00, , , 149.259825289,  13.373022499,  149.627590875,  13.243277154,   122.772581943,      32.047685865,        486.686,     -195.845, 111.902, 524.6634,    *,  1.349669,  4.92462761797753,-34.0231591,   10.0909,
 2026-Dec-08 02:00:00, , , 149.260193685,  13.373098043,  149.627973370,  13.243351627,   139.253963066,      37.731559401,        485.674,     -195.363, 111.894, 523.5439,    *,  1.349894,  4.92380967085570,-33.9531730,   10.0885,
 2026-Dec-08 03:00:00, , , 149.260513518,  13.373185406,  149.628304696,  13.243438357,   157.619973564,      41.678673173,        484.543,     -194.832, 111.887, 522.2965,    *,  1.350117,  4.92299353829504,-33.8729373,   10.0862,
 2026-Dec-08 04:00:00, , , 149.260789022,  13.373284141,  149.628588745,  13.243536722,   177.396831754,      43.311378867,        483.293,     -194.255, 111.879, 520.9215,    *,  1.350341,  4.92217942312850,-33.7861686,   10.0838,
 2026-Dec-08 05:00:00, , , 149.261024795,  13.373394052,  149.628829974,  13.243646341,   197.360355882,      42.341995326,        481.926,     -193.629, 111.871, 519.4192,    *,  1.350564,  4.92136743444761,-33.6968964,   10.0814,
 2026-Dec-08 06:00:00,A, , 149.261225486,  13.373515211,  149.629033110,  13.243767096,   216.171124678,      38.945228632,        480.441,     -192.956, 111.864, 517.7898,    *,  1.350786,  4.92055758337394,-33.6091866,   10.0790,
 2026-Dec-08 07:00:00,N, , 149.261395483,  13.373647947,  149.629202828,  13.243899138,   233.141832762,      33.649630156,        478.838,     -192.236, 111.856, 516.0336,    *,  1.351008,  4.91974978553670,-33.5268639,   10.0766,
 2026-Dec-08 08:00:00,C, , 149.261538615,  13.373792820,  149.629343436,  13.244042873,   248.332920467,      27.081892215,        477.118,     -191.468, 111.848, 514.1512,    *,  1.351229,  4.91894387008632,-33.4532494,   10.0743,
 2026-Dec-08 09:00:00,*,m, 149.261657900,  13.373950585,  149.629458585,  13.244198936,   262.196921207,      19.803930360,        475.281,     -190.654, 111.840, 512.1428,    *,  1.351450,  4.91813959462567,-33.3909341,   10.0719,
 2026-Dec-08 10:00:00,*,m, 149.261755338,  13.374122132,  149.629551028,  13.244368138,   275.277572470,      12.281184777,        473.328,     -189.792, 111.832, 510.0091,    *,  1.351671,  4.91733666503493,-33.3416010,   10.0695,
 2026-Dec-08 11:00:00,*,m, 149.261831787,  13.374308425,  149.629622435,  13.244551414,   288.079895142,       4.911948623,        471.259,     -188.885, 111.824, 507.7503,    *,  1.351891,  4.91653475883115,-33.3059108,   10.0671,
 2026-Dec-08 12:00:00,*,m, 149.261886907,  13.374510433,  149.629673287,  13.244749750,   301.031425617,      -1.933756918,        469.075,     -187.930, 111.816, 505.3672,    *,  1.352111,  4.91573355046080,-33.2834566,   10.0647,
 2026-Dec-08 13:00:00,*, , 149.261919195,  13.374729058,  149.629702851,  13.244964116,   314.460687322,      -7.886855051,        466.775,     -186.930, 111.807, 502.8602,    *,  1.352332,  4.91493273679169,-33.2727927,   10.0623,
 2026-Dec-08 14:00:00,*, , 149.261926091,  13.374965069,  149.629709237,  13.245195393,   328.558161108,     -12.574266166,        464.361,     -185.883, 111.799, 500.2299,    *,  1.352552,  4.91413206105674,-33.2715338,   10.0600,
 2026-Dec-08 15:00:00,C, , 149.261904169,  13.375219048,  149.629689541,  13.245444311,   343.320831744,     -15.645909826,        461.834,     -184.791, 111.790, 497.4770,    *,  1.352772,  4.91333133360811,-33.2765190,   10.0576,
 2026-Dec-08 16:00:00,N, , 149.261849377,  13.375491345,  149.629640047,  13.245711392,   358.521478912,     -16.834884375,        459.193,     -183.654, 111.782, 494.6020,    *,  1.352993,  4.91253044805909,-33.2840295,   10.0552,
 2026-Dec-08 17:00:00, , , 149.261757325,  13.375782047,  149.629556498,  13.245996910,    13.764160649,     -16.028095158,        456.439,     -182.471, 111.773, 491.6055,    *,  1.353214,  4.91172939170679,-33.2900431,   10.0529,
 2026-Dec-08 18:00:00, , , 149.261623598,  13.376090970,  149.629434393,  13.246300872,    28.635805004,     -13.302883236,        453.574,     -181.243, 111.764, 488.4883,    *,  1.353434,  4.91092824952079,-33.2905112,   10.0505,
 2026-Dec-08 19:00:00, , , 149.261444072,  13.376417666,  149.629269314,  13.246623005,    42.868835777,      -8.901535615,        450.596,     -179.971, 111.755, 485.2509,    *,  1.353655,  4.91012720142336,-33.2816366,   10.0480,
 2026-Dec-08 20:00:00, , , 149.261215204,  13.376761447,  149.629057234,  13.246962776,    56.417459579,      -3.163564225,        447.508,     -178.654, 111.746, 481.8941,    *,  1.353876,  4.90932651304691,-33.2601343,   10.0456,
 2026-Dec-08 21:00:00, , , 149.260934293,  13.377121430,  149.628794808,  13.247319419,    69.439172475,       3.539193619,        444.310,     -177.293, 111.737, 478.4186,    *,  1.354097,  4.90852652060088,-33.2234575,   10.0432,
 2026-Dec-08 22:00:00, , , 149.260599673,  13.377496587,  149.628479618,  13.247691985,    82.239653334,      10.836421790,        441.002,     -175.888, 111.728, 474.8250,    *,  1.354317,  4.90772761088388,-33.1699730,   10.0407,
 2026-Dec-08 23:00:00, , , 149.260210846,  13.377885816,  149.628110350,  13.248079399,    95.229312120,      18.359867521,        437.586,     -174.440, 111.718, 471.1142,    *,  1.354537,  4.90693019780994,-33.0990736,   10.0382,
 2026-Dec-09 00:00:00, , , 149.259768529,  13.378288003,  149.627686902,  13.248480527,   108.900007976,      25.719550787,        434.061,     -172.948, 111.708, 467.2869,    *,  1.354757,  4.90613469705624,-33.0112208,   10.0356,
 2026-Dec-09 01:00:00, , , 149.259274620,  13.378702099,  149.627210400,  13.248894251,   123.794126877,      32.466030251,        430.428,     -171.414, 111.698, 463.3440,    *,  1.354976,  4.90534150056896,-32.9079142,   10.0330,
 2026-Dec-09 02:00:00, , , 149.258732085,  13.379127183,  149.626683144,  13.249319537,   140.399695159,      38.056400155,        426.690,     -169.836, 111.688, 459.2862,    *,  1.355194,  4.90455095267334,-32.7915893,   10.0304,
 2026-Dec-09 03:00:00, , , 149.258144767,  13.379562516,  149.626108461,  13.249755497,   158.884040544,      41.868388674,        422.845,     -168.217, 111.678, 455.1146,    *,  1.355412,  4.90376332942469,-32.6654519,   10.0278,
 2026-Dec-09 04:00:00, , , 149.257517145,  13.380007590,  149.625490497,  13.250201449,   178.719470501,      43.334840790,        418.895,     -166.556, 111.668, 450.8300,    *,  1.355629,  4.90297882261464,-32.5332591,   10.0252,
 2026-Dec-09 05:00:00, , , 149.256854040,  13.380462151,  149.624833948,  13.250656951,   198.647090634,      42.195556329,        414.842,     -164.853, 111.657, 446.4334,    *,  1.355845,  4.90219752952835,-32.3990631,   10.0226,
 2026-Dec-09 06:00:00,A, , 149.256160303,  13.380926212,  149.624143756,  13.251121827,   217.351014817,      38.655002006,        410.685,     -163.109, 111.646, 441.9259,    *,  1.356060,  4.90141944915411,-32.2669344,   10.0199,
 2026-Dec-09 07:00:00,N, , 149.255440502,  13.381400047,  149.623424789,  13.251596173,   234.198081920,      33.256181455,        406.426,     -161.325, 111.635, 437.3084,    *,  1.356275,  4.90064448510382,-32.1406836,   10.0172,
 2026-Dec-09 08:00:00,C, , 149.254698625,  13.381884158,  149.622681525,  13.252080340,   249.286917119,      26.625064824,        402.066,     -159.500, 111.623, 432.5821,    *,  1.356488,  4.89987245503687,-32.0236024,   10.0146,
 2026-Dec-09 09:00:00,*, , 149.253937828,  13.382379239,  149.621917763,  13.252574903,   263.083505513,      19.317277119,        397.606,     -157.636, 111.612, 427.7481,    *,  1.356701,  4.89910310596077,-31.9182377,   10.0119,
 2026-Dec-09 10:00:00,*,m, 149.253160236,  13.382886120,  149.621136385,  13.253080615,   276.131709735,      11.792739674,        393.047,     -155.732, 111.600, 422.8075,    *,  1.356914,  4.89833613434048,-31.8262190,   10.0093,
 2026-Dec-09 11:00:00,*,m, 149.252366817,  13.383405698,  149.620339175,  13.253598347,   288.932255821,       4.446807054,        388.390,     -153.789, 111.587, 417.7614,    *,  1.357126,  4.89757120964457,-31.7481477,   10.0066,
 2026-Dec-09 12:00:00,*,m, 149.251557338,  13.383938870,  149.619526718,  13.254129018,   301.906933597,      -2.351163909,        383.636,     -151.808, 111.575, 412.6112,    *,  1.357337,  4.89680799971421,-31.6835571,   10.0040,
 2026-Dec-09 13:00:00,*,m, 149.250730398,  13.384486465,  149.618698379,  13.254673526,   315.376600624,      -8.231653429,        378.786,     -149.789, 111.562, 407.3579,    *,  1.357548,  4.89604619621394,-31.6309456,   10.0013,
 2026-Dec-09 14:00:00,*, , 149.249883550,  13.385049172,  149.617852371,  13.255232675,   329.520635870,     -12.821875251,        373.842,     -147.732, 111.549, 402.0028,    *,  1.357759,  4.89528553842012,-31.5878808,    9.9987,
 2026-Dec-09 15:00:00,C, , 149.249013485,  13.385627491,  149.616985896,  13.255807115,   344.321444780,     -15.775125465,        368.804,     -145.638, 111.535, 396.5472,    *,  1.357970,  4.89452583371581,-31.5511676,    9.9960,
 2026-Dec-09 16:00:00,N, , 149.248116284,  13.386221685,  149.616095360,  13.256397281,   359.537703775,     -16.832683228,        363.674,     -143.508, 111.521, 390.9923,    *,  1.358181,  4.89376697338764,-31.5170683,    9.9934,
 2026-Dec-09 17:00:00, , , 149.247187712,  13.386831754,  149.615176642,  13.257003363,    14.766983940,     -15.893626933,        358.453,     -141.341, 111.506, 385.3393,    *,  1.358391,  4.89300894264129,-31.4815602,    9.9907,
 2026-Dec-09 18:00:00, , , 149.246223524,  13.387457425,  149.614225401,  13.257625276,    29.601527791,     -13.047732239,        353.141,     -139.139, 111.492, 379.5897,    *,  1.358601,  4.89225182414859,-31.4406125,    9.9880,
 2026-Dec-09 19:00:00, , , 149.245219788,  13.388098161,  149.613237394,  13.258262659,    43.787459968,      -8.546038647,        347.741,     -136.902, 111.476, 373.7446,    *,  1.358811,  4.89149579488258,-31.3904639,    9.9853,
 2026-Dec-09 20:00:00, , , 149.244173173,  13.388753189,  149.612208796,  13.258914890,    57.293883158,      -2.731935139,        342.254,     -134.630, 111.460, 367.8055,    *,  1.359021,  4.89074111645642,-31.3278821,    9.9826,
 2026-Dec-09 21:00:00, , , 149.243081208,  13.389421540,  149.611136482,  13.259581116,    70.289921755,       4.022211876,        336.680,     -132.324, 111.444, 361.7737,    *,  1.359230,  4.88998811962765,-31.2503862,    9.9799,
 2026-Dec-09 22:00:00, , , 149.241942470,  13.390102108,  149.610018272,  13.260260305,    83.089339301,      11.346538467,        331.021,     -129.985, 111.427, 355.6506,    *,  1.359439,  4.88923718402826,-31.1564186,    9.9771,
 2026-Dec-09 23:00:00, , , 149.240756714,  13.390793713,  149.608853100,  13.260951302,    96.108633578,      18.872287415,        325.278,     -127.613, 111.409, 349.4376,    *,  1.359647,  4.88848871450950,-31.0454533,    9.9743,
 2026-Dec-10 00:00:00, , , 149.239524912,  13.391495175,  149.607641122,  13.261652903,   109.844532539,      26.206743183,        319.454,     -125.209, 111.391, 343.1362,    *,  1.359855,  4.88774311572114,-30.9180332,    9.9715,
 2026-Dec-10 01:00:00, , , 149.238249218,  13.392205379,  149.606383724,  13.262363920,   124.840701032,      32.894999623,        313.548,     -122.772, 111.372, 336.7479,    *,  1.360061,  4.88700076666696,-30.7757347,    9.9686,
 2026-Dec-10 02:00:00, , , 149.236932841,  13.392923343,  149.605083459,  13.263083256,   141.574587105,      38.387321396,        307.563,     -120.305, 111.352, 330.2742,    *,  1.360267,  4.88626199697937,-30.6210613,    9.9657,
 2026-Dec-10 03:00:00, , , 149.235579860,  13.393648277,  149.603743900,  13.263809969,   160.178627949,      42.058947895,        301.499,     -117.807, 111.331, 323.7167,    *,  1.360471,  4.88552706653891,-30.4572735,    9.9628,
 2026-Dec-10 04:00:00, , , 149.234194967,  13.394379622,  149.602369419,  13.264543324,   180.069560517,      43.354527509,        295.359,     -115.279, 111.310, 317.0771,    *,  1.360675,  4.88479614983480,-30.2881671,    9.9599,
 2026-Dec-10 05:00:00, , , 149.232783179,  13.395117077,  149.600964922,  13.265282831,   199.955880321,      42.042666582,        289.144,     -112.722, 111.287, 310.3569,    *,  1.360877,  4.88406932613778,-30.1178144,    9.9569,
 2026-Dec-10 06:00:00,A, , 149.231349518,  13.395860613,  149.599535536,  13.266028272,   218.548977530,      38.357645647,        282.856,     -110.136, 111.264, 303.5578,    *,  1.361079,  4.88334657615886,-29.9502875,    9.9540,
 2026-Dec-10 07:00:00,N, , 149.229898699,  13.396610457,  149.598086289,  13.266779698,   235.270943215,      32.856095028,        276.495,     -107.522, 111.239, 296.6816,    *,  1.361279,  4.88262778542193,-29.7893802,    9.9510,
 2026-Dec-10 08:00:00,C, , 149.228434834,  13.397367070,  149.596621795,  13.267537419,   250.257698254,      26.162637817,        270.065,     -104.880, 111.214, 289.7299,    *,  1.361479,  4.88191275411891,-29.6383501,    9.9481,
 2026-Dec-10 09:00:00,*, , 149.226961183,  13.398131101,  149.595145967,  13.268301966,   263.987801069,      18.826416463,        263.565,     -102.212, 111.187, 282.7046,    *,  1.361677,  4.88120121277142,-29.4996968,    9.9451,
 2026-Dec-10 10:00:00,*, , 149.225479956,  13.398903329,  149.593661778,  13.269074047,   277.004820475,      11.301863297,        256.998,      -99.518, 111.158, 275.6072,    *,  1.361875,  4.88049284262461,-29.3749927,    9.9422,
 2026-Dec-10 11:00:00,*,m, 149.223992197,  13.399684601,  149.592171087,  13.269854485,   289.804984431,       3.981482966,        250.366,      -96.798, 111.128, 268.4397,    *,  1.362072,  4.87978729937533,-29.2647769,    9.9392,
 2026-Dec-10 12:00:00,*,m, 149.222497739,  13.400475760,  149.590674545,  13.270644146,   302.804111555,      -2.765966953,        243.670,      -94.053, 111.097, 261.2039,    *,  1.362268,  4.87908423860740,-29.1685200,    9.9363,
 2026-Dec-10 13:00:00,*,m, 149.220995248,  13.401277573,  149.589171578,  13.271443872,   316.315020025,      -8.570552322,        236.912,      -91.285, 111.063, 253.9013,    *,  1.362464,  4.87838334119048,-29.0846623,    9.9333,
 2026-Dec-10 14:00:00,*,m, 149.219482346,  13.402090669,  149.587660461,  13.272254407,   330.505478475,     -13.059984794,        230.093,      -88.493, 111.028, 246.5340,    *,  1.362659,  4.87768433690130,-29.0107226,    9.9304,
 2026-Dec-10 15:00:00,C, , 149.217955806,  13.402915479,  149.586138463,  13.273076335,   345.342910822,     -15.891361009,        223.215,      -85.678, 110.990, 239.1036,    *,  1.362854,  4.87698702464772,-28.9434700,    9.9274,
 2026-Dec-10 16:00:00,N, , 149.216411803,  13.403752197,  149.584602074,  13.273910024,     0.571999669,     -16.814682082,        216.280,      -82.841, 110.950, 231.6120,    *,  1.363048,  4.87629128790964,-28.8791474,    9.9245,
 2026-Dec-10 17:00:00, , , 149.214846213,  13.404600752,  149.583047268,  13.274755593,    15.784595159,     -15.741595385,        209.289,      -79.983, 110.907, 224.0609,    *,  1.363242,  4.87559710433782,-28.8137307,    9.9215,
 2026-Dec-10 18:00:00, , , 149.213254925,  13.405460800,  149.581469822,  13.275612885,    30.579233485,     -12.774356671,        202.245,      -77.104, 110.861, 216.4522,    *,  1.363436,  4.87490454885237,-28.7432068,    9.9185,
 2026-Dec-10 19:00:00, , , 149.211634156,  13.406331734,  149.579865630,  13.276481467,    44.716346055,      -8.172517407,        195.148,      -74.205, 110.812, 208.7878,    *,  1.363629,  4.87421379002825,-28.6638502,    9.9155,
 2026-Dec-10 20:00:00, , , 149.209980747,  13.407212710,  149.578231026,  13.277360647,    58.180046935,      -2.283046492,        188.001,      -71.287, 110.759, 201.0694,    *,  1.363822,  4.87352508001466,-28.5724808,    9.9125,
 2026-Dec-10 21:00:00, , , 149.208292412,  13.408102697,  149.576563062,  13.278249505,    71.150975227,       4.521349498,        180.804,      -68.350, 110.702, 193.2989,    *,  1.364014,  4.87283873867897,-28.4666834,    9.9094,
 2026-Dec-10 22:00:00, , , 149.206567928,  13.409000527,  149.574859750,  13.279146944,    83.950882347,      11.871297786,        173.561,      -65.395, 110.639, 185.4783,    *,  1.364205,  4.87215513306093,-28.3449756,    9.9064,
 2026-Dec-10 23:00:00, , , 149.204807256,  13.409904966,  149.573120231,  13.280051753,    97.002346158,      19.397440645,        166.272,      -62.424, 110.572, 177.6094,    *,  1.364396,  4.87147465354493,-28.2069110,    9.9033,
 2026-Dec-11 00:00:00, , , 149.203011576,  13.410814784,  149.571344868,  13.280962672,   110.806939323,      26.704121184,        158.940,      -59.436, 110.498, 169.6942,    *,  1.364585,  4.87079768838283,-28.0531125,    9.9001,
 2026-Dec-11 01:00:00, , , 149.201183247,  13.411728824,  149.569535258,  13.281878469,   125.909223408,      33.330716483,        151.565,      -56.432, 110.416, 161.7347,    *,  1.364774,  4.87012459831278,-27.8852311,    9.8970,
 2026-Dec-11 02:00:00, , , 149.199325671,  13.412646066,  149.567694157,  13.282798007,   142.774725970,      38.720581867,        144.151,      -53.414, 110.326, 153.7329,    *,  1.364961,  4.86945569301366,-27.7058352,    9.8938,
 2026-Dec-11 03:00:00, , , 149.197443108,  13.413565689,  149.565825328,  13.283720308,   161.498580774,      42.247017600,        136.699,      -50.381, 110.227, 145.6909,    *,  1.365148,  4.86879121100839,-27.5182365,    9.8906,
 2026-Dec-11 04:00:00, , , 149.195540409,  13.414487107,  149.563933318,  13.284644610,   181.440706899,      43.367861803,        129.210,      -47.335, 110.115, 137.6107,    *,  1.365333,  4.86813130439341,-27.3262651,    9.8873,
 2026-Dec-11 05:00:00, , , 149.193622726,  13.415409996,  149.562023181,  13.285570399,   201.279720653,      41.881725249,        121.687,      -44.276, 109.990, 129.4944,    *,  1.365517,  4.86747602944059,-27.1340095,    9.8841,
 2026-Dec-11 06:00:00,A, , 149.191695195,  13.416334306,  149.560100173,  13.286497435,   219.758109020,      38.052492985,        114.131,      -41.206, 109.847, 121.3443,    *,  1.365699,  4.86682534371580,-26.9455380,    9.8808,
 2026-Dec-11 07:00:00,N, , 149.189762615,  13.417260245,  149.558169421,  13.287425752,   236.353936531,      32.449433616,        106.545,      -38.124, 109.685, 113.1626,    *,  1.365881,  4.86617910991099,-26.7646221,    9.8776,
 2026-Dec-11 08:00:00,C, , 149.187829163,  13.418188253,  149.556235613,  13.288355639,   251.239221152,      25.695170911,         98.930,      -35.033, 109.496, 104.9514,    *,  1.366061,  4.86553710612708,-26.5944807,    9.8743,
 2026-Dec-11 09:00:00,*, , 149.185898138,  13.419118959,  149.554302711,  13.289287612,   264.904089796,      18.332197495,         91.288,      -31.931, 109.276,  96.7131,    *,  1.366240,  4.86489904190199,-26.4375608,    9.8711,
 2026-Dec-11 10:00:00,*, , 149.183971774,  13.420053119,  149.552373717,  13.290222356,   277.891365302,      10.809513348,         83.622,      -28.821, 109.014,  88.4502,    *,  1.366418,  4.86426457888521,-26.2953728,    9.8678,
 2026-Dec-11 11:00:00,*,m, 149.182051125,  13.420991553,  149.550450503,  13.291160672,   290.692574889,       3.516876399,         75.932,      -25.703, 108.698,  80.1653,    *,  1.366596,  4.86363335474092,-26.1683888,    9.8646,
 2026-Dec-11 12:00:00,*,m, 149.180136028,  13.421935074,  149.548533722,  13.292103398,   303.717355849,      -3.177489057,         68.222,      -22.577, 108.309,  71.8612,    *,  1.366772,  4.86300500864115,-26.0560126,    9.8613,
 2026-Dec-11 13:00:00,*,m, 149.178225150,  13.422884414,  149.546622796,  13.293051345,   317.270144544,      -8.903272154,         60.492,      -19.445, 107.818,  63.5411,    *,  1.366948,  4.86237920660273,-25.9566221,    9.8581,
 2026-Dec-11 14:00:00,*,m, 149.176316122,  13.423840164,  149.544715997,  13.294005222,   331.506654749,     -13.288895448,         52.745,      -16.308, 107.179,  55.2090,    *,  1.367123,  4.86175566495005,-25.8676836,    9.8548,
 2026-Dec-11 15:00:00,C,m, 149.174405731,  13.424802715,  149.542810600,  13.294965573,   346.379036067,     -15.995667654,         44.983,      -13.165, 106.312,  46.8702,    *,  1.367298,  4.86113417022834,-25.7859279,    9.8516,
 2026-Dec-11 16:00:00,N, , 149.172490186,  13.425772218,  149.540903110,  13.295932727,     1.618212578,     -16.782796713,         37.208,      -10.018, 105.069,  38.5329,    *,  1.367472,  4.86051459429458,-25.7075753,    9.8483,
 2026-Dec-11 17:00:00, , , 149.170565408,  13.426748557,  149.538989537,  13.296906758,    16.811138726,     -15.574796166,         29.421,       -6.868, 103.140,  30.2118,    *,  1.367646,  4.85989690349564,-25.6285980,    9.8451,
 2026-Dec-11 18:00:00, , , 149.168627353,  13.427731344,  149.537065707,  13.297887463,    31.563560287,     -12.486346043,         21.624,       -3.716,  99.749,  21.9410,    *,  1.367819,  4.85928116131004,-25.5449980,    9.8418,
 2026-Dec-11 19:00:00, , , 149.166672326,  13.428719927,  149.535127590,  13.298874366,    45.650683354,      -7.785209264,         13.820,       -0.561,  92.325,  13.8314,    t,  1.367992,  4.85866752427944,-25.4530835,    9.8385,
 2026-Dec-11 20:00:00, , , 149.164697272,  13.429713426,  149.533171610,  13.299866733,    59.071623758,      -1.821626440,          6.010,        2.594,  66.655,   6.5460,    t,  1.368164,  4.85805623150800,-25.3497243,    9.8352,
 2026-Dec-11 21:00:00, , , 149.162700023,  13.430710769,  149.531194930,  13.300863604,    72.018346364,       5.031528011,         -1.803,        5.749, 342.585,   6.0256,    t,  1.368336,  4.85744758844937,-25.2325683,    9.8318,
 2026-Dec-11 22:00:00, , , 149.160679486,  13.431710760,  149.529195686,  13.301863849,    84.820452829,      12.405389985,         -9.619,        8.904, 312.791,  13.1074,    t,  1.368506,  4.85684194609177,-25.1002054,    9.8284,
 2026-Dec-11 23:00:00, , , 149.158635758,  13.432712139,  149.527173153,  13.302866227,    97.906557084,      19.929893064,        -17.434,       12.058, 304.669,  21.1971,    *,  1.368676,  4.85623967696761,-24.9522657,    9.8250,
 2026-Dec-12 00:00:00, , , 149.156570156,  13.433713656,  149.525127832,  13.303869456,   111.782993204,      27.206239959,        -25.247,       15.209, 301.066,  29.4735,    *,  1.368845,  4.85564114963155,-24.7894481,    9.8216,
 2026-Dec-12 01:00:00, , , 149.154485166,  13.434714141,  149.523061456,  13.304872288,   126.994737551,      33.767877794,        -33.055,       18.356, 299.046,  37.8100,    *,  1.369012,  4.85504670335619,-24.6134738,    9.8182,
 2026-Dec-12 02:00:00, , , 149.152384313,  13.435712570,  149.520976909,  13.305873575,   143.993951533,      39.051261012,        -40.858,       21.500, 297.756,  46.1692,    *,  1.369179,  4.85445662477977,-24.4269712,    9.8147,
 2026-Dec-12 03:00:00, , , 149.150271955,  13.436708120,  149.518878068,  13.306872339,   162.836157386,      42.428424744,        -48.652,       24.639, 296.861,  54.5350,    *,  1.369344,  4.85387112810620,-24.2332978,    9.8112,
 2026-Dec-12 04:00:00, , , 149.148153025,  13.437700209,  149.516769573,  13.307867819,   182.823806053,      43.371814748,        -56.436,       27.773, 296.205,  62.8989,    *,  1.369508,  4.85329034021501,-24.0363123,    9.8077,
 2026-Dec-12 05:00:00, , , 149.146032732,  13.438688523,  149.514656552,  13.308859509,   202.609042219,      41.711026269,        -64.208,       30.900, 295.702,  71.2552,    *,  1.369670,  4.85271429170158,-23.8401125,    9.8041,
 2026-Dec-12 06:00:00,A, , 149.143916241,  13.439673020,  149.512544302,  13.309847179,   220.969201585,      37.739016654,        -71.965,       34.020, 295.305,  79.5998,    *,  1.369832,  4.85214291446207,-23.6487568,    9.8006,
 2026-Dec-12 07:00:00,N, , 149.141808357,  13.440653923,  149.510437971,  13.310830877,   237.438519298,      32.036539644,        -79.706,       37.133, 294.983,  87.9292,    *,  1.369992,  4.85157604598840,-23.4659881,    9.7971,
 2026-Dec-12 08:00:00,C, , 149.139713235,  13.441631682,  149.508342238,  13.311810906,   252.223556744,      25.223561048,        -87.428,       40.236, 294.716,  96.2405,    *,  1.370151,  4.85101344007909,-23.2949798,    9.7935,
 2026-Dec-12 09:00:00,*, , 149.137634132,  13.442606938,  149.506261031,  13.312787793,   265.824878601,      17.835799706,        -95.130,       43.330, 294.492, 104.5311,    *,  1.370309,  4.85045478323168,-23.1381203,    9.7900,
 2026-Dec-12 10:00:00,*, , 149.135573223,  13.443580453,  149.504197299,  13.313762238,   278.784089002,      10.316918057,       -102.810,       46.413, 294.301, 112.7984,    *,  1.370465,  4.84989971559290,-22.9968516,    9.7865,
 2026-Dec-12 11:00:00,*,m, 149.133531491,  13.444553055,  149.502152843,  13.314735046,   291.587827535,       3.054051099,       -110.465,       49.486, 294.135, 121.0400,    *,  1.370621,  4.84934785503098,-22.8715730,    9.7829,
 2026-Dec-12 12:00:00,*,m, 149.131508692,  13.445525556,  149.500128234,  13.315707063,   304.639372775,      -3.585039373,       -118.094,       52.546, 293.991, 129.2538,    *,  1.370777,  4.84879882267998,-22.7616158,    9.7794,
 2026-Dec-12 13:00:00,*,m, 149.129503417,  13.446498687,  149.498122811,  13.316679099,   318.234491666,      -9.229706608,       -125.695,       55.594, 293.864, 137.4373,    *,  1.370931,  4.84825226820534,-22.6652915,    9.7759,
 2026-Dec-12 14:00:00,*,m, 149.127513219,  13.447473034,  149.496134761,  13.317651862,   332.516491140,     -13.509293305,       -133.266,       58.629, 293.752, 145.5886,    *,  1.371085,  4.84770789305953,-22.5800096,    9.7724,
 2026-Dec-12 15:00:00,C,m, 149.125534824,  13.448448977,  149.494161283,  13.318625890,   347.422086804,     -16.089697631,       -140.805,       61.650, 293.651, 153.7055,    *,  1.371238,  4.84716547013410,-22.5024579,    9.7689,
 2026-Dec-12 16:00:00,N,m, 149.123564388,  13.449426658,  149.492198819,  13.319601500,     2.668806182,     -16.739735338,       -148.310,       64.655, 293.560, 161.7858,    *,  1.371391,  4.84662485846127,-22.4288309,    9.7654,
 2026-Dec-12 17:00:00, ,m, 149.121597802,  13.450405949,  149.490243331,  13.320578755,    17.839562806,     -15.396962347,       -155.780,       67.645, 293.478, 169.8277,    *,  1.371544,  4.84608601195846,-22.3550936,    9.7618,
 2026-Dec-12 18:00:00, , , 149.119631007,  13.451386450,  149.488290617,  13.321557444,    32.548123146,     -12.188318731,       -163.212,       70.619, 293.403, 177.8289,    *,  1.371696,  4.84554898161640,-22.2772600,    9.7583,
 2026-Dec-12 19:00:00, , , 149.117660314,  13.452367502,  149.486336638,  13.322537078,    46.584769757,      -7.389424590,       -170.605,       73.575, 293.335, 185.7875,    *,  1.371847,  4.84501391098119,-22.1916683,    9.7547,
 2026-Dec-12 20:00:00, , , 149.115682689,  13.453348215,  149.484377829,  13.323516913,    59.963476314,      -1.353483651,       -177.957,       76.514, 293.272, 193.7014,    *,  1.371998,  4.84448102524054,-22.0952342,    9.7512,
 2026-Dec-12 21:00:00, , , 149.113696001,  13.454327517,  149.482411382,  13.324495987,    72.887268825,       5.546609089,       -185.266,       79.434, 293.215, 201.5686,    *,  1.372148,  4.84395061466216,-21.9856646,    9.7476,
 2026-Dec-12 22:00:00, , , 149.111699205,  13.455304214,  149.480435474,  13.325473169,    85.693420212,      12.942490465,       -192.530,       82.334, 293.161, 209.3872,    *,  1.372298,  4.84342301351968,-21.8616167,    9.7439,
 2026-Dec-12 23:00:00, , , 149.109692447,  13.456277055,  149.478449429,  13.326447223,    98.816495562,      20.463266306,       -199.747,       85.214, 293.111, 217.1551,    *,  1.372447,  4.84289857595064,-21.7227921,    9.7403,
 2026-Dec-13 00:00:00, , , 149.107677096,  13.457244807,  149.476453802,  13.327416879,   112.767440417,      27.706813532,       -206.915,       88.074, 293.065, 224.8702,    *,  1.372594,  4.84237765040171,-21.5699597,    9.7366,
 2026-Dec-13 01:00:00, , , 149.105655681,  13.458206321,  149.474450374,  13.328380908,   128.091064714,      34.200487213,       -214.034,       90.911, 293.022, 232.5306,    *,  1.372741,  4.84186055441237,-21.4049049,    9.7329,
 2026-Dec-13 02:00:00, , , 149.103631755,  13.459160602,  149.472442071,  13.329338190,   145.224653785,      39.373949948,       -221.100,       93.726, 292.981, 240.1343,    *,  1.372886,  4.84134755146638,-21.2303095,    9.7292,
 2026-Dec-13 03:00:00, , , 149.101609692,  13.460106860,  149.470432792,  13.330287776,   164.182030877,      42.598761911,       -228.112,       96.518, 292.943, 247.6793,    *,  1.373031,  4.84083883149765,-21.0495698,    9.7254,
 2026-Dec-13 04:00:00, , , 149.099594414,  13.461044553,  149.468427185,  13.331228942,   184.208253454,      43.363371470,       -235.068,       99.287, 292.907, 255.1635,    *,  1.373174,  4.84033449638710,-20.8665658,    9.7217,
 2026-Dec-13 05:00:00, , , 149.097591096,  13.461973410,  149.466430356,  13.332161226,   203.933030203,      41.529048635,       -241.966,      102.030, 292.873, 262.5852,    *,  1.373315,  4.83983455144520,-20.6853979,    9.7179,
 2026-Dec-13 06:00:00,A, , 149.095604842,  13.462893434,  149.464447560,  13.333084444,   222.172054310,      37.416949103,       -248.805,      104.749, 292.841, 269.9422,    *,  1.373456,  4.83933890346421,-20.5101071,    9.7141,
 2026-Dec-13 07:00:00,N, , 149.093640372,  13.463804892,  149.462483869,  13.333998688,   238.515322647,      31.618022214,       -255.583,      107.441, 292.810, 277.2328,    *,  1.373596,  4.83884736547393,-20.3444005,    9.7103,
 2026-Dec-13 08:00:00,C, , 149.091701730,  13.464708283,  149.460543865,  13.334904311,   253.202042711,      24.748939693,       -262.297,      110.107, 292.782, 284.4550,    *,  1.373734,  4.83835966787540,-20.1913994,    9.7066,
 2026-Dec-13 09:00:00,*, , 149.089792043,  13.465604288,  149.458631355,  13.335801887,   266.741988801,      17.338581169,       -268.947,      112.746, 292.754, 291.6069,    *,  1.373872,  4.83787547518966,-20.0534268,    9.7028,
 2026-Dec-13 10:00:00,*, , 149.087913337,  13.466493715,  149.456749142,  13.336692159,   279.675073719,       9.825410839,       -275.530,      115.357, 292.728, 298.6868,    *,  1.374008,  4.83739440727366,-19.9318507,    9.6990,
 2026-Dec-13 11:00:00,*, , 149.086066435,  13.467377426,  149.454898871,  13.337575974,   292.482892880,       2.594087987,       -282.045,      117.939, 292.703, 305.6929,    *,  1.374144,  4.83691606354988,-19.8269922,    9.6953,
 2026-Dec-13 12:00:00,*,m, 149.084250929,  13.468256269,  149.453080946,  13.338454217,   305.562235054,      -3.988009575,       -288.490,      120.492, 292.679, 312.6234,    *,  1.374279,  4.83644004858888,-19.7381051,    9.6916,
 2026-Dec-13 13:00:00,*,m, 149.082465244,  13.469131007,  149.451294533,  13.339327732,   319.199980414,      -9.549937411,       -294.864,      123.015, 292.657, 319.4765,    *,  1.374414,  4.83596599729236,-19.6634295,    9.6878,
 2026-Dec-13 14:00:00,*,m, 149.080706775,  13.470002250,  149.449537652,  13.340197254,   333.526784715,     -13.722152577,       -301.165,      125.507, 292.635, 326.2506,    *,  1.374548,  4.83549359795107,-19.6003140,    9.6841,
 2026-Dec-13 15:00:00,C,m, 149.078972100,  13.470870405,  149.447807344,  13.341063350,   348.463908229,     -16.175469390,       -307.391,      127.969, 292.614, 332.9439,    *,  1.374682,  4.83502261159792,-19.5453993,    9.6804,
 2026-Dec-13 16:00:00,N,m, 149.077257243,  13.471735634,  149.446099902,  13.341926360,     3.715954387,     -16.688612619,       -313.542,      130.399, 292.594, 339.5548,    *,  1.374816,  4.83455288633092,-19.4948504,    9.6766,
 2026-Dec-13 17:00:00, ,m, 149.075557980,  13.472597831,  149.444411160,  13.342786370,    18.862646531,     -15.212230171,       -319.614,      132.796, 292.574, 346.0816,    *,  1.374949,  4.83408436562495,-19.4446214,    9.6729,
 2026-Dec-13 18:00:00, ,m, 149.073870157,  13.473456618,  149.442736807,  13.343643189,    33.526450251,     -11.885257502,       -325.608,      135.161, 292.556, 352.5226,    *,  1.375082,  4.83361709006332,-19.3907339,    9.6691,
 2026-Dec-13 19:00:00, , , 149.072190008,  13.474311359,  149.441072713,  13.344496351,    47.512854188,      -6.990778266,       -331.520,      137.491, 292.538, 358.8763,    *,  1.375214,  4.83315119237161,-19.3295524,    9.6654,
 2026-Dec-13 20:00:00, , , 149.070514439,  13.475161192,  149.439415244,  13.345345137,    60.850420958,      -0.884662080,       -337.351,      139.788, 292.520, 365.1409,    *,  1.375347,  4.83268688609894,-19.2580341,    9.6616,
 2026-Dec-13 21:00:00, , , 149.068841274,  13.476005075,  149.437761535,  13.346188613,    73.752908595,       6.060291874,       -343.097,      142.049, 292.504, 371.3148,    *,  1.375478,  4.83222444871528,-19.1739399,    9.6578,
 2026-Dec-13 22:00:00, , , 149.067169432,  13.476841850,  149.436109725,  13.347025681,    86.565047278,      13.476187475,       -348.759,      144.276, 292.487, 377.3965,    *,  1.375609,  4.83176420028251,-19.0759896,    9.6540,
 2026-Dec-13 23:00:00, , , 149.065499027,  13.477670309,  149.434459104,  13.347855144,    99.727229085,      20.991175265,       -354.334,      146.466, 292.471, 383.3843,    *,  1.375740,  4.83130647917028,-18.9639508,    9.6501,
 2026-Dec-14 00:00:00, , , 149.063831393,  13.478489266,  149.432810196,  13.348675778,   113.754795708,      28.199639366,       -359.820,      148.619, 292.456, 389.2766,    *,  1.375869,  4.83085161647806,-18.8386569,    9.6462,
 2026-Dec-14 01:00:00, , , 149.062169019,  13.479297628,  149.431164750,  13.349486405,   129.191722243,      34.622737334,       -365.217,      150.736, 292.441, 395.0719,    *,  1.375998,  4.83039991091647,-18.7019512,    9.6423,
 2026-Dec-14 02:00:00, , , 149.060515406,  13.480094461,  149.429525645,  13.350285962,   146.458889803,      39.683549430,       -370.523,      152.814, 292.427, 400.7686,    *,  1.376125,  4.82995160587039,-18.5565624,    9.6384,
 2026-Dec-14 03:00:00, , , 149.058874854,  13.480879041,  149.427896723,  13.351073566,   165.526646757,      42.754044784,       -375.736,      154.854, 292.412, 406.3652,    *,  1.376252,  4.82950687021645,-18.4059191,    9.6345,
 2026-Dec-14 04:00:00, , , 149.057252192,  13.481650896,  149.426282552,  13.351848561,   185.583496808,      43.339993032,       -380.856,      156.856, 292.399, 411.8602,    *,  1.376378,  4.82906578421011,-18.2539160,    9.6305,
 2026-Dec-14 05:00:00, , , 149.055652478,  13.482409828,  149.424688136,  13.352610559,   205.241235768,      41.334702720,       -385.880,      158.818, 292.385, 417.2522,    *,  1.376503,  4.82862833141055,-18.1046491,    9.6266,
 2026-Dec-14 06:00:00,A, , 149.054080673,  13.483155916,  149.423118600,  13.353359450,   223.357018282,      37.086341056,       -390.808,      160.740, 292.372, 422.5399,    *,  1.376626,  4.82819439719722,-17.9621358,    9.6226,
 2026-Dec-14 07:00:00,N, , 149.052541328,  13.483889504,  149.421578865,  13.354095406,   239.575584089,      31.194679891,       -395.638,      162.622, 292.359, 427.7217,    *,  1.376749,  4.82776377398055,-17.8300412,    9.6187,
 2026-Dec-14 08:00:00,C, , 149.051038298,  13.484611163,  149.420073331,  13.354818854,   254.166613177,      24.272513197,       -400.368,      164.463, 292.347, 432.7964,    *,  1.376871,  4.82733617274998,-17.7114287,    9.6148,
 2026-Dec-14 09:00:00,*, , 149.049574498,  13.485321650,  149.418605603,  13.355530446,   267.647813405,      16.841882744,       -404.999,      166.263, 292.335, 437.7628,    *,  1.376992,  4.82691124016849,-17.6085509,    9.6108,
 2026-Dec-14 10:00:00,*, , 149.048151730,  13.486021840,  149.417178266,  13.356230996,   280.556957330,       9.336238218,       -409.528,      168.022, 292.323, 442.6196,    *,  1.377113,  4.82648858004258,-17.5226967,    9.6069,
 2026-Dec-14 11:00:00,*, , 149.046770581,  13.486712662,  149.415792730,  13.356921423,   293.370480389,       2.137933024,       -413.955,      169.738, 292.311, 447.3656,    *,  1.377233,  4.82606777769672,-17.4541047,    9.6030,
 2026-Dec-14 12:00:00,*,m, 149.045430404,  13.487395026,  149.414449157,  13.357602675,   306.478602449,      -4.385951361,       -418.278,      171.412, 292.300, 451.9998,    *,  1.377353,  4.82564842558257,-17.4019477,    9.5991,
 2026-Dec-14 13:00:00,*,m, 149.044129388,  13.488069752,  149.413146472,  13.358275658,   320.159173176,      -9.864203621,       -422.496,      173.043, 292.289, 456.5208,    *,  1.377472,  4.82523014836855,-17.3643908,    9.5952,
 2026-Dec-14 14:00:00,*,m, 149.042864698,  13.488737505,  149.411882454,  13.358941165,   334.530058342,     -13.928566582,       -426.609,      174.631, 292.278, 460.9278,    *,  1.377591,  4.82481262579119,-17.3387187,    9.5913,
 2026-Dec-14 15:00:00,C,m, 149.041632696,  13.489398743,  149.410653916,  13.359599815,   349.497165198,     -16.255039221,       -430.615,      176.175, 292.267, 465.2196,    *,  1.377710,  4.82439561170343,-17.3215223,    9.5874,
 2026-Dec-14 16:00:00,N,m, 149.040429205,  13.490053676,  149.409456937,  13.360251999,     4.752726592,     -16.632456461,       -434.514,      177.675, 292.256, 469.3953,    *,  1.377829,  4.82397894801517,-17.3089342,    9.5835,
 2026-Dec-14 17:00:00, ,m, 149.039249819,  13.490702246,  149.408287155,  13.360897850,    19.874092474,     -15.024493743,       -438.304,      179.130, 292.246, 473.4537,    *,  1.377948,  4.82356257257220,-17.2968945,    9.5797,
 2026-Dec-14 18:00:00, ,m, 149.038090222,  13.491344124,  149.407140082,  13.361537226,    34.492965623,     -11.581738429,       -441.985,      180.541, 292.236, 477.3939,    *,  1.378067,  4.82314652043424,-17.2814301,    9.5758,
 2026-Dec-14 19:00:00, ,m, 149.036946507,  13.491978722,  149.406011434,  13.362169710,    48.430016060,      -6.594324268,       -445.555,      181.907, 292.225, 481.2149,    *,  1.378186,  4.82273091846587,-17.2589278,    9.5719,
 2026-Dec-14 20:00:00, ,m, 149.035815454,  13.492605232,  149.404897440,  13.362794635,    61.728027922,      -0.420511184,       -449.014,      183.227, 292.216, 484.9158,    *,  1.378304,  4.82231597361176,-17.2263836,    9.5679,
 2026-Dec-14 21:00:00, , , 149.034694776,  13.493222669,  149.403795120,  13.363411119,    74.611118193,       6.567081009,       -452.361,      184.501, 292.206, 488.4956,    *,  1.378423,  4.82190195566039,-17.1816087,    9.5640,
 2026-Dec-14 22:00:00, , , 149.033583290,  13.493829937,  149.402702503,  13.364018123,    87.431237498,      14.000965341,       -455.595,      185.729, 292.196, 491.9534,    *,  1.378541,  4.82148917567877,-17.1233809,    9.5600,
 2026-Dec-14 23:00:00, , , 149.032481016,  13.494425894,  149.401618784,  13.364614515,   100.634449523,      21.508203868,       -458.715,      186.911, 292.186, 495.2882,    *,  1.378658,  4.82107796159614,-17.0515291,    9.5561,
 2026-Dec-15 00:00:00, , , 149.031389188,  13.495009429,  149.400544394,  13.365199141,   114.740221735,      28.679540491,       -461.721,      188.046, 292.177, 498.4992,    *,  1.378775,  4.82066863261138,-16.9669460,    9.5520,
 2026-Dec-15 01:00:00, , , 149.030310192,  13.495579527,  149.399480981,  13.365770898,   130.290960068,      35.029883418,       -464.611,      189.133, 292.168, 501.5856,    *,  1.378892,  4.82026147417822,-16.8715275,    9.5480,
 2026-Dec-15 02:00:00, , , 149.029247410,  13.496135337,  149.398431319,  13.366328806,   147.689637194,      39.976027450,       -467.385,      190.173, 292.158, 504.5465,    *,  1.379008,  4.81985671528384,-16.7680439,    9.5440,
 2026-Dec-15 03:00:00, , , 149.028205008,  13.496676226,  149.397399129,  13.366872068,   166.861705672,      42.891296293,       -470.042,      191.166, 292.149, 507.3811,    *,  1.379123,  4.81945450957866,-16.6599506,    9.5399,
 2026-Dec-15 04:00:00, , , 149.027187662,  13.497201813,  149.396388837,  13.367400120,   186.940659087,      43.299983629,       -472.582,      192.110, 292.140, 510.0887,    *,  1.379237,  4.81905492165139,-16.5511519,    9.5359,
 2026-Dec-15 05:00:00, , , 149.026200250,  13.497711995,  149.395405285,  13.367912668,   206.525186753,      41.127482443,       -475.003,      193.007, 292.131, 512.6685,    *,  1.379351,  4.81865791939090,-16.4457343,    9.5318,
 2026-Dec-15 06:00:00,A, , 149.025247532,  13.498206948,  149.394453411,  13.368409699,   224.516494417,      36.747543945,       -477.305,      193.855, 292.122, 515.1200,    *,  1.379464,  4.81826337295892,-16.3476871,    9.5278,
 2026-Dec-15 07:00:00,N, , 149.024333836,  13.498687110,  149.393537924,  13.368891482,   240.612515610,      30.767371909,       -479.487,      194.654, 292.113, 517.4424,    *,  1.379576,  4.81787106044509,-16.2606295,    9.5237,
 2026-Dec-15 08:00:00,C, , 149.023462769,  13.499153147,  149.392662991,  13.369358541,   255.111062824,      23.795375241,       -481.549,      195.405, 292.105, 519.6353,    *,  1.379688,  4.81748067981692,-16.1875633,    9.5197,
 2026-Dec-15 09:00:00,*, , 149.022636985,  13.499605905,  149.391831961,  13.369811619,   268.536513065,      16.346825045,       -483.491,      196.107, 292.096, 521.6980,    *,  1.379799,  4.81709186634698,-16.1306676,    9.5156,
 2026-Dec-15 10:00:00,*, , 149.021858007,  13.500046348,  149.391047147,  13.370251625,   281.424094323,       8.850378079,       -485.312,      196.759, 292.087, 523.6301,    *,  1.379910,  4.81670421432307,-16.0911501,    9.5116,
 2026-Dec-15 11:00:00,*, , 149.021126141,  13.500475489,  149.390309679,  13.370679562,   294.245010389,       1.686269983,       -487.011,      197.363, 292.079, 525.4311,    *,  1.380021,  4.81631730155479,-16.0691649,    9.5076,
 2026-Dec-15 12:00:00,*,m, 149.020440454,  13.500894316,  149.389619428,  13.371096461,   307.382881019,      -4.778617766,       -488.588,      197.917, 292.070, 527.1007,    *,  1.380132,  4.81593071499756,-16.0638023,    9.5036,
 2026-Dec-15 13:00:00,*,m, 149.019798852,  13.501303721,  149.388975031,  13.371503306,   321.106444981,     -10.172827971,       -490.043,      198.421, 292.062, 528.6384,    *,  1.380243,  4.81554407573916,-16.0731515,    9.4996,
 2026-Dec-15 14:00:00,*,m, 149.019198229,  13.501704441,  149.388373987,  13.371900962,   335.520725059,     -14.129535743,       -491.376,      198.876, 292.053, 530.0439,    *,  1.380354,  4.81515706163771,-16.0944321,    9.4957,
 2026-Dec-15 15:00:00,C,m, 149.018634689,  13.502097000,  149.387812839,  13.372290117,   350.516469818,     -16.330138880,       -492.585,      199.281, 292.045, 531.3169,    *,  1.380465,  4.81476942606059,-16.1241849,    9.4917,
 2026-Dec-15 16:00:00,N,m, 149.018103814,  13.502481672,  149.387287411,  13.372671228,     5.774140004,     -16.573699574,       -493.672,      199.637, 292.037, 532.4571,    *,  1.380576,  4.81438101144180,-16.1585092,    9.4877,
 2026-Dec-15 17:00:00, ,m, 149.017600978,  13.502858464,  149.386793107,  13.373044492,    20.869476175,     -14.836770788,       -494.635,      199.942, 292.028, 533.4641,    *,  1.380688,  4.81399175672951,-16.1933302,    9.4838,
 2026-Dec-15 18:00:00, ,m, 149.017121667,  13.503227106,  149.386325227,  13.373409828,    35.443830768,     -11.281200314,       -495.474,      200.197, 292.020, 534.3378,    *,  1.380800,  4.81360169821509,-16.2246787,    9.4798,
 2026-Dec-15 19:00:00, ,m, 149.016661792,  13.503587078,  149.385879295,  13.373766883,    49.332914623,      -6.203759254,       -496.189,      200.403, 292.012, 535.0778,    *,  1.380912,  4.81321096368735,-16.2489631,    9.4758,
 2026-Dec-15 20:00:00, ,m, 149.016217976,  13.503937637,  149.385451368,  13.374115055,    62.593305911,       0.035149451,       -496.781,      200.558, 292.003, 535.6840,    *,  1.381024,  4.81281976031424,-16.2632155,    9.4718,
 2026-Dec-15 21:00:00, ,m, 149.015787783,  13.504277870,  149.385038313,  13.374453530,    75.459089733,       7.063138417,       -497.248,      200.662, 291.995, 536.1562,    *,  1.381136,  4.81242835708259,-16.2652954,    9.4678,
 2026-Dec-15 22:00:00, , , 149.015369896,  13.504606754,  149.384638020,  13.374781342,    88.289193529,      14.513052617,       -497.590,      200.717, 291.987, 536.4943,    *,  1.381249,  4.81203706300074,-16.2540362,    9.4638,
 2026-Dec-15 23:00:00, , , 149.014964203,  13.504923230,  149.384249554,  13.375097435,   101.535179379,      22.010729123,       -497.808,      200.721, 291.978, 536.6980,    *,  1.381361,  4.81164620255810,-16.2293252,    9.4597,
 2026-Dec-16 00:00:00, , , 149.014571810,  13.505226269,  149.383873217,  13.375400737,   115.720332624,      29.143140729,       -497.902,      200.675, 291.970, 536.7673,    *,  1.381473,  4.81125609012437,-16.1921112,    9.4557,
 2026-Dec-16 01:00:00, , , 149.014194962,  13.505514948,  149.383510529,  13.375690233,   131.384715412,      35.418936571,       -497.870,      200.578, 291.962, 536.7023,    *,  1.381585,  4.81086700504268,-16.1443400,    9.4516,
 2026-Dec-16 02:00:00, , , 149.013836896,  13.505788511,  149.383164126,  13.375965034,   148.911938459,      40.248986609,       -497.714,      200.431, 291.953, 536.5027,    *,  1.381696,  4.81047916911667,-16.0888203,    9.4475,
 2026-Dec-16 03:00:00, , , 149.013501614,  13.506046423,  149.382837577,  13.376224442,   168.181475049,      43.008942338,       -497.434,      200.234, 291.945, 536.1688,    *,  1.381807,  4.81009272806174,-16.0290312,    9.4434,
 2026-Dec-16 04:00:00, , , 149.013193607,  13.506288404,  149.382535139,  13.376467993,   188.273903981,      43.242692827,       -497.028,      199.987, 291.937, 535.7005,    *,  1.381918,  4.80970773815870,-15.9688839,    9.4393,
 2026-Dec-16 05:00:00, , , 149.012917550,  13.506514455,  149.382261465,  13.376695495,   207.779674233,      40.907497629,       -496.498,      199.689, 291.928, 535.0981,    *,  1.382028,  4.80932415904409,-15.9124534,    9.4352,
 2026-Dec-16 06:00:00,A, , 149.012677978,  13.506724854,  149.382021283,  13.376907040,   225.646086647,      36.401125013,       -495.844,      199.342, 291.920, 534.3617,    *,  1.382138,  4.80894185313079,-15.8636987,    9.4311,
 2026-Dec-16 07:00:00,N, , 149.012478971,  13.506920141,  149.381819066,  13.377102999,   241.622338052,      30.336868091,       -495.066,      198.945, 291.912, 533.4915,    *,  1.382247,  4.80856059169630,-15.8261916,    9.4270,
 2026-Dec-16 08:00:00,C, , 149.012323869,  13.507101083,  149.381658725,  13.377283999,   256.031997693,      23.318332459,       -494.164,      198.498, 291.903, 532.4879,    *,  1.382357,  4.80818006722264,-15.8028717,    9.4229,
 2026-Dec-16 09:00:00,*, , 149.012215045,  13.507268620,  149.381543338,  13.377450884,   269.404916282,      15.854141449,       -493.138,      198.001, 291.895, 531.3511,    *,  1.382466,  4.80779991114270,-15.7958442,    9.4188,
 2026-Dec-16 10:00:00,*, , 149.012153733,  13.507423809,  149.381474931,  13.377604655,   282.273431117,       8.368406446,       -491.989,      197.455, 291.886, 530.0815,    *,  1.382575,  4.80741971577796,-15.8062356,    9.4148,
 2026-Dec-16 11:00:00,*, , 149.012139937,  13.507567749,  149.381454333,  13.377746407,   295.103482098,       1.239444692,       -490.717,      196.859, 291.877, 528.6795,    *,  1.382685,  4.80703905896486,-15.8341163,    9.4107,
 2026-Dec-16 12:00:00,*,m, 149.012172430,  13.507701510,  149.381481119,  13.377877258,   308.272091821,      -5.165959668,       -489.322,      196.214, 291.869, 527.1456,    *,  1.382794,  4.80665752968341,-15.8784952,    9.4067,
 2026-Dec-16 13:00:00,*,m, 149.012248825,  13.507826063,  149.381553627,  13.377998270,   322.038848464,     -10.476115500,       -487.806,      195.521, 291.860, 525.4803,    *,  1.382905,  4.80627475293252,-15.9373867,    9.4027,
 2026-Dec-16 14:00:00,*,m, 149.012365737,  13.507942215,  149.381669066,  13.378110385,   336.495930827,     -14.325756358,       -486.168,      194.778, 291.851, 523.6839,    *,  1.383015,  4.80589041214900,-16.0079473,    9.3987,
 2026-Dec-16 15:00:00,C,m, 149.012519004,  13.508050560,  149.381823701,  13.378214360,   351.519173000,     -16.401853752,       -484.409,      193.987, 291.842, 521.7570,    *,  1.383126,  4.80550426763478,-16.0866687,    9.3947,
 2026-Dec-16 16:00:00,N,m, 149.012703962,  13.508151439,  149.382013099,  13.378310721,     6.777872481,     -16.513759778,       -482.529,      193.148, 291.833, 519.7001,    *,  1.383238,  4.80511616973102,-16.1696187,    9.3907,
 2026-Dec-16 17:00:00, ,m, 149.012915762,  13.508244921,  149.382232424,  13.378399730,    21.846867987,     -14.650708176,       -480.528,      192.260, 291.824, 517.5138,    *,  1.383350,  4.80472606583751,-16.2527089,    9.3867,
 2026-Dec-16 18:00:00, ,m, 149.013149685,  13.508330805,  149.382476761,  13.378481370,    36.377482885,     -10.985401582,       -478.408,      191.325, 291.815, 515.1986,    *,  1.383463,  4.80433400079756,-16.3319753,    9.3827,
 2026-Dec-16 19:00:00, ,m, 149.013401462,  13.508408632,  149.382741439,  13.378555352,    50.220263955,      -5.820854061,       -476.169,      190.342, 291.806, 512.7550,    *,  1.383577,  4.80394011062265,-16.4038483,    9.3787,
 2026-Dec-16 20:00:00, ,m, 149.013667552,  13.508477728,  149.383022343,  13.378621138,    63.445139165,       0.480605651,       -473.812,      189.311, 291.797, 510.1838,    *,  1.383691,  4.80354460998815,-16.4653968,    9.3747,
 2026-Dec-16 21:00:00, ,m, 149.013945374,  13.508537251,  149.383316187,  13.378677985,    76.295780260,       7.546851260,       -471.336,      188.233, 291.788, 507.4855,    *,  1.383805,  4.80314777435704,-16.5145286,    9.3707,
 2026-Dec-16 22:00:00, ,m, 149.014233475,  13.508586254,  149.383620721,  13.378724997,    89.137858264,      15.010969347,       -468.743,      187.109, 291.778, 504.6607,    *,  1.383920,  4.80274991795786,-16.5501324,    9.3667,
 2026-Dec-16 23:00:00, , , 149.014531612,  13.508623755,  149.383934881,  13.378761195,   102.428259034,      22.497433445,       -466.033,      185.937, 291.768, 501.7102,    *,  1.384034,  4.80235136912576,-16.5721537,    9.3626,
 2026-Dec-17 00:00:00, , , 149.014840763,  13.508648809,  149.384258843,  13.378785586,   116.693761794,      29.589323834,       -463.207,      184.719, 291.759, 498.6345,    *,  1.384149,  4.80195244469756,-16.5815971,    9.3585,
 2026-Dec-17 01:00:00, , , 149.015163040,  13.508660582,  149.384594002,  13.378797242,   132.471293594,      35.789044834,       -460.265,      183.455, 291.749, 495.4346,    *,  1.384264,  4.80155342521543,-16.5804569,    9.3544,
 2026-Dec-17 02:00:00, , , 149.015501535,  13.508658410,  149.384942860,  13.378795363,   150.123703687,      40.501936706,       -457.209,      182.146, 291.739, 492.1111,    *,  1.384379,  4.80115453263932,-16.5715796,    9.3503,
 2026-Dec-17 03:00:00, , , 149.015860091,  13.508641851,  149.385308839,  13.378779344,   169.483662657,      43.106951391,       -454.039,      180.790, 291.729, 488.6649,    *,  1.384494,  4.80075591209573,-16.5584678,    9.3462,
 2026-Dec-17 04:00:00, , , 149.016243026,  13.508610724,  149.385696037,  13.378748818,   189.581270548,      43.168525931,       -450.755,      179.390, 291.718, 485.0968,    *,  1.384609,  4.80035761891435,-16.5450391,    9.3421,
 2026-Dec-17 05:00:00, , , 149.016654820,  13.508565125,  149.386108926,  13.378703689,   209.003466051,      40.675393381,       -447.359,      177.945, 291.708, 481.4078,    *,  1.384724,  4.79995961184137,-16.5353569,    9.3380,
 2026-Dec-17 06:00:00,A, , 149.017099792,  13.508505430,  149.386552032,  13.378644148,   226.745194766,      36.047742752,       -443.851,      176.456, 291.697, 477.5987,    *,  1.384839,  4.79956175289531,-16.5333506,    9.3339,
 2026-Dec-17 07:00:00,N, , 149.017581787,  13.508432275,  149.387029608,  13.378570662,   242.604792486,      29.903714759,       -440.233,      174.922, 291.686, 473.6707,    *,  1.384954,  4.79916381387562,-16.5425458,    9.3298,
 2026-Dec-17 08:00:00,C, , 149.018103896,  13.508346516,  149.387545325,  13.378483955,   256.929300231,      22.841782138,       -436.505,      173.345, 291.675, 469.6246,    *,  1.385069,  4.79876548907889,-16.5658212,    9.3258,
 2026-Dec-17 09:00:00,*, , 149.018668227,  13.508249186,  149.388102001,  13.378384960,   270.252960862,      15.364081933,       -432.668,      171.725, 291.664, 465.4615,    *,  1.385184,  4.79836641335155,-16.6052106,    9.3217,
 2026-Dec-17 10:00:00,*, , 149.019275738,  13.508141421,  149.388701395,  13.378274766,   283.104937174,       7.890438861,       -428.724,      170.062, 291.653, 461.1826,    *,  1.385299,  4.79796618424308,-16.6617620,    9.3176,
 2026-Dec-17 11:00:00,*, , 149.019926159,  13.508024400,  149.389344058,  13.378154549,   295.945900347,       0.797453936,       -424.673,      168.357, 291.641, 456.7888,    *,  1.385415,  4.79756438674182,-16.7354651,    9.3136,
 2026-Dec-17 12:00:00,*,m, 149.020617986,  13.507899266,  149.390029288,  13.378025502,   309.146291813,      -5.548080933,       -420.516,      166.609, 291.629, 452.2815,    *,  1.385532,  4.79716061889985,-16.8252505,    9.3096,
 2026-Dec-17 13:00:00,*,m, 149.021348564,  13.507767056,  149.390755146,  13.377888759,   322.956519125,     -10.774247609,       -416.255,      164.821, 291.617, 447.6616,    *,  1.385649,  4.79675451659134,-16.9290620,    9.3056,
 2026-Dec-17 14:00:00,*,m, 149.022114252,  13.507628640,  149.391518577,  13.377745327,   337.455926419,     -14.517454560,       -411.890,      162.991, 291.605, 442.9303,    *,  1.385767,  4.79634577570944,-17.0439959,    9.3016,
 2026-Dec-17 15:00:00,C,m, 149.022910649,  13.507484671,  149.392315595,  13.377596024,   352.505683235,     -16.470406278,       -407.422,      161.120, 291.592, 438.0888,    *,  1.385886,  4.79593417028131,-17.1664990,    9.2977,
 2026-Dec-17 16:00:00,N,m, 149.023732872,  13.507335546,  149.393141535,  13.377441432,     7.764516772,     -16.452790397,       -402.853,      159.209, 291.579, 433.1384,    *,  1.386006,  4.79551956526147,-17.2926106,    9.2937,
 2026-Dec-17 17:00:00, ,m, 149.024575875,  13.507181388,  149.393991350,  13.377281867,    22.807026978,     -14.466319680,       -398.184,      157.259, 291.566, 428.0802,    *,  1.386127,  4.79510192312744,-17.4182323,    9.2897,
 2026-Dec-17 18:00:00, ,m, 149.025434766,  13.507022047,  149.394859937,  13.377117366,    37.294785158,     -10.694162750,       -393.416,      155.270, 291.552, 422.9154,    *,  1.386248,  4.79468130382709,-17.5394079,    9.2857,
 2026-Dec-17 19:00:00, ,m, 149.026305122,  13.506857121,  149.395742462,  13.376947691,    51.092959863,      -5.445212445,       -388.550,      153.241, 291.538, 417.6454,    *,  1.386371,  4.79425785808158,-17.6525924,    9.2818,
 2026-Dec-17 20:00:00, ,m, 149.027183271,  13.506685992,  149.396634668,  13.376772360,    64.284408601,       0.916466876,       -383.588,      151.175, 291.524, 412.2713,    *,  1.386494,  4.79383181450346,-17.7548939,    9.2778,
 2026-Dec-17 21:00:00, ,m, 149.028066516,  13.506507874,  149.397533146,  13.376590683,    77.122041448,       8.019022776,       -378.529,      149.071, 291.509, 406.7945,    *,  1.386618,  4.79340346141329,-17.8442702,    9.2738,
 2026-Dec-17 22:00:00, ,m, 149.028953298,  13.506321884,  149.398435539,  13.376401826,    89.978065970,      15.495686399,       -373.376,      146.929, 291.494, 401.2163,    *,  1.386742,  4.79297312460053,-17.9196670,    9.2697,
 2026-Dec-17 23:00:00, ,m, 149.029843279,  13.506127105,  149.399340685,  13.376204870,   103.314532605,      22.969426850,       -368.131,      144.751, 291.479, 395.5381,    *,  1.386867,  4.79254114255325,-17.9810891,    9.2657,
 2026-Dec-18 00:00:00, ,m, 149.030737340,  13.505922663,  149.400248670,  13.375998892,   117.661395457,      30.019309962,       -362.793,      142.537, 291.463, 389.7612,    *,  1.386993,  4.79210784085383,-18.0295979,    9.2617,
 2026-Dec-18 01:00:00, , , 149.031637495,  13.505707797,  149.401160797,  13.375783034,   133.551654576,      36.141512129,       -357.365,      140.287, 291.446, 383.8871,    *,  1.387119,  4.79167350749551,-18.0672379,    9.2576,
 2026-Dec-18 02:00:00, , , 149.032546728,  13.505481920,  149.402079469,  13.375556570,   151.326029351,      40.736244686,       -351.847,      138.002, 291.429, 377.9173,    *,  1.387245,  4.79123837081137,-18.0968944,    9.2535,
 2026-Dec-18 03:00:00, , , 149.033468760,  13.505244669,  149.403008001,  13.375318974,   170.769702254,      43.186716133,       -346.242,      135.683, 291.412, 371.8533,    *,  1.387371,  4.79080258152839,-18.1220947,    9.2494,
 2026-Dec-18 04:00:00, , , 149.034407773,  13.504995945,  149.403950366,  13.375069958,   190.864845969,      43.078783411,       -340.551,      133.330, 291.394, 365.6966,    *,  1.387497,  4.79036620017652,-18.1467646,    9.2454,
 2026-Dec-18 05:00:00, , , 149.035368090,  13.504735924,  149.404910896,  13.374809509,   210.199349933,      40.432189516,       -334.775,      130.943, 291.375, 359.4488,    *,  1.387624,  4.78992919071593,-18.1749581,    9.2413,
 2026-Dec-18 06:00:00,A, , 149.036353857,  13.504465061,  149.405893956,  13.374537897,   227.816976956,      35.688017332,       -328.915,      128.524, 291.355, 353.1115,    *,  1.387751,  4.78949142081917,-18.2105776,    9.2372,
 2026-Dec-18 07:00:00,N, , 149.037368727,  13.504184070,  149.406903620,  13.374255671,   243.563073429,      29.468146835,       -322.974,      126.073, 291.335, 346.6863,    *,  1.387878,  4.78905266879067,-18.2571051,    9.2331,
 2026-Dec-18 08:00:00,C, , 149.038415584,  13.503893883,  149.407943361,  13.373963630,   257.806059830,      22.365665209,       -316.952,      123.591, 291.314, 340.1748,    *,  1.388005,  4.78861263666159,-18.3173617,    9.2291,
 2026-Dec-18 09:00:00,*, , 149.039496316,  13.503595600,  149.409015786,  13.373662779,   271.083630085,      14.876402784,       -310.851,      121.077, 291.293, 333.5788,    *,  1.388133,  4.78817096851771,-18.3933134,    9.2251,
 2026-Dec-18 10:00:00,*, , 149.040611654,  13.503290424,  149.410122427,  13.373354276,   283.921545881,       7.416152402,       -304.674,      118.534, 291.270, 326.9000,    *,  1.388262,  4.78772727287307,-18.4859337,    9.2211,
 2026-Dec-18 11:00:00,*, , 149.041761097,  13.502979592,  149.411263610,  13.373039360,   296.775215368,       0.359995444,       -298.420,      115.961, 291.246, 320.1399,    *,  1.388391,  4.78728114751056,-18.5951357,    9.2171,
 2026-Dec-18 12:00:00,*,m, 149.042942914,  13.502664298,  149.412438399,  13.372719281,   310.008503055,      -5.925165812,       -292.092,      113.359, 291.222, 313.3003,    *,  1.388522,  4.78683220509492,-18.7197761,    9.2131,
 2026-Dec-18 13:00:00,*,m, 149.044154233,  13.502345631,  149.413644630,  13.372395223,   323.862581297,     -11.067194870,       -285.692,      110.729, 291.196, 306.3829,    *,  1.388653,  4.78638009780855,-18.8577323,    9.2091,
 2026-Dec-18 14:00:00,*,m, 149.045391204,  13.502024502,  149.414879032,  13.372068238,   338.403937197,     -14.704296907,       -279.221,      108.071, 291.169, 299.3894,    *,  1.388785,  4.78592453932321,-19.0060456,    9.2052,
 2026-Dec-18 15:00:00,C,m, 149.046649239,  13.501701604,  149.416137419,  13.371739185,   353.479293076,     -16.535081041,       -272.680,      105.386, 291.141, 292.3215,    *,  1.388918,  4.78546532260220,-19.1611221,    9.2012,
 2026-Dec-18 16:00:00,N,m, 149.047923289,  13.501377368,  149.417414945,  13.371408684,     8.737369223,     -16.389637624,       -266.072,      102.675, 291.111, 285.1809,    *,  1.389053,  4.78500233231451,-19.3189773,    9.1973,
 2026-Dec-18 17:00:00, ,m, 149.049208159,  13.501051951,  149.418706404,  13.371077085,    23.753169738,     -14.281989140,       -259.397,       99.938, 291.080, 277.9693,    *,  1.389188,  4.78453555101033,-19.4755071,    9.1934,
 2026-Dec-18 18:00:00, ,m, 149.050498837,  13.500725239,  149.420006557,  13.370744455,    38.198797000,     -10.405421091,       -252.658,       97.177, 291.047, 270.6884,    *,  1.389325,  4.78406505863567,-19.6267671,    9.1894,
 2026-Dec-18 19:00:00, ,m, 149.051790800,  13.500396861,  149.421310460,  13.370410591,    51.953867122,      -5.074375938,       -245.856,       94.391, 291.012, 263.3401,    *,  1.389462,  4.78359102541954,-19.7692409,    9.1855,
 2026-Dec-18 20:00:00, ,m, 149.053080295,  13.500066234,  149.422613766,  13.370075042,    65.113803026,       1.345516171,       -238.992,       91.581, 290.976, 255.9260,    *,  1.389601,  4.78311369862118,-19.9000794,    9.1815,
 2026-Dec-18 21:00:00, ,m, 149.054364564,  13.499732612,  149.423912996,  13.369737155,    77.940455373,       8.482682755,       -232.068,       88.748, 290.937, 248.4478,    *,  1.389741,  4.78263338404560,-20.0172935,    9.1775,
 2026-Dec-18 22:00:00, ,m, 149.055641998,  13.499395151,  149.425205742,  13.369396131,    90.812399687,      15.970401230,       -225.086,       85.893, 290.895, 240.9075,    *,  1.389881,  4.78215042359369,-20.1198891,    9.1736,
 2026-Dec-18 23:00:00, ,m, 149.056912217,  13.499052978,  149.426490801,  13.369051095,   104.196721762,      23.429991280,       -218.048,       83.016, 290.851, 233.3068,    *,  1.390022,  4.78166517038536,-20.2079331,    9.1695,
 2026-Dec-19 00:00:00, ,m, 149.058176062,  13.498705268,  149.427768220,  13.368701168,   118.626253431,      30.436370630,       -210.955,       80.119, 290.804, 225.6475,    *,  1.390164,  4.78117796315984,-20.2825467,    9.1655,
 2026-Dec-19 01:00:00, ,m, 149.059435503,  13.498351311,  149.429039267,  13.368345539,   134.629280028,      36.479486436,       -203.808,       77.201, 290.754, 217.9316,    *,  1.390306,  4.78068910170738,-20.3458268,    9.1615,
 2026-Dec-19 02:00:00, , , 149.060693472,  13.497990574,  149.430306305,  13.367983538,   152.523008172,      40.954804567,       -196.611,       74.264, 290.700, 210.1609,    *,  1.390448,  4.78019882501594,-20.4007005,    9.1575,
 2026-Dec-19 03:00:00, , , 149.061953630,  13.497622750,  149.431572598,  13.367614690,   172.044443022,      43.250728725,       -189.364,       71.308, 290.642, 202.3373,    *,  1.390591,  4.77970729362994,-20.4507225,    9.1534,
 2026-Dec-19 04:00:00, , , 149.063220078,  13.497247797,  149.432842055,  13.367238767,   192.130301009,      42.975381872,       -182.068,       68.333, 290.579, 194.4628,    *,  1.390735,  4.77921457743063,-20.4998297,    9.1494,
 2026-Dec-19 05:00:00, , , 149.064497045,  13.496865949,  149.434118924,  13.366855811,   211.373560784,      40.179083369,       -174.727,       65.342, 290.511, 186.5394,    *,  1.390878,  4.77872064967489,-20.5520693,    9.1453,
 2026-Dec-19 06:00:00,A, , 149.065788563,  13.496477718,  149.435407472,  13.366466151,   228.867749833,      35.322424900,       -167.342,       62.334, 290.436, 178.5690,    *,  1.391023,  4.77822538770178,-20.6113197,    9.1413,
 2026-Dec-19 07:00:00,N, , 149.067098153,  13.496083868,  149.436711653,  13.366070390,   244.503252321,      29.030060889,       -159.914,       59.310, 290.355, 170.5536,    *,  1.391167,  4.77772858025819,-20.6810229,    9.1372,
 2026-Dec-19 08:00:00,C, , 149.068428556,  13.495685383,  149.438034804,  13.365669379,   258.668033007,      21.889497617,       -152.446,       56.271, 290.266, 162.4953,    *,  1.391312,  4.77722994094182,-20.7639465,    9.1332,
 2026-Dec-19 09:00:00,*, , 149.069781500,  13.495283406,  149.439379382,  13.365264172,   271.902443177,      14.390436376,       -144.939,       53.217, 290.167, 154.3962,    *,  1.391458,  4.77672912684106,-20.8619920,    9.1292,
 2026-Dec-19 10:00:00,*, , 149.071157554,  13.494879181,  149.440746759,  13.364855969,   284.728661871,       6.944876146,       -137.395,       50.150, 290.057, 146.2581,    *,  1.391605,  4.77622576109404,-20.9760629,    9.1252,
 2026-Dec-19 11:00:00,*, , 149.072556050,  13.494473979,  149.442137093,  13.364446047,   297.596831797,      -0.073437420,       -129.817,       47.070, 289.935, 138.0833,    *,  1.391753,  4.77571945782230,-21.1060005,    9.1213,
 2026-Dec-19 12:00:00,*,m, 149.073975094,  13.494069024,  149.443549281,  13.364035688,   310.864208550,      -6.297396753,       -122.205,       43.977, 289.797, 129.8739,    *,  1.391901,  4.77520984773015,-21.2505928,    9.1173,
 2026-Dec-19 13:00:00,*,m, 149.075411657,  13.493665424,  149.444980998,  13.363626101,   324.762618434,     -11.354665705,       -114.561,       40.874, 289.640, 121.6318,    *,  1.392051,  4.77469660261694,-21.4076555,    9.1134,
 2026-Dec-19 14:00:00,*,m, 149.076861751,  13.493264112,  149.446428821,  13.363218359,   339.345601888,     -14.885390100,       -106.888,       37.759, 289.460, 113.3593,    *,  1.392201,  4.77417945712267,-21.5741799,    9.1095,
 2026-Dec-19 15:00:00,C,m, 149.078320661,  13.492865791,  149.447888427,  13.362813335,   354.445592400,     -16.594295235,        -99.188,       34.634, 289.252, 105.0586,    u,  1.392353,  4.77365822621767,-21.7465364,    9.1056,
 2026-Dec-19 16:00:00,N,m, 149.079783236,  13.492470905,  149.449354855,  13.362411662,     9.701837297,     -16.321996166,        -91.461,       31.500, 289.008,  96.7320,    u,  1.392507,  4.77313281723864,-21.9207217,    9.1016,
 2026-Dec-19 17:00:00, ,m, 149.081244200,  13.492079619,  149.450822804,  13.362013696,    24.690398699,     -14.094715766,        -83.710,       28.358, 288.718,  88.3820,    u,  1.392661,  4.77260323564636,-22.0926304,    9.0977,
 2026-Dec-19 18:00:00, ,m, 149.082698486,  13.491691825,  149.452286967,  13.361619514,    39.094244235,     -10.115559640,        -75.937,       25.208, 288.367,  80.0111,    u,  1.392817,  4.77206958411115,-22.2583347,    9.0938,
 2026-Dec-19 19:00:00, ,m, 149.084141535,  13.491307163,  149.453742351,  13.361228916,    52.807339730,      -4.704223946,        -68.144,       22.051, 287.934,  71.6223,    u,  1.392974,  4.77153205498855,-22.4143512,    9.0899,
 2026-Dec-19 20:00:00, ,m, 149.085569583,  13.490925056,  149.455184590,  13.360841460,    65.937385445,       1.772253589,        -60.332,       18.888, 287.386,  63.2192,    *,  1.393132,  4.77099091670063,-22.5578774,    9.0859,
 2026-Dec-19 21:00:00, ,m, 149.086979873,  13.490544771,  149.456610200,  13.360456501,    78.754934869,       8.942588140,        -52.504,       15.719, 286.669,  54.8061,    *,  1.393291,  4.77044649495599,-22.6869817,    9.0820,
 2026-Dec-19 22:00:00, ,m, 149.088370815,  13.490165478,  149.458016787,  13.360073252,    91.644808886,      16.440007556,        -44.661,       12.546, 285.693,  46.3891,    *,  1.393451,  4.76989915009447,-22.8007337,    9.0780,
 2026-Dec-19 23:00:00, ,m, 149.089742052,  13.489786324,  149.459403172,  13.359690853,   105.079039612,      23.884030073,        -36.805,        9.369, 284.283,  37.9781,    *,  1.393611,  4.76934925210895,-22.8992658,    9.0740,
 2026-Dec-20 00:00:00, ,m, 149.091094453,  13.489406503,  149.460769437,  13.359308443,   119.593071153,      30.845269294,        -28.938,        6.189, 282.073,  29.5918,    *,  1.393773,  4.76879715505487,-22.9837622,    9.0700,
 2026-Dec-20 01:00:00, ,m, 149.092430015,  13.489025330,  149.462116880,  13.358925234,   135.709682846,      36.807406822,        -21.061,        3.007, 278.125,  21.2749,    O,  1.393935,  4.76824317260087,-23.0563758,    9.0660,
 2026-Dec-20 02:00:00, ,m, 149.093751685,  13.488642300,  149.463447890,  13.358540581,   153.721110903,      41.161516063,        -13.178,       -0.177, 269.230,  13.1795,    O,  1.394097,  4.76768755639563,-23.1200783,    9.0620,
 2026-Dec-20 03:00:00, ,m, 149.095063131,  13.488257135,  149.464765752,  13.358154037,   173.315355967,      43.302130748,         -5.290,       -3.362, 237.565,   6.2679,    O,  1.394260,  4.76713047873274,-23.1784550,    9.0579,
 2026-Dec-20 04:00:00, , , 149.096368445,  13.487869824,  149.466074376,  13.357765403,   193.385936460,      42.860520179,          2.601,       -6.546, 158.329,   7.0440,    O,  1.394423,  4.76657202070186,-23.2354567,    9.0539,
 2026-Dec-20 05:00:00, , , 149.097671828,  13.487480629,  149.467377999,  13.357374754,   212.534758870,      39.917255482,         10.494,       -9.730, 132.836,  14.3104,    O,  1.394587,  4.76601216663744,-23.2951273,    9.0499,
 2026-Dec-20 06:00:00,A, , 149.098977269,  13.487090092,  149.468680855,  13.356982445,   229.905991160,      34.951231759,         18.385,      -12.912, 125.079,  22.4664,    *,  1.394751,  4.76545080524576,-23.3613247,    9.0458,
 2026-Dec-20 07:00:00,N, , 149.100288228,  13.486699004,  149.469986851,  13.356589110,   245.433345268,      28.589046736,         26.274,      -16.091, 121.483,  30.8104,    *,  1.394916,  4.76488773733302,-23.4374542,    9.0418,
 2026-Dec-20 08:00:00,C, , 149.101607369,  13.486308368,  149.471299256,  13.356195622,   259.522775406,      21.412465296,         34.159,      -19.267, 119.424,  39.2183,    *,  1.395082,  4.76432268960459,-23.5262331,    9.0378,
 2026-Dec-20 09:00:00,*, , 149.102936335,  13.485919348,  149.472620446,  13.355803059,   272.716633474,      13.905219144,         42.036,      -22.440, 118.093,  47.6512,    *,  1.395248,  4.76375533359043,-23.6295030,    9.0338,
 2026-Dec-20 10:00:00,*, , 149.104275598,  13.485533200,  149.473951702,  13.355412635,   285.533363205,       6.475725617,         49.905,      -25.608, 117.161,  56.0924,    *,  1.395415,  4.76318530839939,-23.7481012,    9.0298,
 2026-Dec-20 11:00:00,*, , 149.105624395,  13.485151200,  149.475293083,  13.355025638,   298.417814035,      -0.503439177,         57.764,      -28.770, 116.474,  64.5328,    *,  1.395583,  4.76261224574375,-23.8818011,    9.0259,
 2026-Dec-20 12:00:00,*,m, 149.106980737,  13.484774575,  149.476643389,  13.354643352,   311.720543860,      -6.664880023,         65.610,      -31.926, 115.945,  72.9667,    *,  1.395752,  4.76203579551947,-24.0293263,    9.0219,
 2026-Dec-20 13:00:00,*,m, 149.108341510,  13.484404427,  149.478000202,  13.354266988,   325.663841029,     -11.636098664,         73.442,      -35.075, 115.526,  81.3897,    *,  1.395922,  4.76145565018999,-24.1884353,    9.0180,
 2026-Dec-20 14:00:00,*,m, 149.109702653,  13.484041681,  149.479360016,  13.353897608,   340.288118438,     -15.059363653,         81.259,      -38.217, 115.185,  89.7985,    *,  1.396093,  4.76087156631119,-24.3560733,    9.0140,
 2026-Dec-20 15:00:00,C,m, 149.111059398,  13.483687025,  149.480718442,  13.353536077,   355.411609063,     -16.645790743,         89.057,      -41.350, 114.902,  98.1902,    *,  1.396266,  4.76028338170077,-24.5285798,    9.0101,
 2026-Dec-20 16:00:00,N,m, 149.112406559,  13.483340888,  149.482070472,  13.353183007,    10.664604140,     -16.246719638,         96.836,      -44.474, 114.664, 106.5624,    *,  1.396439,  4.75969102709151,-24.7019372,    9.0062,
 2026-Dec-20 17:00:00, ,m, 149.113738851,  13.483003414,  149.483410780,  13.352838739,    25.624920145,     -13.900538599,        104.593,      -47.588, 114.460, 114.9125,    *,  1.396614,  4.75909453147183,-24.8720436,    9.0023,
 2026-Dec-20 18:00:00, ,m, 149.115051218,  13.482674476,  149.484734057,  13.352503326,    39.986807744,      -9.819930519,        112.327,      -50.691, 114.284, 123.2383,    *,  1.396791,  4.75849402074246,-25.0349925,    8.9984,
 2026-Dec-20 19:00:00, ,m, 149.116339138,  13.482353693,  149.486035338,  13.352176549,    53.658580383,      -4.329575448,        120.036,      -53.783, 114.130, 131.5376,    *,  1.396968,  4.75788970978262,-25.1873376,    8.9944,
 2026-Dec-20 20:00:00, ,m, 149.117598903,  13.482040472,  149.487310299,  13.351857944,    66.760010152,       2.202236744,        127.718,      -56.862, 113.995, 139.8082,    *,  1.397146,  4.75728188846828,-25.3263276,    8.9905,
 2026-Dec-20 21:00:00, ,m, 149.118827831,  13.481734063,  149.488555527,  13.351546848,    79.570176917,       9.404524267,        135.372,      -59.929, 113.874, 148.0482,    *,  1.397326,  4.75667090260012,-25.4500924,    8.9865,
 2026-Dec-20 22:00:00, ,m, 149.120024417,  13.481433621,  149.489768710,  13.351242457,    92.480072635,      16.910373555,        142.995,      -62.982, 113.766, 156.2552,    *,  1.397506,  4.75605713104754,-25.5577694,    8.9825,
 2026-Dec-20 23:00:00, ,m, 149.121188402,  13.481138286,  149.490948767,  13.350943899,   105.966631560,      24.337338810,        150.585,      -66.021, 113.668, 164.4274,    *,  1.397687,  4.75544096067374,-25.6495603,    8.9785,
 2026-Dec-21 00:00:00, ,m, 149.122320752,  13.480847244,  149.492095880,  13.350650304,   120.567677613,      31.251542777,        158.141,      -69.045, 113.580, 172.5627,    *,  1.397869,  4.75482276075981,-25.7267158,    8.9745,
 2026-Dec-21 01:00:00, ,m, 149.123423560,  13.480559808,  149.493211450,  13.350360878,   136.799670104,      37.130319995,        165.662,      -72.052, 113.500, 180.6589,    *,  1.398051,  4.75420285867961,-25.7914480,    8.9704,
 2026-Dec-21 02:00:00, ,m, 149.124499862,  13.480275472,  149.494297967,  13.350074974,   154.928277952,      41.360672591,        173.144,      -75.043, 113.426, 188.7141,    *,  1.398234,  4.75358151849170,-25.8467764,    8.9664,
 2026-Dec-21 03:00:00, ,m, 149.125553401,  13.479993961,  149.495358800,  13.349792145,   174.591429652,      43.344220309,        180.587,      -78.017, 113.358, 196.7263,    *,  1.398417,  4.75295892391539,-25.8963197,    8.9623,
 2026-Dec-21 04:00:00, ,m, 149.126588332,  13.479715264,  149.496397936,  13.349512196,   194.641439541,      42.736346934,        187.988,      -80.972, 113.296, 204.6934,    *,  1.398601,  4.75233516685673,-25.9440457,    8.9582,
 2026-Dec-21 05:00:00, ,m, 149.127608899,  13.479439649,  149.497419670,  13.349235201,   213.692762554,      39.647705721,        195.346,      -83.909, 113.238, 212.6134,    *,  1.398785,  4.75171024227065,-25.9939975,    8.9541,
 2026-Dec-21 06:00:00,A, , 149.128619118,  13.479167656,  149.498428275,  13.348961523,   230.941136493,      34.574471941,        202.658,      -86.827, 113.184, 220.4844,    *,  1.398969,  4.75108404971146,-26.0500149,    8.9501,
 2026-Dec-21 07:00:00,N, , 149.129622458,  13.478900077,  149.499427675,  13.348691792,   246.362199333,      28.144464471,        209.924,      -89.724, 113.134, 228.3045,    *,  1.399154,  4.75045640146471,-26.1154689,    8.9460,
 2026-Dec-21 08:00:00,C, , 149.130621575,  13.478637911,  149.500421145,  13.348426882,   260.378605334,      20.933559859,        217.141,      -92.600, 113.088, 236.0717,    *,  1.399339,  4.74982703670367,-26.1930296,    8.9420,
 2026-Dec-21 09:00:00,*, , 149.131618095,  13.478382311,  149.501411047,  13.348167863,   273.534163799,      13.419650762,        224.307,      -95.454, 113.044, 243.7840,    *,  1.399525,  4.74919564069964,-26.2844806,    8.9379,
 2026-Dec-21 10:00:00,*, , 149.132612465,  13.478134518,  149.502398638,  13.347915938,   286.343442245,       6.007754855,        231.421,      -98.287, 113.003, 251.4398,    *,  1.399712,  4.74856186776993,-26.3905957,    8.9339,
 2026-Dec-21 11:00:00,*, , 149.133603892,  13.477895790,  149.503383949,  13.347672378,   299.245929894,      -0.930575529,        238.481,     -101.096, 112.964, 259.0370,    *,  1.399900,  4.74792536639100,-26.5110835,    8.9299,
 2026-Dec-21 12:00:00,*,m, 149.134590360,  13.477667327,  149.504365748,  13.347438446,   312.585327273,      -7.027591853,        245.485,     -103.882, 112.927, 266.5740,    *,  1.400088,  4.74728580475556,-26.6446058,    8.9259,
 2026-Dec-21 13:00:00,*,m, 149.135568739,  13.477450201,  149.505341590,  13.347215322,   326.574097234,     -11.910698234,        252.432,     -106.644, 112.893, 274.0488,    *,  1.400278,  4.74664289502260,-26.7888675,    8.9219,
 2026-Dec-21 14:00:00,*,m, 149.136534963,  13.477245300,  149.506307956,  13.347004038,   341.239243580,     -15.224519138,        259.320,     -109.381, 112.860, 281.4597,    *,  1.400469,  4.74599641459879,-26.9407719,    8.9179,
 2026-Dec-21 15:00:00,C,m, 149.137484275,  13.477053272,  149.507260456,  13.346805415,   356.384821875,     -16.686912660,        266.148,     -112.092, 112.829, 288.8050,    *,  1.400661,  4.74534622299263,-27.0966311,    8.9140,
 2026-Dec-21 16:00:00,N,m, 149.138411524,  13.476874501,  149.508194100,  13.346620026,    11.632688395,     -16.160231173,        272.913,     -114.777, 112.799, 296.0829,    *,  1.400854,  4.74469227308682,-27.2524170,    8.9100,
 2026-Dec-21 17:00:00, ,m, 149.139311482,  13.476709087,  149.509103607,  13.346448164,    26.563178958,     -13.695067831,        279.615,     -117.435, 112.771, 303.2917,    *,  1.401048,  4.74403461605582,-27.4040355,    8.9060,
 2026-Dec-21 18:00:00, ,m, 149.140179171,  13.476556857,  149.509983733,  13.346289836,    40.882344323,      -9.513485719,        286.251,     -120.065, 112.744, 310.4296,    *,  1.401243,  4.74337339959140,-27.5476050,    8.9020,
 2026-Dec-21 19:00:00, ,m, 149.141010174,  13.476417381,  149.510829602,  13.346144774,    54.512940476,      -3.944894746,        292.820,     -122.668, 112.719, 317.4948,    *,  1.401439,  4.74270885955738,-27.6797210,    8.8980,
 2026-Dec-21 20:00:00, ,m, 149.141800905,  13.476290023,  149.511637007,  13.346012466,    67.586682214,       2.641323243,        299.320,     -125.241, 112.694, 324.4857,    *,  1.401637,  4.74204130564440,-27.7976874,    8.8940,
 2026-Dec-21 21:00:00, ,m, 149.142548824,  13.476173989,  149.512402668,  13.345892204,    80.391054707,       9.874515685,        305.751,     -127.785, 112.670, 331.4006,    *,  1.401835,  4.74137110200696,-27.8996996,    8.8899,
 2026-Dec-21 22:00:00, ,m, 149.143252582,  13.476068397,  149.513124426,  13.345783142,    93.323192291,      17.387539137,        312.109,     -130.299, 112.648, 338.2376,    *,  1.402034,  4.74069864420886,-27.9849666,    8.8859,
 2026-Dec-21 23:00:00, ,m, 149.143912081,  13.475972347,  149.513801360,  13.345684368,   106.864930583,      24.795807247,        318.395,     -132.782, 112.626, 344.9951,    *,  1.402233,  4.74002433405564,-28.0537633,    8.8818,
 2026-Dec-22 00:00:00, ,m, 149.144528454,  13.475884996,  149.514433824,  13.345594977,   121.556266388,      31.660729642,        324.605,     -135.233, 112.605, 351.6714,    *,  1.402433,  4.73934855403791,-28.1074107,    8.8777,
 2026-Dec-22 01:00:00, ,m, 149.145103954,  13.475805627,  149.515023388,  13.345514144,   137.906474310,      37.453165083,        330.739,     -137.652, 112.584, 358.2647,    *,  1.402633,  4.73867164313636,-28.1481829,    8.8736,
 2026-Dec-22 02:00:00, ,m, 149.145641775,  13.475733707,  149.515572705,  13.345441193,   156.152861732,      41.556344339,        336.794,     -140.039, 112.565, 364.7734,    *,  1.402834,  4.73799387564545,-28.1791505,    8.8694,
 2026-Dec-22 03:00:00, ,m, 149.146145800,  13.475668940,  149.516085300,  13.345375654,   175.881924358,      43.379981845,        342.770,     -142.392, 112.546, 371.1959,    *,  1.403035,  4.73731544446663,-28.2039683,    8.8653,
 2026-Dec-22 04:00:00, ,m, 149.146620309,  13.475611290,  149.516565298,  13.345317306,   195.906535150,      42.604669210,        348.665,     -144.712, 112.527, 377.5306,    *,  1.403236,  4.73663645001570,-28.2266236,    8.8611,
 2026-Dec-22 05:00:00, ,m, 149.147069658,  13.475561005,  149.517017116,  13.345266206,   214.857216407,      39.371134842,        354.478,     -146.997, 112.510, 383.7757,    *,  1.403437,  4.73595689550369,-28.2511610,    8.8569,
 2026-Dec-22 06:00:00,A,m, 149.147497949,  13.475518601,  149.517445128,  13.345222689,   231.982335228,      34.191964199,        360.206,     -149.247, 112.493, 389.9299,    *,  1.403639,  4.73527668891476,-28.2814043,    8.8528,
 2026-Dec-22 07:00:00,N,m, 149.147908725,  13.475484844,  149.517853342,  13.345187366,   247.298346649,      27.695550811,        365.848,     -151.462, 112.476, 395.9915,    *,  1.403841,  4.73459565154491,-28.3206927,    8.8486,
 2026-Dec-22 08:00:00,C, , 149.148304696,  13.475460705,  149.518245096,  13.345161083,   261.243535477,      20.451732542,        371.404,     -153.641, 112.460, 401.9591,    *,  1.404043,  4.73391353251604,-28.3716505,    8.8445,
 2026-Dec-22 09:00:00,*, , 149.148687531,  13.475447304,  149.518622801,  13.345144879,   274.362707451,      12.932660393,        376.872,     -155.783, 112.444, 407.8313,    *,  1.404246,  4.73323002827066,-28.4360060,    8.8403,
 2026-Dec-22 10:00:00,*, , 149.149057710,  13.475445845,  149.518987749,  13.345139925,   287.166409090,       5.540104158,        382.250,     -157.888, 112.429, 413.6066,    *,  1.404449,  4.73254480571062,-28.5144717,    8.8362,
 2026-Dec-22 11:00:00,*, , 149.149414472,  13.475457540,  149.519340001,  13.345147449,   300.088654912,      -1.355282716,        387.537,     -159.956, 112.414, 419.2836,    *,  1.404653,  4.73185752739403,-28.6066939,    8.8321,
 2026-Dec-22 12:00:00,*,m, 149.149755834,  13.475483542,  149.519678352,  13.345168669,   313.466051517,      -7.385352525,        392.733,     -161.985, 112.399, 424.8612,    *,  1.404858,  4.73116787706365,-28.7112754,    8.8280,
 2026-Dec-22 13:00:00,*,m, 149.150078706,  13.475524868,  149.520000392,  13.345204713,   327.500850393,     -12.177509643,        397.835,     -163.977, 112.385, 430.3378,    *,  1.405064,  4.73047558375693,-28.8258704,    8.8239,
 2026-Dec-22 14:00:00,*,m, 149.150379076,  13.475582345,  149.520302642,  13.345256555,   342.206270326,     -15.379026880,        402.842,     -165.929, 112.371, 435.7124,    *,  1.405270,  4.72978044284531,-28.9473433,    8.8198,
 2026-Dec-22 15:00:00,C,m, 149.150652258,  13.475656560,  149.520580770,  13.345324954,   357.372166860,     -16.714939032,        407.754,     -167.841, 112.358, 440.9835,    *,  1.405478,  4.72908233256126,-29.0719826,    8.8157,
 2026-Dec-22 16:00:00,N,m, 149.150893193,  13.475747828,  149.520829864,  13.345410418,    12.612512711,     -16.058983169,        412.569,     -169.714, 112.345, 446.1499,    *,  1.405686,  4.72838122487983,-29.1957535,    8.8116,
 2026-Dec-22 17:00:00, ,m, 149.151096766,  13.475856181,  149.521044743,  13.345513168,    27.511012653,     -13.474058093,        417.287,     -171.546, 112.332, 451.2105,    *,  1.405895,  4.72767719000898,-29.3145734,    8.8075,
 2026-Dec-22 18:00:00, ,m, 149.151258140,  13.475981374,  149.521220288,  13.345633142,    41.786130663,      -9.191439782,        421.905,     -173.338, 112.319, 456.1639,    *,  1.406106,  4.72697039418090,-29.4245902,    8.8034,
 2026-Dec-22 19:00:00, ,m, 149.151373058,  13.476122911,  149.521351772,  13.345769999,    55.375241331,      -3.545018156,        426.423,     -175.088, 112.307, 461.0091,    *,  1.406317,  4.72626109089238,-29.5224454,    8.7993,
 2026-Dec-22 20:00:00, ,m, 149.151438117,  13.476280085,  149.521435160,  13.345923159,    68.421932602,       3.094902780,        430.840,     -176.797, 112.295, 465.7446,    *,  1.406528,  4.72554960617430,-29.6055029,    8.7951,
 2026-Dec-22 21:00:00, ,m, 149.151450976,  13.476452038,  149.521467366,  13.346091843,    81.222017575,      10.358036668,        435.155,     -178.463, 112.283, 470.3695,    *,  1.406741,  4.72483631896862,-29.6720274,    8.7909,
 2026-Dec-22 22:00:00, ,m, 149.151410500,  13.476637825,  149.521446440,  13.346275141,    94.178782639,      17.876922773,        439.366,     -180.086, 112.271, 474.8824,    *,  1.406954,  4.72412163786497,-29.7213039,    8.7867,
 2026-Dec-22 23:00:00, ,m, 149.151316812,  13.476836488,  149.521371684,  13.346472079,   107.778999983,      25.264641200,        443.472,     -181.667, 112.260, 479.2822,    *,  1.407167,  4.72340597584149,-29.7536847,    8.7825,
 2026-Dec-23 00:00:00, ,m, 149.151171267,  13.477047130,  149.521243675,  13.346681694,   122.564642328,      32.077630408,        447.473,     -183.204, 112.248, 483.5677,    *,  1.407380,  4.72268972473705,-29.7705640,    8.7782,
 2026-Dec-23 01:00:00, ,m, 149.150976338,  13.477268982,  149.521064214,  13.346903107,   139.036851493,      37.780104272,        451.367,     -184.697, 112.237, 487.7379,    *,  1.407594,  4.72197323119655,-29.7742819,    8.7740,
 2026-Dec-23 02:00:00, ,m, 149.150735429,  13.477501465,  149.520836172,  13.347135594,   157.402540307,      41.751821994,        455.153,     -186.146, 112.226, 491.7915,    *,  1.407807,  4.72125677573741,-29.7679624,    8.7697,
 2026-Dec-23 03:00:00, ,m, 149.150452623,  13.477744236,  149.520563285,  13.347378637,   177.195126545,      43.411686372,        458.830,     -187.550, 112.215, 495.7275,    *,  1.408021,  4.72054055637164,-29.7552987,    8.7654,
 2026-Dec-23 04:00:00, ,m, 149.150132379,  13.477997220,  149.520249872,  13.347631973,   197.189682435,      42.466729158,        462.398,     -188.909, 112.205, 499.5450,    *,  1.408234,  4.71982467790527,-29.7402992,    8.7611,
 2026-Dec-23 05:00:00, ,m, 149.149779214,  13.478260619,  149.519900524,  13.347895615,   216.036338242,      39.087878951,        465.855,     -190.223, 112.194, 503.2427,    *,  1.408448,  4.71910914764811,-29.7270115,    8.7568,
 2026-Dec-23 06:00:00,A,m, 149.149397375,  13.478534907,  149.519519772,  13.348169857,   233.037296345,      33.803362036,        469.200,     -191.491, 112.184, 506.8199,    *,  1.408661,  4.71839387782785,-29.7192446,    8.7524,
 2026-Dec-23 07:00:00,N,m, 149.148990524,  13.478820805,  149.519111757,  13.348455265,   248.248944497,      27.241539998,        472.433,     -192.713, 112.173, 510.2756,    *,  1.408875,  4.71767869454211,-29.7203063,    8.7481,
 2026-Dec-23 08:00:00,C,m, 149.148561480,  13.479119236,  149.518679930,  13.348752641,   262.124282240,      19.966047746,        475.553,     -193.889, 112.163, 513.6088,    *,  1.409089,  4.71696335263475,-29.7327763,    8.7438,
 2026-Dec-23 09:00:00,*, , 149.148112002,  13.479431267,  149.518226801,  13.349062973,   275.208698944,      12.443360929,        478.558,     -195.018, 112.153, 516.8188,    *,  1.409303,  4.71624755547648,-29.7583281,    8.7395,
 2026-Dec-23 10:00:00,*, , 149.147642654,  13.479758045,  149.517753747,  13.349387377,   288.008559425,       5.072126991,        481.449,     -196.100, 112.143, 519.9047,    *,  1.409517,  4.71553097829338,-29.7976137,    8.7352,
 2026-Dec-23 11:00:00,*, , 149.147152751,  13.480100721,  149.517260904,  13.349727024,   300.952239135,      -1.777794078,        484.224,     -197.135, 112.134, 522.8657,    *,  1.409731,  4.71481329344415,-29.8502179,    8.7309,
 2026-Dec-23 12:00:00,*, , 149.146640394,  13.480460378,  149.516747145,  13.350083066,   314.368940093,      -7.737831386,        486.883,     -198.123, 112.124, 525.7012,    *,  1.409946,  4.71409419591348,-29.9146860,    8.7267,
 2026-Dec-23 13:00:00,*,m, 149.146102580,  13.480837960,  149.516210137,  13.350456559,   328.450228073,     -12.435524905,        489.425,     -199.063, 112.114, 528.4103,    *,  1.410162,  4.71337342727363,-29.9886231,    8.7224,
 2026-Dec-23 14:00:00,*,m, 149.145535396,  13.481234216,  149.515646492,  13.350848400,   343.195087829,     -15.521149511,        491.849,     -199.955, 112.105, 530.9925,    *,  1.410378,  4.71265079647193,-30.0688568,    8.7181,
 2026-Dec-23 15:00:00,C,m, 149.144934277,  13.481649650,  149.515051982,  13.351259270,   358.379137764,     -16.727427354,        494.155,     -200.799, 112.096, 533.4470,    *,  1.410595,  4.71192619601883,-30.1516544,    8.7138,
 2026-Dec-23 16:00:00,N,m, 149.144294299,  13.482084492,  149.514421820,  13.351689588,    13.609074533,     -15.939918442,        496.342,     -201.594, 112.086, 535.7732,    *,  1.410813,  4.71119961246691,-30.2329778,    8.7096,
 2026-Dec-23 17:00:00, ,m, 149.143610513,  13.482538686,  149.513750969,  13.352139490,    28.472908427,     -13.233964826,        498.410,     -202.341, 112.077, 537.9704,    *,  1.411031,  4.71047113046173,-30.3087595,    8.7053,
 2026-Dec-23 18:00:00, ,m, 149.142878263,  13.483011899,  149.513034485,  13.352608822,    42.702204093,      -8.849897142,        500.358,     -203.039, 112.068, 540.0380,    *,  1.411249,  4.70974093008617,-30.3751808,    8.7010,
 2026-Dec-23 19:00:00, ,m, 149.142093504,  13.483503546,  149.512267836,  13.353097155,    56.249181870,      -3.125828922,        502.185,     -203.688, 112.059, 541.9755,    *,  1.411469,  4.70900927767963,-30.4289330,    8.6966,
 2026-Dec-23 20:00:00, ,m, 149.141253059,  13.484012834,  149.511447207,  13.353603818,    69.269268409,       3.567194770,        503.891,     -204.287, 112.050, 543.7823,    *,  1.411688,  4.70827651075983,-30.4674432,    8.6923,
 2026-Dec-23 21:00:00, ,m, 149.140354838,  13.484538823,  149.510569750,  13.354127947,    82.066555460,      10.859298546,        505.475,     -204.837, 112.041, 545.4577,    *,  1.411908,  4.70754301807969,-30.4890506,    8.6879,
 2026-Dec-23 22:00:00, ,m, 149.139397961,  13.485080487,  149.509633773,  13.354668550,    95.050518590,      18.382614505,        506.938,     -205.338, 112.032, 547.0013,    *,  1.412129,  4.70680921618513,-30.4931195,    8.6835,
 2026-Dec-23 23:00:00, ,m, 149.138382818,  13.485636793,  149.508638843,  13.355224571,   108.712924802,      25.747678814,        508.278,     -205.788, 112.023, 548.4125,    *,  1.412349,  4.70607552407899,-30.4800824,    8.6791,
 2026-Dec-24 00:00:00, ,m, 149.137311032,  13.486206774,  149.507585812,  13.355794975,   123.597513649,      32.505669731,        509.494,     -206.189, 112.014, 549.6909,    *,  1.412569,  4.70534233772661,-30.4514103,    8.6746,
 2026-Dec-24 01:00:00, ,m, 149.136185340,  13.486789592,  149.506476749,  13.356378813,   140.196229716,      38.113962192,        510.588,     -206.539, 112.005, 550.8361,    *,  1.412789,  4.70461000614991,-30.4095112,    8.6701,
 2026-Dec-24 02:00:00, ,m, 149.135009399,  13.487384608,  149.505314790,  13.356975294,   158.683303686,      41.949172605,        511.557,     -206.839, 111.996, 551.8476,    *,  1.413008,  4.70387881074699,-30.3575648,    8.6656,
 2026-Dec-24 03:00:00, ,m, 149.133787528,  13.487991418,  149.504103922,  13.357583840,   178.537219949,      43.440597901,        512.403,     -207.089, 111.987, 552.7251,    *,  1.413228,  4.70314894925472,-30.2993043,    8.6611,
 2026-Dec-24 04:00:00, ,m, 149.132524410,  13.488609888,  149.502848697,  13.358204128,   198.496935775,      42.323066706,        513.123,     -207.288, 111.978, 553.4683,    *,  1.413446,  4.70242052545223,-30.2387603,    8.6566,
 2026-Dec-24 05:00:00, ,m, 149.131224759,  13.489240166,  149.501553922,  13.358836116,   217.235855232,      38.797900461,        513.720,     -207.437, 111.969, 554.0769,    *,  1.413665,  4.70169354531128,-30.1799840,    8.6521,
 2026-Dec-24 06:00:00,A,m, 149.129893000,  13.489882668,  149.500224317,  13.359480041,   234.111321922,      33.408230671,        514.191,     -207.535, 111.960, 554.5508,    *,  1.413883,  4.70096791985606,-30.1267696,    8.6475,
 2026-Dec-24 07:00:00,N,m, 149.128532955,  13.490538056,  149.498864193,  13.360136412,   249.218889459,      26.781787827,        514.537,     -207.583, 111.952, 554.8898,    *,  1.414101,  4.70024347453610,-30.0823940,    8.6430,
 2026-Dec-24 08:00:00,C,m, 149.127147581,  13.491207192,  149.497477150,  13.360805971,   263.025433929,      19.475822617,        514.758,     -207.580, 111.943, 555.0937,    *,  1.414319,  4.69951996446954,-30.0493918,    8.6384,
 2026-Dec-24 09:00:00,*,m, 149.125738761,  13.491891080,  149.496065827,  13.361489646,   276.076531537,      11.951178137,        514.854,     -207.526, 111.934, 555.1626,    *,  1.414536,  4.69879709451077,-30.0293816,    8.6339,
 2026-Dec-24 10:00:00,*, , 149.124307174,  13.492590796,  149.494631719,  13.362188485,   288.874181712,       4.603485650,        514.825,     -207.422, 111.925, 555.0963,    *,  1.414754,  4.69807454276670,-30.0229550,    8.6294,
 2026-Dec-24 11:00:00,*, , 149.122852246,  13.493307415,  149.493175070,  13.362903587,   301.840910759,      -2.198099602,        514.670,     -207.268, 111.916, 554.8949,    *,  1.414972,  4.69735198594901,-30.0296358,    8.6249,
 2026-Dec-24 12:00:00,*, , 149.121372187,  13.494041942,  149.491694858,  13.363636025,   315.298143008,      -8.084582108,        514.390,     -207.063, 111.907, 554.5583,    *,  1.415189,  4.69662912482442,-30.0479124,    8.6204,
 2026-Dec-24 13:00:00,*, , 149.119864113,  13.494795235,  149.490188861,  13.364386776,   329.426217450,     -12.683811214,        513.984,     -206.807, 111.899, 554.0868,    *,  1.415407,  4.69590570801759,-30.0753418,    8.6159,
 2026-Dec-24 14:00:00,*,m, 149.118324242,  13.495567953,  149.488653808,  13.365156646,   344.209397045,     -15.649474017,        513.454,     -206.501, 111.890, 553.4803,    *,  1.415626,  4.69518155253494,-30.1087166,    8.6114,
 2026-Dec-24 15:00:00,C,m, 149.116748156,  13.496360505,  149.487085607,  13.365946223,   359.409049972,     -16.722549751,        512.798,     -206.144, 111.881, 552.7389,    *,  1.415844,  4.69445655960217,-30.1442852,    8.6068,
 2026-Dec-24 16:00:00,N,m, 149.115131101,  13.497173024,  149.485479624,  13.366755830,    14.625281200,     -15.800896023,        512.018,     -205.737, 111.872, 551.8628,    *,  1.416063,  4.69373072472911,-30.1780085,    8.6023,
 2026-Dec-24 17:00:00, ,m, 149.113468317,  13.498005355,  149.483831000,  13.367585503,    29.451416809,     -12.972440279,        511.113,     -205.280, 111.863, 550.8521,    *,  1.416282,  4.69300414131143,-30.2058372,    8.5978,
 2026-Dec-24 18:00:00, ,m, 149.111755366,  13.498857066,  149.482134990,  13.368434987,    43.632845842,      -8.486396257,        510.083,     -204.773, 111.854, 549.7069,    *,  1.416502,  4.69227699752152,-30.2239892,    8.5932,
 2026-Dec-24 19:00:00, ,m, 149.109988437,  13.499727473,  149.480387289,  13.369303753,    57.136872538,      -2.684829988,        508.928,     -204.215, 111.845, 548.4275,    *,  1.416722,  4.69154956670083,-30.2292090,    8.5886,
 2026-Dec-24 20:00:00, ,m, 149.108164616,  13.500615688,  149.478584331,  13.370191030,    70.130734274,       4.060662930,        507.649,     -203.607, 111.836, 547.0139,    *,  1.416941,  4.69082219191070,-30.2189912,    8.5840,
 2026-Dec-24 21:00:00, ,m, 149.106282082,  13.501520675,  149.476723536,  13.371095858,    82.926762553,      11.380665213,        506.246,     -202.950, 111.826, 545.4664,    *,  1.417161,  4.69009526569997,-30.1917522,    8.5794,
 2026-Dec-24 22:00:00, ,m, 149.104340245,  13.502441321,  149.474803495,  13.372017151,    95.940672933,      18.906805609,        504.719,     -202.242, 111.817, 543.7853,    *,  1.417380,  4.68936920647460,-30.1469390,    8.5747,
 2026-Dec-24 23:00:00, ,m, 149.102339787,  13.503376510,  149.472824069,  13.372953768,   109.669290934,      26.246849858,        503.068,     -201.485, 111.808, 541.9707,    *,  1.417599,  4.68864443308844,-30.0850675,    8.5701,
 2026-Dec-25 00:00:00, ,m, 149.100282621,  13.504325192,  149.470786407,  13.373904587,   124.657875178,      32.946406134,        501.293,     -200.679, 111.798, 540.0231,    *,  1.417818,  4.68792133939523,-30.0076876,    8.5653,
 2026-Dec-25 01:00:00, ,m, 149.098171772,  13.505286460,  149.468692872,  13.374868584,   141.387964292,      38.455814533,        499.395,     -199.822, 111.789, 537.9428,    *,  1.418036,  4.68720027050487,-29.9172775,    8.5606,
 2026-Dec-25 02:00:00, ,m, 149.096011170,  13.506259600,  149.466546888,  13.375844896,   159.998582475,      42.148940040,        497.375,     -198.917, 111.779, 535.7300,    *,  1.418254,  4.68648150236093,-29.8170739,    8.5558,
 2026-Dec-25 03:00:00, ,m, 149.093805393,  13.507244145,  149.464352710,  13.376832875,   179.911353449,      43.466807227,        495.232,     -197.962, 111.770, 533.3854,    *,  1.418470,  4.68576522607125,-29.7108504,    8.5511,
 2026-Dec-25 04:00:00, ,m, 149.091559361,  13.508239898,  149.462115146,  13.377832136,   199.831050751,      42.173477688,        492.967,     -196.959, 111.760, 530.9093,    *,  1.418687,  4.68505153802646,-29.6026599,    8.5463,
 2026-Dec-25 05:00:00, ,m, 149.089278004,  13.509246944,  149.459839229,  13.378842572,   218.458202759,      38.500835585,        490.580,     -195.907, 111.750, 528.3022,    *,  1.418902,  4.68434043650284,-29.4965569,    8.5415,
 2026-Dec-25 06:00:00,A,m, 149.086965940,  13.510265638,  149.457529889,  13.379864360,   235.206594877,      33.006145201,        488.073,     -194.807, 111.740, 525.5648,    *,  1.419117,  4.68363182498019,-29.3963201,    8.5367,
 2026-Dec-25 07:00:00,N,m, 149.084627160,  13.511296580,  149.455191617,  13.380897949,   250.210167476,      26.315890034,        485.445,     -193.658, 111.730, 522.6976,    *,  1.419331,  4.68292552194465,-29.3051938,    8.5318,
 2026-Dec-25 08:00:00,C,m, 149.082264772,  13.512340566,  149.452828174,  13.381944017,   263.948837439,      18.980743002,        482.697,     -192.462, 111.720, 519.7012,    *,  1.419544,  4.68222127650339,-29.2256666,    8.5270,
 2026-Dec-25 09:00:00,*,m, 149.079880793,  13.513398531,  149.450442340,  13.383003425,   276.967961009,      11.455945836,        479.829,     -191.218, 111.710, 516.5764,    *,  1.419757,  4.68151878874050,-29.1593010,    8.5222,
 2026-Dec-25 10:00:00,*, , 149.077476028,  13.514471479,  149.448035734,  13.384077151,   289.764964531,       4.134209216,        476.843,     -189.926, 111.699, 513.3239,    *,  1.419970,  4.68081773341801,-29.1066269,    8.5174,
 2026-Dec-25 11:00:00,*, , 149.075050019,  13.515560408,  149.445608719,  13.385166221,   302.756279939,      -2.615940672,        473.739,     -188.588, 111.689, 509.9444,    *,  1.420182,  4.68011778539701,-29.0671063,    8.5126,
 2026-Dec-25 12:00:00,*, , 149.072601097,  13.516666238,  149.443160385,  13.386271627,   316.255138216,      -8.425104168,        470.518,     -187.203, 111.678, 506.4386,    *,  1.420394,  4.67941864503512,-29.0391705,    8.5079,
 2026-Dec-25 13:00:00,*, , 149.070126501,  13.517789740,  149.440688628,  13.387394258,   330.430075961,     -12.921649479,        467.180,     -185.771, 111.667, 502.8075,    *,  1.420606,  4.67872006181939,-29.0203288,    8.5031,
 2026-Dec-25 14:00:00,*, , 149.067622590,  13.518931480,  149.438190304,  13.388534832,   345.250151600,     -15.763130339,        463.727,     -184.294, 111.656, 499.0517,    *,  1.420818,  4.67802185461353,-29.0073395,    8.4983,
 2026-Dec-25 15:00:00,C, , 149.065085098,  13.520091771,  149.435661463,  13.389693841,     0.462534537,     -16.699384567,        460.158,     -182.771, 111.645, 495.1722,    *,  1.421030,  4.67732392713155,-28.9964331,    8.4935,
 2026-Dec-25 16:00:00,N,m, 149.062509449,  13.521270647,  149.433097629,  13.390871509,    15.661510397,     -15.641039774,        456.476,     -181.202, 111.634, 491.1697,    *,  1.421242,  4.67662627757602,-28.9835716,    8.4887,
 2026-Dec-25 17:00:00,A,m, 149.059891080,  13.522467852,  149.430494130,  13.392067771,    30.446775974,     -12.688719530,        452.679,     -179.588, 111.622, 487.0452,    *,  1.421454,  4.67592900177967,-28.9647259,    8.4838,
 2026-Dec-25 18:00:00, ,m, 149.057225774,  13.523682853,  149.427846426,  13.393282269,    44.578254676,      -8.100315173,        448.771,     -177.929, 111.611, 482.7996,    *,  1.421666,  4.67523228963432,-28.9361530,    8.4790,
 2026-Dec-25 19:00:00, ,m, 149.054509966,  13.524914867,  149.425150446,  13.394514373,    58.038539055,      -2.221555220,        444.750,     -176.226, 111.599, 478.4338,    *,  1.421878,  4.67453641505087,-28.8946537,    8.4741,
 2026-Dec-25 20:00:00, ,m, 149.051741001,  13.526162909,  149.422402874,  13.395763214,    71.006626578,       4.575608849,        440.619,     -174.479, 111.586, 473.9487,    *,  1.422089,  4.67384172013746,-28.8377921,    8.4692,
 2026-Dec-25 21:00:00, ,m, 149.048917339,  13.527425852,  149.419601407,  13.397027734,    83.803042257,      11.922260334,        436.378,     -172.689, 111.574, 469.3454,    *,  1.422300,  4.67314859467952,-28.7640645,    8.4643,
 2026-Dec-25 22:00:00, ,m, 149.046038679,  13.528702494,  149.416744920,  13.398306756,    96.849790719,      19.449418716,        432.028,     -170.855, 111.561, 464.6249,    *,  1.422510,  4.67245745232698,-28.6730030,    8.4593,
 2026-Dec-25 23:00:00, ,m, 149.043105994,  13.529991636,  149.413833570,  13.399599052,   110.648804352,      26.761840649,        427.569,     -168.979, 111.548, 459.7882,    *,  1.422720,  4.67176870512050,-28.5652085,    8.4544,
 2026-Dec-26 00:00:00, ,m, 149.040121491,  13.531292152,  149.410868802,  13.400903420,   125.746546541,      33.399248505,        423.004,     -167.060, 111.535, 454.8364,    *,  1.422929,  4.67108273810149,-28.4423112,    8.4493,
 2026-Dec-26 01:00:00, ,m, 149.037088475,  13.532603063,  149.407853272,  13.402218762,   142.612779972,      38.804778527,        418.333,     -165.100, 111.521, 449.7708,    *,  1.423137,  4.67039988574603,-28.3068595,    8.4443,
 2026-Dec-26 02:00:00, ,m, 149.034011148,  13.533923591,  149.404790685,  13.403544144,   161.348618207,      42.350031443,        413.557,     -163.098, 111.508, 444.5924,    *,  1.423344,  4.66972041183753,-28.1621464,    8.4392,
 2026-Dec-26 03:00:00, ,m, 149.030894338,  13.535253205,  149.401685561,  13.404878856,   181.317018095,      43.489219177,        408.677,     -161.055, 111.493, 439.3025,    *,  1.423550,  4.66904449415691,-28.0119855,    8.4342,
 2026-Dec-26 04:00:00, ,m, 149.027743193,  13.536591651,  149.398542952,  13.406222452,   201.190947177,      42.017077685,        403.695,     -158.972, 111.479, 433.9024,    *,  1.423755,  4.66837221504003,-27.8604502,    8.4291,
 2026-Dec-26 05:00:00, ,m, 149.024562848,  13.537938957,  149.395368111,  13.407574769,   219.702089005,      38.196096629,        398.611,     -156.849, 111.464, 428.3935,    *,  1.423959,  4.66770355844832,-27.7115960,    8.4240,
 2026-Dec-26 06:00:00,A,m, 149.021358099,  13.539295424,  149.392166161,  13.408935931,   236.321814735,      32.596800888,        393.427,     -154.687, 111.449, 422.7771,    *,  1.424162,  4.66703841375330,-27.5691836,    8.4189,
 2026-Dec-26 07:00:00,N,m, 149.018133095,  13.540661595,  149.388941761,  13.410306328,   251.221527483,      25.843782408,        388.144,     -152.485, 111.433, 417.0545,    *,  1.424364,  4.66637658597494,-27.4364226,    8.4138,
 2026-Dec-26 08:00:00,C,m, 149.014891076,  13.542038207,  149.385698815,  13.411686585,   264.893288074,      18.480942431,        382.764,     -150.246, 111.417, 411.2272,    *,  1.424565,  4.66571781177084,-27.3157526,    8.4086,
 2026-Dec-26 09:00:00,*,m, 149.011634178,  13.543426135,  149.382440227,  13.413077503,   277.881799620,      10.957955581,        377.288,     -147.969, 111.400, 405.2966,    *,  1.424766,  4.66506178008005,-27.2086771,    8.4035,
 2026-Dec-26 10:00:00,*,m, 149.008363310,  13.544826317,  149.379167726,  13.414479998,   290.679689161,       3.664706587,        371.717,     -145.655, 111.383, 399.2642,    *,  1.424965,  4.66440815600485,-27.1156624,    8.3984,
 2026-Dec-26 11:00:00,*, , 149.005078114,  13.546239681,  149.375881770,  13.415895028,   303.697030187,      -3.030840478,        366.052,     -143.304, 111.366, 393.1314,    *,  1.425164,  4.66375660629317,-27.0361067,    8.3933,
 2026-Dec-26 12:00:00,*, , 149.001777020,  13.547667071,  149.372581545,  13.417323514,   317.238428699,      -8.758921771,        360.295,     -140.917, 111.348, 386.8999,    *,  1.425363,  4.66310682467374,-26.9683825,    8.3882,
 2026-Dec-26 13:00:00,*, , 148.998457376,  13.549109180,  149.369265043,  13.418766267,   331.460048166,     -13.148662752,        354.448,     -138.494, 111.329, 380.5710,    *,  1.425561,  4.66245855530699,-26.9099504,    8.3831,
 2026-Dec-26 14:00:00,*, , 148.995115656,  13.550566489,  149.365929228,  13.420223924,   346.315312651,     -15.861963496,        348.511,     -136.037, 111.309, 374.1462,    *,  1.425759,  4.66181161274306,-26.8575337,    8.3781,
 2026-Dec-26 15:00:00,C, , 148.991747731,  13.552039223,  149.362570268,  13.421696891,     1.537344732,     -16.658118859,        342.487,     -133.546, 111.289, 367.6272,    *,  1.425956,  4.66116589701859,-26.8073454,    8.3729,
 2026-Dec-26 16:00:00,N, , 148.988349179,  13.553527327,  149.359183832,  13.423185301,    16.715468842,     -15.460953749,        336.376,     -131.020, 111.269, 361.0154,    *,  1.426154,  4.66052140285683,-26.7553488,    8.3678,
 2026-Dec-26 17:00:00,A, , 148.984915614,  13.555030455,  149.355765407,  13.424688999,    31.456809674,     -12.383832761,        330.180,     -128.462, 111.247, 354.3124,    *,  1.426350,  4.65987822233956,-26.6975360,    8.3627,
 2026-Dec-26 18:00:00, ,m, 148.981443020,  13.556547982,  149.352310641,  13.426207536,    45.536465783,      -7.693069841,        323.900,     -125.871, 111.225, 347.5197,    *,  1.426547,  4.65923654086722,-26.6302042,    8.3575,
 2026-Dec-26 19:00:00, ,m, 148.977928052,  13.558079039,  149.348815669,  13.427740192,    58.952445651,      -1.737747807,        317.538,     -123.248, 111.201, 340.6389,    *,  1.426743,  4.65859662668345,-26.5502110,    8.3524,
 2026-Dec-26 20:00:00, ,m, 148.974368294,  13.559622556,  149.345277410,  13.429286008,    71.895408076,       5.110016745,        311.095,     -120.594, 111.177, 333.6717,    *,  1.426938,  4.65795881468125,-26.4551916,    8.3472,
 2026-Dec-26 21:00:00, ,m, 148.970762461,  13.561177324,  149.341693803,  13.430843845,    84.694002274,      12.481837950,        304.573,     -117.910, 111.152, 326.6197,    *,  1.427133,  4.65732348560006,-26.3437228,    8.3419,
 2026-Dec-26 22:00:00, ,m, 148.967110510,  13.562742068,  149.338063986,  13.432412446,    97.776553673,      20.008008099,        297.974,     -115.195, 111.125, 319.4845,    *,  1.427327,  4.65669104203927,-26.2154219,    8.3367,
 2026-Dec-26 23:00:00, ,m, 148.963413681,  13.564315518,  149.334388382,  13.433990509,   111.650112777,      27.290030472,        291.298,     -112.452, 111.097, 312.2679,    *,  1.427520,  4.65606188293148,-26.0709746,    8.3314,
 2026-Dec-27 00:00:00, ,m, 148.959674439,  13.565896489,  149.330668702,  13.435576770,   126.861941570,      33.861438694,        284.548,     -109.679, 111.068, 304.9715,    *,  1.427711,  4.65543637822518,-25.9120905,    8.3260,
 2026-Dec-27 01:00:00, ,m, 148.955896340,  13.567483945,  149.326907861,  13.437170067,   143.868494987,      39.158054072,        277.725,     -106.879, 111.038, 297.5971,    *,  1.427902,  4.65481484551161,-25.7413867,    8.3207,
 2026-Dec-27 02:00:00, ,m, 148.952083818,  13.569077056,  149.323109810,  13.438769416,   162.730188588,      42.549823190,        270.831,     -104.051, 111.006, 290.1466,    *,  1.428091,  4.65419753019780,-25.5622110,    8.3153,
 2026-Dec-27 03:00:00, ,m, 148.948241914,  13.570675249,  149.319279296,  13.440374060,   182.749853839,      43.505708458,        263.868,     -101.197, 110.973, 282.6217,    *,  1.428280,  4.65358459058461,-25.3784136,    8.3099,
 2026-Dec-27 04:00:00, ,m, 148.944375964,  13.572278226,  149.315421574,  13.441983508,   202.571640975,      41.852470582,        256.836,      -98.317, 110.937, 275.0244,    *,  1.428466,  4.65297608887233,-25.1940854,    8.3045,
 2026-Dec-27 05:00:00, ,m, 148.940491265,  13.573885979,  149.311542075,  13.443597560,   220.962522054,      37.883017877,        249.738,      -95.412, 110.900, 267.3565,    *,  1.428652,  4.65237198870972,-25.0132794,    8.2991,
 2026-Dec-27 06:00:00,A,m, 148.936592749,  13.575498769,  149.307646071,  13.445216302,   237.452266536,      32.180119729,        242.576,      -92.482, 110.860, 259.6200,    *,  1.428836,  4.65177215945431,-24.8397343,    8.2937,
 2026-Dec-27 07:00:00,N,m, 148.932684673,  13.577117101,  149.303738344,  13.446840089,   252.248557215,      25.365805911,        235.352,      -89.528, 110.818, 251.8168,    *,  1.429019,  4.65117638685237,-24.6766202,    8.2883,
 2026-Dec-27 08:00:00,C,m, 148.928770367,  13.578741676,  149.299822896,  13.448469506,   265.854598317,      17.977029199,        228.067,      -86.552, 110.773, 243.9488,    *,  1.429201,  4.65058438941858,-24.5263237,    8.2829,
 2026-Dec-27 09:00:00,*,m, 148.924852035,  13.580373323,  149.295902705,  13.450105317,   278.813975898,      10.457949889,        220.723,      -83.553, 110.726, 236.0180,    *,  1.429382,  4.64999583934107,-24.3902858,    8.2775,
 2026-Dec-27 10:00:00,*,m, 148.920930643,  13.582012934,  149.291979560,  13.451748393,   291.614284463,       3.195729655,        213.322,      -80.533, 110.675, 228.0265,    *,  1.429562,  4.64941038655272,-24.2689051,    8.2721,
 2026-Dec-27 11:00:00,*, , 148.917005887,  13.583661386,  149.288053970,  13.453399646,   304.658976505,      -3.442166827,        205.866,      -77.492, 110.620, 219.9761,    *,  1.429741,  4.64882768426961,-24.1615121,    8.2667,
 2026-Dec-27 12:00:00,*, , 148.913076244,  13.585319470,  149.284125163,  13.455059943,   318.243615762,      -9.085666735,        198.356,      -74.431, 110.561, 211.8690,    *,  1.429919,  4.64824741425141,-24.0664180,    8.2613,
 2026-Dec-27 13:00:00,*, , 148.909139122,  13.586987818,  149.280191181,  13.456730041,   332.511468547,     -13.364909385,        190.795,      -71.351, 110.497, 203.7071,    *,  1.430097,  4.64766931005664,-23.9810318,    8.2559,
 2026-Dec-27 14:00:00,*, , 148.905191062,  13.588666846,  149.276249043,  13.458410513,   347.399992752,     -15.946622131,        183.184,      -68.252, 110.428, 195.4925,    *,  1.430275,  4.64709317669817,-23.9020405,    8.2505,
 2026-Dec-27 15:00:00,C, , 148.901228022,  13.590356714,  149.272294992,  13.460101700,     2.628541606,     -16.600114175,        175.525,      -65.135, 110.353, 187.2271,    *,  1.430451,  4.64651890535118,-23.8256377,    8.2451,
 2026-Dec-27 16:00:00,N, , 148.897245686,  13.592057298,  149.268324784,  13.461803669,    17.782405468,     -15.262749038,        167.820,      -62.002, 110.271, 178.9131,    *,  1.430628,  4.64594648210468,-23.7477871,    8.2397,
 2026-Dec-27 17:00:00,A, , 148.893239794,  13.593768183,  149.264334019,  13.463516194,    32.477146069,     -12.060584012,        160.071,      -58.852, 110.181, 170.5525,    *,  1.430803,  4.64537599015641,-23.6645012,    8.2342,
 2026-Dec-27 18:00:00, , , 148.889206479,  13.595488677,  149.260318480,  13.465238759,    46.503556241,      -7.268043474,        152.280,      -55.687, 110.081, 162.1475,    *,  1.430978,  4.64480760530035,-23.5721165,    8.2288,
 2026-Dec-27 19:00:00, , , 148.885142565,  13.597217845,  149.256274460,  13.466970575,    59.875076631,      -1.237243885,        144.449,      -52.507, 109.971, 153.7001,    *,  1.431153,  4.64424158501540,-23.4675470,    8.2233,
 2026-Dec-27 20:00:00, ,m, 148.881045821,  13.598954555,  149.252199052,  13.468710620,    72.793862347,       5.659710324,        136.579,      -49.314, 109.848, 145.2126,    *,  1.431326,  4.64367825190313,-23.3484979,    8.2178,
 2026-Dec-27 21:00:00, ,m, 148.876915161,  13.600697544,  149.248090389,  13.470457694,    85.596582809,      13.054975216,        128.673,      -46.107, 109.709, 136.6871,    *,  1.431499,  4.64311797260929,-23.2136248,    8.2123,
 2026-Dec-27 22:00:00, ,m, 148.872750745,  13.602445485,  149.243947813,  13.472210488,    98.717884802,      20.577985379,        120.732,      -42.888, 109.552, 128.1260,    *,  1.431671,  4.64256113367391,-23.0626284,    8.2067,
 2026-Dec-27 23:00:00, ,m, 148.868554018,  13.604197068,  149.239771952,  13.473967654,   112.669891245,      27.826749265,        112.758,      -39.658, 109.373, 119.5316,    *,  1.431841,  4.64200811596495,-22.8962771,    8.2011,
 2026-Dec-28 00:00:00, ,m, 148.864327645,  13.605951069,  149.235564722,  13.475727886,   128.000146451,      34.328341498,        104.755,      -36.417, 109.166, 110.9063,    *,  1.432011,  4.64145926944833,-22.7163564,    8.1955,
 2026-Dec-28 01:00:00, ,m, 148.860075366,  13.607706422,  149.231329236,  13.477489990,   145.150123469,      39.511244050,         96.722,      -33.167, 108.924, 102.2527,    *,  1.432179,  4.64091489002337,-22.5255487,    8.1899,
 2026-Dec-28 02:00:00, ,m, 148.855801783,  13.609462278,  149.227069623,  13.479252957,   164.136798331,      42.744497734,         88.664,      -29.908, 108.637,  93.5735,    *,  1.432345,  4.64037520001214,-22.3272518,    8.1842,
 2026-Dec-28 03:00:00, ,m, 148.851512083,  13.611218044,  149.222790792,  13.481016009,   184.201994093,      43.513437517,         80.581,      -26.640, 108.291,  84.8715,    *,  1.432510,  4.63984033363981,-22.1253479,    8.1785,
 2026-Dec-28 04:00:00, ,m, 148.847211718,  13.612973409,  149.218498130,  13.482778643,   203.964734535,      41.678002563,         72.476,      -23.366, 107.866,  76.1500,    *,  1.432674,  4.63931032850160,-21.9239398,    8.1728,
 2026-Dec-28 05:00:00, ,m, 148.842906079,  13.614728353,  149.214197175,  13.484540645,   222.231369681,      37.561020848,         64.350,      -20.085, 107.332,  67.4127,    *,  1.432836,  4.63878512360105,-21.7270719,    8.1671,
 2026-Dec-28 06:00:00,A,m, 148.838600157,  13.616483130,  149.209893276,  13.486302095,   238.590381271,      31.756329576,         56.207,      -16.798, 106.638,  58.6643,    *,  1.432997,  4.63826456409399,-21.5384551,    8.1614,
 2026-Dec-28 07:00:00,N,m, 148.834298248,  13.618238235,  149.205591264,  13.488063340,   253.284214561,      24.882716441,         48.048,      -13.507, 105.700,  49.9109,    *,  1.433157,  4.63774841241255,-21.3612145,    8.1557,
 2026-Dec-28 08:00:00,C,m, 148.830003693,  13.619994357,  149.201295163,  13.489824957,   266.826097944,      17.470046162,         39.875,      -10.212, 104.364,  41.1623,    *,  1.433315,  4.63723636500629,-21.1976777,    8.1501,
 2026-Dec-28 09:00:00,*,m, 148.825718694,  13.621752312,  149.197007953,  13.491587697,   279.758013599,       9.957049934,         31.690,       -6.914, 102.307,  32.4360,    *,  1.433472,  4.63672807355212,-21.0492172,    8.1444,
 2026-Dec-28 10:00:00,*,m, 148.821444198,  13.623512974,  149.192731405,  13.493352421,   292.562299105,       2.728285202,         23.496,       -3.614,  98.743,  23.7724,    *,  1.433628,  4.63622316917882,-20.9161589,    8.1387,
 2026-Dec-28 11:00:00,*, , 148.817179877,  13.625277201,  149.188466003,  13.495120019,   305.635546566,      -3.849219814,         15.294,       -0.312,  91.168,  15.2973,    t,  1.433783,  4.63572128804474,-20.7977616,    8.1330,
 2026-Dec-28 12:00:00,*, , 148.812924186,  13.627045756,  149.184210947,  13.496891339,   319.263904441,      -9.405147840,          7.087,        2.990,  67.121,   7.6917,    t,  1.433938,  4.63522209651505,-20.6922709,    8.1273,
 2026-Dec-28 13:00:00,*, , 148.808674513,  13.628819240,  149.179964250,  13.498667108,   333.577302405,     -13.570913338,         -1.124,        6.292, 349.869,   6.3922,    t,  1.434091,  4.63472531421249,-20.5970409,    8.1217,
 2026-Dec-28 14:00:00,*, , 148.804427396,  13.630598038,  149.175722914,  13.500447871,   348.497033114,     -16.018527208,         -9.337,        9.594, 315.777,  13.3870,    t,  1.434244,  4.63423073336110,-20.5087185,    8.1160,
 2026-Dec-28 15:00:00,C, , 148.800178805,  13.632382272,  149.171483178,  13.502233932,     3.729092381,     -16.527793657,        -17.549,       12.893, 306.305,  21.7757,    t,  1.434397,  4.63373823309704,-20.4234756,    8.1103,
 2026-Dec-28 16:00:00,N, , 148.795924453,  13.634171780,  149.167240815,  13.504025322,    18.855702891,     -15.049838159,        -25.758,       16.189, 302.151,  30.4232,    *,  1.434549,  4.63324778776548,-20.3372733,    8.1046,
 2026-Dec-28 17:00:00,A, , 148.791660135,  13.635966110,  149.162991461,  13.505821778,    33.501774469,     -11.723253713,        -33.963,       19.482, 299.841,  39.1539,    *,  1.434700,  4.63275946863481,-20.2461418,    8.0990,
 2026-Dec-28 18:00:00, , , 148.787382055,  13.637764534,  149.158730958,  13.507622746,    47.474151403,      -6.830207436,        -42.161,       22.771, 298.375,  47.9172,    *,  1.434850,  4.63227343891069,-20.1464544,    8.0932,
 2026-Dec-28 19:00:00, , , 148.783087130,  13.639566084,  149.154455680,  13.509427402,    60.801591193,      -0.725526097,        -50.351,       26.054, 297.361,  56.6921,    *,  1.435000,  4.63178994239197,-20.0351784,    8.0875,
 2026-Dec-28 20:00:00, , , 148.778773237,  13.641369601,  149.150162818,  13.511234694,    73.697506150,       6.218852312,        -58.530,       29.332, 296.620,  65.4677,    *,  1.435149,  4.63130928654592,-19.9100857,    8.0817,
 2026-Dec-28 21:00:00, , , 148.774439407,  13.643173796,  149.145850620,  13.513043395,    86.506441357,      13.635612595,        -66.697,       32.602, 296.053,  74.2373,    *,  1.435297,  4.63083182116317,-19.7699076,    8.0759,
 2026-Dec-28 22:00:00, ,m, 148.770085926,  13.644977329,  149.141518547,  13.514852177,    99.669324342,      21.153189743,        -74.848,       35.865, 295.605,  82.9959,    *,  1.435444,  4.63035791405573,-19.6144240,    8.0701,
 2026-Dec-28 23:00:00, ,m, 148.765714360,  13.646778879,  149.137167354,  13.516659678,   113.703233331,      28.365867858,        -82.983,       39.119, 295.243,  91.7397,    *,  1.435590,  4.62988792546409,-19.4444809,    8.0643,
 2026-Dec-29 00:00:00, ,m, 148.761327485,  13.648577222,  149.132799078,  13.518464588,   129.155361302,      34.794042944,        -91.099,       42.364, 294.943, 100.4655,    *,  1.435734,  4.62942218292823,-19.2619348,    8.0584,
 2026-Dec-29 01:00:00, ,m, 148.756929144,  13.650371297,  149.128416939,  13.520265716,   146.450422390,      39.858941252,        -99.194,       45.598, 294.692, 109.1701,    *,  1.435877,  4.62896095834545,-19.0695275,    8.0525,
 2026-Dec-29 02:00:00, ,m, 148.752524016,  13.652160267,  149.124025160,  13.522062060,   165.559401685,      42.929583584,       -107.266,       48.822, 294.477, 117.8509,    *,  1.436019,  4.62850444878812,-18.8707005,    8.0466,
 2026-Dec-29 03:00:00, ,m, 148.748117344,  13.653943554,  149.119628719,  13.523852859,   185.662994149,      43.509297171,       -115.312,       52.033, 294.291, 126.5053,    *,  1.436159,  4.62805276239679,-18.6693613,    8.0407,
 2026-Dec-29 04:00:00, ,m, 148.743714608,  13.655720872,  149.115233048,  13.525637631,   205.359481430,      41.492060000,       -123.331,       55.232, 294.129, 135.1306,    *,  1.436298,  4.62760591031583,-18.4696180,    8.0348,
 2026-Dec-29 05:00:00, ,m, 148.739321196,  13.657492224,  149.110843698,  13.527416188,   223.498446096,      37.229763313,       -131.321,       58.418, 293.987, 143.7245,    *,  1.436435,  4.62716380522491,-18.2754993,    8.0289,
 2026-Dec-29 06:00:00,A,m, 148.734942072,  13.659257890,  149.106466002,  13.529188634,   239.726773410,      31.325989612,       -139.280,       61.589, 293.860, 152.2845,    *,  1.436571,  4.62672626656681,-18.0906812,    8.0229,
 2026-Dec-29 07:00:00,N,m, 148.730581475,  13.661018391,  149.102104749,  13.530955344,   254.319798968,      24.395622704,       -147.204,       64.744, 293.747, 160.8083,    *,  1.436705,  4.62629303211331,-17.9182369,    8.0170,
 2026-Dec-29 08:00:00,C,m, 148.726242667,  13.662774438,  149.097763892,  13.532716923,   267.799551683,      16.961355589,       -155.093,       67.884, 293.645, 169.2937,    *,  1.436839,  4.62586377507583,-17.7604285,    8.0111,
 2026-Dec-29 09:00:00,*,m, 148.721927754,  13.664526870,  149.093446321,  13.534474146,   280.705918060,       9.456618006,       -162.945,       71.007, 293.553, 177.7383,    *,  1.436971,  4.62543812558804,-17.6185539,    8.0052,
 2026-Dec-29 10:00:00,*,m, 148.717637574,  13.666276578,  149.089153699,  13.536227894,   293.515780340,       2.263502986,       -170.757,       74.113, 293.469, 186.1399,    *,  1.437102,  4.62501569508704,-17.4928604,    7.9992,
 2026-Dec-29 11:00:00,*, , 148.713371684,  13.668024431,  149.084886393,  13.537979075,   306.618673268,      -4.251330633,       -178.527,       77.200, 293.392, 194.4964,    *,  1.437232,  4.62459610192199,-17.3825302,    7.9934,
 2026-Dec-29 12:00:00,*, , 148.709128427,  13.669771203,  149.080643482,  13.539728549,   320.291025395,      -9.717388056,       -186.253,       80.269, 293.322, 202.8057,    *,  1.437362,  4.62417899643427,-17.2857379,    7.9875,
 2026-Dec-29 13:00:00,*, , 148.704905086,  13.671517499,  149.076422864,  13.541477051,   334.649101872,     -13.767610608,       -193.934,       83.317, 293.257, 211.0654,    *,  1.437491,  4.62376408379108,-17.1997785,    7.9816,
 2026-Dec-29 14:00:00,*, , 148.700698105,  13.673263705,  149.072221435,  13.543225130,   349.597981421,     -16.079701058,       -201.568,       86.345, 293.196, 219.2736,    *,  1.437619,  4.62335114301792,-17.1212547,    7.9757,
 2026-Dec-29 15:00:00,C, , 148.696503377,  13.675009942,  149.068035343,  13.544973090,     4.830839505,     -16.444336270,       -209.152,       89.351, 293.141, 227.4282,    *,  1.437747,  4.62294004089465,-17.0463125,    7.9698,
 2026-Dec-29 16:00:00,N, , 148.692316559,  13.676756046,  149.063860288,  13.546720963,    19.927799588,     -14.826492035,       -216.685,       92.336, 293.089, 235.5270,    *,  1.437875,  4.62253073979417,-16.9709071,    7.9639,
 2026-Dec-29 17:00:00,A, , 148.688133410,  13.678501563,  149.059691856,  13.548468481,    34.523892495,     -11.377031029,       -224.164,       95.297, 293.040, 243.5681,    *,  1.438001,  4.62212329891512,-16.8910827,    7.9580,
 2026-Dec-29 18:00:00, , , 148.683950120,  13.680245765,  149.055525860,  13.550215092,    48.442188971,      -6.385450714,       -231.588,       98.234, 292.994, 251.5492,    *,  1.438127,  4.62171786882361,-16.8032454,    7.9521,
 2026-Dec-29 19:00:00, , , 148.679763609,  13.681987688,  149.051358665,  13.551959971,    61.726514643,      -0.208974088,       -238.956,      101.147, 292.952, 259.4684,    *,  1.438253,  4.62131467968079,-16.7044121,    7.9462,
 2026-Dec-29 20:00:00, , , 148.675571773,  13.683726179,  149.047187472,  13.553702073,    74.601229641,       6.780750881,       -246.264,      104.035, 292.911, 267.3236,    *,  1.438378,  4.62091402396344,-16.5924170,    7.9402,
 2026-Dec-29 21:00:00, , , 148.671373669,  13.685459966,  149.043010551,  13.555440182,    87.418570585,      14.216897881,       -253.512,      106.897, 292.873, 275.1128,    *,  1.438501,  4.62051623486276,-16.4660619,    7.9342,
 2026-Dec-29 22:00:00, , , 148.667169616,  13.687187727,  149.038827395,  13.557172986,   100.625659800,      21.726751665,       -260.696,      109.732, 292.837, 282.8338,    *,  1.438624,  4.62012166184212,-16.3252006,    7.9282,
 2026-Dec-29 23:00:00, ,m, 148.662961207,  13.688908172,  149.034638789,  13.558899150,   114.744336231,      28.900662260,       -267.817,      112.539, 292.803, 290.4846,    *,  1.438746,  4.61973064503024,-16.1707509,    7.9222,
 2026-Dec-30 00:00:00, ,m, 148.658751240,  13.690620110,  149.030446797,  13.560617393,   130.320696433,      35.252190424,       -274.870,      115.318, 292.770, 298.0633,    *,  1.438867,  4.61934349020550,-16.0046338,    7.9161,
 2026-Dec-30 01:00:00, ,m, 148.654543560,  13.692322523,  149.026254655,  13.562326564,   147.760869423,      40.195507604,       -281.856,      118.068, 292.739, 305.5677,    *,  1.438986,  4.61896044608693,-15.8296438,    7.9100,
 2026-Dec-30 02:00:00, ,m, 148.650342832,  13.694014623,  149.022066581,  13.564025709,   166.987621498,      43.100619513,       -288.771,      120.788, 292.710, 312.9959,    *,  1.439104,  4.61858168548936,-15.6492588,    7.9040,
 2026-Dec-30 03:00:00, ,m, 148.646154255,  13.695695886,  149.017887528,  13.565714119,   187.121270135,      43.490395529,       -295.613,      123.478, 292.682, 320.3460,    *,  1.439221,  4.61820729163517,-15.4674046,    7.8979,
 2026-Dec-30 04:00:00, ,m, 148.641983242,  13.697366083,  149.013722874,  13.567391367,   206.744317812,      41.293352263,       -302.383,      126.137, 292.655, 327.6159,    *,  1.439336,  4.61783725056162,-15.2881865,    7.8918,
 2026-Dec-30 05:00:00, ,m, 148.637835084,  13.699025277,  149.009578088,  13.569057326,   224.753003717,      36.889233968,       -309.076,      128.763, 292.629, 334.8038,    *,  1.439450,  4.61747145014472,-15.1156109,    7.8857,
 2026-Dec-30 06:00:00,A,m, 148.633714618,  13.700673809,  149.005458392,  13.570712164,   240.851634907,      30.889943643,       -315.692,      131.358, 292.604, 341.9077,    *,  1.439563,  4.61710968580699,-14.9533117,    7.8796,
 2026-Dec-30 07:00:00,N,m, 148.629625932,  13.702312261,  149.001368436,  13.572356318,   255.346249238,      23.905849097,       -322.229,      133.919, 292.580, 348.9259,    *,  1.439674,  4.61675167251807,-14.8043033,    7.8735,
 2026-Dec-30 08:00:00,C,m, 148.625572118,  13.703941401,  148.997312009,  13.573990453,   268.766387522,      16.452457064,       -328.685,      136.447, 292.557, 355.8566,    *,  1.439785,  4.61639706226567,-14.6707761,    7.8674,
 2026-Dec-30 09:00:00,*,m, 148.621555089,  13.705562124,  148.993291815,  13.575615404,   281.649367265,       8.958069976,       -335.058,      138.940, 292.535, 362.6980,    *,  1.439895,  4.61604546579942,-14.5539477,    7.8613,
 2026-Dec-30 10:00:00,*,m, 148.617575487,  13.707175372,  148.989309321,  13.577232106,   294.466457565,       1.802478914,       -341.347,      141.398, 292.514, 369.4485,    *,  1.440004,  4.61569647715725,-14.4539818,    7.8552,
 2026-Dec-30 11:00:00,*, , 148.613632664,  13.708782062,  148.985364685,  13.578841519,   307.599993938,      -4.647952604,       -347.551,      143.820, 292.494, 376.1062,    *,  1.440112,  4.61534969929332,-14.3699783,    7.8492,
 2026-Dec-30 12:00:00,*, , 148.609724761,  13.710383007,  148.981456779,  13.580444547,   321.316462209,     -10.022614905,       -353.668,      146.207, 292.474, 382.6696,    *,  1.440219,  4.61500476905106,-14.3000372,    7.8432,
 2026-Dec-30 13:00:00,*, , 148.605848867,  13.711978852,  148.977583297,  13.582041969,   335.718257086,     -13.956206177,       -359.696,      148.556, 292.455, 389.1371,    *,  1.440327,  4.61466137977009,-14.2413903,    7.8371,
 2026-Dec-30 14:00:00,*, , 148.602001249,  13.713570016,  148.973740942,  13.583634369,   350.694341713,     -16.132465693,       -365.634,      150.869, 292.436, 395.5071,    *,  1.440433,  4.61431929997800,-14.1905930,    7.8311,
 2026-Dec-30 15:00:00,C, , 148.598177637,  13.715156655,  148.969925686,  13.585222086,     5.925707764,     -16.353206061,       -371.480,      153.143, 292.418, 401.7781,    *,  1.440540,  4.61397838688651,-14.1437619,    7.8251,
 2026-Dec-30 16:00:00,N, , 148.594373549,  13.716738634,  148.966133074,  13.586805184,    20.991313221,     -14.597208614,       -377.234,      155.379, 292.401, 407.9483,    *,  1.440646,  4.61363859376786,-14.0968428,    7.8190,
 2026-Dec-30 17:00:00,A, , 148.590584625,  13.718315531,  148.962358557,  13.588383427,    35.536923360,     -11.027245537,       -382.893,      157.575, 292.384, 414.0165,    *,  1.440752,  4.61329997070649,-14.0458902,    7.8130,
 2026-Dec-30 18:00:00, , , 148.586806955,  13.719886652,  148.958597835,  13.589956293,    49.401832626,      -5.939705152,       -388.456,      159.732, 292.367, 419.9809,    *,  1.440857,  4.61296265867553,-13.9873394,    7.8070,
 2026-Dec-30 19:00:00, , , 148.583037380,  13.721451068,  148.954847182,  13.591522996,    62.644569599,       0.306086505,       -393.921,      161.849, 292.351, 425.8402,    *,  1.440962,  4.61262687734500,-13.9182522,    7.8009,
 2026-Dec-30 20:00:00, , , 148.579273729,  13.723007669,  148.951103725,  13.593082528,    75.500077292,       7.338860166,       -399.289,      163.925, 292.336, 431.5927,    *,  1.441066,  4.61229290745813,-13.8365203,    7.7948,
 2026-Dec-30 21:00:00, , , 148.575515005,  13.724555231,  148.947365673,  13.594633716,    88.328067901,      14.792212564,       -404.556,      165.960, 292.320, 437.2370,    *,  1.441170,  4.61196106898475,-13.7410108,    7.7887,
 2026-Dec-30 22:00:00, , , 148.571761472,  13.726092485,  148.943632465,  13.596175300,   101.581730206,      22.292122175,       -409.721,      167.953, 292.305, 442.7717,    *,  1.441273,  4.61163169655009,-13.6316457,    7.7826,
 2026-Dec-30 23:00:00, , , 148.568014669,  13.727618200,  148.939904834,  13.597706001,   115.787395898,      29.424819636,       -414.784,      169.903, 292.291, 448.1952,    *,  1.441375,  4.61130511382417,-13.5094086,    7.7764,
 2026-Dec-31 00:00:00, , , 148.564277326,  13.729131255,  148.936184786,  13.599224603,   131.489227061,      35.696940543,       -419.743,      171.811, 292.277, 453.5061,    *,  1.441476,  4.61098160862818,-13.3762785,    7.7702,
 2026-Dec-31 01:00:00, ,m, 148.560553210,  13.730630705,  148.932475487,  13.600730028,   149.072949143,      40.515914425,       -424.596,      173.675, 292.263, 458.7031,    *,  1.441576,  4.61066141046519,-13.2350956,    7.7640,
 2026-Dec-31 02:00:00, ,m, 148.556846883,  13.732115841,  148.928781066,  13.602221397,   168.411298381,      43.253823658,       -429.343,      175.496, 292.249, 463.7847,    *,  1.441675,  4.61034467201637,-13.0893680,    7.7579,
 2026-Dec-31 03:00:00, ,m, 148.553163419,  13.733586226,  148.925106367,  13.603698084,   188.565833336,      43.454500873,       -433.982,      177.272, 292.236, 468.7495,    *,  1.441773,  4.61003145587206,-12.9430324,    7.7517,
 2026-Dec-31 04:00:00, ,m, 148.549508080,  13.735041715,  148.921456630,  13.605159751,   208.108618026,      41.081119538,       -438.511,      179.003, 292.222, 473.5963,    *,  1.441870,  4.60972172740795,-12.8001857,    7.7454,
 2026-Dec-31 05:00:00, ,m, 148.545885975,  13.736482463,  148.917837161,  13.606606361,   225.985388189,      36.539766642,       -442.930,      180.689, 292.209, 478.3239,    *,  1.441966,  4.60941535429553,-12.6648049,    7.7392,
 2026-Dec-31 06:00:00,A,m, 148.542301738,  13.737908900,  148.914252991,  13.608038171,   241.956258295,      30.449201591,       -447.237,      182.329, 292.197, 482.9309,    *,  1.442061,  4.60911211268095,-12.5404763,    7.7330,
 2026-Dec-31 07:00:00,N,m, 148.538759226,  13.739321694,  148.910708548,  13.609455709,   256.355555791,      23.414741933,       -451.432,      183.924, 292.184, 487.4163,    *,  1.442155,  4.60881169960909,-12.4301504,    7.7269,
 2026-Dec-31 08:00:00,C,m, 148.535261281,  13.740721700,  148.907207383,  13.610859730,   269.719035037,      15.944766983,       -455.513,      185.472, 292.172, 491.7788,    *,  1.442248,  4.60851375084188,-12.3359409,    7.7207,
 2026-Dec-31 09:00:00,*,m, 148.531809553,  13.742109895,  148.903751940,  13.612251153,   282.581012723,       8.462669792,       -459.479,      186.973, 292.160, 496.0174,    *,  1.442341,  4.60821786284955,-12.2589811,    7.7145,
 2026-Dec-31 10:00:00,*,m, 148.528404411,  13.743487297,  148.900343412,  13.613630996,   295.407035968,       1.346122583,       -463.329,      188.427, 292.148, 500.1311,    *,  1.442433,  4.60792361746822,-12.1993473,    7.7084,
 2026-Dec-31 11:00:00,*, , 148.525044931,  13.744854895,  148.896981681,  13.615000292,   308.572157224,      -5.038724109,       -467.063,      189.833, 292.137, 504.1187,    *,  1.442524,  4.60763060753382,-12.1560545,    7.7023,
 2026-Dec-31 12:00:00,*, , 148.521728986,  13.746213571,  148.893665341,  13.616360020,   322.332777607,     -10.321199148,       -470.679,      191.192, 292.125, 507.9795,    *,  1.442616,  4.60733846173630,-12.1271251,    7.6961,
 2026-Dec-31 13:00:00,*, , 148.518453405,  13.747564031,  148.890391816,  13.617711022,   336.777328337,     -14.137958809,       -474.176,      192.503, 292.114, 511.7124,    *,  1.442707,  4.60704686699106,-12.1097253,    7.6900,
 2026-Dec-31 14:00:00,*, , 148.515214210,  13.748906756,  148.887157551,  13.619053945,   351.778878623,     -16.179055544,       -477.554,      193.765, 292.103, 515.3165,    *,  1.442798,  4.60675558679543,-12.1003608,    7.6839,
 2026-Dec-31 15:00:00,C, , 148.512006907,  13.750241956,  148.883958278,  13.620389189,     7.006936297,     -16.257592611,       -480.812,      194.978, 292.092, 518.7910,    *,  1.442890,  4.60646447431280,-12.0951166,    7.6779,
 2026-Dec-31 16:00:00,N, , 148.508826808,  13.751569554,  148.880789323,  13.621716871,    22.040165286,     -14.365999598,       -483.949,      196.142, 292.081, 522.1349,    *,  1.442981,  4.60617347928900,-12.0899268,    7.6718,
 2026-Dec-31 17:00:00,A, , 148.505669373,  13.752889181,  148.877645941,  13.623036814,    36.535522007,     -10.678531035,       -486.965,      197.256, 292.070, 525.3474,    *,  1.443072,  4.60588264832776,-12.0808536,    7.6657,
 2026-Dec-31 18:00:00, , , 148.502530534,  13.754200203,  148.874523660,  13.624348551,    50.348372712,      -5.498020278,       -489.857,      198.321, 292.060, 528.4277,    *,  1.443163,  4.60559211850775,-12.0643586,    7.6595,
 2026-Dec-31 19:00:00, , , 148.499406987,  13.755501750,  148.871418599,  13.625651354,    63.551499916,       0.814367186,       -492.627,      199.336, 292.049, 531.3750,    *,  1.443254,  4.60530210477881,-12.0375455,    7.6534,
 2026-Dec-31 20:00:00, , , 148.496296439,  13.756792779,  148.868327753,  13.626944277,    76.390031943,       7.887794691,       -495.272,      200.301, 292.039, 534.1885,    *,  1.443344,  4.60501288199617,-11.9983601,    7.6473,
 2026-Dec-31 21:00:00, , , 148.493197773,  13.758072134,  148.865249209,  13.628226218,    89.230922125,      15.356193760,       -497.793,      201.215, 292.028, 536.8675,    *,  1.443435,  4.60472476284823,-11.9457309,    7.6411,
 2026-Dec-31 22:00:00, , , 148.490111142,  13.759338624,  148.862182292,  13.629495986,   102.533264899,      22.844078150,       -500.188,      202.078, 292.018, 539.4112,    *,  1.443525,  4.60443807315988,-11.8796436,    7.6349,
 2026-Dec-31 23:00:00, , , 148.487037967,  13.760591101,  148.859127625,  13.630752384,   116.827557281,      29.933398113,       -502.458,      202.890, 292.008, 541.8190,    *,  1.443614,  4.60415312628526,-11.8011432,    7.6287,
$$EOE
***************************************************************************************************************************************************************************************************************************************
Column meaning:
 
TIME

  Times PRIOR to 1962 are UT1, a mean-solar time closely related to the
prior but now-deprecated GMT. Times AFTER 1962 are in UTC, the current
civil or "wall-clock" time-scale. UTC is kept within 0.9 seconds of UT1
using integer leap-seconds for 1972 and later years.

  Conversion from the internal Barycentric Dynamical Time (TDB) of solar
system dynamics to the non-uniform civil UT time-scale requested for output
has not been determined for UTC times after the next July or January 1st.
Therefore, the last known leap-second is used as a constant over future
intervals.

  Time tags refer to the UT time-scale conversion from TDB on Earth
regardless of observer location within the solar system, although clock
rates may differ due to the local gravity field and no analog to "UT"
may be defined for that location.

  Any 'b' symbol in the 1st-column denotes a B.C. date. First-column blank
(" ") denotes an A.D. date.
 
CALENDAR SYSTEM

  Mixed calendar mode was active such that calendar dates after AD 1582-Oct-15
(if any) are in the modern Gregorian system. Dates prior to 1582-Oct-5 (if any)
are in the Julian calendar system, which is automatically extended for dates
prior to its adoption on 45-Jan-1 BC.  The Julian calendar is useful for
matching historical dates. The Gregorian calendar more accurately corresponds
to the Earth's orbital motion and seasons. A "Gregorian-only" calendar mode is
available if such physical events are the primary interest.

  NOTE: "n.a." in output means quantity "not available" at the print-time.
 
SOLAR PRESENCE (OBSERVING SITE)
  Time tag is followed by a blank, then a solar-presence symbol:

       '*'  Daylight (refracted solar upper-limb on or above apparent horizon)
       'C'  Civil twilight/dawn
       'N'  Nautical twilight/dawn
       'A'  Astronomical twilight/dawn
       ' '  Night OR geocentric ephemeris

LUNAR PRESENCE (OBSERVING SITE)
  The solar-presence symbol is immediately followed by a lunar-presence symbol:

       'm'  Refracted upper-limb of Moon on or above apparent horizon
       ' '  Refracted upper-limb of Moon below apparent horizon OR geocentric
            ephemeris
 
 'R.A.___(ICRF), DEC____(ICRF),' =
  Astrometric right ascension and declination of the target center with
respect to the observing site (coordinate origin) in the reference frame of
the planetary ephemeris (ICRF). Compensated for down-leg light-time delay
aberration.

  Units: RA  in decimal degrees,  ddd.fffff{ffff}
         DEC in decimal degrees,  sdd.fffff{ffff}
 
 'R.A.__(a-app), DEC___(a-app),' =
  Airless apparent right ascension and declination of the target center
with respect to an instantaneous reference frame defined by the Earth equator
of-date (z-axis) and meridian containing the Earth equinox of-date (x-axis,
EOP-corrected IAU76/80). Compensated for down-leg light-time delay,
gravitational deflection of light, stellar aberration, precession & nutation.
Note: equinox (RA origin) is offset -53 mas from the of-date frame defined by
the IAU06/00a P & N system.

  Units: RA  in decimal degrees, ddd.fffff{ffff}
         DEC in decimal degrees  sdd.fffff{ffff}

 
 'Azimuth_(a-app), Elevation_(a-app),' =
  Airless apparent azimuth and elevation of target center. Compensated
for light-time, the gravitational deflection of light, stellar aberration,
precession and nutation. Azimuth is measured clockwise from north:

  North(0) -> East(90) -> South(180) -> West(270) -> North (360)

Elevation angle is with respect to a plane perpendicular to the reference
surface local zenith direction. TOPOCENTRIC ONLY.  Units: DEGREES
 
 'X_(sat-prim), Y_(sat-prim), SatPANG,' =
   Satellite apparent differential coordinates in the plane-of-sky with
respect to the primary body along with the satellite position angle.
Differential coordinates are defined in RA as:

     X= ((RA_sat - RA_primary) * cosine(DEC_primary))

... and in DEC as:

     Y= (DEC_sat - DEC_primary)

Non-lunar satellites only. "SatPANG" is the counter-clockwise (CCW) position
angle from the reference-frame of-date north-pole to a line from the primary
center to the satellite center. Units: ARCSECONDS (X & Y), DEGREES (pos, angle)
 
 'ang-sep, vis.,' =
  The angular separation between the center of the target object and the center
of the (remote) primary body it revolves around, as seen by the observer, with
target visibility code.

  Visibility codes (refers to limb-to-limb):

    /t = Transiting primary body disk    /O = Occulted by primary body disk
    /p = Partial umbral eclipse          /P = Occulted partial umbral eclipse
    /u = Total umbral eclipse            /U = Occulted total umbral eclipse
    /- = Target is the primary body      /* = None of above ("free and clear")

  The radius of both primary and target body is taken to be the equatorial
value (maximum, given a triaxial shape). Atmospheric effects and oblateness
aspect are NOT currently considered.  Light-time is considered.

  Units: ARCSECONDS and visibility code
 
 'Ang-diam,' =
   The equatorial angular width of the target body full disk, if it were fully
illuminated and visible to the observer. If the target body diameter is unknown
"n.a." is output.

   Units: ARCSECONDS
 
 'delta,     deldot,' =
   Apparent range ("delta", light-time aberrated) and range-rate ("delta-dot")
of the target center relative to the observer. A positive "deldot" means the
target center is moving away from the observer, negative indicates movement
toward the observer.  Units: AU and KM/S
 
 'S-T-O,' =
   The Sun-Target-Observer angle; the interior vertex angle at target center
formed by a vector from the target to the apparent center of the Sun (at
reflection time on the target) and the apparent vector from target to the
observer at print-time. Slightly different from true PHASE ANGLE (requestable
separately) at the few arcsecond level in that it includes stellar aberration
on the down-leg from target to observer.  Units: DEGREES

Computations by ...

    Solar System Dynamics Group, Horizons On-Line Ephemeris System
    4800 Oak Grove Drive, Jet Propulsion Laboratory
    Pasadena, CA  91109   USA

    General site: https://ssd.jpl.nasa.gov/
    Mailing list: https://ssd.jpl.nasa.gov/email_list.html
    System news : https://ssd.jpl.nasa.gov/horizons/news.html
    User Guide  : https://ssd.jpl.nasa.gov/horizons/manual.html
    Connect     : browser        https://ssd.jpl.nasa.gov/horizons/app.html#/x
                  API            https://ssd-api.jpl.nasa.gov/doc/horizons.html
                  command-line   telnet ssd.jpl.nasa.gov 6775
                  e-mail/batch   https://ssd.jpl.nasa.gov/ftp/ssd/horizons_batch.txt
                  scripts        https://ssd.jpl.nasa.gov/ftp/ssd/SCRIPTS
    Inquiries   : Jon.D.Giorgini@jpl.nasa.gov

***************************************************************************************************************************************************************************************************************************************
