# JPL Horizons response, kept whole (#472)
# request-url: https://ssd.jpl.nasa.gov/api/horizons.api?format=text&COMMAND=%27599%27&MAKE_EPHEM=%27YES%27&EPHEM_TYPE=%27OBSERVER%27&CENTER=%27coord%40399%27&COORD_TYPE=%27GEODETIC%27&QUANTITIES=%271%2C2%2C4%2C10%2C13%2C17%2C20%2C24%2C32%2C43%27&EXTRA_PREC=%27YES%27&ANG_FORMAT=%27DEG%27&APPARENT=%27AIRLESS%27&CSV_FORMAT=%27YES%27&TIME_DIGITS=%27SECONDS%27&SITE_COORD=%2710.75%2C59.91%2C0.0%27&START_TIME=%272026-01-01%2000%3A00%27&STOP_TIME=%272026-12-31%2000%3A00%27&STEP_SIZE=%271%20d%27
# requested-utc: 2026-10-07T13:52:39Z
# body-sha256: 8058351c660b7529e7aaa77a031438eb86f5f1cf9cfa77f110598bc3635a1146
# body-bytes: 108223
# complete: True
API VERSION: 1.2
API SOURCE: NASA/JPL Horizons API

*******************************************************************************
 Revised: April 12, 2021               Jupiter                              599
 
 PHYSICAL DATA (revised 2025-Jan-30):
  Mass x 10^26 (kg)     = 18.9819           Density (g/cm^3)  = 1.3262 +- .0003
  Equat. radius (1 bar) = 71492+-4 km       Polar radius (km)     = 66854+-10
  Vol. Mean Radius (km) = 69911+-6          Flattening            = 0.06487
  Geometric Albedo      = 0.52              Rocky core mass (Mc/M)= 0.0261
  Sid. rot. period (III)= 9h 55m 29.711 s   Sid. rot. rate (rad/s)= 0.00017585
  Mean solar day, hrs   = ~9.9259         
  GM (km^3/s^2)         = 126686531.900     GM 1-sigma (km^3/s^2) =  +- 1.2732
  Equ. grav, ge (m/s^2) = 24.79             Pol. grav, gp (m/s^2) =  28.34
  Vis. magnitude V(1,0) = -9.40
  Vis. mag. (opposition)= -2.70             Obliquity to orbit    =  3.13 deg
  Sidereal orbit period = 11.861982204 y    Sidereal orbit period = 4332.589 d
  Mean daily motion     = 0.0831294 deg/d   Mean orbit speed, km/s= 13.0697
  Atmos. temp. (1 bar)  = 165+-5 K          Escape speed, km/s    =  59.5           
  A_roche(ice)/Rp       =  2.76             Hill's sphere rad. Rp = 740
                                 Perihelion   Aphelion     Mean
  Solar Constant (W/m^2)         56           46           51
  Maximum Planetary IR (W/m^2)   13.7         13.4         13.6
  Minimum Planetary IR (W/m^2)   13.7         13.4         13.6
*******************************************************************************


*******************************************************************************
Ephemeris / API_USER Wed Oct  7 06:52:39 2026 Pasadena, USA      / Horizons    
*******************************************************************************
Target body name: Jupiter (599)                   {source: jup365_merged}
Center body name: Earth (399)                     {source: DE441}
Center-site name: (user defined site below)
*******************************************************************************
Start time      : A.D. 2026-Jan-01 00:00:00.0000 UT      
Stop  time      : A.D. 2026-Dec-31 00:00:00.0000 UT      
Step-size       : 1440 minutes
*******************************************************************************
Target pole/equ : IAU_JUPITER                     {West-longitude positive}
Target radii    : 71492.0, 71492.0, 66854.0 km    {Equator_a, b, pole_c}       
Center geodetic : 10.75, 59.91, 0.0               {E-lon(deg),Lat(deg),Alt(km)}
Center cylindric: 10.75, 3205.78431, 5495.4568    {E-lon(deg),Dxy(km),Dz(km)}
Center pole/equ : ITRF93                          {East-longitude positive}
Center radii    : 6378.137, 6378.137, 6356.752 km {Equator_a, b, pole_c}       
Target primary  : Sun
Vis. interferer : MOON (R_eq= 1737.400) km        {source: DE441}
Rel. light bend : Sun                             {source: jup365_merged}
Rel. lght bnd GM: 1.3271E+11 km^3/s^2                                          
Atmos refraction: NO (AIRLESS)
RA format       : DEG
Time format     : CAL 
Calendar mode   : Mixed Julian/Gregorian
EOP file        : eop.261006.p270102                                           
EOP coverage    : DATA-BASED 1962-JAN-20 TO 2026-OCT-06. PREDICTS-> 2027-JAN-01
Units conversion: 1 au= 149597870.700 km, c= 299792.458 km/s, 1 day= 86400.0 s 
Table cut-offs 1: Elevation (-90.0deg=NO ),Airmass (>38.000=NO), Daylight (NO )
Table cut-offs 2: Solar elongation (  0.0,180.0=NO ),Local Hour Angle( 0.0=NO )
Table cut-offs 3: RA/DEC angular rate (     0.0=NO )                           
Table format    : Comma Separated Values (spreadsheet)
***********************************************************************************************************************************************************************************************************************************************************************
 Date__(UT)__HR:MN:SS, , , R.A.___(ICRF), DEC____(ICRF),  R.A.__(a-app), DEC___(a-app), Azimuth_(a-app), Elevation_(a-app),      Illu%,  Ang-diam,    NP.ang,  NP.dist,             delta,     deldot,     S-T-O,  N.Pole-RA, N.Pole-DC,       phi,  PAB-LON,  PAB-LAT,
***********************************************************************************************************************************************************************************************************************************************************************
$$SOE
 2026-Jan-01 00:00:00, ,m, 112.729339724,  22.034226856,  113.124389804,  21.978783534,   177.418444873,      52.049451054,   99.96878,  46.46777,   10.5045,   21.718,  4.24263210238808, -4.5498102,    2.0306,  268.05770,  64.49669,    2.0249, 109.9750,   0.2136,
 2026-Jan-02 00:00:00, ,m, 112.589954197,  22.056726892,  112.985245584,  22.001592175,   179.114409179,      52.089318314,   99.97502,  46.49482,   10.4492,   21.731,  4.24016341594595, -4.0063459,    1.8169,  268.05770,  64.49669,    1.8112, 109.9508,   0.2158,
 2026-Jan-03 00:00:00, ,m, 112.449645651,  22.079217497,  112.845183051,  22.024402323,   180.813513514,      52.112484213,   99.98059,  46.51848,   10.3936,   21.742,  4.23800669006701, -3.4622698,    1.6024,  268.05770,  64.49669,    1.5967, 109.9262,   0.2179,
 2026-Jan-04 00:00:00, ,m, 112.308507585,  22.101682717,  112.704282764,  22.047199376,   182.514548092,      52.118876909,   99.98547,  46.53872,   10.3375,   21.751,  4.23616321092030, -2.9131279,    1.3872,  268.05770,  64.49669,    1.3815, 109.9012,   0.2200,
 2026-Jan-05 00:00:00, ,m, 112.166662615,  22.124102119,  112.562656738,  22.069961283,   184.216248669,      52.108449009,   99.98965,  46.55554,   10.2811,   21.759,  4.23463359078633, -2.3662472,    1.1715,  268.05770,  64.49669,    1.1657, 109.8759,   0.2222,
 2026-Jan-06 00:00:00, ,m, 112.024197444,  22.146461910,  112.420386694,  22.092670596,   185.917402365,      52.081188635,   99.99313,  46.56889,   10.2244,   21.766,  4.23341888723199, -1.8154672,    0.9553,  268.05770,  64.49669,    0.9495, 109.8503,   0.2243,
 2026-Jan-07 00:00:00, ,m, 111.881222496,  22.168744493,  112.277584085,  22.115305374,   187.616763857,      52.037111661,   99.99591,  46.57879,   10.1674,   21.770,  4.23251932822852, -1.2644506,    0.7388,  268.05770,  64.49669,    0.7330, 109.8244,   0.2264,
 2026-Jan-08 00:00:00, ,m, 111.737840821,  22.190934427,  112.134357277,  22.137846488,   189.313109263,      51.976268083,   99.99797,  46.58521,   10.1102,   21.773,  4.23193650539224, -0.7126629,    0.5222,  268.05770,  64.49669,    0.5164, 109.7984,   0.2284,
 2026-Jan-09 00:00:00, ,m, 111.594150294,  22.213016899,  111.990811279,  22.160276767,   191.005240684,      51.898740403,   99.99931,  46.58814,   10.0528,   21.775,  4.23166986583892, -0.1585625,    0.3065,  268.05770,  64.49669,    0.3007, 109.7723,   0.2305,
 2026-Jan-10 00:00:00, ,m, 111.450259196,  22.234976634,  111.847061324,  22.182579937,   192.691969676,      51.804643267,   99.99993,  46.58757,    9.9953,   21.774,  4.23172134787604,  0.3956934,    0.0981,  268.05770,  64.49669,    0.0930, 109.7461,   0.2326,
 2026-Jan-11 00:00:00, , , 111.306270911,  22.256799041,  111.703216450,  22.204741530,   194.372146340,      51.694122443,   99.99984,  46.58350,    9.9377,   21.772,  4.23209148545744,  0.9538538,    0.1414,  268.05770,  64.49669,    0.1469, 109.7199,   0.2347,
 2026-Jan-12 00:00:00, , , 111.162318655,  22.278465164,  111.559413744,  22.226743432,   196.044614090,      51.567352757,   99.99902,  46.57592,    9.8800,   21.769,  4.23278049422970,  1.5082676,    0.3536,  268.05770,  64.49669,    0.3593, 109.6937,   0.2367,
 2026-Jan-13 00:00:00, , , 111.018498303,  22.299962377,  111.415751156,  22.248574429,   197.708317107,      51.424539158,   99.99748,  46.56483,    9.8224,   21.764,  4.23378829606520,  2.0652846,    0.5696,  268.05770,  64.49669,    0.5754, 109.6676,   0.2388,
 2026-Jan-14 00:00:00, , , 110.874931364,  22.321274176,  111.272350479,  22.270219629,   199.362209206,      51.265912773,   99.99522,  46.55025,    9.7648,   21.757,  4.23511429445558,  2.6201127,    0.7861,  268.05770,  64.49669,    0.7919, 109.6416,   0.2408,
 2026-Jan-15 00:00:00, , , 110.731725617,  22.342387024,  111.129318097,  22.291667189,   201.005318444,      51.091730667,   99.99226,  46.53218,    9.7073,   21.748,  4.23675893582469,  3.1745401,    1.0024,  268.05770,  64.49669,    1.0082, 109.6158,   0.2428,
 2026-Jan-16 00:00:00, , , 110.588989968,  22.363286955,  110.986759952,  22.312904694,   202.636727190,      50.902272656,   99.98859,  46.51065,    9.6499,   21.738,  4.23872044172185,  3.7282340,    1.2183,  268.05770,  64.49669,    1.2241, 109.5903,   0.2448,
 2026-Jan-17 00:00:00, , , 110.446833805,  22.383961167,  110.844781098,  22.333920516,   204.255576785,      50.697840837,   99.98422,  46.48565,    9.5927,   21.726,  4.24099953815257,  4.2804624,    1.4338,  268.05770,  64.49669,    1.4395, 109.5650,   0.2468,
 2026-Jan-18 00:00:00, , , 110.305365542,  22.404396792,  110.703484693,  22.354702324,   205.861070969,      50.478756142,   99.97916,  46.45722,    9.5358,   21.713,  4.24359532031840,  4.8340685,    1.6485,  268.05770,  64.49669,    1.6543, 109.5400,   0.2488,
 2026-Jan-19 00:00:00, , , 110.164720465,  22.424577356,  110.563000536,  22.375233237,   207.452436549,      50.245359243,   99.97342,  46.42536,    9.4791,   21.698,  4.24650696141635,  5.3816178,    1.8625,  268.05770,  64.49669,    1.8682, 109.5155,   0.2508,
 2026-Jan-20 00:00:00, , , 110.024995997,  22.444492277,  110.423421382,  22.395501333,   209.029019899,      49.998003789,   99.96702,  46.39013,    9.4228,   21.682,  4.24973266449288,  5.9293433,    2.0756,  268.05770,  64.49669,    2.0813, 109.4914,   0.2528,
 2026-Jan-21 00:00:00, , , 109.886314286,  22.464127508,  110.284866560,  22.415490182,   210.590194988,      49.737059083,   99.95995,  46.35154,    9.3668,   21.664,  4.25327051727824,  6.4717055,    2.2876,  268.05770,  64.49669,    2.2933, 109.4678,   0.2547,
 2026-Jan-22 00:00:00, , , 109.748777411,  22.483472626,  110.147438129,  22.435186329,   212.135427262,      49.462905311,   99.95225,  46.30963,    9.3112,   21.644,  4.25711928196881,  7.0116476,    2.4986,  268.05770,  64.49669,    2.5043, 109.4448,   0.2567,
 2026-Jan-23 00:00:00, , , 109.612493300,  22.502516061,  110.011247221,  22.454574972,   213.664235878,      49.175933484,   99.94392,  46.26446,    9.2561,   21.623,  4.26127558385322,  7.5470641,    2.7084,  268.05770,  64.49669,    2.7140, 109.4223,   0.2586,
 2026-Jan-24 00:00:00, , , 109.477558884,  22.521249041,  109.876396898,  22.473644592,   215.176217073,      48.876543700,   99.93497,  46.21606,    9.2015,   21.600,  4.26573847740355,  8.0788555,    2.9168,  268.05770,  64.49669,    2.9224, 109.4005,   0.2605,
 2026-Jan-25 00:00:00, , , 109.344073108,  22.539662206,  109.742994145,  22.492384189,   216.671023719,      48.565144074,   99.92544,  46.16447,    9.1474,   21.576,  4.27050534782066,  8.6088940,    3.1239,  268.05770,  64.49669,    3.1294, 109.3794,   0.2624,
 2026-Jan-26 00:00:00, ,m, 109.212155727,  22.557743745,  109.611166963,  22.510781845,   218.148336966,      48.242154038,   99.91532,  46.10975,    9.0939,   21.551,  4.27557412587059,  9.1306114,    3.3294,  268.05770,  64.49669,    3.3350, 109.3590,   0.2643,
 2026-Jan-27 00:00:00, ,m, 109.081889187,  22.575487205,  109.481004244,  22.528832866,   219.607946093,      47.907992672,   99.90466,  46.05194,    9.0411,   21.524,  4.28094129198959,  9.6500231,    3.5334,  268.05770,  64.49669,    3.5389, 109.3394,   0.2662,
 2026-Jan-28 00:00:00, ,m, 108.953377335,  22.592883481,  109.352612444,  22.546531341,   221.049664402,      47.563086686,   99.89345,  45.99110,    8.9889,   21.495,  4.28660382541497, 10.1615690,    3.7357,  268.05770,  64.49669,    3.7412, 109.3206,   0.2681,
 2026-Jan-29 00:00:00, ,m, 108.826699295,  22.609927498,  109.226068177,  22.563876191,   222.473389174,      47.207860240,   99.88173,  45.92730,    8.9375,   21.465,  4.29255917140316, 10.6695088,    3.9363,  268.05770,  64.49669,    3.9417, 109.3027,   0.2700,
 2026-Jan-30 00:00:00, ,m, 108.701945121,  22.626612443,  109.101453870,  22.580864149,   223.879049464,      46.842738195,   99.86951,  45.86059,    8.8868,   21.434,  4.29880308069485, 11.1704947,    4.1350,  268.05770,  64.49669,    4.1404, 109.2857,   0.2718,
 2026-Jan-31 00:00:00, ,m, 108.579185093,  22.642935430,  108.978828933,  22.597494294,   225.266643678,      46.468138920,   99.85681,  45.79102,    8.8368,   21.402,  4.30533373838340, 11.6674150,    4.3318,  268.05770,  64.49669,    4.3372, 109.2697,   0.2736,
 2026-Feb-01 00:00:00, ,m, 108.458497878,  22.658892099,  108.858261127,  22.613761792,   226.636196908,      46.084477011,   99.84367,  45.71866,    8.7877,   21.368,  4.31214792399452, 12.1612815,    4.5267,  268.05770,  64.49669,    4.5320, 109.2546,   0.2755,
 2026-Feb-02 00:00:00, ,m, 108.339979610,  22.674476282,  108.739839103,  22.629657669,   227.987746563,      45.692166214,   99.83010,  45.64356,    8.7394,   21.333,  4.31924348209327, 12.6469042,    4.7195,  268.05770,  64.49669,    4.7247, 109.2405,   0.2773,
 2026-Feb-03 00:00:00, ,m, 108.223696293,  22.689685677,  108.623626867,  22.645175551,   229.321401270,      45.291607429,   99.81612,  45.56578,    8.6920,   21.296,  4.32661643731529, 13.1296733,    4.9102,  268.05770,  64.49669,    4.9154, 109.2275,   0.2790,
 2026-Feb-04 00:00:00, ,m, 108.109734893,  22.704515521,  108.509714682,  22.660306559,   230.637271968,      44.883202185,   99.80176,  45.48538,    8.6455,   21.259,  4.33426385405938, 13.6042099,    5.0987,  268.05770,  64.49669,    5.1038, 109.2156,   0.2808,
 2026-Feb-05 00:00:00, ,m, 107.998159002,  22.718964379,  108.398172898,  22.675046256,   231.935526201,      44.467341718,   99.78704,  45.40243,    8.6000,   21.220,  4.34218286028690, 14.0754302,    5.2849,  268.05769,  64.49669,    5.2900, 109.2047,   0.2826,
 2026-Feb-06 00:00:00, ,m, 107.889050401,  22.733028006,  108.289091041,  22.689388893,   233.216332800,      44.044416957,   99.77199,  45.31699,    8.5554,   21.180,  4.35036919098586, 14.5384808,    5.4688,  268.05769,  64.49669,    5.4739, 109.1951,   0.2843,
 2026-Feb-07 00:00:00, ,m, 107.782465492,  22.746706348,  108.182532396,  22.703334400,   234.479914501,      43.614807220,   99.75663,  45.22912,    8.5118,   21.139,  4.35882057605117, 14.9975524,    5.6504,  268.05769,  64.49669,    5.6554, 109.1866,   0.2861,
 2026-Feb-08 00:00:00, , , 107.678475588,  22.759996801,  108.078573228,  22.716881164,   235.726494446,      43.178889001,   99.74099,  45.13890,    8.4693,   21.097,  4.36753338265272, 15.4521276,    5.8295,  268.05769,  64.49669,    5.8344, 109.1793,   0.2878,
 2026-Feb-09 00:00:00, , , 107.577164045,  22.772895562,  107.977299669,  22.730026937,   236.956298811,      42.737035635,   99.72510,  45.04636,    8.4278,   21.054,  4.37650514344786, 15.8981654,    6.0061,  268.05769,  64.49669,    6.0109, 109.1733,   0.2895,
 2026-Feb-10 00:00:00, , , 107.478590343,  22.785401311,  107.878771960,  22.742772255,   238.169596791,      42.289605239,   99.70897,  44.95160,    8.3874,   21.009,  4.38573103374281, 16.3396779,    6.1801,  268.05769,  64.49669,    6.1849, 109.1685,   0.2912,
 2026-Feb-11 00:00:00, , , 107.382829307,  22.797511055,  107.783063927,  22.755115937,   239.366650683,      41.836952988,   99.69265,  44.85468,    8.3482,   20.964,  4.39520758423918, 16.7716458,    6.3514,  268.05769,  64.49669,    6.3562, 109.1651,   0.2929,
 2026-Feb-12 00:00:00, , , 107.289931716,  22.809224769,  107.690223858,  22.767059630,   240.547760947,      41.379417981,   99.67614,  44.75567,    8.3102,   20.918,  4.40493090744047, 17.1992516,    6.5201,  268.05769,  64.49669,    6.5248, 109.1630,   0.2946,
 2026-Feb-13 00:00:00, , , 107.199968728,  22.820539409,  107.600319148,  22.778601557,   241.713211345,      40.917336680,   99.65948,  44.65465,    8.2733,   20.870,  4.41489613286032, 17.6165699,    6.6861,  268.05769,  64.49669,    6.6907, 109.1622,   0.2963,
 2026-Feb-14 00:00:00, , , 107.112979397,  22.831456605,  107.513384111,  22.789744161,   242.863329200,      40.451026547,   99.64270,  44.55168,    8.2376,   20.822,  4.42509992829463, 18.0290999,    6.8492,  268.05769,  64.49669,    6.8537, 109.1629,   0.2979,
 2026-Feb-15 00:00:00, , , 107.029021764,  22.841974954,  107.429471520,  22.800486034,   243.998422568,      39.980801563,   99.62582,  44.44684,    8.2031,   20.773,  4.43553789598233, 18.4350651,    7.0095,  268.05769,  64.49669,    7.0140, 109.1649,   0.2996,
 2026-Feb-16 00:00:00, , , 106.948159434,  22.852092643,  107.348639950,  22.810824395,   245.118795868,      39.506968614,   99.60887,  44.34018,    8.1699,   20.723,  4.44620693792239, 18.8320106,    7.1669,  268.05769,  64.49669,    7.1713, 109.1684,   0.3012,
 2026-Feb-17 00:00:00, , , 106.870439763,  22.861809028,  107.270933080,  22.820756617,   246.224772437,      39.029818924,   99.59187,  44.23180,    8.1380,   20.673,  4.45710130078217, 19.2224313,    7.3214,  268.05769,  64.49669,    7.3257, 109.1734,   0.3029,
 2026-Feb-18 00:00:00, , , 106.795919054,  22.871122668,  107.196406071,  22.830278373,   247.316664614,      38.549638351,   99.57485,  44.12177,    8.1074,   20.621,  4.46821689017713, 19.6021164,    7.4729,  268.05769,  64.49669,    7.4771, 109.1798,   0.3045,
 2026-Feb-19 00:00:00, , , 106.724631157,  22.880034521,  107.125095104,  22.839387362,   248.394807740,      38.066696077,   99.55783,  44.01015,    8.0781,   20.569,  4.47954875788502, 19.9761369,    7.6213,  268.05769,  64.49669,    7.6255, 109.1877,   0.3061,
 2026-Feb-20 00:00:00, , , 106.656630882,  22.888542585,  107.057060863,  22.848078609,   249.459512258,      37.581260429,   99.54084,  43.89704,    8.0501,   20.516,  4.49109142787170, 20.3378545,    7.7667,  268.05769,  64.49669,    7.7708, 109.1972,   0.3077,
 2026-Feb-21 00:00:00, , , 106.591935799,  22.896649808,  106.992329344,  22.856353354,   250.511126365,      37.093579984,   99.52391,  43.78251,    8.0234,   20.463,  4.50284039697948, 20.6937531,    7.9090,  268.05769,  64.49669,    7.9130, 109.2081,   0.3092,
 2026-Feb-22 00:00:00, , , 106.530584439,  22.904356023,  106.930947963,  22.864211442,   251.549971763,      36.603904195,   99.50705,  43.66662,    7.9982,   20.409,  4.51479049933937, 21.0409464,    8.0482,  268.05769,  64.49669,    8.0521, 109.2207,   0.3108,
 2026-Feb-23 00:00:00, ,m, 106.472613271,  22.911661602,  106.872960126,  22.871655152,   252.576369120,      36.112476079,   99.49029,  43.54944,    7.9743,   20.354,  4.52693793179852, 21.3787948,    8.1842,  268.05769,  64.49669,    8.1881, 109.2348,   0.3124,
 2026-Feb-24 00:00:00, ,m, 106.418049571,  22.918567130,  106.818396083,  22.878688437,   253.590644947,      35.619527746,   99.47366,  43.43107,    7.9518,   20.299,  4.53927618283663, 21.7082823,    8.3171,  268.05769,  64.49669,    8.3209, 109.2504,   0.3139,
 2026-Feb-25 00:00:00, ,m, 106.366921382,  22.925073571,  106.767281930,  22.885316206,   254.593120639,      35.125284714,   99.45717,  43.31157,    7.9307,   20.243,  4.55180075070577, 22.0266463,    8.4467,  268.05769,  64.49669,    8.4504, 109.2677,   0.3154,
 2026-Feb-26 00:00:00, ,m, 106.319237300,  22.931183783,  106.719619799,  22.891544822,   255.584131348,      34.629956879,   99.44084,  43.19101,    7.9111,   20.186,  4.56450610013384, 22.3388343,    8.5732,  268.05769,  64.49669,    8.5768, 109.2866,   0.3169,
 2026-Feb-27 00:00:00, ,m, 106.275026498,  22.936897987,  106.675429476,  22.897376546,   256.563983304,      34.133753479,   99.42470,  43.06947,    7.8929,   20.130,  4.57738686869673, 22.6383283,    8.6964,  268.05769,  64.49669,    8.6999, 109.3070,   0.3185,
 2026-Feb-28 00:00:00, ,m, 106.234279979,  22.942221230,  106.634692153,  22.902816590,   257.533014565,      33.636860431,   99.40877,  42.94702,    7.8761,   20.072,  4.59043825835713, 22.9325618,    8.8164,  268.05769,  64.49669,    8.8198, 109.3291,   0.3199,
 2026-Mar-01 00:00:00, ,m, 106.197013184,  22.947155248,  106.597415599,  22.907864806,   258.491528927,      33.139464440,   99.39306,  42.82372,    7.8607,   20.015,  4.60365547178957, 23.2180090,    8.9331,  268.05769,  64.49669,    8.9365, 109.3528,   0.3214,
 2026-Mar-02 00:00:00, ,m, 106.163236276,  22.951702641,  106.563606397,  22.912520526,   259.439827178,      32.641742968,   99.37759,  42.69962,    7.8468,   19.957,  4.61703513230816, 23.4959546,    9.0466,  268.05769,  64.49669,    9.0499, 109.3781,   0.3229,
 2026-Mar-03 00:00:00, ,m, 106.132961601,  22.955864747,  106.533278062,  22.916781352,   260.378199548,      32.143866912,   99.36238,  42.57480,    7.8343,   19.898,  4.63057127776191, 23.7657042,    9.1569,  268.05769,  64.49669,    9.1600, 109.4050,   0.3244,
 2026-Mar-04 00:00:00, ,m, 106.106197852,  22.959643758,  106.506444432,  22.920646303,   261.306932590,      31.646000863,   99.34744,  42.44931,    7.8232,   19.840,  4.64426009241920, 24.0259638,    9.2638,  268.05769,  64.49669,    9.2669, 109.4335,   0.3258,
 2026-Mar-05 00:00:00, ,m, 106.082942107,  22.963042540,  106.483109888,  22.924116348,   262.226316607,      31.148299787,   99.33280,  42.32322,    7.8136,   19.781,  4.65809645149591, 24.2808081,    9.3675,  268.05769,  64.49669,    9.3705, 109.4637,   0.3273,
 2026-Mar-06 00:00:00, ,m, 106.063212538,  22.966061277,  106.463300033,  22.927191207,   263.136614307,      30.650922512,   99.31847,  42.19658,    7.8054,   19.722,  4.67207582979060, 24.5238012,    9.4680,  268.05769,  64.49669,    9.4709, 109.4955,   0.3287,
 2026-Mar-07 00:00:00, ,m, 106.046991904,  22.968704215,  106.447003645,  22.929876030,   264.038116615,      30.154009254,   99.30446,  42.06946,    7.7987,   19.662,  4.68619352405492, 24.7623158,    9.5651,  268.05769,  64.49669,    9.5680, 109.5289,   0.3301,
 2026-Mar-08 00:00:00, ,m, 106.034289137,  22.970972125,  106.434233428,  22.932173277,   264.931081399,      29.657705831,   99.29078,  41.94191,    7.7934,   19.603,  4.70044521954415, 24.9919217,    9.6590,  268.05769,  64.49669,    9.6618, 109.5639,   0.3315,
 2026-Mar-09 00:00:00, , , 106.025104330,  22.972866841,  106.424990919,  22.934086891,   265.815768072,      29.162149845,   99.27747,  41.81396,    7.7896,   19.543,  4.71482766452577, 25.2152009,    9.7496,  268.05769,  64.49668,    9.7523, 109.6005,   0.3329,
 2026-Mar-10 00:00:00, , , 106.019448161,  22.974387843,  106.419286179,  22.935618451,   266.692418024,      28.667477291,   99.26451,  41.68570,    7.7872,   19.483,  4.72933504398285, 25.4293949,    9.8369,  268.05769,  64.49668,    9.8395, 109.6388,   0.3343,
 2026-Mar-11 00:00:00, , , 106.017320132,  22.975536271,  106.417116469,  22.936771001,   267.561276234,      28.173815183,   99.25194,  41.55716,    7.7863,   19.423,  4.74396349161238, 25.6345769,    9.9210,  268.05769,  64.49668,    9.9235, 109.6787,   0.3357,
 2026-Mar-12 00:00:00, , , 106.018713168,  22.976313209,  106.418471258,  22.937547158,   268.422586595,      27.681282043,   99.23976,  41.42840,    7.7868,   19.363,  4.75870756167546, 25.8335348,   10.0018,  268.05769,  64.49668,   10.0042, 109.7203,   0.3371,
 2026-Mar-13 00:00:00, , , 106.023636765,  22.976717709,  106.423355703,  22.937946951,   269.276569818,      27.189998245,   99.22797,  41.29947,    7.7889,   19.302,  4.77356276556588, 26.0204094,   10.0793,  268.05769,  64.49668,   10.0816, 109.7634,   0.3385,
 2026-Mar-14 00:00:00, , , 106.032066915,  22.976752444,  106.431740943,  22.937973466,   270.123470658,      26.700065811,   99.21661,  41.17044,    7.7923,   19.242,  4.78852376808247, 26.2021826,   10.1535,  268.05769,  64.49668,   10.1557, 109.8082,   0.3399,
 2026-Mar-15 00:00:00, , , 106.044003333,  22.976417094,  106.443621811,  22.937625946,   270.963503992,      26.211591447,   99.20566,  41.04134,    7.7972,   19.182,  4.80358613631066, 26.3741079,   10.2245,  268.05769,  64.49668,   10.2266, 109.8546,   0.3412,
 2026-Mar-16 00:00:00, , , 106.059433107,  22.975712767,  106.458981244,  22.936904152,   271.796889444,      25.724672024,   99.19515,  40.91223,    7.8036,   19.121,  4.81874619221572, 26.5400706,   10.2922,  268.05769,  64.49668,   10.2943, 109.9027,   0.3426,
 2026-Mar-17 00:00:00, , , 106.078360430,  22.974637532,  106.477821081,  22.935803804,   272.623823009,      25.239405905,   99.18508,  40.78314,    7.8113,   19.061,  4.83399800558013, 26.6956088,   10.3567,  268.05769,  64.49668,   10.3586, 109.9523,   0.3439,
 2026-Mar-18 00:00:00, , , 106.100771193,  22.973191936,  106.500127866,  22.934322422,   273.444510611,      24.755880571,   99.17545,  40.65414,    7.8205,   19.001,  4.84933736524937, 26.8423816,   10.4180,  268.05769,  64.49668,   10.4198, 110.0035,   0.3453,
 2026-Mar-19 00:00:00, , , 106.126650024,  22.971375847,  106.525890676,  22.932456714,   274.259152399,      24.274178851,   99.16629,  40.52527,    7.8312,   18.941,  4.86475842820429, 26.9817995,   10.4760,  268.05769,  64.49668,   10.4777, 110.0564,   0.3466,
 2026-Mar-20 00:00:00, , , 106.155992407,  22.969187920,  106.555112992,  22.930202958,   275.067932496,      23.794385665,   99.15758,  40.39657,    7.8432,   18.880,  4.88025665222472, 27.1091055,   10.5308,  268.05769,  64.49668,   10.5324, 110.1108,   0.3479,
 2026-Mar-21 00:00:00, , , 106.188764035,  22.966629919,  106.587770283,  22.927562360,   275.871056956,      23.316572223,   99.14934,  40.26810,    7.8567,   18.820,  4.89582610373912, 27.2305267,   10.5824,  268.05768,  64.49668,   10.5839, 110.1669,   0.3493,
 2026-Mar-22 00:00:00, , , 106.224949810,  22.963701429,  106.623856025,  22.924536128,   276.668709445,      22.840816501,   99.14158,  40.13991,    7.8715,   18.761,  4.91146231637627, 27.3415594,   10.6308,  268.05768,  64.49668,   10.6323, 110.2245,   0.3506,
 2026-Mar-23 00:00:00, , , 106.264519428,  22.960403829,  106.663344341,  22.921129235,   277.461083236,      22.367189030,   99.13429,  40.01201,    7.8878,   18.701,  4.92716131157291, 27.4472586,   10.6761,  268.05768,  64.49668,   10.6775, 110.2836,   0.3519,
 2026-Mar-24 00:00:00, ,m, 106.307464603,  22.956735155,  106.706225647,  22.917344110,   278.248346199,      21.895766352,   99.12748,  39.88447,    7.9055,   18.641,  4.94291743535374, 27.5419765,   10.7182,  268.05768,  64.49668,   10.7195, 110.3444,   0.3532,
 2026-Mar-25 00:00:00, ,m, 106.353753171,  22.952696722,  106.752461290,  22.913186055,   279.030683135,      21.426612565,   99.12115,  39.75731,    7.9245,   18.582,  4.95872653855341, 27.6291559,   10.7572,  268.05768,  64.49668,   10.7584, 110.4066,   0.3545,
 2026-Mar-26 00:00:00, ,m, 106.403357868,  22.948288632,  106.802014461,  22.908657604,   279.808268263,      20.959789159,   99.11530,  39.63058,    7.9449,   18.523,  4.97458309016976, 27.7089918,   10.7932,  268.05768,  64.49668,   10.7943, 110.4704,   0.3558,
 2026-Mar-27 00:00:00, ,m, 106.456257616,  22.943510550,  106.854854261,  22.903758817,   280.581264397,      20.495356059,   99.10994,  39.50432,    7.9667,   18.464,  4.99048324537782, 27.7784084,   10.8260,  268.05768,  64.49668,   10.8270, 110.5358,   0.3570,
 2026-Mar-28 00:00:00, ,m, 106.512409329,  22.938364343,  106.910929966,  22.898490124,   281.349847620,      20.033360582,   99.10505,  39.37855,    7.9898,   18.405,  5.00642143818495, 27.8425869,   10.8559,  268.05768,  64.49668,   10.8568, 110.6026,   0.3583,
 2026-Mar-29 00:00:00, ,m, 106.571786017,  22.932850260,  106.970210674,  22.892848993,   282.114174122,      19.573853371,   99.10065,  39.25332,    8.0142,   18.346,  5.02239411965692, 27.8977079,   10.8827,  268.05768,  64.49668,   10.8835, 110.6709,   0.3596,
 2026-Mar-30 00:00:00, ,m, 106.634347562,  22.926970042,  107.032656529,  22.886833900,   282.874406670,      19.116877596,   99.09673,  39.12864,    8.0399,   18.288,  5.03839790518043, 27.9494619,   10.9066,  268.05768,  64.49668,   10.9073, 110.7407,   0.3608,
 2026-Mar-31 00:00:00, ,m, 106.700081714,  22.920721439,  107.098259180,  22.880439550,   283.630678057,      18.662485131,   99.09330,  39.00454,    8.0669,   18.230,  5.05442830349205, 27.9911315,   10.9275,  268.05768,  64.49668,   10.9281, 110.8120,   0.3621,
 2026-Apr-01 00:00:00, ,m, 106.768950479,  22.914105594,  107.166986933,  22.873665005,   284.383140450,      18.210717115,   99.09033,  38.88105,    8.0951,   18.172,  5.07048180886831, 28.0273638,   10.9454,  268.05768,  64.49668,   10.9460, 110.8847,   0.3633,
 2026-Apr-02 00:00:00, ,m, 106.840927469,  22.907121579,  107.238820501,  22.866508476,   285.131931498,      17.761618007,   99.08785,  38.75819,    8.1246,   18.115,  5.08655368801225, 28.0567148,   10.9605,  268.05768,  64.49668,   10.9610, 110.9589,   0.3646,
 2026-Apr-03 00:00:00, ,m, 106.915987812,  22.899768534,  107.313741396,  22.858969509,   285.877184024,      17.315232589,   99.08584,  38.63600,    8.1554,   18.058,  5.10264090106187, 28.0775983,   10.9727,  268.05768,  64.49668,   10.9731, 111.0345,   0.3658,
 2026-Apr-04 00:00:00, ,m, 106.994092816,  22.892046664,  107.391715525,  22.851049756,   286.619039547,      16.871599078,   99.08430,  38.51450,    8.1875,   18.001,  5.11873825643405, 28.0934008,   10.9821,  268.05768,  64.49668,   10.9823, 111.1115,   0.3671,
 2026-Apr-05 00:00:00, ,m, 107.075214170,  22.883955275,  107.472716880,  22.842750572,   287.357627218,      16.430758838,   99.08322,  38.39370,    8.2207,   17.945,  5.13484282281640, 28.1010736,   10.9886,  268.05768,  64.49668,   10.9888, 111.1899,   0.3683,
 2026-Apr-06 00:00:00, ,m, 107.159312142,  22.875494841,  107.556705742,  22.834074712,   288.093082876,      15.992747367,   99.08261,  38.27364,    8.2552,   17.889,  5.15095136650054, 28.1062690,   10.9924,  268.05768,  64.49668,   10.9925, 111.2696,   0.3695,
 2026-Apr-07 00:00:00, , , 107.246376599,  22.866661670,  107.643670071,  22.825020559,   288.825512068,      15.557609188,   99.08247,  38.15431,    8.2908,   17.833,  5.16706008112504, 28.1015372,   10.9934,  268.05768,  64.49668,   10.9934, 111.3508,   0.3708,
 2026-Apr-08 00:00:00, , , 107.336369631,  22.857455649,  107.733568664,  22.815589768,   289.555041842,      15.125376783,   99.08277,  38.03576,    8.3277,   17.777,  5.18316548291914, 28.0923450,   10.9916,  268.05768,  64.49668,   10.9915, 111.4333,   0.3720,
 2026-Apr-09 00:00:00, , , 107.429268674,  22.847874178,  107.826374761,  22.805780950,   290.281781844,      14.696085951,   99.08353,  37.91800,    8.3657,   17.722,  5.19926312137541, 28.0757389,   10.9871,  268.05768,  64.49668,   10.9869, 111.5172,   0.3732,
 2026-Apr-10 00:00:00, , , 107.525046668,  22.837915495,  107.922056671,  22.795592943,   291.005842602,      14.269769131,   99.08474,  37.80104,    8.4049,   17.668,  5.21535012266536, 28.0517748,   10.9800,  268.05768,  64.49668,   10.9797, 111.6024,   0.3744,
 2026-Apr-11 00:00:00, , , 107.623670197,  22.827577969,  108.020576356,  22.785024045,   291.727336244,      13.846454271,   99.08639,  37.68491,    8.4453,   17.614,  5.23142122575961, 28.0218577,   10.9701,  268.05768,  64.49668,   10.9698, 111.6889,   0.3757,
 2026-Apr-12 00:00:00, , , 107.725108781,  22.816860103,  108.121899229,  22.774071894,   292.446369417,      13.426168878,   99.08847,  37.56963,    8.4867,   17.560,  5.24747357588862, 27.9841173,   10.9576,  268.05768,  64.49668,   10.9572, 111.7767,   0.3769,
 2026-Apr-13 00:00:00, , , 107.829322793,  22.805761271,  108.225982796,  22.762734180,   293.163053015,      13.008935439,   99.09099,  37.45521,    8.5293,   17.506,  5.26350363539548, 27.9437669,   10.9425,  268.05768,  64.49668,   10.9420, 111.8658,   0.3781,
 2026-Apr-14 00:00:00, , , 107.936301264,  22.794276879,  108.332815379,  22.751003768,   293.877469337,      12.594784386,   99.09393,  37.34167,    8.5730,   17.453,  5.27950787957514, 27.8931938,   10.9249,  268.05768,  64.49668,   10.9242, 111.9562,   0.3793,
 2026-Apr-15 00:00:00, , , 108.046004779,  22.782406007,  108.442360042,  22.738876759,   294.589722983,      12.183734811,   99.09729,  37.22902,    8.6177,   17.401,  5.29548241352343, 27.8382899,   10.9046,  268.05768,  64.49668,   10.9039, 112.0479,   0.3805,
 2026-Apr-16 00:00:00, , , 108.158410774,  22.770145147,  108.554600417,  22.726346770,   295.299900187,      11.775810821,   99.10106,  37.11729,    8.6636,   17.348,  5.31142274922400, 27.7748723,   10.8818,  268.05768,  64.49668,   10.8810, 112.1408,   0.3817,
 2026-Apr-17 00:00:00, , , 108.273485849,  22.757492515,  108.669512393,  22.713410298,   296.008094818,      11.371033272,   99.10524,  37.00649,    8.7104,   17.297,  5.32732575043605, 27.7046752,   10.8566,  268.05768,  64.49668,   10.8557, 112.2350,   0.3829,
 2026-Apr-18 00:00:00, , , 108.391196381,  22.744445765,  108.787072422,  22.700065375,   296.714399163,      10.969423476,   99.10981,  36.89665,    8.7584,   17.245,  5.34318589181856, 27.6271405,   10.8288,  268.05768,  64.49668,   10.8278, 112.3304,   0.3841,
 2026-Apr-19 00:00:00, , , 108.511502668,  22.731004062,  108.907248051,  22.686314020,   297.418909878,      10.571002865,   99.11477,  36.78776,    8.8073,   17.194,  5.35900014438014, 27.5420524,   10.7986,  268.05768,  64.49668,   10.7975, 112.4270,   0.3853,
 2026-Apr-20 00:00:00, , , 108.634358019,  22.717167324,  109.029993859,  22.672160829,   298.121728422,      10.175791322,   99.12011,  36.67986,    8.8573,   17.144,  5.37476466391386, 27.4540983,   10.7660,  268.05768,  64.49668,   10.7648, 112.5248,   0.3865,
 2026-Apr-21 00:00:00,A,m, 108.759740982,  22.702932187,  109.155282847,  22.657607280,   298.822932356,       9.783816208,   99.12582,  36.57295,    8.9083,   17.094,  5.39047640355200, 27.3564753,   10.7310,  268.05768,  64.49668,   10.7297, 112.6238,   0.3877,
 2026-Apr-22 00:00:00,A,m, 108.887603354,  22.688298950,  109.283056521,  22.642657184,   299.522620998,       9.395094061,   99.13189,  36.46704,    8.9602,   17.045,  5.40613151339608, 27.2554870,   10.6936,  268.05768,  64.49668,   10.6923, 112.7240,   0.3889,
 2026-Apr-23 00:00:00,A,m, 109.017915088,  22.673265390,  109.413273525,  22.627309433,   300.220874420,       9.009644454,   99.13831,  36.36215,    9.0132,   16.996,  5.42172625514975, 27.1465238,   10.6539,  268.05768,  64.49668,   10.6525, 112.8253,   0.3901,
 2026-Apr-24 00:00:00,A,m, 109.150632622,  22.657831524,  109.545881387,  22.611562922,   300.917781654,       8.627480634,   99.14508,  36.25828,    9.0670,   16.947,  5.43725813451191, 27.0331827,   10.6120,  268.05768,  64.49668,   10.6105, 112.9277,   0.3913,
 2026-Apr-25 00:00:00,A,m, 109.285721217,  22.641995690,  109.680840729,  22.595413296,   301.613420946,       8.248616363,   99.15218,  36.15545,    9.1218,   16.899,  5.45272260486585, 26.9131672,   10.5678,  268.05768,  64.49668,   10.5662, 113.0312,   0.3925,
 2026-Apr-26 00:00:00,A,m, 109.423135429,  22.625758443,  109.818106011,  22.578857874,   302.307877785,       7.873062130,   99.15960,  36.05366,    9.1774,   16.852,  5.46811758212077, 26.7880125,   10.5214,  268.05768,  64.49668,   10.5198, 113.1359,   0.3937,
 2026-Apr-27 00:00:00,A,m, 109.562829690,  22.609120122,  109.957635220,  22.561893997,   303.001235616,       7.500828268,   99.16733,  35.95291,    9.2339,   16.805,  5.48344006127069, 26.6612624,   10.4729,  268.05768,  64.49668,   10.4711, 113.2416,   0.3948,
 2026-Apr-28 00:00:00,A,m, 109.704782080,  22.592077918,  110.099412290,  22.544516612,   303.693555237,       7.131932648,   99.17537,  35.85321,    9.2913,   16.758,  5.49868833696077, 26.5269794,   10.4221,  268.05768,  64.49668,   10.4203, 113.3483,   0.3960,
 2026-Apr-29 00:00:00,A,m, 109.848949799,  22.574631765,  110.243401158,  22.526724541,   304.384914784,       6.766387391,   99.18370,  35.75456,    9.3496,   16.712,  5.51385920524872, 26.3907731,   10.3693,  268.05768,  64.49668,   10.3674, 113.4561,   0.3972,
 2026-Apr-30 00:00:00,A,m, 109.995308702,  22.556778912,  110.389584000,  22.508515010,   305.075374359,       6.404210648,   99.19231,  35.65698,    9.4086,   16.666,  5.52894993606392, 26.2473964,   10.3144,  268.05768,  64.49668,   10.3125, 113.5649,   0.3984,
 2026-May-01 00:00:00,A,m, 110.143819240,  22.538519004,  110.537926229,  22.489888677,   305.765006942,       6.045416791,   99.20119,  35.56045,    9.4685,   16.621,  5.54395848123184, 26.1014101,   10.2575,  268.05768,  64.49668,   10.2554, 113.6748,   0.3996,
 2026-May-02 00:00:00,A,m, 110.294456767,  22.519849034,  110.688406147,  22.470844246,   306.453870640,       5.690024190,   99.21034,  35.46499,    9.5292,   16.577,  5.55888092698806, 25.9484887,   10.1985,  268.05768,  64.49668,   10.1964, 113.7857,   0.4007,
 2026-May-03 00:00:00,A,m, 110.447179408,  22.500769123,  110.840982638,  22.451383982,   307.142037522,       5.338047288,   99.21975,  35.37060,    9.5907,   16.533,  5.57371538492986, 25.7915836,   10.1375,  268.05768,  64.49668,   10.1353, 113.8975,   0.4019,
 2026-May-04 00:00:00,A,m, 110.601949061,  22.481278546,  110.995616283,  22.431509345,   307.829574905,       4.989501010,   99.22939,  35.27728,    9.6529,   16.489,  5.58845893485467, 25.6326977,   10.0746,  268.05768,  64.49668,   10.0723, 114.0103,   0.4031,
 2026-May-05 00:00:00,A, , 110.758745393,  22.461374228,  111.152283772,  22.411219154,   308.516533454,       4.644404262,   99.23928,  35.18504,    9.7159,   16.446,  5.60311031157518, 25.4672221,   10.0097,  268.05768,  64.49668,   10.0073, 114.1241,   0.4043,
 2026-May-06 00:00:00,A, , 110.917532004,  22.441055131,  111.310944637,  22.390513836,   309.202976124,       4.302770922,   99.24938,  35.09387,    9.7797,   16.403,  5.61766619562199, 25.2997164,    9.9429,  268.05768,  64.49668,    9.9405, 114.2388,   0.4055,
 2026-May-07 00:00:00,A, , 111.078288078,  22.420317988,  111.471573445,  22.369390943,   309.888950097,       3.964618095,   99.25971,  35.00378,    9.8442,   16.361,  5.63212417514102, 25.1249645,    9.8742,  268.05768,  64.49668,    9.8717, 114.3545,   0.4067,
 2026-May-08 00:00:00,A, , 111.240975787,  22.399162196,  111.634127799,  22.347850048,   310.574516569,       3.629957732,   99.27023,  34.91477,    9.9093,   16.320,  5.64648202512228, 24.9483086,    9.8036,  268.05768,  64.49668,    9.8011, 114.4710,   0.4079,
 2026-May-09 00:00:00,A, , 111.405576116,  22.377583907,  111.798584648,  22.325886719,   311.259717872,       3.298805110,   99.28096,  34.82685,    9.9752,   16.279,  5.66073610595550, 24.7639405,    9.7313,  268.05767,  64.49668,    9.7286, 114.5885,   0.4091,
 2026-May-10 00:00:00,N, , 111.572047445,  22.355583292,  111.964899423,  22.303499861,   311.944615225,       2.971169836,   99.29187,  34.74003,   10.0418,   16.238,  5.67488432533528, 24.5762442,    9.6571,  268.05767,  64.49668,    9.6544, 114.7069,   0.4102,
 2026-May-11 00:00:00,N, , 111.740355742,  22.333159119,  112.133036864,  22.280686260,   312.629261407,       2.647062321,   99.30295,  34.65429,   10.1090,   16.198,  5.68892366990633, 24.3856824,    9.5811,  268.05767,  64.49668,    9.5783, 114.8261,   0.4114,
 2026-May-12 00:00:00,N, , 111.910478470,  22.310308754,  112.302975621,  22.257440705,   313.313697866,       2.326495005,   99.31421,  34.56965,   10.1768,   16.159,  5.70285305061939, 24.1893837,    9.5034,  268.05767,  64.49668,    9.5005, 114.9463,   0.4126,
 2026-May-13 00:00:00,N, , 112.082383352,  22.287030671,  112.474687677,  22.233758898,   313.997972933,       2.009477575,   99.32562,  34.48610,   10.2453,   16.120,  5.71666892979946, 23.9904460,    9.4239,  268.05767,  64.49668,    9.4210, 115.0672,   0.4138,
 2026-May-14 00:00:00,N, , 112.256049428,  22.263321818,  112.648159516,  22.209635407,   314.682123208,       1.696022757,   99.33717,  34.40365,   10.3144,   16.081,  5.73036903417473, 23.7841273,    9.3427,  268.05767,  64.49668,    9.3397, 115.1891,   0.4150,
 2026-May-15 00:00:00,N, , 112.431438527,  22.239181914,  112.823362597,  22.185068936,   315.366199972,       1.386140880,   99.34887,  34.32231,   10.3841,   16.043,  5.74395074584845, 23.5760335,    9.2598,  268.05767,  64.49668,    9.2568, 115.3117,   0.4162,
 2026-May-16 00:00:00,N, , 112.608532809,  22.214607236,  113.000288260,  22.160056901,   316.050235324,       1.079848192,   99.36069,  34.24207,   10.4544,   16.006,  5.75741056628513, 23.3593237,    9.1753,  268.05767,  64.49668,    9.1722, 115.4352,   0.4174,
 2026-May-17 00:00:00,N, , 112.787287072,  22.189599023,  113.178896379,  22.134604178,   316.734286463,       0.777158093,   99.37262,  34.16294,   10.5253,   15.969,  5.77074596198037, 23.1395981,    9.0892,  268.05767,  64.49668,    9.0860, 115.5595,   0.4186,
 2026-May-18 00:00:00,N, , 112.967665639,  22.164156945,  113.359149298,  22.108715581,   317.418401591,       0.478087185,   99.38467,  34.08493,   10.5968,   15.932,  5.78395379487996, 22.9159928,    9.0014,  268.05767,  64.49668,    8.9982, 115.6845,   0.4198,
 2026-May-19 00:00:00,N, , 113.149636774,  22.138280629,  113.541006244,  22.082395598,   318.102624877,       0.182652852,   99.39680,  34.00802,   10.6688,   15.896,  5.79703311007695, 22.6878972,    8.9121,  268.05767,  64.49668,    8.9088, 115.8103,   0.4210,
 2026-May-20 00:00:00,N,m, 113.333165566,  22.111969938,  113.724419571,  22.055646871,   318.787002047,      -0.109130557,   99.40903,  33.93224,   10.7413,   15.861,  5.80998049652038, 22.4570463,    8.8213,  268.05767,  64.49668,    8.8179, 115.9369,   0.4222,
 2026-May-21 00:00:00,N,m, 113.518223617,  22.085224153,  113.909349237,  22.028468611,   319.471571044,      -0.397249799,   99.42133,  33.85756,   10.8143,   15.826,  5.82279430609242, 22.2200475,    8.7289,  268.05767,  64.49668,    8.7255, 116.0643,   0.4234,
 2026-May-22 00:00:00,N,m, 113.704768173,  22.058045012,  114.095745520,  22.000860194,   320.156381350,      -0.681696186,   99.43369,  33.78401,   10.8878,   15.792,  5.83547229350513, 21.9826652,    8.6351,  268.05767,  64.49668,    8.6316, 116.1923,   0.4246,
 2026-May-23 00:00:00,N,m, 113.892779050,  22.030430441,  114.283586905,  21.972816023,   320.841459904,      -0.962458278,   99.44610,  33.71156,   10.9618,   15.758,  5.84801211615059, 21.7378382,    8.5398,  268.05767,  64.49668,    8.5363, 116.3211,   0.4258,
 2026-May-24 00:00:00,N,m, 114.082209211,  22.002383337,  114.472829671,  21.944335616,   321.526857538,      -1.239528340,   99.45857,  33.64024,   11.0363,   15.725,  5.86041183560288, 21.4920467,    8.4432,  268.05767,  64.49668,    8.4395, 116.4506,   0.4270,
 2026-May-25 00:00:00,N,m, 114.273025655,  21.973904185,  114.663446852,  21.915416870,   322.212610838,      -1.512895373,   99.47106,  33.57002,   11.1111,   15.692,  5.87266930923640, 21.2431010,    8.3451,  268.05767,  64.49668,    8.3414, 116.5807,   0.4282,
 2026-May-26 00:00:00,N,m, 114.465195350,  21.944993981,  114.855412350,  21.886059331,   322.898755536,      -1.782546648,   99.48358,  33.50091,   11.1864,   15.660,  5.88478451596205, 20.9923237,    8.2457,  268.05767,  64.49668,    8.2419, 116.7115,   0.4294,
 2026-May-27 00:00:00,N,m, 114.658691180,  21.915652262,  115.048705531,  21.856262211,   323.585320843,      -2.048467884,   99.49612,  33.43290,   11.2621,   15.628,  5.89675489944217, 20.7393815,    8.1449,  268.05767,  64.49668,    8.1411, 116.8430,   0.4306,
 2026-May-28 00:00:00,N,m, 114.853488376,  21.885878580,  115.243306784,  21.826025703,   324.272333320,      -2.310643306,   99.50866,  33.36599,   11.3382,   15.597,  5.90857969533856, 20.4819823,    8.0428,  268.05767,  64.49668,    8.0390, 116.9751,   0.4318,
 2026-May-29 00:00:00,N,m, 115.049551850,  21.855674160,  115.439184363,  21.795352444,   324.959828475,      -2.569057939,   99.52120,  33.30018,   11.4147,   15.566,  5.92025702061189, 20.2249859,    7.9395,  268.05767,  64.49668,    7.9356, 117.1078,   0.4330,
 2026-May-30 00:00:00,N,m, 115.246868291,  21.825036378,  115.636326252,  21.764241642,   325.647820350,      -2.823693757,   99.53372,  33.23546,   11.4915,   15.536,  5.93178536914351, 19.9612066,    7.8349,  268.05767,  64.49668,    7.8309, 117.2412,   0.4343,
 2026-May-31 00:00:00,N,m, 115.445398011,  21.793967521,  115.834692069,  21.732697681,   326.336347609,      -3.074535707,   99.54623,  33.17184,   11.5688,   15.506,  5.94316280476626, 19.6971605,    7.7290,  268.05767,  64.49668,    7.7250, 117.3752,   0.4355,
 2026-Jun-01 00:00:00,N,m, 115.645116123,  21.762467234,  116.034254477,  21.700722182,   327.025434015,      -3.321567121,   99.55871,  33.10931,   11.6463,   15.477,  5.95438750345158, 19.4294163,    7.6220,  268.05767,  64.49668,    7.6179, 117.5097,   0.4367,
 2026-Jun-02 00:00:00,N,m, 115.845991925,  21.730536659,  116.234978980,  21.668317946,   327.715107875,      -3.564771846,   99.57115,  33.04785,   11.7242,   15.448,  5.96545947025136, 19.1610495,    7.5137,  268.05767,  64.49668,    7.5096, 117.6449,   0.4379,
 2026-Jun-03 00:00:00,N,m, 116.048007002,  21.698174252,  116.436842621,  21.635484517,   328.405384520,      -3.804133549,   99.58354,  32.98749,   11.8024,   15.420,  5.97637628912127, 18.8896822,    7.4043,  268.05767,  64.49668,    7.4001, 117.7806,   0.4392,
 2026-Jun-04 00:00:00,N,m, 116.251139124,  21.665379599,  116.639818486,  21.602221923,   329.096281752,      -4.039636621,   99.59588,  32.92820,   11.8810,   15.392,  5.98713725192371, 18.6144638,    7.2938,  268.05767,  64.49668,    7.2895, 117.9169,   0.4404,
 2026-Jun-05 00:00:00,N,m, 116.455359275,  21.632153328,  116.843873384,  21.568530509,   329.787822940,      -4.271267105,   99.60816,  32.86999,   11.9598,   15.365,  5.99774019406230, 18.3390640,    7.1821,  268.05767,  64.49668,    7.1778, 118.0537,   0.4417,
 2026-Jun-06 00:00:00,N,m, 116.660656724,  21.598492773,  117.048993484,  21.534406560,   330.480013227,      -4.499010500,   99.62037,  32.81285,   12.0389,   15.338,  6.00818383591023, 18.0568979,    7.0693,  268.05767,  64.49668,    7.0650, 118.1911,   0.4429,
 2026-Jun-07 00:00:00,N,m, 116.866996007,  21.564399989,  117.255141864,  21.499850472,   331.172880103,      -4.722854695,   99.63250,  32.75679,   12.1182,   15.312,  6.01846574604407, 17.7741352,    6.9554,  268.05767,  64.49668,    6.9510, 118.3290,   0.4442,
 2026-Jun-08 00:00:00,N,m, 117.074355267,  21.529874582,  117.462297308,  21.464859633,   331.866436988,      -4.942787081,   99.64454,  32.70181,   12.1978,   15.287,  6.02858404376784, 17.4866397,    6.8405,  268.05767,  64.49668,    6.8360, 118.4674,   0.4454,
 2026-Jun-09 00:00:00,N,m, 117.282701781,  21.494918655,  117.670430261,  21.429433658,   332.560706628,      -5.158795523,   99.65649,  32.64791,   12.2777,   15.261,  6.03853833695409, 17.1991101,    6.7245,  268.05767,  64.49668,    6.7200, 118.6064,   0.4467,
 2026-Jun-10 00:00:00,N,m, 117.492020312,  21.459530594,  117.879531306,  21.393568503,   333.255693845,      -5.370867328,   99.66834,  32.59507,   12.3577,   15.237,  6.04832619188300, 16.9074033,    6.6075,  268.05767,  64.49668,    6.6030, 118.7458,   0.4479,
 2026-Jun-11 00:00:00,N,m, 117.702285878,  21.423711140,  118.089583523,  21.357263231,   333.951411895,      -5.578989195,   99.68008,  32.54331,   12.4380,   15.213,  6.05794670908432, 16.6123238,    6.4895,  268.05767,  64.49668,    6.4849, 118.8857,   0.4492,
 2026-Jun-12 00:00:00,N,m, 117.913470643,  21.387461408,  118.300567971,  21.320518730,   334.647876007,      -5.783146729,   99.69171,  32.49262,   12.5185,   15.189,  6.06739740050562, 16.3161447,    6.3705,  268.05767,  64.49668,    6.3659, 119.0261,   0.4504,
 2026-Jun-13 00:00:00,N,m, 118.125560059,  21.350780190,  118.512477207,  21.283335630,   335.345088111,      -5.983322999,   99.70321,  32.44300,   12.5992,   15.166,  6.07667714459750, 16.0135301,    6.2505,  268.05767,  64.49668,    6.2459, 119.1670,   0.4517,
 2026-Jun-14 00:00:00,N, , 118.338518005,  21.313670607,  118.725277263,  21.245721048,   336.043070240,      -6.179499466,   99.71458,  32.39446,   12.6801,   15.143,  6.08578311040566, 15.7099437,    6.1296,  268.05767,  64.49668,    6.1250, 119.3084,   0.4530,
 2026-Jun-15 00:00:00,N, , 118.552319172,  21.276133981,  118.938937876,  21.207681411,   336.741833862,      -6.371656064,   99.72581,  32.34699,   12.7611,   15.121,  6.09471355876153, 15.4012197,    6.0079,  268.05767,  64.49668,    6.0031, 119.4502,   0.4543,
 2026-Jun-16 00:00:00,N, , 118.766923767,  21.238175046,  119.153408053,  21.169225885,   337.441404327,      -6.559773122,   99.73690,  32.30059,   12.8423,   15.099,  6.10346794657285, 15.0935572,    5.8852,  268.05767,  64.49668,    5.8804, 119.5924,   0.4555,
 2026-Jun-17 00:00:00,N, , 118.982313801,  21.199793996,  119.368656364,  21.130356637,   338.141785096,      -6.743833589,   99.74783,  32.25527,   12.9237,   15.078,  6.11204439995026, 14.7816639,    5.7616,  268.05767,  64.49668,    5.7568, 119.7350,   0.4568,
 2026-Jun-18 00:00:00,N, , 119.198457565,  21.160994363,  119.584640550,  21.091076199,   338.842991779,      -6.923822845,   99.75860,  32.21101,   13.0051,   15.058,  6.12044243327182, 14.4682407,    5.6373,  268.05767,  64.49668,    5.6324, 119.8780,   0.4581,
 2026-Jun-19 00:00:00,N, , 119.415326347,  21.121778935,  119.801327456,  21.051384154,   339.545035857,      -7.099728562,   99.76921,  32.16782,   13.0867,   15.037,  6.12866014713507, 14.1541991,    5.5121,  268.05767,  64.49668,    5.5072, 120.0215,   0.4594,
 2026-Jun-20 00:00:00,N, , 119.632901239,  21.082148837,  120.018699955,  21.011277690,   340.247917634,      -7.271538955,   99.77964,  32.12569,   13.1684,   15.018,  6.13669745233366, 13.8359671,    5.3861,  268.05767,  64.49668,    5.3812, 120.1653,   0.4607,
 2026-Jun-21 00:00:00,N, , 119.851149108,  21.042108051,  120.236730880,  20.970757449,   340.951649537,      -7.439241265,   99.78989,  32.08462,   13.2501,   14.999,  6.14455212911385, 13.5177533,    5.2594,  268.05767,  64.49668,    5.2545, 120.3094,   0.4620,
 2026-Jun-22 00:00:00,N, , 120.070046340,  21.001658896,  120.455404176,  20.929823636,   341.656234508,      -7.602821651,   99.79995,  32.04462,   13.3320,   14.980,  6.15222343510101, 13.1955687,    5.1320,  268.05767,  64.49668,    5.1270, 120.4540,   0.4633,
 2026-Jun-23 00:00:00,N, , 120.289555027,  20.960806994,  120.674689138,  20.888481109,   342.361688607,      -7.762263995,   99.80983,  32.00566,   13.4138,   14.962,  6.15971127095536, 12.8761769,    5.0038,  268.05767,  64.49668,    4.9988, 120.5989,   0.4646,
 2026-Jun-24 00:00:00,N, , 120.509663101,  20.919552303,  120.894579362,  20.846730131,   343.068002149,      -7.917552755,   99.81950,  31.96776,   13.4957,   14.944,  6.16701474807518, 12.5530308,    4.8750,  268.05767,  64.49668,    4.8699, 120.7441,   0.4659,
 2026-Jun-25 00:00:00,N, , 120.730342261,  20.877898599,  121.115050287,  20.804575627,   343.775180154,      -8.068670470,   99.82897,  31.93090,   13.5777,   14.927,  6.17413377278157, 12.2299680,    4.7454,  268.05767,  64.49668,    4.7404, 120.8896,   0.4672,
 2026-Jun-26 00:00:00,N, , 120.951571827,  20.835847798,  121.336082921,  20.762021162,   344.483219771,      -8.215600126,   99.83823,  31.89508,   13.6597,   14.910,  6.18106686262407, 11.9060180,    4.6153,  268.05767,  64.49668,    4.6102, 121.0355,   0.4685,
 2026-Jun-27 00:00:00,N, , 121.173335245,  20.793401239,  121.557660468,  20.719069979,   345.192113400,      -8.358324761,   99.84728,  31.86030,   13.7417,   14.894,  6.18781439101015, 11.5793117,    4.4845,  268.05767,  64.49668,    4.4793, 121.1816,   0.4699,
 2026-Jun-28 00:00:00,N, , 121.395607834,  20.750561803,  121.779756298,  20.675726913,   345.901860767,      -8.496827248,   99.85611,  31.82656,   13.8237,   14.878,  6.19437419667525, 11.2522466,    4.3531,  268.05767,  64.49668,    4.3479, 121.3281,   0.4712,
 2026-Jun-29 00:00:00,N,m, 121.618369837,  20.707331654,  122.002347301,  20.631995875,   346.612456080,      -8.631090982,   99.86471,  31.79386,   13.9058,   14.863,  6.20074582414501, 10.9214340,    4.2211,  268.05767,  64.49668,    4.2159, 121.4749,   0.4725,
 2026-Jun-30 00:00:00,N,m, 121.841586929,  20.663716360,  122.225394850,  20.587883825,   347.323907010,      -8.761098258,   99.87308,  31.76219,   13.9878,   14.848,  6.20692891978887, 10.5937400,    4.0885,  268.05767,  64.49668,    4.0833, 121.6219,   0.4739,
 2026-Jul-01 00:00:00,N,m, 122.065251333,  20.619715493,  122.448886452,  20.543391076,   348.036194945,      -8.886835188,   99.88122,  31.73154,   14.0698,   14.834,  6.21292302096738, 10.2620476,    3.9554,  268.05767,  64.49668,    3.9501, 121.7692,   0.4752,
 2026-Jul-02 00:00:00,N,m, 122.289337140,  20.575332951,  122.672791779,  20.498521593,   348.749317752,      -9.008286611,   99.88912,  31.70192,   14.1517,   14.820,  6.21872787011551,  9.9311528,    3.8217,  268.05767,  64.49668,    3.8164, 121.9167,   0.4766,
 2026-Jul-03 00:00:00,N,m, 122.513829579,  20.530569926,  122.897092607,  20.453275834,   349.463261772,      -9.125440008,   99.89678,  31.67333,   14.2336,   14.807,  6.22434206563658,  9.5984351,    3.6875,  268.05767,  64.49668,    3.6822, 122.0645,   0.4779,
 2026-Jul-04 00:00:00,N,m, 122.738712288,  20.485428291,  123.121770735,  20.407654217,   350.178014396,      -9.238283521,   99.90419,  31.64575,   14.3155,   14.794,  6.22976599117907,  9.2639098,    3.5528,  268.05767,  64.49668,    3.5475, 122.2125,   0.4793,
 2026-Jul-05 00:00:00,N,m, 122.963967330,  20.439909998,  123.346808496,  20.361656652,   350.893564024,      -9.346806359,   99.91135,  31.61920,   14.3973,   14.782,  6.23499730567088,  8.9279321,    3.4177,  268.05767,  64.49668,    3.4123, 122.3608,   0.4807,
 2026-Jul-06 00:00:00,N,m, 123.189576264,  20.394017519,  123.572190087,  20.315283240,   351.609898692,      -9.450997949,   99.91826,  31.59367,   14.4790,   14.770,  6.24003546536146,  8.5880783,    3.2820,  268.05767,  64.49668,    3.2766, 122.5093,   0.4821,
 2026-Jul-07 00:00:00,N,m, 123.415506849,  20.347756650,  123.797888286,  20.268537447,   352.327018490,      -9.550845623,   99.92491,  31.56917,   14.5606,   14.758,  6.24487951180646,  8.2507366,    3.1459,  268.05766,  64.49667,    3.1405, 122.6580,   0.4834,
 2026-Jul-08 00:00:00,N,m, 123.641751588,  20.301127469,  124.023902512,  20.221417446,   353.044898843,      -9.646340546,   99.93130,  31.54568,   14.6421,   14.747,  6.24952905860746,  7.9088041,    3.0094,  268.05766,  64.49667,    3.0040, 122.8069,   0.4848,
 2026-Jul-09 00:00:00,N,m, 123.868283764,  20.254134789,  124.250213920,  20.173927196,   353.763532922,      -9.737469836,   99.93742,  31.52321,   14.7236,   14.737,  6.25398330340696,  7.5676392,    2.8725,  268.05766,  64.49667,    2.8670, 122.9561,   0.4862,
 2026-Jul-10 00:00:00,N,m, 124.095089284,  20.206780367,  124.476815497,  20.126069107,   354.482901285,      -9.824221786,   99.94327,  31.50177,   14.8049,   14.727,  6.25824069569171,  7.2233290,    2.7351,  268.05766,  64.49667,    2.7297, 123.1054,   0.4876,
 2026-Jul-11 00:00:00,N,m, 124.322146237,  20.159068213,  124.703689370,  20.077849694,   355.202991222,      -9.906581456,   99.94885,  31.48134,   14.8861,   14.717,  6.26230131625401,  6.8779007,    2.5974,  268.05766,  64.49667,    2.5919, 123.2548,   0.4890,
 2026-Jul-12 00:00:00,N,m, 124.549436724,  20.111001188,  124.930816395,  20.029275876,   355.923785374,      -9.984533723,   99.95415,  31.46194,   14.9672,   14.708,  6.26616266195029,  6.5298461,    2.4594,  268.05766,  64.49667,    2.4539, 123.4045,   0.4904,
 2026-Jul-13 00:00:00,N,m, 124.776936030,  20.062584339,  125.158164479,  19.980357315,   356.645273039,     -10.058061431,   99.95918,  31.44357,   15.0482,   14.700,  6.26982413781471,  6.1783275,    2.3210,  268.05766,  64.49667,    2.3155, 123.5543,   0.4918,
 2026-Jul-14 00:00:00,N, , 125.004607430,  20.013825817,  125.385685049,  19.931105754,   357.367455190,     -10.127145944,   99.96392,  31.42622,   15.1291,   14.692,  6.27328451604237,  5.8291532,    2.1823,  268.05766,  64.49667,    2.1768, 123.7043,   0.4933,
 2026-Jul-15 00:00:00,N, , 125.232435896,  19.964728758,  125.613350804,  19.881525420,   358.090311973,     -10.191775776,   99.96838,  31.40990,   15.2097,   14.684,  6.27654401841978,  5.4762523,    2.0433,  268.05766,  64.49667,    2.0378, 123.8544,   0.4947,
 2026-Jul-16 00:00:00,N, , 125.460389131,  19.915300762,  125.841121286,  19.831622230,   358.813839785,     -10.251938465,   99.97255,  31.39461,   15.2902,   14.677,  6.27960208184956,  5.1254415,    1.9041,  268.05766,  64.49667,    1.8986, 124.0046,   0.4961,
 2026-Jul-17 00:00:00,N, , 125.688449870,  19.865545758,  126.068977610,  19.781396486,   359.538019889,     -10.307627197,   99.97644,  31.38033,   15.3706,   14.670,  6.28245806484428,  4.7721814,    1.7647,  268.05766,  64.49667,    1.7591, 124.1550,   0.4975,
 2026-Jul-18 00:00:00,N, , 125.916590599,  19.815470557,  126.296896609,  19.730851006,     0.262842250,     -10.358833111,   99.98003,  31.36708,   15.4507,   14.664,  6.28511278212402,  4.4204206,    1.6250,  268.05766,  64.49667,    1.6195, 124.3054,   0.4990,
 2026-Jul-19 00:00:00,N, , 126.144796128,  19.765078643,  126.524870761,  19.679986139,     0.988283987,     -10.405550184,   99.98333,  31.35485,   15.5306,   14.659,  6.28756481454772,  4.0667841,    1.4852,  268.05766,  64.49667,    1.4797, 124.4560,   0.5004,
 2026-Jul-20 00:00:00,N, , 126.373041571,  19.714376355,  126.752883389,  19.628806570,     1.714330931,     -10.447768512,   99.98633,  31.34363,   15.6103,   14.653,  6.28981448087956,  3.7118520,    1.3453,  268.05766,  64.49667,    1.3397, 124.6066,   0.5019,
 2026-Jul-21 00:00:00,N, , 126.601295412,  19.663371706,  126.980909811,  19.577320103,     2.440974788,     -10.485475296,   99.98904,  31.33344,   15.6898,   14.649,  6.29186111915460,  3.3599125,    1.2053,  268.05766,  64.49667,    1.1997, 124.7573,   0.5034,
 2026-Jul-22 00:00:00,N, , 126.829545016,  19.612068115,  127.208942026,  19.525530969,     3.168188285,     -10.518662052,   99.99145,  31.32425,   15.7690,   14.644,  6.29370595056451,  3.0058116,    1.0652,  268.05766,  64.49667,    1.0596, 124.9080,   0.5048,
 2026-Jul-23 00:00:00,N, , 127.057764444,  19.560472412,  127.436956504,  19.473447522,     3.895956342,     -10.547316430,   99.99356,  31.31608,   15.8480,   14.641,  6.29534871272606,  2.6546225,    0.9252,  268.05766,  64.49667,    0.9196, 125.0588,   0.5063,
 2026-Jul-24 00:00:00,N, , 127.285942934,  19.508587525,  127.664942997,  19.421074538,     4.624249394,     -10.571430640,   99.99537,  31.30891,   15.9268,   14.637,  6.29678938216778,  2.3010285,    0.7852,  268.05766,  64.49667,    0.7796, 125.2096,   0.5078,
 2026-Jul-25 00:00:00,N, , 127.514056282,  19.456420066,  127.892876448,  19.368420678,     5.353050108,     -10.590993154,   99.99688,  31.30275,   16.0054,   14.634,  6.29802879592289,  1.9500872,    0.6455,  268.05766,  64.49667,    0.6400, 125.3605,   0.5093,
 2026-Jul-26 00:00:00,N, , 127.742097210,  19.403971977,  128.120748114,  19.315490084,     6.082324110,     -10.605998337,   99.99809,  31.29760,   16.0836,   14.632,  6.29906587750370,  1.5965567,    0.5064,  268.05766,  64.49667,    0.5009, 125.5114,   0.5108,
 2026-Jul-27 00:00:00,N, , 127.970043592,  19.351249448,  128.348535488,  19.262292067,     6.812048929,     -10.616435512,   99.99900,  31.29345,   16.1617,   14.630,  6.29990087520082,  1.2423869,    0.3686,  268.05766,  64.49667,    0.3632, 125.6623,   0.5123,
 2026-Jul-28 00:00:00,N,m, 128.197869830,  19.298259540,  128.576218415,  19.208843176,     7.542198560,     -10.622287549,   99.99960,  31.29031,   16.2395,   14.629,  6.30053286867429,  0.8901766,    0.2346,  268.05766,  64.49667,    0.2295, 125.8132,   0.5138,
 2026-Jul-29 00:00:00,N,m, 128.425563102,  19.245006189,  128.803785563,  19.155217293,     8.272734035,     -10.623481426,   99.99990,  31.28817,   16.3170,   14.628,  6.30096321739936,  0.5363695,    0.1181,  268.05766,  64.49667,    0.1147, 125.9641,   0.5153,
 2026-Jul-30 00:00:00,N,m, 128.653101158,  19.191495791,  129.030909716,  19.101305908,     9.003933230,     -10.620102053,   99.99990,  31.28704,   16.3941,   14.627,  6.30119136412014,  0.1850986,    0.1124,  268.05766,  64.49667,    0.1159, 126.1150,   0.5169,
 2026-Jul-31 00:00:00,N,m, 128.880475028,  19.137731252,  129.258077579,  19.046975742,     9.735300500,     -10.612320540,   99.99959,  31.28691,   16.4710,   14.627,  6.30121745028330, -0.1689595,    0.2260,  268.05766,  64.49667,    0.2313, 126.2659,   0.5184,
 2026-Aug-01 00:00:00,N,m, 129.107660421,  19.083719760,  129.485068931,  18.992484489,    10.466985254,     -10.599867293,   99.99898,  31.28778,   16.5476,   14.628,  6.30104195518715, -0.5198943,    0.3596,  268.05766,  64.49667,    0.3651, 126.4168,   0.5199,
 2026-Aug-02 00:00:00,N,m, 129.334653415,  19.029462783,  129.711848221,  18.937765979,    11.198989026,     -10.582808764,   99.99807,  31.28966,   16.6239,   14.629,  6.30066400447900, -0.8742792,    0.4972,  268.05766,  64.49667,    0.5028, 126.5676,   0.5215,
 2026-Aug-03 00:00:00,A,m, 129.561431440,  18.974967202,  129.938401873,  18.882812324,    11.931289880,     -10.561155452,   99.99686,  31.29254,   16.6999,   14.630,  6.30008356076761, -1.2288685,    0.6362,  268.05766,  64.49667,    0.6418, 126.7184,   0.5231,
 2026-Aug-04 00:00:00,A,m, 129.787971926,  18.920239871,  130.164716162,  18.827625185,    12.663867061,     -10.534908729,   99.99535,  31.29644,   16.7755,   14.632,  6.29929940235415, -1.5828698,    0.7758,  268.05766,  64.49667,    0.7814, 126.8692,   0.5246,
 2026-Aug-05 00:00:00,A,m, 130.014258340,  18.865286329,  130.390782998,  18.772207798,    13.396694980,     -10.504069549,   99.99354,  31.30134,   16.8508,   14.634,  6.29831281661242, -1.9379262,    0.9157,  268.05766,  64.49667,    0.9213, 127.0199,   0.5262,
 2026-Aug-06 00:00:00,A,m, 130.240269421,  18.810113381,  130.616588378,  18.716566593,    14.129752462,     -10.468635789,   99.99142,  31.30726,   16.9258,   14.637,  6.29712289447311, -2.2912396,    1.0557,  268.05766,  64.49667,    1.0613, 127.1705,   0.5278,
 2026-Aug-07 00:00:00,A,m, 130.465993712,  18.754725306,  130.842125452,  18.660707233,    14.863009199,     -10.428607932,   99.98901,  31.31418,   17.0005,   14.640,  6.29572983195713, -2.6476070,    1.1957,  268.05766,  64.49667,    1.2013, 127.3210,   0.5294,
 2026-Aug-08 00:00:00,A,m, 130.691403545,  18.699131094,  131.067367050,  18.604641667,    15.596449922,     -10.383978832,   99.98630,  31.32212,   17.0748,   14.644,  6.29413365577036, -3.0007148,    1.3356,  268.05766,  64.49667,    1.3412, 127.4715,   0.5310,
 2026-Aug-09 00:00:00,A,m, 130.916492857,  18.643333614,  131.292302602,  18.548376613,    16.330039762,     -10.334749982,   99.98330,  31.33108,   17.1488,   14.648,  6.29233375463224, -3.3578147,    1.4755,  268.05766,  64.49667,    1.4811, 127.6218,   0.5326,
 2026-Aug-10 00:00:00,A,m, 131.141233959,  18.587342223,  131.516895517,  18.491925199,    17.063764085,     -10.280914254,   99.98000,  31.34106,   17.2225,   14.653,  6.29032987052774, -3.7144313,    1.6152,  268.05766,  64.49667,    1.6207, 127.7721,   0.5342,
 2026-Aug-11 00:00:00,A, , 131.365602062,  18.531165527,  131.741110002,  18.435298424,    17.797606597,     -10.222467395,   99.97641,  31.35207,   17.2958,   14.658,  6.28812082698872, -4.0712834,    1.7547,  268.05766,  64.49667,    1.7603, 127.9222,   0.5358,
 2026-Aug-12 00:00:00,A, , 131.589571610,  18.474812784,  131.964910945,  18.378505650,    18.531552708,     -10.159407040,   99.97252,  31.36411,   17.3687,   14.664,  6.28570816835721, -4.4276345,    1.8940,  268.05766,  64.49667,    1.8996, 128.0722,   0.5374,
 2026-Aug-13 00:00:00,A, , 131.813118343,  18.418292860,  132.188269261,  18.321553513,    19.265587448,     -10.091734156,   99.96835,  31.37717,   17.4412,   14.670,  6.28309132406855, -4.7819989,    2.0331,  268.05766,  64.49667,    2.0386, 128.2221,   0.5391,
 2026-Aug-14 00:00:00,A, , 132.036224786,  18.361612916,  132.411168666,  18.264445478,    19.999690079,     -10.019454510,   99.96390,  31.39126,   17.5133,   14.676,  6.28027129529987, -5.1379485,    2.1719,  268.05766,  64.49667,    2.1774, 128.3718,   0.5407,
 2026-Aug-15 00:00:00,A, , 132.258859836,  18.304784146,  132.633584154,  18.207188984,    20.733852352,      -9.942568207,   99.95916,  31.40638,   17.5850,   14.684,  6.27724855207205, -5.4891833,    2.3104,  268.05766,  64.49667,    2.3159, 128.5213,   0.5424,
 2026-Aug-16 00:00:00,A, , 132.481015890,  18.247810831,  132.855516391,  18.149785542,    21.468044691,      -9.861085918,   99.95414,  31.42252,   17.6564,   14.691,  6.27402371306177, -5.8430745,    2.4486,  268.05766,  64.49667,    2.4541, 128.6707,   0.5440,
 2026-Aug-17 00:00:00,A, , 132.702664822,  18.190703455,  133.076945107,  18.092244433,    22.202255604,      -9.775007768,   99.94885,  31.43969,   17.7273,   14.699,  6.27059715099603, -6.1944987,    2.5864,  268.05766,  64.49667,    2.5919, 128.8198,   0.5457,
 2026-Aug-18 00:00:00,A, , 132.923785898,  18.133470291,  133.297855295,  18.034574128,    22.936466861,      -9.684336620,   99.94328,  31.45789,   17.7978,   14.708,  6.26696854551036, -6.5458708,    2.7239,  268.05766,  64.49667,    2.7294, 128.9688,   0.5474,
 2026-Aug-19 00:00:00,A, , 133.144352753,  18.076121570,  133.518223677,  17.976786065,    23.670665318,      -9.589071926,   99.93744,  31.47712,   17.8678,   14.717,  6.26314007427751, -6.8945766,    2.8610,  268.05766,  64.49667,    2.8664, 129.1176,   0.5490,
 2026-Aug-20 00:00:00,A, , 133.364347250,  18.018664938,  133.738032759,  17.918889622,    24.404831138,      -9.489217314,   99.93134,  31.49738,   17.9375,   14.726,  6.25911177487986, -7.2411205,    2.9977,  268.05766,  64.49667,    3.0031, 129.2662,   0.5507,
 2026-Aug-21 00:00:00,A, , 133.583754246,  17.961107338,  133.957266111,  17.860893654,    25.138942442,      -9.384778208,   99.92497,  31.51867,   18.0067,   14.736,  6.25488528350997, -7.5880070,    3.1339,  268.05766,  64.49667,    3.1393, 129.4145,   0.5524,
 2026-Aug-22 00:00:00,A, , 133.802547827,  17.903458919,  134.175895137,  17.802810183,    25.872987251,      -9.275755353,   99.91834,  31.54097,   18.0755,   14.747,  6.25046114681277, -7.9298950,    3.2697,  268.05766,  64.49667,    3.2751, 129.5626,   0.5542,
 2026-Aug-23 00:00:00, , , 134.020724084,  17.845723150,  134.393912242,  17.744644294,    26.606935476,      -9.162161595,   99.91145,  31.56431,   18.1438,   14.758,  6.24584061601856, -8.2739740,    3.4051,  268.05766,  64.49667,    3.4104, 129.7104,   0.5559,
 2026-Aug-24 00:00:00, , , 134.238259346,  17.787909595,  134.611289505,  17.686406845,    27.340775086,      -9.044000554,   99.90431,  31.58867,   18.2118,   14.769,  6.24102396344302, -8.6150896,    3.5399,  268.05766,  64.49667,    3.5452, 129.8580,   0.5576,
 2026-Aug-25 00:00:00, , , 134.455138831,  17.730025085,  134.828007711,  17.628105453,    28.074487417,      -8.921281557,   99.89693,  31.61406,   18.2792,   14.781,  6.23601103107871, -8.9570711,    3.6742,  268.05766,  64.49667,    3.6796, 130.0053,   0.5594,
 2026-Aug-26 00:00:00, ,m, 134.671336155,  17.672080260,  135.044036422,  17.569750909,    28.808064483,      -8.794008795,   99.88930,  31.64048,   18.3463,   14.793,  6.23080377753664, -9.2955466,    3.8080,  268.05766,  64.49667,    3.8133, 130.1523,   0.5611,
 2026-Aug-27 00:00:00, ,m, 134.886838233,  17.614081536,  135.259359537,  17.511348969,    29.541488048,      -8.662195033,   99.88143,  31.66794,   18.4128,   14.806,  6.22540224065447, -9.6328707,    3.9413,  268.05766,  64.49667,    3.9466, 130.2991,   0.5629,
 2026-Aug-28 00:00:00, ,m, 135.101629846,  17.556036190,  135.473960655,  17.452905416,    30.274742846,      -8.525853164,   99.87333,  31.69642,   18.4789,   14.820,  6.21980801288657, -9.9701048,    4.0740,  268.05766,  64.49667,    4.0793, 130.4455,   0.5647,
 2026-Aug-29 00:00:00, ,m, 135.315688115,  17.497953814,  135.687818187,  17.394427632,    31.007821003,      -8.384993285,   99.86500,  31.72594,   18.5445,   14.833,  6.21402123308806,-10.3031809,    4.2061,  268.05766,  64.49667,    4.2114, 130.5917,   0.5664,
 2026-Aug-30 00:00:00, ,m, 135.529008495,  17.439838310,  135.900931571,  17.335916884,    31.740700144,      -8.239636736,   99.85644,  31.75649,   18.6097,   14.848,  6.20804329591358,-10.6384276,    4.3377,  268.05766,  64.49667,    4.3429, 130.7375,   0.5682,
 2026-Aug-31 00:00:00, ,m, 135.741568510,  17.381699264,  136.113284631,  17.277380283,    32.473373581,      -8.089795395,   99.84766,  31.78807,   18.6743,   14.862,  6.20187399448688,-10.9710478,    4.4686,  268.05766,  64.49667,    4.4737, 130.8831,   0.5700,
 2026-Sep-01 00:00:00, ,m, 135.953354377,  17.323543578,  136.324871012,  17.218822999,    33.205827741,      -7.935486003,   99.83867,  31.82071,   18.7385,   14.878,  6.19551306377058,-11.3057646,    4.5988,  268.05766,  64.49667,    4.6040, 131.0283,   0.5718,
 2026-Sep-02 00:00:00, ,m, 136.164335205,  17.265383833,  136.535666715,  17.160257207,    33.938063223,      -7.776714680,   99.82946,  31.85439,   18.8022,   14.893,  6.18896190157388,-11.6366532,    4.7284,  268.05766,  64.49667,    4.7335, 131.1731,   0.5737,
 2026-Sep-03 00:00:00, ,m, 136.374497013,  17.207227215,  136.745662258,  17.101691214,    34.670066835,      -7.613496505,   99.82005,  31.88913,   18.8654,   14.910,  6.18222046119692,-11.9675665,    4.8574,  268.05766,  64.49667,    4.8624, 131.3177,   0.5755,
 2026-Sep-04 00:00:00, ,m, 136.583818214,  17.149083628,  136.954836778,  17.043137505,    35.401832685,      -7.445840907,   99.81045,  31.92492,   18.9282,   14.927,  6.17529017228231,-12.2978050,    4.9856,  268.05766,  64.49667,    4.9906, 131.4618,   0.5773,
 2026-Sep-05 00:00:00, ,m, 136.792273019,  17.090964334,  137.163160883,  16.984610862,    36.133358678,      -7.273754536,   99.80065,  31.96177,   18.9904,   14.944,  6.16817093210039,-12.6246337,    5.1131,  268.05766,  64.49667,    5.1181, 131.6056,   0.5792,
 2026-Sep-06 00:00:00, ,m, 136.999849012,  17.032876455,  137.370614766,  16.926122006,    36.864632671,      -7.097252407,   99.79066,  31.99967,   19.0522,   14.962,  6.16086448782746,-12.9527369,    5.2399,  268.05766,  64.49667,    5.2448, 131.7490,   0.5810,
 2026-Sep-07 00:00:00, ,m, 137.206519557,  16.974831809,  137.577162356,  16.867685520,    37.595655949,      -6.916342056,   99.78049,  32.03864,   19.1135,   14.980,  6.15337063361696,-13.2778513,    5.3659,  268.05766,  64.49667,    5.3708, 131.8920,   0.5829,
 2026-Sep-08 00:00:00, ,m, 137.412266193,  16.916839705,  137.782776210,  16.809311811,    38.326425276,      -6.731037751,   99.77015,  32.07868,   19.1742,   14.998,  6.14568965038676,-13.6048440,    5.4910,  268.05766,  64.49667,    5.4959, 132.0345,   0.5848,
 2026-Sep-09 00:00:00, , , 137.617050589,  16.858916173,  137.987412092,  16.751016026,    39.056955166,      -6.541343520,   99.75964,  32.11980,   19.2344,   15.018,  6.13782307006628,-13.9264833,    5.6154,  268.05766,  64.49667,    5.6202, 132.1767,   0.5866,
 2026-Sep-10 00:00:00, , , 137.820855486,  16.801070366,  138.191051575,  16.692804655,    39.787244474,      -6.347278628,   99.74898,  32.16199,   19.2942,   15.037,  6.12977168904718,-14.2476787,    5.7389,  268.05766,  64.49667,    5.7437, 132.3184,   0.5885,
 2026-Sep-11 00:00:00, , , 138.023653159,  16.743315103,  138.393670644,  16.634687019,    40.517301566,      -6.148856915,   99.73816,  32.20525,   19.3533,   15.058,  6.12153760378022,-14.5660146,    5.8615,  268.05766,  64.49667,    5.8663, 132.4597,   0.5904,
 2026-Sep-12 00:00:00, , , 138.225417591,  16.685662582,  138.595250319,  16.576672033,    41.247134183,      -5.946093673,   99.72719,  32.24959,   19.4120,   15.078,  6.11312142520401,-14.8803912,    5.9833,  268.05766,  64.49667,    5.9880, 132.6005,   0.5924,
 2026-Sep-13 00:00:00, , , 138.426132264,  16.628121933,  138.795782066,  16.518766612,    41.976742808,      -5.739009872,   99.71609,  32.29499,   19.4701,   15.100,  6.10452595041834,-15.1937176,    6.1041,  268.05766,  64.49667,    6.1087, 132.7408,   0.5943,
 2026-Sep-14 00:00:00, , , 138.625773056,  16.570704766,  138.995248534,  16.460981613,    42.706134318,      -5.527620934,   99.70485,  32.34148,   19.5277,   15.121,  6.09575164181221,-15.5030237,    6.2239,  268.05766,  64.49667,    6.2285, 132.8807,   0.5962,
 2026-Sep-15 00:00:00, , , 138.824323520,  16.513420178,  139.193637570,  16.403326682,    43.435310664,      -5.311946401,   99.69350,  32.38905,   19.5847,   15.144,  6.08679973294716,-15.8132458,    6.3427,  268.05766,  64.49667,    6.3473, 133.0200,   0.5982,
 2026-Sep-16 00:00:00, , , 139.021746633,  16.456284240,  139.390913717,  16.345819372,    44.164290233,      -5.091992027,   99.68203,  32.43769,   19.6412,   15.166,  6.07767199193112,-16.1168339,    6.4606,  268.05766,  64.49667,    6.4651, 133.1588,   0.6001,
 2026-Sep-17 00:00:00, , , 139.218028857,  16.399305080,  139.587062636,  16.288469693,    44.893073997,      -4.867779247,   99.67045,  32.48741,   19.6971,   15.190,  6.06836999448478,-16.4197439,    6.5774,  268.05766,  64.49667,    6.5819, 133.2971,   0.6021,
 2026-Sep-18 00:00:00, , , 139.413143341,  16.342495457,  139.782055004,  16.231292377,    45.621674756,      -4.639320870,   99.65878,  32.53821,   19.7525,   15.213,  6.05889610296136,-16.7183889,    6.6932,  268.05765,  64.49667,    6.6976, 133.4349,   0.6041,
 2026-Sep-19 00:00:00, , , 139.607069284,  16.285865995,  139.975866487,  16.174299827,    46.350101733,      -4.406634593,   99.64701,  32.59009,   19.8074,   15.238,  6.04925122590276,-17.0135720,    6.8078,  268.05765,  64.49667,    6.8122, 133.5721,   0.6061,
 2026-Sep-20 00:00:00, , , 139.799789289,  16.229426207,  140.168475597,  16.117503018,    47.078363044,      -4.169741191,   99.63516,  32.64304,   19.8617,   15.263,  6.03943851936822,-17.3063122,    6.9214,  268.05765,  64.49667,    6.9258, 133.7088,   0.6081,
 2026-Sep-21 00:00:00, , , 139.991284087,  16.173186180,  140.359858827,  16.060913062,    47.806470279,      -3.928660981,   99.62324,  32.69707,   19.9154,   15.288,  6.02945856587364,-17.5952389,    7.0339,  268.05765,  64.49667,    7.0382, 133.8448,   0.6101,
 2026-Sep-22 00:00:00, , , 140.181539112,  16.117154454,  140.549997603,  16.004538985,    48.534433081,      -3.683418483,   99.61125,  32.75218,   19.9686,   15.314,  6.01931295862536,-17.8847948,    7.1452,  268.05765,  64.49667,    7.1494, 133.9803,   0.6121,
 2026-Sep-23 00:00:00, ,m, 140.370519072,  16.061346728,  140.738853386,  15.948396330,    49.262278147,      -3.434025012,   99.59920,  32.80838,   20.0212,   15.340,  6.00900317760973,-18.1675478,    7.2553,  268.05765,  64.49667,    7.2595, 134.1152,   0.6142,
 2026-Sep-24 00:00:00, ,m, 140.558212269,  16.005770547,  140.926412573,  15.892491666,    49.990016295,      -3.180509397,   99.58710,  32.86565,   20.0733,   15.367,  5.99853116962532,-18.4498580,    7.3643,  268.05765,  64.49667,    7.3684, 134.2495,   0.6162,
 2026-Sep-25 00:00:00, ,m, 140.744591811,  15.950438824,  141.112648468,  15.836836115,    50.717671382,      -2.922891044,   99.57497,  32.92401,   20.1248,   15.394,  5.98789914438970,-18.7271945,    7.4720,  268.05765,  64.49667,    7.4761, 134.3832,   0.6183,
 2026-Sep-26 00:00:00, ,m, 140.929640657,  15.895360996,  141.297546902,  15.781436599,    51.445261316,      -2.661197620,   99.56279,  32.98345,   20.1757,   15.422,  5.97710806547341,-19.0021075,    7.5785,  268.05765,  64.49667,    7.5825, 134.5162,   0.6204,
 2026-Sep-27 00:00:00, ,m, 141.113338972,  15.840547510,  141.481093659,  15.726300761,    52.172807572,      -2.395455617,   99.55060,  33.04397,   20.2260,   15.450,  5.96616102717853,-19.2736894,    7.6837,  268.05765,  64.49667,    7.6877, 134.6486,   0.6225,
 2026-Sep-28 00:00:00, ,m, 141.295670940,  15.786007377,  141.663280450,  15.671435186,    52.900330025,      -2.125694608,   99.53839,  33.10557,   20.2757,   15.479,  5.95505847375489,-19.5424130,    7.7877,  268.05765,  64.49667,    7.7916, 134.7804,   0.6245,
 2026-Sep-29 00:00:00, ,m, 141.476621095,  15.731749596,  141.844099484,  15.616847603,    53.627848787,      -1.851944066,   99.52617,  33.16827,   20.3249,   15.508,  5.94380195944237,-19.8118762,    7.8903,  268.05765,  64.49667,    7.8941, 134.9115,   0.6267,
 2026-Sep-30 00:00:00, ,m, 141.656153625,  15.677790388,  142.023520521,  15.562554725,    54.355398720,      -1.574217973,   99.51396,  33.23206,   20.3735,   15.538,  5.93239231105824,-20.0753179,    7.9916,  268.05765,  64.49667,    7.9954, 135.0419,   0.6288,
 2026-Oct-01 00:00:00, ,m, 141.834253375,  15.624138766,  142.201529898,  15.508567806,    55.083000464,      -1.292544021,   99.50176,  33.29695,   20.4215,   15.568,  5.92083149080381,-20.3388632,    8.0916,  268.05765,  64.49667,    8.0953, 135.1716,   0.6309,
 2026-Oct-02 00:00:00, ,m, 142.010888075,  15.570809978,  142.378092123,  15.454905598,    55.810688225,      -1.006936484,   99.48958,  33.36294,   20.4690,   15.599,  5.90912125569908,-20.5972325,    8.1901,  268.05765,  64.49667,    8.1938, 135.3006,   0.6330,
 2026-Oct-03 00:00:00, ,m, 142.186037000,  15.517815226,  142.553179303,  15.401583085,    56.538489183,      -0.717418270,   99.47744,  33.43002,   20.5159,   15.631,  5.89726259334391,-20.8541342,    8.2873,  268.05765,  64.49667,    8.2909, 135.4289,   0.6352,
 2026-Oct-04 00:00:00, ,m, 142.359670048,  15.465169144,  142.726752250,  15.348617960,    57.266439277,      -0.424006297,   99.46533,  33.49821,   20.5622,   15.662,  5.88525855269170,-21.1064223,    8.3830,  268.05765,  64.49667,    8.3865, 135.5565,   0.6373,
 2026-Oct-05 00:00:00, ,m, 142.531766868,  15.412882918,  142.898782039,  15.296022952,    57.994569810,      -0.126726435,   99.45328,  33.56750,   20.6079,   15.695,  5.87310990016751,-21.3559957,    8.4772,  268.05765,  64.49667,    8.4807, 135.6833,   0.6395,
 2026-Oct-06 00:00:00, ,m, 142.702303433,  15.360969178,  143.069238745,  15.243810435,    58.722917362,       0.174396339,   99.44129,  33.63790,   20.6530,   15.728,  5.86081874570999,-21.6048711,    8.5699,  268.05765,  64.49667,    8.5734, 135.8094,   0.6417,
 2026-Oct-07 00:00:00, , , 142.871238741,  15.309446696,  143.238079499,  15.191997308,    59.451532913,       0.479348036,   99.42937,  33.70941,   20.6975,   15.761,  5.84838618018017,-21.8471038,    8.6611,  268.05765,  64.49667,    8.6645, 135.9347,   0.6439,
 2026-Oct-08 00:00:00, , , 143.038550204,  15.258327638,  143.405284009,  15.140592792,    60.180456158,       0.788099332,   99.41754,  33.78202,   20.7414,   15.795,  5.83581519157062,-22.0878463,    8.7507,  268.05765,  64.49667,    8.7540, 136.0592,   0.6461,
 2026-Oct-09 00:00:00, , , 143.204200504,  15.207629584,  143.570820563,  15.089611293,    60.909738640,       1.100631393,   99.40580,  33.85574,   20.7847,   15.830,  5.82310817870765,-22.3214967,    8.8388,  268.05765,  64.49667,    8.8420, 136.1829,   0.6483,
 2026-Oct-10 00:00:00, , , 143.368167418,  15.157364623,  143.734674142,  15.039062252,    61.639422268,       1.416913686,   99.39416,  33.93056,   20.8274,   15.865,  5.81026729052127,-22.5526964,    8.9252,  268.05765,  64.49667,    8.9283, 136.3057,   0.6505,
 2026-Oct-11 00:00:00, , , 143.530416347,  15.107549298,  143.896817115,  14.988960688,    62.369558261,       1.736925343,   99.38264,  34.00648,   20.8695,   15.900,  5.79729638743534,-22.7766327,    9.0099,  268.05765,  64.49667,    9.0130, 136.4277,   0.6528,
 2026-Oct-12 00:00:00, , , 143.690929929,  15.058193810,  144.057237290,  14.939316542,    63.100186841,       2.060632739,   99.37125,  34.08349,   20.9109,   15.936,  5.78419736731970,-22.9969704,    9.0929,  268.05765,  64.49667,    9.0959, 136.5489,   0.6550,
 2026-Oct-13 00:00:00, , , 143.849684539,  15.009310661,  144.215913660,  14.890143204,    63.831353856,       2.388007529,   99.35999,  34.16159,   20.9518,   15.973,  5.77097328575449,-23.2144996,    9.1742,  268.05765,  64.49667,    9.1772, 136.6691,   0.6573,
 2026-Oct-14 00:00:00, , , 144.006644657,  14.960916656,  144.372810763,  14.841459134,    64.563114867,       2.719030747,   99.34889,  34.24079,   20.9920,  -16.010,  5.75762569943508,-23.4250335,    9.2538,  268.05765,  64.49667,    9.2566, 136.7885,   0.6596,
 2026-Oct-15 00:00:00, , , 144.161789182,  14.913023244,  144.527905454,  14.793277757,    65.295516515,       3.053671571,   99.33793,  34.32107,   21.0316,  -16.047,  5.74415840029661,-23.6327898,    9.3315,  268.05765,  64.49667,    9.3343, 136.9070,   0.6619,
 2026-Oct-16 00:00:00, , , 144.315084971,  14.865646336,  144.681161197,  14.745616939,    66.028615829,       3.391908194,   99.32715,  34.40242,   21.0706,  -16.085,  5.73057399600612,-23.8327302,    9.4075,  268.05765,  64.49667,    9.4102, 137.0246,   0.6642,
 2026-Oct-17 00:00:00, , , 144.466514488,  14.818796045,  144.832556361,  14.698488453,    66.762461470,       3.733705860,   99.31654,  34.48486,   21.1090,  -16.124,  5.71687519318334,-24.0302673,    9.4816,  268.05765,  64.49667,    9.4843, 137.1412,   0.6665,
 2026-Oct-18 00:00:00, , , 144.616043861,  14.772488441,  144.982052886,  14.651909627,    67.497114851,       4.079041365,   99.30613,  34.56836,   21.1468,  -16.163,  5.70306582566434,-24.2194478,    9.5538,  268.05765,  64.49667,    9.5564, 137.2569,   0.6688,
 2026-Oct-19 00:00:00, , , 144.763660792,  14.726731538,  145.129634531,  14.605889201,    68.232625311,       4.427873534,   99.29591,  34.65293,   21.1840,  -16.202,  5.68914819007372,-24.4054605,    9.6242,  268.05765,  64.49667,    9.6267, 137.3717,   0.6712,
 2026-Oct-20 00:00:00, , , 144.909342409,  14.681537284,  145.275275164,  14.560439269,    68.969051556,       4.780168338,   99.28590,  34.73855,   21.2205,  -16.242,  5.67512545757825,-24.5877219,    9.6926,  268.05765,  64.49667,    9.6951, 137.4854,   0.6735,
 2026-Oct-21 00:00:00, , , 145.053058131,  14.636920456,  145.418942027,  14.515574101,    69.706459796,       5.135896633,   99.27611,  34.82524,   21.2564,  -16.283,  5.66099905388532,-24.7638840,    9.7591,  268.05765,  64.49667,    9.7615, 137.5982,   0.6759,
 2026-Oct-22 00:00:00, ,m, 145.194785515,  14.592892706,  145.560612090,  14.471304073,    70.444913205,       5.495021403,   99.26655,  34.91297,   21.2917,  -16.324,  5.64677294362750,-24.9366423,    9.8236,  268.05765,  64.49667,    9.8259, 137.7100,   0.6783,
 2026-Oct-23 00:00:00, ,m, 145.334493398,  14.549468987,  145.700255818,  14.427642096,    71.184483114,       5.857511259,   99.25722,  35.00176,   21.3264,  -16.365,  5.63244953245153,-25.1017547,    9.8861,  268.05765,  64.49667,    9.8883, 137.8208,   0.6807,
 2026-Oct-24 00:00:00, ,m, 145.472165186,  14.506658766,  145.837860864,  14.384594951,    71.925233461,       6.223321804,   99.24815,  35.09158,   21.3604,  -16.407,  5.61803177074906,-25.2647591,    9.9465,  268.05765,  64.49667,    9.9487, 137.9306,   0.6831,
 2026-Oct-25 00:00:00, ,m, 145.607765440,  14.464478514,  145.973398560,  14.342176286,    72.667242642,       6.592422706,   99.23933,  35.18244,   21.3938,  -16.450,  5.60352316209413,-25.4189337,   10.0049,  268.05765,  64.49667,   10.0070, 138.0393,   0.6855,
 2026-Oct-26 00:00:00, ,m, 145.741283393,  14.422935391,  146.106866234,  14.300391015,    73.410574277,       6.964763327,   99.23078,  35.27433,   21.4265,  -16.493,  5.58892624957254,-25.5705798,   10.0613,  268.05765,  64.49666,   10.0632, 138.1469,   0.6879,
 2026-Oct-27 00:00:00, ,m, 145.872693988,  14.382042000,  146.238246031,  14.259251032,    74.155302384,       7.340304855,   99.22250,  35.36724,   21.4587,  -16.536,  5.57424407286669,-25.7178208,   10.1155,  268.05765,  64.49666,   10.1174, 138.2535,   0.6903,
 2026-Oct-28 00:00:00, ,m, 146.001968587,  14.341812350,  146.367512889,  14.218771759,    74.901504107,       7.719012263,   99.21451,  35.46118,   21.4902,  -16.580,  5.55947784398496,-25.8602403,   10.1675,  268.05765,  64.49666,   10.1693, 138.3590,   0.6928,
 2026-Oct-29 00:00:00, ,m, 146.129078962,  14.302260254,  146.494636713,  14.178970364,    75.649257447,       8.100850943,   99.20682,  35.55613,   21.5210,  -16.625,  5.54463147069935,-25.9986880,   10.2174,  268.05765,  64.49666,   10.2191, 138.4634,   0.6952,
 2026-Oct-30 00:00:00, ,m, 146.253991619,  14.263401655,  146.619576959,  14.139867101,    76.398645689,       8.485790739,   99.19943,  35.65209,   21.5513,  -16.670,  5.52970712220881,-26.1299284,   10.2651,  268.05765,  64.49666,   10.2667, 138.5667,   0.6977,
 2026-Oct-31 00:00:00, ,m, 146.376684470,  14.225248211,  146.742301598,  14.101477466,    77.149747482,       8.873791131,   99.19236,  35.74906,   21.5809,  -16.715,  5.51470802441122,-26.2588990,   10.3105,  268.05765,  64.49666,   10.3121, 138.6689,   0.7002,
 2026-Nov-01 00:00:00, ,m, 146.497115104,  14.187819287,  146.862758674,  14.063823103,    77.902658256,       9.264826117,   99.18562,  35.84702,   21.6099,  -16.761,  5.49963753005162,-26.3783074,   10.3537,  268.05765,  64.49666,   10.3552, 138.7699,   0.7026,
 2026-Nov-02 00:00:00, ,m, 146.615267356,  14.151124212,  146.980925462,  14.026913546,    78.657460033,       9.658845618,   99.17921,  35.94597,   21.6382,  -16.807,  5.48449887301068,-26.4947518,   10.3946,  268.05765,  64.49666,   10.3960, 138.8697,   0.7051,
 2026-Nov-03 00:00:00, ,m, 146.731108861,  14.115178526,  147.096767365,  13.990762766,    79.414248813,      10.055810345,   99.17315,  36.04589,   21.6659,  -16.854,  5.46929553070271,-26.6049359,   10.4331,  268.05765,  64.49666,   10.4344, 138.9684,   0.7076,
 2026-Nov-04 00:00:00, , , 146.844609326,  14.079996980,  147.210256041,  13.955382802,    80.173122241,      10.455677265,   99.16744,  36.14679,   21.6930,  -16.901,  5.45402939737740,-26.7100808,   10.4692,  268.05765,  64.49666,   10.4705, 139.0659,   0.7102,
 2026-Nov-05 00:00:00, , , 146.955733077,  14.045596206,  147.321360852,  13.920787236,    80.934184065,      10.858406138,   99.16209,  36.24863,   21.7194,  -16.948,  5.43870515147912,-26.8089603,   10.5030,  268.05765,  64.49666,   10.5041, 139.1622,   0.7127,
 2026-Nov-06 00:00:00, , , 147.064445912,  14.011992296,  147.430054218,  13.886989452,    81.697539195,      11.263954557,   99.15712,  36.35143,   21.7451,  -16.996,  5.42332572840253,-26.8996484,   10.5343,  268.05765,  64.49666,   10.5353, 139.2572,   0.7152,
 2026-Nov-07 00:00:00, , , 147.170723344,  13.979197515,  147.536318305,  13.853999833,    82.463288244,      11.672271408,   99.15253,  36.45515,   21.7702,  -17.045,  5.40789547871212,-26.9862460,   10.5631,  268.05765,  64.49666,   10.5641, 139.3510,   0.7178,
 2026-Nov-08 00:00:00, , , 147.274522953,  13.947230906,  147.640116104,  13.821836669,    83.231545432,      12.083319916,   99.14833,  36.55978,   21.7947,  -17.094,  5.39241833049452,-27.0617386,   10.5894,  268.05765,  64.49666,   10.5903, 139.4435,   0.7203,
 2026-Nov-09 00:00:00, , , 147.375830088,  13.916100638,  147.741436259,  13.790508431,    84.002409099,      12.497039727,   99.14453,  36.66531,   21.8184,  -17.143,  5.37689873911965,-27.1329189,   10.6132,  268.05765,  64.49666,   10.6139, 139.5348,   0.7229,
 2026-Nov-10 00:00:00, , , 147.474614221,  13.885820964,  147.840249133,  13.760030609,    84.775990177,      12.913383034,   99.14113,  36.77170,   21.8416,  -17.193,  5.36134086389873,-27.1958093,   10.6344,  268.05765,  64.49666,   10.6350, 139.6247,   0.7255,
 2026-Nov-11 00:00:00, , , 147.570852347,  13.856403177,  147.936530374,  13.730416284,    85.552397332,      13.332294845,   99.13815,  36.87897,   21.8640,  -17.243,  5.34574741608407,-27.2534969,   10.6529,  268.05765,  64.49666,   10.6535, 139.7133,   0.7281,
 2026-Nov-12 00:00:00, , , 147.664510079,  13.827862721,  148.030242574,  13.701682907,    86.331749659,      13.753728216,   99.13559,  36.98707,   21.8858,  -17.294,  5.33012358594192,-27.3030691,   10.6689,  268.05765,  64.49666,   10.6694, 139.8007,   0.7307,
 2026-Nov-13 00:00:00, , , 147.755560669,  13.800212083,  148.121354955,  13.673844832,    87.114164463,      14.177628311,   99.13345,  37.09599,   21.9070,  -17.344,  5.31447279407691,-27.3443255,   10.6822,  268.05765,  64.49666,   10.6826, 139.8866,   0.7333,
 2026-Nov-14 00:00:00, , , 147.843983386,  13.773461283,  148.209842452,  13.646913566,    87.899758578,      14.603933369,   99.13175,  37.20571,   21.9275,  -17.396,  5.29879998842944,-27.3803750,   10.6928,  268.05765,  64.49666,   10.6931, 139.9712,   0.7359,
 2026-Nov-15 00:00:00, , , 147.929742164,  13.747626204,  148.295664966,  13.620905983,    88.688662364,      15.032592352,   99.13049,  37.31621,   21.9473,  -17.447,  5.28310912430241,-27.4050943,   10.7007,  268.05765,  64.49666,   10.7009, 140.0545,   0.7386,
 2026-Nov-16 00:00:00, , , 148.012827168,  13.722712310,  148.378809299,  13.595827913,    89.480992824,      15.463530038,   99.12967,  37.42747,   21.9665,  -17.499,  5.26740524377746,-27.4250245,   10.7058,  268.05765,  64.49666,   10.7060, 140.1363,   0.7412,
 2026-Nov-17 00:00:00, , , 148.093213173,  13.698731050,  148.459247939,  13.571690557,    90.276880612,      15.896681813,   99.12930,  37.53945,   21.9850,  -17.552,  5.25169252477295,-27.4359015,   10.7082,  268.05765,  64.49666,   10.7083, 140.2168,   0.7439,
 2026-Nov-18 00:00:00, , , 148.170885968,  13.675689539,  148.536965773,  13.548500100,    91.076452941,      16.331971505,   99.12938,  37.65214,   22.0029,  -17.604,  5.23597393802704,-27.4423638,   10.7078,  268.05765,  64.49666,   10.7078, 140.2959,   0.7465,
 2026-Nov-19 00:00:00, , , 148.245813537,  13.653601591,  148.611931655,  13.526268776,    91.879852554,      16.769335189,   99.12992,  37.76552,   22.0200,  -17.657,  5.22025449037212,-27.4399513,   10.7046,  268.05765,  64.49666,   10.7045, 140.3735,   0.7492,
 2026-Nov-20 00:00:00, ,m, 148.317976558,  13.632476066,  148.684129251,  13.505003203,    92.687217662,      17.208695837,   99.13091,  37.87957,   22.0365,  -17.711,  5.20453757371166,-27.4301472,   10.6985,  268.05765,  64.49666,   10.6983, 140.4497,   0.7519,
 2026-Nov-21 00:00:00, ,m, 148.387356618,  13.612321349,  148.753545446,  13.484709099,    93.498689543,      17.649973132,   99.13237,  37.99425,   22.0524,  -17.764,  5.18882812698151,-27.4147624,   10.6896,  268.05765,  64.49666,   10.6893, 140.5245,   0.7546,
 2026-Nov-22 00:00:00, ,m, 148.453923034,  13.593150595,  148.820156817,  13.465397007,    94.314420944,      18.093094832,   99.13430,  38.10955,   22.0675,  -17.818,  5.17312966627170,-27.3889207,   10.6778,  268.05765,  64.49666,   10.6774, 140.5978,   0.7572,
 2026-Nov-23 00:00:00, ,m, 148.517667241,  13.574968071,  148.883962619,  13.447069389,    95.134552879,      18.537968350,   99.13669,  38.22543,   22.0820,  -17.872,  5.15744731355824,-27.3583638,   10.6631,  268.05765,  64.49666,   10.6626, 140.6697,   0.7599,
 2026-Nov-24 00:00:00, ,m, 148.578566229,  13.557783792,  148.944945830,  13.429736227,    95.959238201,      18.984512324,   99.13955,  38.34187,   22.0958,  -17.927,  5.14178483941930,-27.3188542,   10.6455,  268.05765,  64.49666,   10.6449, 140.7401,   0.7626,
 2026-Nov-25 00:00:00, ,m, 148.636609260,  13.541603000,  149.003096987,  13.413405040,    96.788623671,      19.432634692,   99.14288,  38.45885,   22.1090,  -17.982,  5.12614518922773,-27.2760405,   10.6249,  268.05765,  64.49666,   10.6242, 140.8090,   0.7654,
 2026-Nov-26 00:00:00, ,m, 148.691761145,  13.526440385,  149.058375957,  13.398094789,    97.622875216,      19.882263016,   99.14668,  38.57634,   22.1214,  -18.036,  5.11053288760482,-27.2239808,   10.6013,  268.05765,  64.49666,   10.6005, 140.8764,   0.7681,
 2026-Nov-27 00:00:00, ,m, 148.744002761,  13.512304392,  149.110753495,  13.383818751,    98.462151875,      20.333309698,   99.15096,  38.69431,   22.1333,  -18.092,  5.09495129869856,-27.1653948,   10.5747,  268.05765,  64.49666,   10.5739, 140.9423,   0.7708,
 2026-Nov-28 00:00:00, ,m, 148.793309910,  13.499205393,  149.160193786,  13.370590941,    99.306621190,      20.785688006,   99.15570,  38.81274,   22.1444,  -18.147,  5.07940544036729,-27.1002558,   10.5452,  268.05765,  64.49666,   10.5442, 141.0067,   0.7735,
 2026-Nov-29 00:00:00, ,m, 148.839650234,  13.487156987,  149.206655502,  13.358426241,   100.156462018,      21.239313562,   99.16092,  38.93159,   22.1549,  -18.203,  5.06389886239573,-27.0247879,   10.5125,  268.05765,  64.49666,   10.5115, 141.0695,   0.7762,
 2026-Nov-30 00:00:00, ,m, 148.883008920,  13.476165555,  149.250119989,  13.347329858,   101.011847045,      21.694082312,   99.16661,  39.05082,   22.1647,  -18.258,  5.04843739065381,-26.9430772,   10.4768,  268.05765,  64.49666,   10.4757, 141.1308,   0.7790,
 2026-Dec-01 00:00:00, ,m, 148.923361176,  13.466241443,  149.290563897,  13.337309373,   101.872960605,      22.149894240,   99.17277,  39.17040,   22.1737,  -18.314,  5.03302531839782,-26.8509624,   10.4380,  268.05765,  64.49666,   10.4368, 141.1906,   0.7817,
 2026-Dec-02 00:00:00, ,m, 148.960697554,  13.457388854,  149.327982907,  13.328365678,   102.739980670,      22.606632920,   99.17940,  39.29030,   22.1821,  -18.370,  5.01766668871133,-26.7544682,   10.3961,  268.05765,  64.49666,   10.3947, 141.2487,   0.7845,
 2026-Dec-03 00:00:00, , , 148.994982635,  13.449621962,  149.362348450,  13.320510024,   103.613106878,      23.064200269,   99.18650,  39.41047,   22.1898,  -18.426,  5.00236662712112,-26.6465972,   10.3510,  268.05765,  64.49666,   10.3496, 141.3053,   0.7872,
 2026-Dec-04 00:00:00, , , 149.026203307,  13.442946019,  149.393654162,  13.313745591,   104.492526877,      23.522476932,   99.19406,  39.53088,   22.1968,  -18.483,  4.98712957554919,-26.5313438,   10.3028,  268.05765,  64.49666,   10.3012, 141.3603,   0.7900,
 2026-Dec-05 00:00:00, , , 149.054338992,  13.437369026,  149.421884968,  13.308079381,   105.378436871,      23.981347023,   99.20208,  39.65148,   22.2031,  -18.539,  4.97196139912278,-26.4073088,   10.2514,  268.05765,  64.49666,   10.2497, 141.4137,   0.7927,
 2026-Dec-06 00:00:00, , , 149.079368076,  13.432899333,  149.447022831,  13.303519793,   106.271037264,      24.440692827,   99.21055,  39.77223,   22.2087,  -18.595,  4.95686628385390,-26.2725948,   10.1967,  268.05765,  64.49666,   10.1950, 141.4655,   0.7955,
 2026-Dec-07 00:00:00, , , 149.101281859,  13.429539751,  149.469060420,  13.300070555,   107.170523065,      24.900382762,   99.21948,  39.89308,   22.2137,  -18.652,  4.94185087115094,-26.1299307,   10.1389,  268.05765,  64.49666,   10.1371, 141.5156,   0.7983,
 2026-Dec-08 00:00:00, , , 149.120067184,  13.427294875,  149.487983842,  13.297737823,   108.077096044,      25.360285869,   99.22884,  40.01397,   22.2179,  -18.708,  4.92691985145602,-25.9761469,   10.0778,  268.05765,  64.49666,   10.0759, 141.5642,   0.8010,
 2026-Dec-09 00:00:00, , , 149.135726722,  13.426162910,  149.503793246,  13.296521680,   108.990950365,      25.820254666,   99.23865,  40.13487,   22.2214,  -18.765,  4.91207795110216,-25.8176043,   10.0135,  268.05765,  64.49666,   10.0115, 141.6111,   0.8038,
 2026-Dec-10 00:00:00, , , 149.148235300,  13.426152841,  149.516459722,  13.296433061,   109.912304369,      26.280160559,   99.24888,  40.25574,   22.2242,  -18.821,  4.89733023593694,-25.6469744,    9.9460,  268.05765,  64.49666,    9.9438, 141.6564,   0.8066,
 2026-Dec-11 00:00:00, , , 149.157592677,  13.427263634,  149.525978671,  13.297472605,   110.841362428,      26.739850229,   99.25952,  40.37651,   22.2264,  -18.878,  4.88268153107523,-25.4693145,    9.8751,  268.05765,  64.49666,    9.8729, 141.7000,   0.8093,
 2026-Dec-12 00:00:00, , , 149.163787131,  13.429498632,  149.532334093,  13.299644865,   111.778341410,      27.199175169,   99.27058,  40.49714,   22.2278,  -18.934,  4.86813772489346,-25.2819492,    9.8010,  268.05765,  64.49666,    9.7987, 141.7420,   0.8121,
 2026-Dec-13 00:00:00, , , 149.166811414,  13.432859402,  149.535515098,  13.302952010,   112.723458910,      27.657978519,   99.28204,  40.61757,   22.2285,  -18.991,  4.85370299877711,-25.0848168,    9.7237,  268.05765,  64.49666,    9.7213, 141.7824,   0.8149,
 2026-Dec-14 00:00:00, , , 149.166664467,  13.437344621,  149.535518072,  13.307392637,   113.676931904,      28.116093130,   99.29388,  40.73775,   22.2285,  -19.047,  4.83938408837110,-24.8789447,    9.6431,  268.05765,  64.49666,    9.6406, 141.8211,   0.8176,
 2026-Dec-15 00:00:00, , , 149.163346504,  13.442952548,  149.532342089,  13.312964251,   114.638979833,      28.573345927,   99.30611,  40.85763,   22.2278,  -19.103,  4.82518556899432,-24.6623117,    9.5592,  268.05765,  64.49666,    9.5566, 141.8581,   0.8204,
 2026-Dec-16 00:00:00, , , 149.156872411,  13.449675530,  149.526002532,  13.319657790,   115.609814057,      29.029546881,   99.31869,  40.97714,   22.2264,  -19.159,  4.81111237124601,-24.4410579,    9.4720,  268.05765,  64.49666,    9.4693, 141.8935,   0.8232,
 2026-Dec-17 00:00:00, , , 149.147229059,  13.457516879,  149.516488612,  13.327474656,   116.589670293,      29.484523309,   99.33162,  41.09624,   22.2243,  -19.214,  4.79716907082761,-24.2079412,    9.3816,  268.05765,  64.49666,    9.3788, 141.9273,   0.8259,
 2026-Dec-18 00:00:00, ,m, 149.134429366,  13.466469441,  149.503817448,  13.336405349,   117.578766668,      29.938076296,   99.34489,  41.21488,   22.2215,  -19.270,  4.78336050381670,-23.9686812,    9.2879,  268.05765,  64.49666,    9.2851, 141.9595,   0.8287,
 2026-Dec-19 00:00:00, ,m, 149.118471668,  13.476531759,  149.487993320,  13.346445971,   118.577334516,      30.390013549,   99.35848,  41.33299,   22.2180,  -19.325,  4.76969212332624,-23.7195776,    9.1910,  268.05765,  64.49666,    9.1880, 141.9900,   0.8314,
 2026-Dec-20 00:00:00, ,m, 149.099363861,  13.487698675,  149.469031135,  13.357589293,   119.585598754,      30.840130501,   99.37238,  41.45052,   22.2138,  -19.380,  4.75616775340312,-23.4624053,    9.0908,  268.05765,  64.49666,    9.0878, 142.0188,   0.8342,
 2026-Dec-21 00:00:00, ,m, 149.077112382,  13.499965247,  149.446943975,  13.369829370,   120.603785820,      31.288219217,   99.38656,  41.56741,   22.2089,  -19.435,  4.74279367292081,-23.1964828,    8.9874,  268.05765,  64.49666,    8.9843, 142.0461,   0.8369,
 2026-Dec-22 00:00:00, ,m, 149.051730230,  13.513324138,  149.421748828,  13.383159691,   121.632116067,      31.734063213,   99.40102,  41.68359,   22.2032,  -19.489,  4.72957389717246,-22.9211840,    8.8808,  268.05765,  64.49666,    8.8776, 142.0717,   0.8396,
 2026-Dec-23 00:00:00, ,m, 149.023241217,  13.527763738,  149.393468400,  13.397571656,   122.670799601,      32.177434438,   99.41573,  41.79902,   22.1969,  -19.543,  4.71651304643388,-22.6419868,    8.7710,  268.05765,  64.49666,    8.7677, 142.0957,   0.8424,
 2026-Dec-24 00:00:00, ,m, 148.991640858,  13.543283689,  149.362090935,  13.413069624,   123.720068786,      32.618123499,   99.43068,  41.91364,   22.1899,  -19.596,  4.70361478537948,-22.3520493,    8.6579,  268.05765,  64.49666,    8.6545, 142.1181,   0.8451,
 2026-Dec-25 00:00:00, ,m, 148.956948173,  13.559874230,  149.327623642,  13.429648615,   124.780136363,      33.055897701,   99.44585,  42.02740,   22.1822,  -19.650,  4.69088366801040,-22.0570336,    8.5417,  268.05765,  64.49666,    8.5382, 142.1389,   0.8478,
 2026-Dec-26 00:00:00, ,m, 148.919164100,  13.577532775,  149.290055474,  13.447309033,   125.851230571,      33.490531792,   99.46122,  42.14022,   22.1738,  -19.702,  4.67832458169336,-21.7520799,    8.4223,  268.05765,  64.49666,    8.4188, 142.1581,   0.8505,
 2026-Dec-27 00:00:00, ,m, 148.878302901,  13.596251569,  149.249393067,  13.466043202,   126.933568372,      33.921782551,   99.47678,  42.25206,   22.1647,  -19.755,  4.66594125848252,-21.4400966,    8.2998,  268.05765,  64.49666,    8.2961, 142.1757,   0.8532,
 2026-Dec-28 00:00:00, ,m, 148.834370369,  13.616025793,  149.205641160,  13.485843810,   128.027372959,      34.349405185,   99.49250,  42.36284,   22.1549,  -19.806,  4.65373994727494,-21.1181987,    8.1741,  268.05764,  64.49666,    8.1703, 142.1918,   0.8559,
 2026-Dec-29 00:00:00, ,m, 148.787386317,  13.636845189,  149.158824136,  13.506696845,   129.132852007,      34.773137689,   99.50836,  42.47249,   22.1444,  -19.858,  4.64172496868113,-20.7867946,    8.0453,  268.05764,  64.49666,    8.0414, 142.2062,   0.8585,
 2026-Dec-30 00:00:00, ,m, 148.737379928,  13.658695659,  149.108978636,  13.528584609,   130.250199548,      35.192705674,   99.52434,  42.58096,   22.1332,  -19.908,  4.62990163542358,-20.4500683,    7.9133,  268.05764,  64.49666,    7.9094, 142.2191,   0.8612,
 2026-Dec-31 00:00:00, , , 148.684357886,  13.681571961,  149.056119073,  13.551499321,   131.379623113,      35.607847161,   99.54043,  42.68816,   22.1213,  -19.959,  4.61827388573002,-20.1019489,    7.7783,  268.05764,  64.49666,    7.7743, 142.2305,   0.8638,
$$EOE
***********************************************************************************************************************************************************************************************************************************************************************
Column meaning:
 
TIME

  Times PRIOR to 1962 are UT1, a mean-solar time closely related to the
prior but now-deprecated GMT. Times AFTER 1962 are in UTC, the current
civil or "wall-clock" time-scale. UTC is kept within 0.9 seconds of UT1
using integer leap-seconds for 1972 and later years.

  Conversion from the internal Barycentric Dynamical Time (TDB) of solar
system dynamics to the non-uniform civil UT time-scale requested for output
has not been determined for UTC times after the next July or January 1st.
Therefore, the last known leap-second is used as a constant over future
intervals.

  Time tags refer to the UT time-scale conversion from TDB on Earth
regardless of observer location within the solar system, although clock
rates may differ due to the local gravity field and no analog to "UT"
may be defined for that location.

  Any 'b' symbol in the 1st-column denotes a B.C. date. First-column blank
(" ") denotes an A.D. date.
 
CALENDAR SYSTEM

  Mixed calendar mode was active such that calendar dates after AD 1582-Oct-15
(if any) are in the modern Gregorian system. Dates prior to 1582-Oct-5 (if any)
are in the Julian calendar system, which is automatically extended for dates
prior to its adoption on 45-Jan-1 BC.  The Julian calendar is useful for
matching historical dates. The Gregorian calendar more accurately corresponds
to the Earth's orbital motion and seasons. A "Gregorian-only" calendar mode is
available if such physical events are the primary interest.

  NOTE: "n.a." in output means quantity "not available" at the print-time.
 
SOLAR PRESENCE (OBSERVING SITE)
  Time tag is followed by a blank, then a solar-presence symbol:

       '*'  Daylight (refracted solar upper-limb on or above apparent horizon)
       'C'  Civil twilight/dawn
       'N'  Nautical twilight/dawn
       'A'  Astronomical twilight/dawn
       ' '  Night OR geocentric ephemeris

LUNAR PRESENCE (OBSERVING SITE)
  The solar-presence symbol is immediately followed by a lunar-presence symbol:

       'm'  Refracted upper-limb of Moon on or above apparent horizon
       ' '  Refracted upper-limb of Moon below apparent horizon OR geocentric
            ephemeris
 
 'R.A.___(ICRF), DEC____(ICRF),' =
  Astrometric right ascension and declination of the target center with
respect to the observing site (coordinate origin) in the reference frame of
the planetary ephemeris (ICRF). Compensated for down-leg light-time delay
aberration.

  Units: RA  in decimal degrees,  ddd.fffff{ffff}
         DEC in decimal degrees,  sdd.fffff{ffff}
 
 'R.A.__(a-app), DEC___(a-app),' =
  Airless apparent right ascension and declination of the target center
with respect to an instantaneous reference frame defined by the Earth equator
of-date (z-axis) and meridian containing the Earth equinox of-date (x-axis,
EOP-corrected IAU76/80). Compensated for down-leg light-time delay,
gravitational deflection of light, stellar aberration, precession & nutation.
Note: equinox (RA origin) is offset -53 mas from the of-date frame defined by
the IAU06/00a P & N system.

  Units: RA  in decimal degrees, ddd.fffff{ffff}
         DEC in decimal degrees  sdd.fffff{ffff}

 
 'Azimuth_(a-app), Elevation_(a-app),' =
  Airless apparent azimuth and elevation of target center. Compensated
for light-time, the gravitational deflection of light, stellar aberration,
precession and nutation. Azimuth is measured clockwise from north:

  North(0) -> East(90) -> South(180) -> West(270) -> North (360)

Elevation angle is with respect to a plane perpendicular to the reference
surface local zenith direction. TOPOCENTRIC ONLY.  Units: DEGREES
 
 'Illu%,' =
   Fraction of the target objects' assumed circular disk illuminated by Sun
(phase), as seen by the observer.  Units: PERCENT
 
 'Ang-diam,' =
   The equatorial angular width of the target body full disk, if it were fully
illuminated and visible to the observer. If the target body diameter is unknown
"n.a." is output.

   Units: ARCSECONDS
 
 'NP.ang,  NP.dist,' =
  Targets' apparent north-pole position angle (counter-clockwise with respect
to the direction of the true-of-date reference-frame north-pole) and its
angular distance from the sub-observer point (center of disk) at observation
time.  A negative distance indicates the planets' north-pole is on the hidden
hemisphere.  Units: DEGREES and ARCSECONDS
 
 'delta,     deldot,' =
   Apparent range ("delta", light-time aberrated) and range-rate ("delta-dot")
of the target center relative to the observer. A positive "deldot" means the
target center is moving away from the observer, negative indicates movement
toward the observer.  Units: AU and KM/S
 
 'S-T-O,' =
   The Sun-Target-Observer angle; the interior vertex angle at target center
formed by a vector from the target to the apparent center of the Sun (at
reflection time on the target) and the apparent vector from target to the
observer at print-time. Slightly different from true PHASE ANGLE (requestable
separately) at the few arcsecond level in that it includes stellar aberration
on the down-leg from target to observer.  Units: DEGREES
 
 'N.Pole-RA, N.Pole-DC,' =
    ICRF right ascension and declination of the target body's north-pole
direction at the time light left the body to be observed at print time.
Target pole/rotation model is given in the header. Units: DEGREES
 
 'phi,  PAB-LON,  PAB-LAT,' =
   "phi" is the true PHASE ANGLE at the observers' location at print time.
"PAB-LON" and "PAB-LAT" are the J2000 ecliptic longitude and latitude of the
phase angle bisector direction; the outward directed angle bisecting the arc
created by the apparent vector from Sun to target center and the astrometric
vector from observer to target center. For an otherwise uniform ellipsoid, the
time when its long-axis is perpendicular to the PAB direction approximately
corresponds to lightcurve maximum (or maximum brightness) of the body. PAB is
discussed in Harris et al., Icarus 57, 251-258 (1984).

   Units: DEGREES, DEGREES, DEGREES

Computations by ...

    Solar System Dynamics Group, Horizons On-Line Ephemeris System
    4800 Oak Grove Drive, Jet Propulsion Laboratory
    Pasadena, CA  91109   USA

    General site: https://ssd.jpl.nasa.gov/
    Mailing list: https://ssd.jpl.nasa.gov/email_list.html
    System news : https://ssd.jpl.nasa.gov/horizons/news.html
    User Guide  : https://ssd.jpl.nasa.gov/horizons/manual.html
    Connect     : browser        https://ssd.jpl.nasa.gov/horizons/app.html#/x
                  API            https://ssd-api.jpl.nasa.gov/doc/horizons.html
                  command-line   telnet ssd.jpl.nasa.gov 6775
                  e-mail/batch   https://ssd.jpl.nasa.gov/ftp/ssd/horizons_batch.txt
                  scripts        https://ssd.jpl.nasa.gov/ftp/ssd/SCRIPTS
    Inquiries   : Jon.D.Giorgini@jpl.nasa.gov

***********************************************************************************************************************************************************************************************************************************************************************
