# JPL Horizons response, kept whole (#472)
# request-url: https://ssd.jpl.nasa.gov/api/horizons.api?format=text&COMMAND=%27503%27&MAKE_EPHEM=%27YES%27&EPHEM_TYPE=%27OBSERVER%27&CENTER=%27coord%40399%27&COORD_TYPE=%27GEODETIC%27&QUANTITIES=%271%2C2%2C4%2C6%2C12%2C13%2C20%2C24%27&EXTRA_PREC=%27YES%27&ANG_FORMAT=%27DEG%27&APPARENT=%27AIRLESS%27&CSV_FORMAT=%27YES%27&TIME_DIGITS=%27SECONDS%27&START_TIME=%272026-12-11%2018%3A00%27&STOP_TIME=%272026-12-12%2001%3A00%27&STEP_SIZE=%271%20m%27&SITE_COORD=%2710.75%2C59.91%2C0.0%27
# requested-utc: 2026-10-07T13:53:39Z
# body-sha256: 1a4e81e4aa10b343cadae63464616bad00fdf49d5c09ac23a53712a468b6a927
# body-bytes: 109333
# complete: True
API VERSION: 1.2
API SOURCE: NASA/JPL Horizons API

*******************************************************************************
 Revised: Mar 12, 2021           Ganymede / (Jupiter)                       503

 SATELLITE PHYSICAL PROPERTIES:
  Mean radius (km)       = 2631.2   +- 1.7    Density (g cm^-3)= 1.942 +- 0.005
  GM (km^3/s^2)          = 9887.8328+- 0.0074 Geometric Albedo = 0.43  +- 0.02
                                              V(1,0)           = -2.09

 SATELLITE ORBIT (at J2000.0 epoch, 2000-Jan-1.5):
  Semi-major axis, a (km) ~ 1,070,000         Orbital period   ~ 7.155 d
  Eccentricity, e         ~ 0.00146           Rotational period= Synchronous
  Inclination, i  (deg)   ~ 0.207 
*******************************************************************************


*******************************************************************************
Ephemeris / API_USER Wed Oct  7 06:53:40 2026 Pasadena, USA      / Horizons    
*******************************************************************************
Target body name: Ganymede (503)                  {source: jup365_merged}
Center body name: Earth (399)                     {source: DE441}
Center-site name: (user defined site below)
*******************************************************************************
Start time      : A.D. 2026-Dec-11 18:00:00.0000 UT      
Stop  time      : A.D. 2026-Dec-12 01:00:00.0000 UT      
Step-size       : 1 minutes
*******************************************************************************
Target pole/equ : IAU_GANYMEDE                    {West-longitude positive}
Target radii    : 2631.2, 2631.2, 2631.2 km       {Equator_a, b, pole_c}       
Center geodetic : 10.75, 59.91, 0.0               {E-lon(deg),Lat(deg),Alt(km)}
Center cylindric: 10.75, 3205.78431, 5495.4568    {E-lon(deg),Dxy(km),Dz(km)}
Center pole/equ : ITRF93                          {East-longitude positive}
Center radii    : 6378.137, 6378.137, 6356.752 km {Equator_a, b, pole_c}       
Target primary  : Jupiter
Vis. interferer : MOON (R_eq= 1737.400) km        {source: DE441}
Rel. light bend : Sun                             {source: jup365_merged}
Rel. lght bnd GM: 1.3271E+11 km^3/s^2                                          
Atmos refraction: NO (AIRLESS)
RA format       : DEG
Time format     : CAL 
Calendar mode   : Mixed Julian/Gregorian
RTS-only print  : NO       
EOP file        : eop.261006.p270102                                           
EOP coverage    : DATA-BASED 1962-JAN-20 TO 2026-OCT-06. PREDICTS-> 2027-JAN-01
Units conversion: 1 au= 149597870.700 km, c= 299792.458 km/s, 1 day= 86400.0 s 
Table cut-offs 1: Elevation (-90.0deg=NO ),Airmass (>38.000=NO), Daylight (NO )
Table cut-offs 2: Solar elongation (  0.0,180.0=NO ),Local Hour Angle( 0.0=NO )
Table cut-offs 3: RA/DEC angular rate (     0.0=NO )                           
Table format    : Comma Separated Values (spreadsheet)
***************************************************************************************************************************************************************************************************************************************
 Date__(UT)__HR:MN:SS, , , R.A.___(ICRF), DEC____(ICRF),  R.A.__(a-app), DEC___(a-app), Azimuth_(a-app), Elevation_(a-app),   X_(sat-prim), Y_(sat-prim), SatPANG,  ang-sep, vis.,  Ang-diam,             delta,     deldot,     S-T-O,
***************************************************************************************************************************************************************************************************************************************
$$SOE
 2026-Dec-11 18:00:00, , , 149.083558366,  13.460241487,  149.452098010,  13.330512083,    31.636074733,     -12.432611365,       -276.057,      113.733, 292.402, 298.5508,    *,  1.489705,  4.87060991391868,-14.5213348,    9.8137,
 2026-Dec-11 18:01:00, , , 149.083554644,  13.460246401,  149.452094515,  13.330516927,    31.876474282,     -12.366457892,       -276.086,      113.744, 292.401, 298.5823,    *,  1.489707,  4.87060409010737,-14.5209565,    9.8137,
 2026-Dec-11 18:02:00, , , 149.083550948,  13.460251306,  149.452091046,  13.330521762,    32.116683176,     -12.299856801,       -276.116,      113.755, 292.401, 298.6137,    *,  1.489708,  4.87059826644744,-14.5205799,    9.8136,
 2026-Dec-11 18:03:00, , , 149.083547277,  13.460256200,  149.452087602,  13.330526586,    32.356700929,     -12.232809618,       -276.145,      113.766, 292.401, 298.6449,    *,  1.489710,  4.87059244293824,-14.5202050,    9.8135,
 2026-Dec-11 18:04:00, , , 149.083543631,  13.460261084,  149.452084185,  13.330531400,    32.596527075,     -12.165317876,       -276.174,      113.777, 292.401, 298.6761,    *,  1.489712,  4.87058661957910,-14.5198318,    9.8135,
 2026-Dec-11 18:05:00, , , 149.083540010,  13.460265958,  149.452080793,  13.330536204,    32.836161164,     -12.097383111,       -276.203,      113.787, 292.401, 298.7071,    *,  1.489714,  4.87058079636932,-14.5194602,    9.8134,
 2026-Dec-11 18:06:00, , , 149.083536414,  13.460270821,  149.452077428,  13.330540997,    33.075602765,     -12.029006866,       -276.232,      113.798, 292.400, 298.7380,    *,  1.489716,  4.87057497330828,-14.5190902,    9.8134,
 2026-Dec-11 18:07:00, , , 149.083532844,  13.460275675,  149.452074088,  13.330545781,    33.314851467,     -11.960190692,       -276.261,      113.809, 292.400, 298.7689,    *,  1.489717,  4.87056915039530,-14.5187219,    9.8133,
 2026-Dec-11 18:08:00, , , 149.083529298,  13.460280518,  149.452070774,  13.330550554,    33.553906874,     -11.890936141,       -276.290,      113.819, 292.400, 298.7996,    *,  1.489719,  4.87056332762976,-14.5183551,    9.8132,
 2026-Dec-11 18:09:00, , , 149.083525778,  13.460285350,  149.452067485,  13.330555317,    33.792768611,     -11.821244774,       -276.319,      113.830, 292.400, 298.8302,    *,  1.489721,  4.87055750501100,-14.5179900,    9.8132,
 2026-Dec-11 18:10:00, , , 149.083522283,  13.460290173,  149.452064223,  13.330560070,    34.031436322,     -11.751118156,       -276.348,      113.841, 292.399, 298.8606,    *,  1.489723,  4.87055168253840,-14.5176264,    9.8131,
 2026-Dec-11 18:11:00, , , 149.083518813,  13.460294985,  149.452060987,  13.330564812,    34.269909666,     -11.680557857,       -276.376,      113.851, 292.399, 298.8910,    *,  1.489724,  4.87054586021133,-14.5172644,    9.8131,
 2026-Dec-11 18:12:00, , , 149.083515368,  13.460299787,  149.452057776,  13.330569545,    34.508188324,     -11.609565453,       -276.404,      113.862, 292.399, 298.9213,    *,  1.489726,  4.87054003802915,-14.5169039,    9.8130,
 2026-Dec-11 18:13:00, , , 149.083511949,  13.460304578,  149.452054591,  13.330574267,    34.746271992,     -11.538142524,       -276.433,      113.872, 292.399, 298.9514,    *,  1.489728,  4.87053421599126,-14.5165449,    9.8129,
 2026-Dec-11 18:14:00, , , 149.083508554,  13.460309359,  149.452051432,  13.330578979,    34.984160385,     -11.466290655,       -276.461,      113.883, 292.399, 298.9814,    *,  1.489730,  4.87052839409706,-14.5161874,    9.8129,
 2026-Dec-11 18:15:00, , , 149.083505184,  13.460314130,  149.452048298,  13.330583681,    35.221853238,     -11.394011438,       -276.489,      113.893, 292.398, 299.0114,    *,  1.489732,  4.87052257234595,-14.5158315,    9.8128,
 2026-Dec-11 18:16:00, , , 149.083501840,  13.460318891,  149.452045190,  13.330588372,    35.459350303,     -11.321306467,       -276.517,      113.903, 292.398, 299.0412,    *,  1.489733,  4.87051675073732,-14.5154770,    9.8128,
 2026-Dec-11 18:17:00, , , 149.083498520,  13.460323641,  149.452042108,  13.330593053,    35.696651348,     -11.248177342,       -276.545,      113.914, 292.398, 299.0709,    *,  1.489735,  4.87051092927058,-14.5151240,    9.8127,
 2026-Dec-11 18:18:00, , , 149.083495225,  13.460328381,  149.452039052,  13.330597725,    35.933756162,     -11.174625666,       -276.573,      113.924, 292.398, 299.1005,    *,  1.489737,  4.87050510794515,-14.5147724,    9.8127,
 2026-Dec-11 18:19:00, , , 149.083491956,  13.460333111,  149.452036021,  13.330602385,    36.170664550,     -11.100653050,       -276.600,      113.934, 292.398, 299.1299,    *,  1.489739,  4.87049928676045,-14.5144223,    9.8126,
 2026-Dec-11 18:20:00, , , 149.083488711,  13.460337830,  149.452033016,  13.330607036,    36.407376337,     -11.026261106,       -276.628,      113.944, 292.397, 299.1593,    *,  1.489740,  4.87049346571590,-14.5140736,    9.8125,
 2026-Dec-11 18:21:00, , , 149.083485491,  13.460342539,  149.452030036,  13.330611676,    36.643891364,     -10.951451452,       -276.655,      113.954, 292.397, 299.1886,    *,  1.489742,  4.87048764481095,-14.5137262,    9.8125,
 2026-Dec-11 18:22:00, , , 149.083482297,  13.460347238,  149.452027082,  13.330616307,    36.880209489,     -10.876225709,       -276.683,      113.964, 292.397, 299.2177,    *,  1.489744,  4.87048182404503,-14.5133803,    9.8124,
 2026-Dec-11 18:23:00, , , 149.083479127,  13.460351927,  149.452024154,  13.330620926,    37.116330591,     -10.800585504,       -276.710,      113.974, 292.397, 299.2467,    *,  1.489746,  4.87047600341760,-14.5130358,    9.8124,
 2026-Dec-11 18:24:00, , , 149.083475982,  13.460356605,  149.452021251,  13.330625536,    37.352254564,     -10.724532466,       -276.737,      113.984, 292.397, 299.2757,    *,  1.489748,  4.87047018292809,-14.5126926,    9.8123,
 2026-Dec-11 18:25:00, , , 149.083472862,  13.460361272,  149.452018374,  13.330630135,    37.587981320,     -10.648068229,       -276.764,      113.994, 292.396, 299.3045,    *,  1.489749,  4.87046436257597,-14.5123507,    9.8122,
 2026-Dec-11 18:26:00, , , 149.083469767,  13.460365930,  149.452015522,  13.330634725,    37.823510792,     -10.571194430,       -276.791,      114.004, 292.396, 299.3332,    *,  1.489751,  4.87045854236069,-14.5120102,    9.8122,
 2026-Dec-11 18:27:00, , , 149.083466696,  13.460370577,  149.452012696,  13.330639303,    38.058842924,     -10.493912712,       -276.818,      114.014, 292.396, 299.3617,    *,  1.489753,  4.87045272228174,-14.5116710,    9.8121,
 2026-Dec-11 18:28:00, , , 149.083463651,  13.460375213,  149.452009896,  13.330643872,    38.293977684,     -10.416224720,       -276.845,      114.024, 292.396, 299.3902,    *,  1.489755,  4.87044690233859,-14.5113331,    9.8121,
 2026-Dec-11 18:29:00, , , 149.083460631,  13.460379840,  149.452007121,  13.330648430,    38.528915053,     -10.338132101,       -276.872,      114.034, 292.395, 299.4186,    *,  1.489756,  4.87044108253071,-14.5109965,    9.8120,
 2026-Dec-11 18:30:00, , , 149.083457635,  13.460384456,  149.452004371,  13.330652979,    38.763655033,     -10.259636509,       -276.898,      114.043, 292.395, 299.4468,    *,  1.489758,  4.87043526285759,-14.5106612,    9.8119,
 2026-Dec-11 18:31:00, , , 149.083454664,  13.460389061,  149.452001647,  13.330657516,    38.998197640,     -10.180739599,       -276.925,      114.053, 292.395, 299.4750,    *,  1.489760,  4.87042944331875,-14.5103271,    9.8119,
 2026-Dec-11 18:32:00, , , 149.083451718,  13.460393656,  149.451998948,  13.330662044,    39.232542909,     -10.101443031,       -276.951,      114.063, 292.395, 299.5030,    *,  1.489762,  4.87042362391364,-14.5099943,    9.8118,
 2026-Dec-11 18:33:00, , , 149.083448796,  13.460398241,  149.451996275,  13.330666561,    39.466690893,     -10.021748465,       -276.977,      114.072, 292.395, 299.5309,    *,  1.489764,  4.87041780464179,-14.5096626,    9.8118,
 2026-Dec-11 18:34:00, , , 149.083445900,  13.460402816,  149.451993627,  13.330671068,    39.700641661,      -9.941657570,       -277.003,      114.082, 292.394, 299.5587,    *,  1.489765,  4.87041198550271,-14.5093322,    9.8117,
 2026-Dec-11 18:35:00, , , 149.083443028,  13.460407380,  149.451991004,  13.330675565,    39.934395298,      -9.861172012,       -277.029,      114.091, 292.394, 299.5864,    *,  1.489767,  4.87040616649592,-14.5090030,    9.8117,
 2026-Dec-11 18:36:00, , , 149.083440181,  13.460411933,  149.451988407,  13.330680051,    40.167951908,      -9.780293463,       -277.055,      114.101, 292.394, 299.6140,    *,  1.489769,  4.87040034762095,-14.5086750,    9.8116,
 2026-Dec-11 18:37:00, , , 149.083437359,  13.460416477,  149.451985836,  13.330684527,    40.401311612,      -9.699023599,       -277.081,      114.110, 292.394, 299.6415,    *,  1.489771,  4.87039452887730,-14.5083482,    9.8115,
 2026-Dec-11 18:38:00, , , 149.083434561,  13.460421010,  149.451983289,  13.330688993,    40.634474546,      -9.617364097,       -277.107,      114.120, 292.394, 299.6688,    *,  1.489772,  4.87038871026452,-14.5080225,    9.8115,
 2026-Dec-11 18:39:00, , , 149.083431788,  13.460425532,  149.451980768,  13.330693449,    40.867440866,      -9.535316636,       -277.132,      114.129, 292.393, 299.6961,    *,  1.489774,  4.87038289178213,-14.5076980,    9.8114,
 2026-Dec-11 18:40:00, , , 149.083429040,  13.460430044,  149.451978272,  13.330697894,    41.100210740,      -9.452882901,       -277.158,      114.138, 292.393, 299.7232,    *,  1.489776,  4.87037707342972,-14.5073746,    9.8114,
 2026-Dec-11 18:41:00, , , 149.083426317,  13.460434546,  149.451975802,  13.330702329,    41.332784357,      -9.370064576,       -277.183,      114.148, 292.393, 299.7502,    *,  1.489778,  4.87037125520678,-14.5070523,    9.8113,
 2026-Dec-11 18:42:00, , , 149.083423618,  13.460439037,  149.451973357,  13.330706753,    41.565161921,      -9.286863350,       -277.209,      114.157, 292.393, 299.7771,    *,  1.489780,  4.87036543711292,-14.5067311,    9.8112,
 2026-Dec-11 18:43:00, , , 149.083420944,  13.460443518,  149.451970937,  13.330711168,    41.797343653,      -9.203280915,       -277.234,      114.166, 292.393, 299.8039,    *,  1.489781,  4.87035961914765,-14.5064110,    9.8112,
 2026-Dec-11 18:44:00, , , 149.083418294,  13.460447989,  149.451968542,  13.330715572,    42.029329789,      -9.119318962,       -277.259,      114.175, 292.392, 299.8306,    *,  1.489783,  4.87035380131059,-14.5060920,    9.8111,
 2026-Dec-11 18:45:00, , , 149.083415669,  13.460452449,  149.451966173,  13.330719965,    42.261120583,      -9.034979187,       -277.284,      114.184, 292.392, 299.8572,    *,  1.489785,  4.87034798360126,-14.5057740,    9.8111,
 2026-Dec-11 18:46:00, , , 149.083413069,  13.460456898,  149.451963829,  13.330724349,    42.492716306,      -8.950263289,       -277.309,      114.193, 292.392, 299.8837,    *,  1.489787,  4.87034216601925,-14.5054571,    9.8110,
 2026-Dec-11 18:47:00, , , 149.083410493,  13.460461337,  149.451961510,  13.330728722,    42.724117242,      -8.865172967,       -277.334,      114.202, 292.392, 299.9100,    *,  1.489789,  4.87033634856418,-14.5051412,    9.8109,
 2026-Dec-11 18:48:00, , , 149.083407942,  13.460465766,  149.451959216,  13.330733084,    42.955323694,      -8.779709924,       -277.358,      114.211, 292.391, 299.9363,    *,  1.489790,  4.87033053123560,-14.5048263,    9.8109,
 2026-Dec-11 18:49:00, , , 149.083405415,  13.460470184,  149.451956947,  13.330737437,    43.186335981,      -8.693875863,       -277.383,      114.220, 292.391, 299.9624,    *,  1.489792,  4.87032471403313,-14.5045124,    9.8108,
 2026-Dec-11 18:50:00, , , 149.083402913,  13.460474592,  149.451954704,  13.330741779,    43.417154437,      -8.607672491,       -277.407,      114.229, 292.391, 299.9884,    *,  1.489794,  4.87031889695634,-14.5041996,    9.8108,
 2026-Dec-11 18:51:00, , , 149.083400436,  13.460478990,  149.451952485,  13.330746110,    43.647779412,      -8.521101517,       -277.432,      114.238, 292.391, 300.0143,    *,  1.489796,  4.87031308000485,-14.5038877,    9.8107,
 2026-Dec-11 18:52:00, , , 149.083397983,  13.460483377,  149.451950292,  13.330750432,    43.878211274,      -8.434164649,       -277.456,      114.247, 292.391, 300.0401,    *,  1.489797,  4.87030726317826,-14.5035768,    9.8107,
 2026-Dec-11 18:53:00, , , 149.083395554,  13.460487753,  149.451948124,  13.330754743,    44.108450402,      -8.346863600,       -277.480,      114.256, 292.390, 300.0658,    *,  1.489799,  4.87030144647621,-14.5032668,    9.8106,
 2026-Dec-11 18:54:00, , , 149.083393150,  13.460492119,  149.451945981,  13.330759043,    44.338497195,      -8.259200083,       -277.504,      114.264, 292.390, 300.0914,    *,  1.489801,  4.87029562989830,-14.5029578,    9.8105,
 2026-Dec-11 18:55:00, , , 149.083390771,  13.460496475,  149.451943863,  13.330763334,    44.568352068,      -8.171175814,       -277.528,      114.273, 292.390, 300.1168,    *,  1.489803,  4.87028981344416,-14.5026497,    9.8105,
 2026-Dec-11 18:56:00, , , 149.083388416,  13.460500820,  149.451941770,  13.330767613,    44.798015447,      -8.082792510,       -277.552,      114.282, 292.390, 300.1422,    *,  1.489805,  4.87028399711342,-14.5023425,    9.8104,
 2026-Dec-11 18:57:00, , , 149.083386085,  13.460505155,  149.451939702,  13.330771883,    45.027487779,      -7.994051889,       -277.576,      114.290, 292.390, 300.1674,    *,  1.489806,  4.87027818090571,-14.5020362,    9.8104,
 2026-Dec-11 18:58:00, , , 149.083383779,  13.460509479,  149.451937659,  13.330776142,    45.256769522,      -7.904955670,       -277.600,      114.299, 292.389, 300.1926,    *,  1.489808,  4.87027236482069,-14.5017308,    9.8103,
 2026-Dec-11 18:59:00, , , 149.083381498,  13.460513792,  149.451935642,  13.330780391,    45.485861152,      -7.815505575,       -277.623,      114.307, 292.389, 300.2176,    *,  1.489810,  4.87026654885799,-14.5014262,    9.8102,
 2026-Dec-11 19:00:00, , , 149.083379241,  13.460518096,  149.451933649,  13.330784629,    45.714763160,      -7.725703327,       -277.647,      114.316, 292.389, 300.2425,    *,  1.489812,  4.87026073301725,-14.5011226,    9.8102,
 2026-Dec-11 19:01:00, , , 149.083377008,  13.460522388,  149.451931681,  13.330788857,    45.943476049,      -7.635550649,       -277.670,      114.324, 292.389, 300.2673,    *,  1.489813,  4.87025491729817,-14.5008197,    9.8101,
 2026-Dec-11 19:02:00, , , 149.083374800,  13.460526670,  149.451929738,  13.330793075,    46.172000342,      -7.545049267,       -277.693,      114.332, 292.388, 300.2919,    *,  1.489815,  4.87024910170039,-14.5005178,    9.8101,
 2026-Dec-11 19:03:00, , , 149.083372616,  13.460530942,  149.451927820,  13.330797282,    46.400336573,      -7.454200908,       -277.716,      114.341, 292.388, 300.3165,    *,  1.489817,  4.87024328622355,-14.5002166,    9.8100,
 2026-Dec-11 19:04:00, , , 149.083370456,  13.460535203,  149.451925927,  13.330801479,    46.628485293,      -7.363007298,       -277.739,      114.349, 292.388, 300.3410,    *,  1.489819,  4.87023747086736,-14.4999163,    9.8100,
 2026-Dec-11 19:05:00, , , 149.083368321,  13.460539454,  149.451924059,  13.330805666,    46.856447068,      -7.271470166,       -277.762,      114.357, 292.388, 300.3653,    *,  1.489821,  4.87023165563147,-14.4996167,    9.8099,
 2026-Dec-11 19:06:00, , , 149.083366210,  13.460543694,  149.451922216,  13.330809842,    47.084222475,      -7.179591242,       -277.785,      114.365, 292.388, 300.3895,    *,  1.489822,  4.87022584051558,-14.4993179,    9.8098,
 2026-Dec-11 19:07:00, , , 149.083364123,  13.460547924,  149.451920398,  13.330814008,    47.311812113,      -7.087372256,       -277.808,      114.374, 292.387, 300.4137,    *,  1.489824,  4.87022002551937,-14.4990199,    9.8098,
 2026-Dec-11 19:08:00, , , 149.083362061,  13.460552143,  149.451918605,  13.330818163,    47.539216588,      -6.994814940,       -277.830,      114.382, 292.387, 300.4377,    *,  1.489826,  4.87021421064255,-14.4987227,    9.8097,
 2026-Dec-11 19:09:00, , , 149.083360023,  13.460556352,  149.451916836,  13.330822308,    47.766436525,      -6.901921027,       -277.853,      114.390, 292.387, 300.4616,    *,  1.489828,  4.87020839588479,-14.4984262,    9.8097,
 2026-Dec-11 19:10:00, , , 149.083358010,  13.460560550,  149.451915092,  13.330826442,    47.993472561,      -6.808692249,       -277.875,      114.398, 292.387, 300.4853,    *,  1.489829,  4.87020258124580,-14.4981305,    9.8096,
 2026-Dec-11 19:11:00, , , 149.083356021,  13.460564737,  149.451913374,  13.330830566,    48.220325349,      -6.715130340,       -277.898,      114.406, 292.387, 300.5090,    *,  1.489831,  4.87019676672530,-14.4978355,    9.8095,
 2026-Dec-11 19:12:00, , , 149.083354056,  13.460568914,  149.451911680,  13.330834680,    48.446995557,      -6.621237035,       -277.920,      114.414, 292.386, 300.5326,    *,  1.489833,  4.87019095232298,-14.4975412,    9.8095,
 2026-Dec-11 19:13:00, , , 149.083352115,  13.460573081,  149.451910010,  13.330838783,    48.673483863,      -6.527014069,       -277.942,      114.422, 292.386, 300.5560,    *,  1.489835,  4.87018513803858,-14.4972476,    9.8094,
 2026-Dec-11 19:14:00, , , 149.083350198,  13.460577236,  149.451908366,  13.330842876,    48.899790964,      -6.432463178,       -277.964,      114.430, 292.386, 300.5793,    *,  1.489837,  4.87017932387181,-14.4969546,    9.8094,
 2026-Dec-11 19:15:00, , , 149.083348306,  13.460581382,  149.451906746,  13.330846958,    49.125917567,      -6.337586099,       -277.986,      114.437, 292.386, 300.6026,    *,  1.489838,  4.87017350982240,-14.4966624,    9.8093,
 2026-Dec-11 19:16:00, , , 149.083346438,  13.460585517,  149.451905152,  13.330851030,    49.351864396,      -6.242384569,       -278.008,      114.445, 292.386, 300.6257,    *,  1.489840,  4.87016769589008,-14.4963708,    9.8092,
 2026-Dec-11 19:17:00, , , 149.083344595,  13.460589641,  149.451903581,  13.330855092,    49.577632187,      -6.146860324,       -278.029,      114.453, 292.385, 300.6487,    *,  1.489842,  4.87016188207458,-14.4960799,    9.8092,
 2026-Dec-11 19:18:00, , , 149.083342775,  13.460593754,  149.451902036,  13.330859143,    49.803221691,      -6.051015103,       -278.051,      114.461, 292.385, 300.6716,    *,  1.489844,  4.87015606837563,-14.4957896,    9.8091,
 2026-Dec-11 19:19:00, , , 149.083340980,  13.460597857,  149.451900515,  13.330863183,    50.028633671,      -5.954850644,       -278.072,      114.468, 292.385, 300.6943,    *,  1.489845,  4.87015025479300,-14.4954999,    9.8091,
 2026-Dec-11 19:20:00, , , 149.083339209,  13.460601950,  149.451899019,  13.330867213,    50.253868904,      -5.858368686,       -278.094,      114.476, 292.385, 300.7170,    *,  1.489847,  4.87014444132644,-14.4952109,    9.8090,
 2026-Dec-11 19:21:00, , , 149.083337462,  13.460606032,  149.451897548,  13.330871233,    50.478928182,      -5.761570967,       -278.115,      114.483, 292.385, 300.7396,    *,  1.489849,  4.87013862797570,-14.4949224,    9.8089,
 2026-Dec-11 19:22:00, , , 149.083335739,  13.460610103,  149.451896102,  13.330875242,    50.703812309,      -5.664459227,       -278.136,      114.491, 292.384, 300.7620,    *,  1.489851,  4.87013281474053,-14.4946346,    9.8089,
 2026-Dec-11 19:23:00, , , 149.083334040,  13.460614164,  149.451894680,  13.330879241,    50.928522102,      -5.567035205,       -278.157,      114.498, 292.384, 300.7843,    *,  1.489853,  4.87012700162069,-14.4943473,    9.8088,
 2026-Dec-11 19:24:00, , , 149.083332366,  13.460618214,  149.451893282,  13.330883229,    51.153058392,      -5.469300641,       -278.178,      114.506, 292.384, 300.8065,    *,  1.489854,  4.87012118861595,-14.4940607,    9.8088,
 2026-Dec-11 19:25:00, , , 149.083330715,  13.460622254,  149.451891910,  13.330887207,    51.377422023,      -5.371257274,       -278.199,      114.513, 292.384, 300.8287,    *,  1.489856,  4.87011537572612,-14.4937745,    9.8087,
 2026-Dec-11 19:26:00, , , 149.083329089,  13.460626283,  149.451890562,  13.330891174,    51.601613853,      -5.272906844,       -278.220,      114.521, 292.383, 300.8506,    *,  1.489858,  4.87010956295093,-14.4934889,    9.8087,
 2026-Dec-11 19:27:00, , , 149.083327487,  13.460630301,  149.451889238,  13.330895131,    51.825634749,      -5.174251092,       -278.241,      114.528, 292.383, 300.8725,    *,  1.489860,  4.87010375029017,-14.4932039,    9.8086,
 2026-Dec-11 19:28:00, , , 149.083325909,  13.460634309,  149.451887939,  13.330899077,    52.049485597,      -5.075291756,       -278.261,      114.535, 292.383, 300.8943,    *,  1.489861,  4.87009793774365,-14.4929194,    9.8085,
 2026-Dec-11 19:29:00, , , 149.083324355,  13.460638306,  149.451886665,  13.330903013,    52.273167292,      -4.976030577,       -278.282,      114.542, 292.383, 300.9159,    *,  1.489863,  4.87009212531115,-14.4926354,    9.8085,
 2026-Dec-11 19:30:00, , , 149.083322825,  13.460642292,  149.451885415,  13.330906939,    52.496680741,      -4.876469295,       -278.302,      114.550, 292.383, 300.9375,    *,  1.489865,  4.87008631299245,-14.4923519,    9.8084,
 2026-Dec-11 19:31:00, , , 149.083321320,  13.460646268,  149.451884190,  13.330910854,    52.720026866,      -4.776609649,       -278.322,      114.557, 292.382, 300.9589,    *,  1.489867,  4.87008050078735,-14.4920689,    9.8084,
 2026-Dec-11 19:32:00, , , 149.083319838,  13.460650233,  149.451882989,  13.330914758,    52.943206600,      -4.676453379,       -278.342,      114.564, 292.382, 300.9802,    *,  1.489869,  4.87007468869570,-14.4917864,    9.8083,
 2026-Dec-11 19:33:00, , , 149.083318380,  13.460654188,  149.451881813,  13.330918652,    53.166220889,      -4.576002225,       -278.362,      114.571, 292.382, 301.0014,    *,  1.489870,  4.87006887671726,-14.4915043,    9.8082,
 2026-Dec-11 19:34:00, , , 149.083316947,  13.460658132,  149.451880662,  13.330922535,    53.389070692,      -4.475257925,       -278.382,      114.578, 292.382, 301.0225,    *,  1.489872,  4.87006306485186,-14.4912227,    9.8082,
 2026-Dec-11 19:35:00, , , 149.083315537,  13.460662065,  149.451879535,  13.330926408,    53.611756980,      -4.374222220,       -278.402,      114.585, 292.382, 301.0435,    *,  1.489874,  4.87005725309931,-14.4909416,    9.8081,
 2026-Dec-11 19:36:00, , , 149.083314151,  13.460665988,  149.451878432,  13.330930270,    53.834280735,      -4.272896848,       -278.422,      114.592, 292.381, 301.0644,    *,  1.489876,  4.87005144145945,-14.4906609,    9.8081,
 2026-Dec-11 19:37:00, , , 149.083312790,  13.460669900,  149.451877354,  13.330934122,    54.056642953,      -4.171283547,       -278.441,      114.599, 292.381, 301.0852,    *,  1.489877,  4.87004562993206,-14.4903806,    9.8080,
 2026-Dec-11 19:38:00, , , 149.083311452,  13.460673801,  149.451876300,  13.330937963,    54.278844640,      -4.069384056,       -278.461,      114.605, 292.381, 301.1058,    *,  1.489879,  4.87003981851703,-14.4901008,    9.8079,
 2026-Dec-11 19:39:00, , , 149.083310139,  13.460677692,  149.451875271,  13.330941794,    54.500886816,      -3.967200113,       -278.480,      114.612, 292.381, 301.1263,    *,  1.489881,  4.87003400721416,-14.4898214,    9.8079,
 2026-Dec-11 19:40:00, , , 149.083308849,  13.460681572,  149.451874266,  13.330945614,    54.722770512,      -3.864733456,       -278.500,      114.619, 292.381, 301.1468,    *,  1.489883,  4.87002819602329,-14.4895423,    9.8078,
 2026-Dec-11 19:41:00, , , 149.083307583,  13.460685441,  149.451873286,  13.330949424,    54.944496771,      -3.761985823,       -278.519,      114.626, 292.380, 301.1671,    *,  1.489885,  4.87002238494427,-14.4892637,    9.8078,
 2026-Dec-11 19:42:00, , , 149.083306342,  13.460689299,  149.451872329,  13.330953223,    55.166066647,      -3.658958949,       -278.538,      114.632, 292.380, 301.1873,    *,  1.489886,  4.87001657397693,-14.4889854,    9.8077,
 2026-Dec-11 19:43:00, , , 149.083305124,  13.460693147,  149.451871398,  13.330957012,    55.387481208,      -3.555654572,       -278.557,      114.639, 292.380, 301.2074,    *,  1.489888,  4.87001076312114,-14.4887075,    9.8077,
 2026-Dec-11 19:44:00, , , 149.083303930,  13.460696985,  149.451870491,  13.330960790,    55.608741530,      -3.452074427,       -278.576,      114.646, 292.380, 301.2273,    *,  1.489890,  4.87000495237675,-14.4884299,    9.8076,
 2026-Dec-11 19:45:00, , , 149.083302760,  13.460700811,  149.451869608,  13.330964557,    55.829848703,      -3.348220251,       -278.595,      114.652, 292.379, 301.2472,    *,  1.489892,  4.86999914174361,-14.4881527,    9.8075,
 2026-Dec-11 19:46:00, , , 149.083301614,  13.460704627,  149.451868749,  13.330968314,    56.050803829,      -3.244093778,       -278.613,      114.659, 292.379, 301.2669,    *,  1.489893,  4.86999333122158,-14.4878759,    9.8075,
 2026-Dec-11 19:47:00, , , 149.083300492,  13.460708432,  149.451867915,  13.330972060,    56.271608018,      -3.139696743,       -278.632,      114.665, 292.379, 301.2866,    *,  1.489895,  4.86998752081056,-14.4875994,    9.8074,
 2026-Dec-11 19:48:00, , , 149.083299394,  13.460712227,  149.451867105,  13.330975796,    56.492262396,      -3.035030881,       -278.650,      114.671, 292.379, 301.3061,    *,  1.489897,  4.86998171051037,-14.4873231,    9.8074,
 2026-Dec-11 19:49:00, , , 149.083298320,  13.460716010,  149.451866319,  13.330979521,    56.712768096,      -2.930097924,       -278.669,      114.678, 292.379, 301.3255,    *,  1.489899,  4.86997590032092,-14.4870472,    9.8073,
 2026-Dec-11 19:50:00, , , 149.083297269,  13.460719783,  149.451865558,  13.330983236,    56.933126265,      -2.824899607,       -278.687,      114.684, 292.378, 301.3448,    *,  1.489901,  4.86997009024206,-14.4867716,    9.8072,
 2026-Dec-11 19:51:00, , , 149.083296243,  13.460723546,  149.451864821,  13.330986940,    57.153338061,      -2.719437660,       -278.705,      114.690, 292.378, 301.3640,    *,  1.489902,  4.86996428027370,-14.4864963,    9.8072,
 2026-Dec-11 19:52:00, , , 149.083295240,  13.460727297,  149.451864108,  13.330990633,    57.373404649,      -2.613713816,       -278.723,      114.697, 292.378, 301.3831,    *,  1.489904,  4.86995847041572,-14.4862213,    9.8071,
 2026-Dec-11 19:53:00, , , 149.083294262,  13.460731038,  149.451863420,  13.330994316,    57.593327209,      -2.507729807,       -278.741,      114.703, 292.378, 301.4021,    *,  1.489906,  4.86995266066801,-14.4859465,    9.8071,
 2026-Dec-11 19:54:00, , , 149.083293307,  13.460734768,  149.451862756,  13.330997988,    57.813106932,      -2.401487363,       -278.759,      114.709, 292.378, 301.4209,    *,  1.489908,  4.86994685103044,-14.4856720,    9.8070,
 2026-Dec-11 19:55:00, , , 149.083292375,  13.460738488,  149.451862116,  13.331001650,    58.032745018,      -2.294988213,       -278.777,      114.715, 292.377, 301.4396,    *,  1.489909,  4.86994104150294,-14.4853977,    9.8069,
 2026-Dec-11 19:56:00, , , 149.083291468,  13.460742196,  149.451861500,  13.331005301,    58.252242677,      -2.188234088,       -278.794,      114.721, 292.377, 301.4583,    *,  1.489911,  4.86993523208538,-14.4851237,    9.8069,
 2026-Dec-11 19:57:00, , , 149.083290585,  13.460745894,  149.451860908,  13.331008942,    58.471601133,      -2.081226715,       -278.812,      114.727, 292.377, 301.4768,    *,  1.489913,  4.86992942277767,-14.4848500,    9.8068,
 2026-Dec-11 19:58:00, , , 149.083289725,  13.460749581,  149.451860341,  13.331012571,    58.690821617,      -1.973967823,       -278.829,      114.733, 292.377, 301.4952,    *,  1.489915,  4.86992361357974,-14.4845764,    9.8068,
 2026-Dec-11 19:59:00, , , 149.083288889,  13.460753257,  149.451859798,  13.331016191,    58.909905372,      -1.866459138,       -278.847,      114.739, 292.377, 301.5135,    *,  1.489917,  4.86991780449149,-14.4843031,    9.8067,
 2026-Dec-11 20:00:00, , , 149.083288077,  13.460756923,  149.451859279,  13.331019799,    59.128853650,      -1.758702389,       -278.864,      114.745, 292.376, 301.5317,    *,  1.489918,  4.86991199551284,-14.4840299,    9.8067,
 2026-Dec-11 20:01:00, , , 149.083287289,  13.460760578,  149.451858784,  13.331023397,    59.347667717,      -1.650699299,       -278.881,      114.751, 292.376, 301.5497,    *,  1.489920,  4.86990618664370,-14.4837570,    9.8066,
 2026-Dec-11 20:02:00, , , 149.083286524,  13.460764222,  149.451858313,  13.331026984,    59.566348847,      -1.542451594,       -278.898,      114.757, 292.376, 301.5677,    *,  1.489922,  4.86990037788399,-14.4834843,    9.8065,
 2026-Dec-11 20:03:00, , , 149.083285784,  13.460767855,  149.451857867,  13.331030561,    59.784898322,      -1.433960999,       -278.915,      114.762, 292.376, 301.5855,    *,  1.489924,  4.86989456923363,-14.4832117,    9.8065,
 2026-Dec-11 20:04:00, , , 149.083285067,  13.460771477,  149.451857444,  13.331034127,    60.003317438,      -1.325229237,       -278.932,      114.768, 292.375, 301.6033,    *,  1.489925,  4.86988876069257,-14.4829393,    9.8064,
 2026-Dec-11 20:05:00, , , 149.083284373,  13.460775089,  149.451857046,  13.331037683,    60.221607499,      -1.216258031,       -278.949,      114.774, 292.375, 301.6209,    *,  1.489927,  4.86988295226074,-14.4826671,    9.8064,
 2026-Dec-11 20:06:00, , , 149.083283704,  13.460778690,  149.451856672,  13.331041227,    60.439769819,      -1.107049103,       -278.965,      114.780, 292.375, 301.6384,    *,  1.489929,  4.86987714393806,-14.4823950,    9.8063,
 2026-Dec-11 20:07:00, , , 149.083283058,  13.460782280,  149.451856322,  13.331044761,    60.657805722,      -0.997604175,       -278.982,      114.785, 292.375, 301.6558,    *,  1.489931,  4.86987133572448,-14.4821231,    9.8062,
 2026-Dec-11 20:08:00, , , 149.083282436,  13.460785859,  149.451855996,  13.331048285,    60.875716544,      -0.887924966,       -278.998,      114.791, 292.375, 301.6731,    *,  1.489933,  4.86986552761995,-14.4818513,    9.8062,
 2026-Dec-11 20:09:00, , , 149.083281838,  13.460789428,  149.451855694,  13.331051798,    61.093503627,      -0.778013197,       -279.014,      114.796, 292.374, 301.6902,    *,  1.489934,  4.86985971962440,-14.4815796,    9.8061,
 2026-Dec-11 20:10:00, , , 149.083281263,  13.460792985,  149.451855416,  13.331055300,    61.311168327,      -0.667870586,       -279.031,      114.802, 292.374, 301.7073,    *,  1.489936,  4.86985391173777,-14.4813081,    9.8061,
 2026-Dec-11 20:11:00, ,r, 149.083280712,  13.460796532,  149.451855162,  13.331058791,    61.528712006,      -0.557498852,       -279.047,      114.807, 292.374, 301.7242,    *,  1.489938,  4.86984810396005,-14.4810367,    9.8060,
 2026-Dec-11 20:12:00, , , 149.083280185,  13.460800068,  149.451854932,  13.331062272,    61.746136037,      -0.446899713,       -279.063,      114.812, 292.374, 301.7411,    *,  1.489940,  4.86984229629118,-14.4807653,    9.8059,
 2026-Dec-11 20:13:00, , , 149.083279681,  13.460803593,  149.451854726,  13.331065742,    61.963441804,      -0.336074884,       -279.079,      114.818, 292.374, 301.7578,    *,  1.489941,  4.86983648873110,-14.4804941,    9.8059,
 2026-Dec-11 20:14:00, , , 149.083279202,  13.460807108,  149.451854544,  13.331069201,    62.180630698,      -0.225026081,       -279.094,      114.823, 292.373, 301.7744,    *,  1.489943,  4.86983068127981,-14.4802230,    9.8058,
 2026-Dec-11 20:15:00, , , 149.083278745,  13.460810611,  149.451854387,  13.331072650,    62.397704121,      -0.113755020,       -279.110,      114.828, 292.373, 301.7909,    *,  1.489945,  4.86982487393723,-14.4799519,    9.8058,
 2026-Dec-11 20:16:00, , , 149.083278313,  13.460814104,  149.451854253,  13.331076088,    62.614663484,      -0.002263415,       -279.126,      114.834, 292.373, 301.8073,    *,  1.489947,  4.86981906670335,-14.4796810,    9.8057,
 2026-Dec-11 20:17:00, , , 149.083277904,  13.460817585,  149.451854143,  13.331079515,    62.831510209,       0.109447021,       -279.141,      114.839, 292.373, 301.8235,    *,  1.489949,  4.86981325957816,-14.4794101,    9.8056,
 2026-Dec-11 20:18:00, , , 149.083277519,  13.460821056,  149.451854057,  13.331082932,    63.048245723,       0.221374575,       -279.156,      114.844, 292.373, 301.8397,    *,  1.489950,  4.86980745256161,-14.4791392,    9.8056,
 2026-Dec-11 20:19:00, , , 149.083277157,  13.460824516,  149.451853995,  13.331086338,    63.264871466,       0.333517535,       -279.172,      114.849, 292.372, 301.8557,    *,  1.489952,  4.86980164565370,-14.4788684,    9.8055,
 2026-Dec-11 20:20:00, , , 149.083276819,  13.460827966,  149.451853957,  13.331089733,    63.481388888,       0.445874192,       -279.187,      114.854, 292.372, 301.8717,    *,  1.489954,  4.86979583885439,-14.4785976,    9.8055,
 2026-Dec-11 20:21:00, , , 149.083276505,  13.460831404,  149.451853944,  13.331093117,    63.697799443,       0.558442832,       -279.202,      114.859, 292.372, 301.8875,    *,  1.489956,  4.86979003216366,-14.4783269,    9.8054,
 2026-Dec-11 20:22:00, , , 149.083276214,  13.460834831,  149.451853953,  13.331096491,    63.914104598,       0.671221749,       -279.217,      114.864, 292.372, 301.9032,    *,  1.489957,  4.86978422558152,-14.4780562,    9.8054,
 2026-Dec-11 20:23:00, , , 149.083275947,  13.460838248,  149.451853987,  13.331099854,    64.130305831,       0.784209232,       -279.232,      114.869, 292.372, 301.9188,    *,  1.489959,  4.86977841910793,-14.4777856,    9.8053,
 2026-Dec-11 20:24:00, , , 149.083275704,  13.460841654,  149.451854045,  13.331103206,    64.346404623,       0.897403575,       -279.246,      114.874, 292.371, 301.9343,    *,  1.489961,  4.86977261274291,-14.4775149,    9.8052,
 2026-Dec-11 20:25:00, , , 149.083275484,  13.460845049,  149.451854127,  13.331106548,    64.562402468,       1.010803069,       -279.261,      114.879, 292.371, 301.9496,    *,  1.489963,  4.86976680648646,-14.4772443,    9.8052,
 2026-Dec-11 20:26:00, , , 149.083275288,  13.460848432,  149.451854232,  13.331109879,    64.778300868,       1.124406009,       -279.276,      114.883, 292.371, 301.9649,    *,  1.489965,  4.86976100033855,-14.4769736,    9.8051,
 2026-Dec-11 20:27:00, , , 149.083275115,  13.460851805,  149.451854362,  13.331113199,    64.994101334,       1.238210689,       -279.290,      114.888, 292.371, 301.9800,    *,  1.489966,  4.86975519429920,-14.4767030,    9.8051,
 2026-Dec-11 20:28:00, , , 149.083274966,  13.460855168,  149.451854515,  13.331116508,    65.209805383,       1.352215403,       -279.304,      114.893, 292.370, 301.9951,    *,  1.489968,  4.86974938836840,-14.4764323,    9.8050,
 2026-Dec-11 20:29:00, , , 149.083274840,  13.460858519,  149.451854692,  13.331119807,    65.425414547,       1.466418448,       -279.319,      114.897, 292.370, 302.0100,    *,  1.489970,  4.86974358254617,-14.4761616,    9.8049,
 2026-Dec-11 20:30:00, , , 149.083274738,  13.460861859,  149.451854893,  13.331123095,    65.640930360,       1.580818121,       -279.333,      114.902, 292.370, 302.0248,    *,  1.489972,  4.86973777683252,-14.4758909,    9.8049,
 2026-Dec-11 20:31:00, , , 149.083274660,  13.460865188,  149.451855118,  13.331126372,    65.856354367,       1.695412718,       -279.347,      114.907, 292.370, 302.0395,    *,  1.489973,  4.86973197122745,-14.4756202,    9.8048,
 2026-Dec-11 20:32:00, , , 149.083274605,  13.460868507,  149.451855367,  13.331129638,    66.071688123,       1.810200538,       -279.361,      114.911, 292.370, 302.0541,    *,  1.489975,  4.86972616573098,-14.4753494,    9.8048,
 2026-Dec-11 20:33:00, , , 149.083274574,  13.460871814,  149.451855639,  13.331132893,    66.286933189,       1.925179880,       -279.374,      114.916, 292.369, 302.0685,    *,  1.489977,  4.86972036034313,-14.4750786,    9.8047,
 2026-Dec-11 20:34:00, , , 149.083274566,  13.460875111,  149.451855935,  13.331136138,    66.502091137,       2.040349042,       -279.388,      114.920, 292.369, 302.0829,    *,  1.489979,  4.86971455506393,-14.4748077,    9.8046,
 2026-Dec-11 20:35:00, , , 149.083274582,  13.460878396,  149.451856255,  13.331139372,    66.717163546,       2.155706326,       -279.402,      114.925, 292.369, 302.0971,    *,  1.489981,  4.86970874989338,-14.4745367,    9.8046,
 2026-Dec-11 20:36:00, , , 149.083274621,  13.460881671,  149.451856599,  13.331142595,    66.932152002,       2.271250032,       -279.415,      114.929, 292.369, 302.1113,    *,  1.489982,  4.86970294483150,-14.4742657,    9.8045,
 2026-Dec-11 20:37:00, , , 149.083274684,  13.460884935,  149.451856967,  13.331145807,    67.147058102,       2.386978460,       -279.429,      114.933, 292.369, 302.1253,    *,  1.489984,  4.86969713987834,-14.4739946,    9.8045,
 2026-Dec-11 20:38:00, , , 149.083274770,  13.460888188,  149.451857358,  13.331149009,    67.361883449,       2.502889914,       -279.442,      114.937, 292.368, 302.1392,    *,  1.489986,  4.86969133503393,-14.4737235,    9.8044,
 2026-Dec-11 20:39:00, , , 149.083274880,  13.460891430,  149.451857773,  13.331152200,    67.576629655,       2.618982696,       -279.455,      114.942, 292.368, 302.1530,    *,  1.489988,  4.86968553029829,-14.4734522,    9.8044,
 2026-Dec-11 20:40:00, , , 149.083275013,  13.460894660,  149.451858212,  13.331155380,    67.791298341,       2.735255109,       -279.468,      114.946, 292.368, 302.1667,    *,  1.489989,  4.86967972567146,-14.4731809,    9.8043,
 2026-Dec-11 20:41:00, , , 149.083275170,  13.460897880,  149.451858675,  13.331158549,    68.005891135,       2.851705458,       -279.481,      114.950, 292.368, 302.1803,    *,  1.489991,  4.86967392115349,-14.4729095,    9.8042,
 2026-Dec-11 20:42:00, , , 149.083275351,  13.460901089,  149.451859161,  13.331161707,    68.220409675,       2.968332047,       -279.494,      114.954, 292.368, 302.1937,    *,  1.489993,  4.86966811674437,-14.4726380,    9.8042,
 2026-Dec-11 20:43:00, , , 149.083275554,  13.460904287,  149.451859672,  13.331164855,    68.434855601,       3.085133181,       -279.507,      114.958, 292.367, 302.2071,    *,  1.489995,  4.86966231244420,-14.4723663,    9.8041,
 2026-Dec-11 20:44:00, , , 149.083275782,  13.460907474,  149.451860205,  13.331167991,    68.649230570,       3.202107165,       -279.519,      114.962, 292.367, 302.2203,    *,  1.489997,  4.86965650825299,-14.4720946,    9.8041,
 2026-Dec-11 20:45:00, , , 149.083276033,  13.460910650,  149.451860763,  13.331171117,    68.863536241,       3.319252307,       -279.532,      114.966, 292.367, 302.2334,    *,  1.489998,  4.86965070417080,-14.4718227,    9.8040,
 2026-Dec-11 20:46:00, , , 149.083276307,  13.460913815,  149.451861344,  13.331174232,    69.077774282,       3.436566911,       -279.544,      114.970, 292.367, 302.2464,    *,  1.490000,  4.86964490019768,-14.4715508,    9.8039,
 2026-Dec-11 20:47:00, , , 149.083276605,  13.460916969,  149.451861949,  13.331177336,    69.291946368,       3.554049287,       -279.557,      114.974, 292.367, 302.2593,    *,  1.490002,  4.86963909633367,-14.4712786,    9.8039,
 2026-Dec-11 20:48:00, , , 149.083276926,  13.460920112,  149.451862578,  13.331180429,    69.506054186,       3.671697742,       -279.569,      114.978, 292.366, 302.2721,    *,  1.490004,  4.86963329257881,-14.4710064,    9.8038,
 2026-Dec-11 20:49:00, , , 149.083277270,  13.460923244,  149.451863230,  13.331183512,    69.720099425,       3.789510583,       -279.581,      114.982, 292.366, 302.2848,    *,  1.490005,  4.86962748893319,-14.4707340,    9.8038,
 2026-Dec-11 20:50:00, , , 149.083277639,  13.460926365,  149.451863906,  13.331186584,    69.934083785,       3.907486119,       -279.593,      114.985, 292.366, 302.2973,    *,  1.490007,  4.86962168539684,-14.4704615,    9.8037,
 2026-Dec-11 20:51:00, , , 149.083278030,  13.460929475,  149.451864605,  13.331189644,    70.148008974,       4.025622660,       -279.605,      114.989, 292.366, 302.3098,    *,  1.490009,  4.86961588196984,-14.4701888,    9.8036,
 2026-Dec-11 20:52:00, , , 149.083278445,  13.460932574,  149.451865329,  13.331192694,    70.361876707,       4.143918515,       -279.617,      114.993, 292.365, 302.3221,    *,  1.490011,  4.86961007865223,-14.4699160,    9.8036,
 2026-Dec-11 20:53:00, , , 149.083278884,  13.460935661,  149.451866075,  13.331195733,    70.575688705,       4.262371993,       -279.629,      114.996, 292.365, 302.3343,    *,  1.490012,  4.86960427544408,-14.4696430,    9.8035,
 2026-Dec-11 20:54:00, , , 149.083279346,  13.460938738,  149.451866846,  13.331198761,    70.789446700,       4.380981406,       -279.640,      115.000, 292.365, 302.3464,    *,  1.490014,  4.86959847234545,-14.4693698,    9.8035,
 2026-Dec-11 20:55:00, , , 149.083279831,  13.460941804,  149.451867640,  13.331201779,    71.003152429,       4.499745063,       -279.652,      115.004, 292.365, 302.3584,    *,  1.490016,  4.86959266935641,-14.4690965,    9.8034,
 2026-Dec-11 20:56:00, , , 149.083280340,  13.460944859,  149.451868458,  13.331204785,    71.216807638,       4.618661276,       -279.663,      115.007, 292.365, 302.3703,    *,  1.490018,  4.86958686647704,-14.4688230,    9.8033,
 2026-Dec-11 20:57:00, , , 149.083280872,  13.460947902,  149.451869299,  13.331207780,    71.430414078,       4.737728355,       -279.675,      115.010, 292.364, 302.3821,    *,  1.490020,  4.86958106370739,-14.4685493,    9.8033,
 2026-Dec-11 20:58:00, , , 149.083281428,  13.460950935,  149.451870164,  13.331210765,    71.643973509,       4.856944612,       -279.686,      115.014, 292.364, 302.3937,    *,  1.490021,  4.86957526104756,-14.4682755,    9.8032,
 2026-Dec-11 20:59:00, , , 149.083282007,  13.460953957,  149.451871052,  13.331213739,    71.857487701,       4.976308360,       -279.697,      115.017, 292.364, 302.4053,    *,  1.490023,  4.86956945849759,-14.4680014,    9.8032,
 2026-Dec-11 21:00:00, , , 149.083282609,  13.460956967,  149.451871965,  13.331216701,    72.070958428,       5.095817909,       -279.708,      115.021, 292.364, 302.4167,    *,  1.490025,  4.86956365605758,-14.4677272,    9.8031,
 2026-Dec-11 21:01:00, , , 149.083283235,  13.460959966,  149.451872900,  13.331219653,    72.284387472,       5.215471572,       -279.719,      115.024, 292.364, 302.4280,    *,  1.490027,  4.86955785372758,-14.4674528,    9.8030,
 2026-Dec-11 21:02:00, , , 149.083283884,  13.460962955,  149.451873859,  13.331222594,    72.497776623,       5.335267661,       -279.729,      115.027, 292.363, 302.4392,    *,  1.490028,  4.86955205150771,-14.4671782,    9.8030,
 2026-Dec-11 21:03:00, , , 149.083284557,  13.460965932,  149.451874842,  13.331225524,    72.711127678,       5.455204490,       -279.740,      115.030, 292.363, 302.4503,    *,  1.490030,  4.86954624939802,-14.4669033,    9.8029,
 2026-Dec-11 21:04:00, , , 149.083285253,  13.460968898,  149.451875849,  13.331228443,    72.924442441,       5.575280369,       -279.751,      115.033, 292.363, 302.4613,    *,  1.490032,  4.86954044739861,-14.4666283,    9.8029,
 2026-Dec-11 21:05:00, , , 149.083285972,  13.460971853,  149.451876878,  13.331231352,    73.137722724,       5.695493612,       -279.761,      115.037, 292.363, 302.4722,    *,  1.490034,  4.86953464550955,-14.4663530,    9.8028,
 2026-Dec-11 21:06:00, , , 149.083286715,  13.460974797,  149.451877932,  13.331234249,    73.350970347,       5.815842533,       -279.772,      115.040, 292.363, 302.4829,    *,  1.490036,  4.86952884373094,-14.4660776,    9.8028,
 2026-Dec-11 21:07:00, , , 149.083287482,  13.460977730,  149.451879009,  13.331237135,    73.564187133,       5.936325443,       -279.782,      115.043, 292.362, 302.4936,    *,  1.490037,  4.86952304206286,-14.4658019,    9.8027,
 2026-Dec-11 21:08:00, , , 149.083288271,  13.460980652,  149.451880109,  13.331240011,    73.777374919,       6.056940656,       -279.792,      115.046, 292.362, 302.5041,    *,  1.490039,  4.86951724050538,-14.4655260,    9.8026,
 2026-Dec-11 21:09:00, , , 149.083289084,  13.460983563,  149.451881233,  13.331242875,    73.990535542,       6.177686485,       -279.802,      115.049, 292.362, 302.5145,    *,  1.490041,  4.86951143905862,-14.4652498,    9.8026,
 2026-Dec-11 21:10:00, , , 149.083289921,  13.460986462,  149.451882381,  13.331245729,    74.203670851,       6.298561241,       -279.812,      115.052, 292.362, 302.5248,    *,  1.490043,  4.86950563772266,-14.4649735,    9.8025,
 2026-Dec-11 21:11:00, , , 149.083290780,  13.460989351,  149.451883552,  13.331248571,    74.416782700,       6.419563239,       -279.822,      115.054, 292.362, 302.5350,    *,  1.490044,  4.86949983649759,-14.4646968,    9.8025,
 2026-Dec-11 21:12:00, , , 149.083291663,  13.460992228,  149.451884746,  13.331251403,    74.629872951,       6.540690789,       -279.832,      115.057, 292.361, 302.5451,    *,  1.490046,  4.86949403538351,-14.4644200,    9.8024,
 2026-Dec-11 21:13:00, , , 149.083292570,  13.460995094,  149.451885964,  13.331254223,    74.842943473,       6.661942207,       -279.841,      115.060, 292.361, 302.5551,    *,  1.490048,  4.86948823438050,-14.4641429,    9.8023,
 2026-Dec-11 21:14:00, , , 149.083293500,  13.460997949,  149.451887206,  13.331257033,    75.055996141,       6.783315802,       -279.851,      115.063, 292.361, 302.5649,    *,  1.490050,  4.86948243348868,-14.4638656,    9.8023,
 2026-Dec-11 21:15:00, , , 149.083294453,  13.461000793,  149.451888471,  13.331259832,    75.269032836,       6.904809888,       -279.860,      115.065, 292.361, 302.5747,    *,  1.490052,  4.86947663270813,-14.4635880,    9.8022,
 2026-Dec-11 21:16:00, , , 149.083295430,  13.461003626,  149.451889759,  13.331262619,    75.482055451,       7.026422776,       -279.870,      115.068, 292.360, 302.5843,    *,  1.490053,  4.86947083203897,-14.4633102,    9.8022,
 2026-Dec-11 21:17:00, , , 149.083296429,  13.461006448,  149.451891071,  13.331265396,    75.695065880,       7.148152779,       -279.879,      115.071, 292.360, 302.5938,    *,  1.490055,  4.86946503148128,-14.4630321,    9.8021,
 2026-Dec-11 21:18:00, , , 149.083297453,  13.461009258,  149.451892406,  13.331268162,    75.908066027,       7.269998207,       -279.888,      115.073, 292.360, 302.6032,    *,  1.490057,  4.86945923103517,-14.4627538,    9.8020,
 2026-Dec-11 21:19:00, , , 149.083298499,  13.461012057,  149.451893765,  13.331270916,    76.121057802,       7.391957372,       -279.897,      115.076, 292.360, 302.6125,    *,  1.490059,  4.86945343070074,-14.4624752,    9.8020,
 2026-Dec-11 21:20:00, , , 149.083299569,  13.461014845,  149.451895147,  13.331273660,    76.334043124,       7.514028585,       -279.906,      115.078, 292.360, 302.6217,    *,  1.490060,  4.86944763047810,-14.4621964,    9.8019,
 2026-Dec-11 21:21:00, , , 149.083300663,  13.461017622,  149.451896553,  13.331276393,    76.547023914,       7.636210155,       -279.915,      115.081, 292.359, 302.6308,    *,  1.490062,  4.86944183036734,-14.4619173,    9.8019,
 2026-Dec-11 21:22:00, , , 149.083301779,  13.461020388,  149.451897982,  13.331279115,    76.760002105,       7.758500392,       -279.923,      115.083, 292.359, 302.6397,    *,  1.490064,  4.86943603036859,-14.4616379,    9.8018,
 2026-Dec-11 21:23:00, , , 149.083302919,  13.461023143,  149.451899434,  13.331281825,    76.972979634,       7.880897607,       -279.932,      115.085, 292.359, 302.6486,    *,  1.490066,  4.86943023048195,-14.4613582,    9.8017,
 2026-Dec-11 21:24:00, , , 149.083304083,  13.461025886,  149.451900910,  13.331284525,    77.185958445,       8.003400108,       -279.940,      115.088, 292.359, 302.6573,    *,  1.490068,  4.86942443070753,-14.4610783,    9.8017,
 2026-Dec-11 21:25:00, , , 149.083305270,  13.461028618,  149.451902409,  13.331287214,    77.398940490,       8.126006203,       -279.949,      115.090, 292.359, 302.6659,    *,  1.490069,  4.86941863104542,-14.4607981,    9.8016,
 2026-Dec-11 21:26:00, , , 149.083306480,  13.461031339,  149.451903932,  13.331289891,    77.611927727,       8.248714201,       -279.957,      115.092, 292.358, 302.6744,    *,  1.490071,  4.86941283149574,-14.4605177,    9.8016,
 2026-Dec-11 21:27:00, , , 149.083307713,  13.461034049,  149.451905478,  13.331292558,    77.824922120,       8.371522408,       -279.965,      115.094, 292.358, 302.6828,    *,  1.490073,  4.86940703205861,-14.4602369,    9.8015,
 2026-Dec-11 21:28:00, , , 149.083308970,  13.461036748,  149.451907048,  13.331295213,    78.037925640,       8.494429132,       -279.973,      115.096, 292.358, 302.6911,    *,  1.490075,  4.86940123273413,-14.4599559,    9.8015,
 2026-Dec-11 21:29:00, , , 149.083310250,  13.461039435,  149.451908641,  13.331297858,    78.250940265,       8.617432678,       -279.981,      115.099, 292.358, 302.6993,    *,  1.490076,  4.86939543352243,-14.4596746,    9.8014,
 2026-Dec-11 21:30:00, , , 149.083311553,  13.461042111,  149.451910257,  13.331300491,    78.463967981,       8.740531352,       -279.989,      115.101, 292.358, 302.7073,    *,  1.490078,  4.86938963442361,-14.4593930,    9.8013,
 2026-Dec-11 21:31:00, , , 149.083312880,  13.461044776,  149.451911897,  13.331303114,    78.677010778,       8.863723459,       -279.997,      115.103, 292.357, 302.7153,    *,  1.490080,  4.86938383543779,-14.4591111,    9.8013,
 2026-Dec-11 21:32:00, , , 149.083314230,  13.461047430,  149.451913560,  13.331305725,    78.890070654,       8.987007301,       -280.005,      115.105, 292.357, 302.7231,    *,  1.490082,  4.86937803656507,-14.4588289,    9.8012,
 2026-Dec-11 21:33:00, , , 149.083315603,  13.461050073,  149.451915246,  13.331308325,    79.103149614,       9.110381182,       -280.012,      115.106, 292.357, 302.7308,    *,  1.490083,  4.86937223780560,-14.4585465,    9.8012,
 2026-Dec-11 21:34:00, , , 149.083317000,  13.461052704,  149.451916956,  13.331310914,    79.316249671,       9.233843405,       -280.020,      115.108, 292.357, 302.7384,    *,  1.490085,  4.86936643915945,-14.4582637,    9.8011,
 2026-Dec-11 21:35:00, , , 149.083318420,  13.461055324,  149.451918689,  13.331313492,    79.529372839,       9.357392270,       -280.027,      115.110, 292.357, 302.7459,    *,  1.490087,  4.86936064062677,-14.4579807,    9.8010,
 2026-Dec-11 21:36:00, , , 149.083319863,  13.461057933,  149.451920446,  13.331316059,    79.742521145,       9.481026078,       -280.034,      115.112, 292.356, 302.7533,    *,  1.490089,  4.86935484220767,-14.4576974,    9.8010,
 2026-Dec-11 21:37:00, , , 149.083321330,  13.461060530,  149.451922226,  13.331318615,    79.955696619,       9.604743128,       -280.041,      115.114, 292.356, 302.7605,    *,  1.490091,  4.86934904390227,-14.4574137,    9.8009,
 2026-Dec-11 21:38:00, , , 149.083322820,  13.461063116,  149.451924029,  13.331321160,    80.168901297,       9.728541718,       -280.048,      115.115, 292.356, 302.7677,    *,  1.490092,  4.86934324571068,-14.4571298,    9.8009,
 2026-Dec-11 21:39:00, , , 149.083324333,  13.461065691,  149.451925855,  13.331323694,    80.382137225,       9.852420146,       -280.055,      115.117, 292.356, 302.7747,    *,  1.490094,  4.86933744763304,-14.4568456,    9.8008,
 2026-Dec-11 21:40:00, , , 149.083325870,  13.461068255,  149.451927705,  13.331326217,    80.595406453,       9.976376708,       -280.062,      115.119, 292.355, 302.7816,    *,  1.490096,  4.86933164966943,-14.4565610,    9.8007,
 2026-Dec-11 21:41:00, , , 149.083327430,  13.461070808,  149.451929578,  13.331328728,    80.808711037,      10.100409698,       -280.069,      115.120, 292.355, 302.7885,    *,  1.490098,  4.86932585182000,-14.4562762,    9.8007,
 2026-Dec-11 21:42:00, , , 149.083329013,  13.461073349,  149.451931475,  13.331331229,    81.022053040,      10.224517411,       -280.075,      115.122, 292.355, 302.7952,    *,  1.490099,  4.86932005408489,-14.4559911,    9.8006,
 2026-Dec-11 21:43:00, , , 149.083330620,  13.461075879,  149.451933395,  13.331333718,    81.235434531,      10.348698139,       -280.082,      115.123, 292.355, 302.8017,    *,  1.490101,  4.86931425646417,-14.4557057,    9.8006,
 2026-Dec-11 21:44:00, , , 149.083332249,  13.461078397,  149.451935338,  13.331336196,    81.448857589,      10.472950174,       -280.088,      115.125, 292.355, 302.8082,    *,  1.490103,  4.86930845895800,-14.4554199,    9.8005,
 2026-Dec-11 21:45:00, , , 149.083333903,  13.461080905,  149.451937305,  13.331338663,    81.662324294,      10.597271806,       -280.095,      115.126, 292.354, 302.8146,    *,  1.490105,  4.86930266156649,-14.4551339,    9.8004,
 2026-Dec-11 21:46:00, , , 149.083335579,  13.461083401,  149.451939294,  13.331341119,    81.875836735,      10.721661322,       -280.101,      115.127, 292.354, 302.8208,    *,  1.490107,  4.86929686428975,-14.4548476,    9.8004,
 2026-Dec-11 21:47:00, , , 149.083337279,  13.461085885,  149.451941307,  13.331343564,    82.089397009,      10.846117013,       -280.107,      115.129, 292.354, 302.8270,    *,  1.490108,  4.86929106712792,-14.4545609,    9.8003,
 2026-Dec-11 21:48:00, , , 149.083339002,  13.461088359,  149.451943344,  13.331345998,    82.303007216,      10.970637161,       -280.113,      115.130, 292.354, 302.8330,    *,  1.490110,  4.86928527008111,-14.4542740,    9.8003,
 2026-Dec-11 21:49:00, , , 149.083340749,  13.461090821,  149.451945404,  13.331348420,    82.516669464,      11.095220053,       -280.119,      115.131, 292.354, 302.8389,    *,  1.490112,  4.86927947314945,-14.4539867,    9.8002,
 2026-Dec-11 21:50:00, , , 149.083342519,  13.461093272,  149.451947487,  13.331350832,    82.730385868,      11.219863971,       -280.125,      115.132, 292.353, 302.8447,    *,  1.490114,  4.86927367633306,-14.4536992,    9.8001,
 2026-Dec-11 21:51:00, , , 149.083344312,  13.461095711,  149.451949593,  13.331353232,    82.944158548,      11.344567196,       -280.130,      115.134, 292.353, 302.8504,    *,  1.490115,  4.86926787963205,-14.4534113,    9.8001,
 2026-Dec-11 21:52:00, , , 149.083346128,  13.461098139,  149.451951723,  13.331355621,    83.157989631,      11.469328009,       -280.136,      115.135, 292.353, 302.8560,    *,  1.490117,  4.86926208304658,-14.4531231,    9.8000,
 2026-Dec-11 21:53:00, , , 149.083347968,  13.461100556,  149.451953875,  13.331357999,    83.371881252,      11.594144687,       -280.141,      115.136, 292.353, 302.8614,    *,  1.490119,  4.86925628657672,-14.4528346,    9.8000,
 2026-Dec-11 21:54:00, , , 149.083349831,  13.461102962,  149.451956052,  13.331360366,    83.585835547,      11.719015506,       -280.147,      115.137, 292.353, 302.8668,    *,  1.490121,  4.86925049022264,-14.4525459,    9.7999,
 2026-Dec-11 21:55:00, , , 149.083351717,  13.461105356,  149.451958251,  13.331362721,    83.799854665,      11.843938742,       -280.152,      115.138, 292.352, 302.8720,    *,  1.490123,  4.86924469398443,-14.4522568,    9.7999,
 2026-Dec-11 21:56:00, , , 149.083353627,  13.461107738,  149.451960474,  13.331365066,    84.013940755,      11.968912668,       -280.157,      115.139, 292.352, 302.8771,    *,  1.490124,  4.86923889786223,-14.4519674,    9.7998,
 2026-Dec-11 21:57:00, , , 149.083355560,  13.461110110,  149.451962720,  13.331367399,    84.228095977,      12.093935553,       -280.162,      115.140, 292.352, 302.8821,    *,  1.490126,  4.86923310185617,-14.4516777,    9.7997,
 2026-Dec-11 21:58:00, , , 149.083357516,  13.461112470,  149.451964989,  13.331369721,    84.442322496,      12.219005668,       -280.167,      115.140, 292.352, 302.8870,    *,  1.490128,  4.86922730596634,-14.4513877,    9.7997,
 2026-Dec-11 21:59:00, , , 149.083359496,  13.461114819,  149.451967282,  13.331372032,    84.656622480,      12.344121280,       -280.172,      115.141, 292.352, 302.8918,    *,  1.490130,  4.86922151019290,-14.4510974,    9.7996,
 2026-Dec-11 22:00:00, , , 149.083361499,  13.461117156,  149.451969597,  13.331374332,    84.870998108,      12.469280654,       -280.177,      115.142, 292.351, 302.8965,    *,  1.490131,  4.86921571453593,-14.4508067,    9.7996,
 2026-Dec-11 22:01:00, , , 149.083363526,  13.461119482,  149.451971936,  13.331376620,    85.085451561,      12.594482053,       -280.181,      115.143, 292.351, 302.9010,    *,  1.490133,  4.86920991899560,-14.4505158,    9.7995,
 2026-Dec-11 22:02:00, , , 149.083365575,  13.461121797,  149.451974299,  13.331378897,    85.299985030,      12.719723738,       -280.186,      115.143, 292.351, 302.9055,    *,  1.490135,  4.86920412357201,-14.4502246,    9.7994,
 2026-Dec-11 22:03:00, , , 149.083367648,  13.461124100,  149.451976684,  13.331381163,    85.514600709,      12.845003969,       -280.190,      115.144, 292.351, 302.9098,    *,  1.490137,  4.86919832826526,-14.4499331,    9.7994,
 2026-Dec-11 22:04:00, , , 149.083369745,  13.461126392,  149.451979093,  13.331383418,    85.729300799,      12.970321003,       -280.195,      115.145, 292.351, 302.9140,    *,  1.490138,  4.86919253307551,-14.4496413,    9.7993,
 2026-Dec-11 22:05:00, , , 149.083371864,  13.461128672,  149.451981525,  13.331385662,    85.944087507,      13.095673093,       -280.199,      115.145, 292.350, 302.9181,    *,  1.490140,  4.86918673800285,-14.4493491,    9.7993,
 2026-Dec-11 22:06:00, , , 149.083374007,  13.461130941,  149.451983981,  13.331387894,    86.158963048,      13.221058493,       -280.203,      115.146, 292.350, 302.9221,    *,  1.490142,  4.86918094304740,-14.4490567,    9.7992,
 2026-Dec-11 22:07:00, , , 149.083376173,  13.461133199,  149.451986459,  13.331390115,    86.373929640,      13.346475452,       -280.207,      115.146, 292.350, 302.9260,    *,  1.490144,  4.86917514820930,-14.4487640,    9.7991,
 2026-Dec-11 22:08:00, , , 149.083378363,  13.461135445,  149.451988961,  13.331392325,    86.588989509,      13.471922219,       -280.211,      115.146, 292.350, 302.9298,    *,  1.490146,  4.86916935348867,-14.4484710,    9.7991,
 2026-Dec-11 22:09:00, , , 149.083380576,  13.461137680,  149.451991486,  13.331394524,    86.804144885,      13.597397039,       -280.215,      115.147, 292.349, 302.9334,    *,  1.490147,  4.86916355888560,-14.4481776,    9.7990,
 2026-Dec-11 22:10:00, , , 149.083382812,  13.461139903,  149.451994034,  13.331396711,    87.019398007,      13.722898153,       -280.218,      115.147, 292.349, 302.9370,    *,  1.490149,  4.86915776440025,-14.4478840,    9.7990,
 2026-Dec-11 22:11:00, , , 149.083385072,  13.461142115,  149.451996606,  13.331398887,    87.234751119,      13.848423804,       -280.222,      115.147, 292.349, 302.9404,    *,  1.490151,  4.86915197003271,-14.4475901,    9.7989,
 2026-Dec-11 22:12:00, , , 149.083387355,  13.461144316,  149.451999201,  13.331401052,    87.450206470,      13.973972229,       -280.225,      115.148, 292.349, 302.9437,    *,  1.490153,  4.86914617578308,-14.4472959,    9.7988,
 2026-Dec-11 22:13:00, , , 149.083389662,  13.461146505,  149.452001819,  13.331403206,    87.665766314,      14.099541662,       -280.229,      115.148, 292.349, 302.9469,    *,  1.490154,  4.86914038165151,-14.4470014,    9.7988,
 2026-Dec-11 22:14:00, , , 149.083391991,  13.461148683,  149.452004460,  13.331405348,    87.881432914,      14.225130337,       -280.232,      115.148, 292.348, 302.9500,    *,  1.490156,  4.86913458763812,-14.4467067,    9.7987,
 2026-Dec-11 22:15:00, , , 149.083394344,  13.461150849,  149.452007124,  13.331407479,    88.097208536,      14.350736483,       -280.235,      115.148, 292.348, 302.9530,    *,  1.490158,  4.86912879374300,-14.4464116,    9.7987,
 2026-Dec-11 22:16:00, , , 149.083396721,  13.461153004,  149.452009812,  13.331409599,    88.313095453,      14.476358328,       -280.238,      115.148, 292.348, 302.9559,    *,  1.490160,  4.86912299996627,-14.4461163,    9.7986,
 2026-Dec-11 22:17:00, , , 149.083399120,  13.461155147,  149.452012523,  13.331411707,    88.529095944,      14.601994095,       -280.241,      115.148, 292.348, 302.9586,    *,  1.490162,  4.86911720630805,-14.4458206,    9.7985,
 2026-Dec-11 22:18:00, , , 149.083401544,  13.461157279,  149.452015257,  13.331413805,    88.745212295,      14.727642006,       -280.244,      115.148, 292.348, 302.9613,    *,  1.490163,  4.86911141276846,-14.4455247,    9.7985,
 2026-Dec-11 22:19:00, , , 149.083403990,  13.461159399,  149.452018014,  13.331415891,    88.961446796,      14.853300280,       -280.247,      115.148, 292.347, 302.9638,    *,  1.490165,  4.86910561934759,-14.4452285,    9.7984,
 2026-Dec-11 22:20:00, , , 149.083406460,  13.461161508,  149.452020795,  13.331417965,    89.177801743,      14.978967132,       -280.250,      115.148, 292.347, 302.9662,    *,  1.490167,  4.86909982604557,-14.4449321,    9.7984,
 2026-Dec-11 22:21:00, , , 149.083408953,  13.461163606,  149.452023599,  13.331420029,    89.394279437,      15.104640774,       -280.252,      115.148, 292.347, 302.9685,    *,  1.490169,  4.86909403286250,-14.4446353,    9.7983,
 2026-Dec-11 22:22:00, , , 149.083411470,  13.461165692,  149.452026426,  13.331422081,    89.610882189,      15.230319416,       -280.255,      115.148, 292.347, 302.9707,    *,  1.490170,  4.86908823979851,-14.4443383,    9.7982,
 2026-Dec-11 22:23:00, , , 149.083414010,  13.461167767,  149.452029276,  13.331424121,    89.827612309,      15.356001263,       -280.257,      115.148, 292.347, 302.9728,    *,  1.490172,  4.86908244685368,-14.4440410,    9.7982,
 2026-Dec-11 22:24:00, , , 149.083416573,  13.461169830,  149.452032150,  13.331426151,    90.044472118,      15.481684521,       -280.259,      115.147, 292.346, 302.9747,    *,  1.490174,  4.86907665402813,-14.4437435,    9.7981,
 2026-Dec-11 22:25:00, , , 149.083419160,  13.461171881,  149.452035046,  13.331428169,    90.261463943,      15.607367387,       -280.261,      115.147, 292.346, 302.9766,    *,  1.490176,  4.86907086132196,-14.4434457,    9.7981,
 2026-Dec-11 22:26:00, , , 149.083421770,  13.461173921,  149.452037966,  13.331430176,    90.478590111,      15.733048059,       -280.263,      115.147, 292.346, 302.9783,    *,  1.490177,  4.86906506873530,-14.4431476,    9.7980,
 2026-Dec-11 22:27:00, , , 149.083424403,  13.461175950,  149.452040909,  13.331432171,    90.695852961,      15.858724729,       -280.265,      115.146, 292.346, 302.9800,    *,  1.490179,  4.86905927626823,-14.4428493,    9.7980,
 2026-Dec-11 22:28:00, , , 149.083427060,  13.461177967,  149.452043876,  13.331434155,    90.913254834,      15.984395589,       -280.267,      115.146, 292.346, 302.9815,    *,  1.490181,  4.86905348392086,-14.4425507,    9.7979,
 2026-Dec-11 22:29:00, , , 149.083429740,  13.461179973,  149.452046865,  13.331436128,    91.130798077,      16.110058823,       -280.269,      115.145, 292.345, 302.9829,    *,  1.490183,  4.86904769169330,-14.4422518,    9.7978,
 2026-Dec-11 22:30:00, , , 149.083432444,  13.461181967,  149.452049878,  13.331438089,    91.348485043,      16.235712615,       -280.270,      115.145, 292.345, 302.9842,    *,  1.490185,  4.86904189958564,-14.4419527,    9.7978,
 2026-Dec-11 22:31:00, , , 149.083435171,  13.461183949,  149.452052914,  13.331440039,    91.566318091,      16.361355145,       -280.272,      115.144, 292.345, 302.9853,    *,  1.490186,  4.86903610759799,-14.4416534,    9.7977,
 2026-Dec-11 22:32:00, , , 149.083437921,  13.461185921,  149.452055973,  13.331441978,    91.784299585,      16.486984587,       -280.273,      115.144, 292.345, 302.9864,    *,  1.490188,  4.86903031573041,-14.4413538,    9.7977,
 2026-Dec-11 22:33:00, , , 149.083440695,  13.461187880,  149.452059056,  13.331443905,    92.002431895,      16.612599115,       -280.275,      115.143, 292.344, 302.9873,    *,  1.490190,  4.86902452398306,-14.4410540,    9.7976,
 2026-Dec-11 22:34:00, , , 149.083443492,  13.461189828,  149.452062161,  13.331445821,    92.220717394,      16.738196896,       -280.276,      115.142, 292.344, 302.9882,    *,  1.490192,  4.86901873235600,-14.4407539,    9.7975,
 2026-Dec-11 22:35:00, , , 149.083446313,  13.461191765,  149.452065290,  13.331447726,    92.439158464,      16.863776095,       -280.277,      115.141, 292.344, 302.9889,    *,  1.490193,  4.86901294084934,-14.4404536,    9.7975,
 2026-Dec-11 22:36:00, , , 149.083449157,  13.461193690,  149.452068442,  13.331449619,    92.657757490,      16.989334872,       -280.278,      115.141, 292.344, 302.9895,    *,  1.490195,  4.86900714946315,-14.4401531,    9.7974,
 2026-Dec-11 22:37:00, , , 149.083452025,  13.461195603,  149.452071618,  13.331451501,    92.876516863,      17.114871385,       -280.279,      115.140, 292.344, 302.9900,    *,  1.490197,  4.86900135819754,-14.4398523,    9.7974,
 2026-Dec-11 22:38:00, , , 149.083454915,  13.461197505,  149.452074816,  13.331453372,    93.095438979,      17.240383786,       -280.279,      115.139, 292.343, 302.9904,    *,  1.490199,  4.86899556705259,-14.4395513,    9.7973,
 2026-Dec-11 22:39:00, , , 149.083457830,  13.461199395,  149.452078038,  13.331455231,    93.314526240,      17.365870225,       -280.280,      115.138, 292.343, 302.9907,    *,  1.490201,  4.86898977602840,-14.4392501,    9.7972,
 2026-Dec-11 22:40:00, , , 149.083460768,  13.461201274,  149.452081283,  13.331457079,    93.533781051,      17.491328845,       -280.281,      115.137, 292.343, 302.9908,    *,  1.490202,  4.86898398512505,-14.4389487,    9.7972,
 2026-Dec-11 22:41:00, , , 149.083463729,  13.461203141,  149.452084551,  13.331458915,    93.753205826,      17.616757788,       -280.281,      115.136, 292.343, 302.9909,    *,  1.490204,  4.86897819434263,-14.4386471,    9.7971,
 2026-Dec-11 22:42:00, , , 149.083466713,  13.461204997,  149.452087842,  13.331460740,    93.972802981,      17.742155191,       -280.281,      115.135, 292.343, 302.9908,    *,  1.490206,  4.86897240368124,-14.4383452,    9.7971,
 2026-Dec-11 22:43:00, , , 149.083469722,  13.461206841,  149.452091157,  13.331462553,    94.192574938,      17.867519185,       -280.282,      115.134, 292.342, 302.9906,    *,  1.490208,  4.86896661314093,-14.4380432,    9.7970,
 2026-Dec-11 22:44:00, , , 149.083472753,  13.461208673,  149.452094495,  13.331464355,    94.412524124,      17.992847899,       -280.282,      115.133, 292.342, 302.9903,    *,  1.490209,  4.86896082272180,-14.4377409,    9.7969,
 2026-Dec-11 22:45:00, , , 149.083475808,  13.461210494,  149.452097856,  13.331466146,    94.632652972,      18.118139456,       -280.282,      115.132, 292.342, 302.9899,    *,  1.490211,  4.86895503242391,-14.4374385,    9.7969,
 2026-Dec-11 22:46:00, , , 149.083478887,  13.461212303,  149.452101240,  13.331467925,    94.852963917,      18.243391977,       -280.282,      115.130, 292.342, 302.9894,    *,  1.490213,  4.86894924224737,-14.4371359,    9.7968,
 2026-Dec-11 22:47:00, , , 149.083481988,  13.461214101,  149.452104648,  13.331469693,    95.073459404,      18.368603574,       -280.282,      115.129, 292.342, 302.9888,    *,  1.490215,  4.86894345219225,-14.4368330,    9.7968,
 2026-Dec-11 22:48:00, , , 149.083485114,  13.461215887,  149.452108079,  13.331471449,    95.294141877,      18.493772360,       -280.281,      115.128, 292.341, 302.9880,    *,  1.490216,  4.86893766225861,-14.4365300,    9.7967,
 2026-Dec-11 22:49:00, , , 149.083488263,  13.461217662,  149.452111533,  13.331473194,    95.515013790,      18.618896440,       -280.281,      115.127, 292.341, 302.9872,    *,  1.490218,  4.86893187244653,-14.4362268,    9.7966,
 2026-Dec-11 22:50:00, , , 149.083491435,  13.461219425,  149.452115010,  13.331474928,    95.736077597,      18.743973916,       -280.281,      115.125, 292.341, 302.9862,    *,  1.490220,  4.86892608275607,-14.4359235,    9.7966,
 2026-Dec-11 22:51:00, , , 149.083494631,  13.461221176,  149.452118510,  13.331476650,    95.957335762,      18.869002883,       -280.280,      115.124, 292.341, 302.9851,    *,  1.490222,  4.86892029318730,-14.4356200,    9.7965,
 2026-Dec-11 22:52:00, , , 149.083497850,  13.461222915,  149.452122034,  13.331478361,    96.178790749,      18.993981433,       -280.279,      115.122, 292.341, 302.9839,    *,  1.490224,  4.86891450374031,-14.4353163,    9.7965,
 2026-Dec-11 22:53:00, , , 149.083501093,  13.461224644,  149.452125581,  13.331480060,    96.400445029,      19.118907654,       -280.279,      115.121, 292.340, 302.9826,    *,  1.490225,  4.86890871441515,-14.4350124,    9.7964,
 2026-Dec-11 22:54:00, , , 149.083504359,  13.461226360,  149.452129151,  13.331481747,    96.622301077,      19.243779627,       -280.278,      115.119, 292.340, 302.9812,    *,  1.490227,  4.86890292521188,-14.4347084,    9.7963,
 2026-Dec-11 22:55:00, , , 149.083507649,  13.461228065,  149.452132744,  13.331483424,    96.844361372,      19.368595431,       -280.277,      115.118, 292.340, 302.9797,    *,  1.490229,  4.86889713613057,-14.4344042,    9.7963,
 2026-Dec-11 22:56:00, , , 149.083510963,  13.461229758,  149.452136361,  13.331485088,    97.066628400,      19.493353137,       -280.276,      115.116, 292.340, 302.9780,    *,  1.490231,  4.86889134717128,-14.4340999,    9.7962,
 2026-Dec-11 22:57:00, , , 149.083514299,  13.461231440,  149.452140001,  13.331486742,    97.289104646,      19.618050812,       -280.274,      115.114, 292.339, 302.9763,    *,  1.490232,  4.86888555833405,-14.4337955,    9.7962,
 2026-Dec-11 22:58:00, , , 149.083517660,  13.461233110,  149.452143664,  13.331488383,    97.511792607,      19.742686520,       -280.273,      115.113, 292.339, 302.9744,    *,  1.490234,  4.86887976961894,-14.4334909,    9.7961,
 2026-Dec-11 22:59:00, , , 149.083521044,  13.461234768,  149.452147350,  13.331490014,    97.734694776,      19.867258316,       -280.272,      115.111, 292.339, 302.9724,    *,  1.490236,  4.86887398102602,-14.4331862,    9.7960,
 2026-Dec-11 23:00:00, , , 149.083524451,  13.461236414,  149.452151060,  13.331491633,    97.957813657,      19.991764254,       -280.270,      115.109, 292.339, 302.9703,    *,  1.490238,  4.86886819255533,-14.4328813,    9.7960,
 2026-Dec-11 23:01:00, , , 149.083527882,  13.461238049,  149.452154793,  13.331493240,    98.181151754,      20.116202379,       -280.268,      115.107, 292.339, 302.9681,    *,  1.490240,  4.86886240420692,-14.4325764,    9.7959,
 2026-Dec-11 23:02:00, , , 149.083531337,  13.461239673,  149.452158549,  13.331494836,    98.404711576,      20.240570733,       -280.267,      115.105, 292.338, 302.9658,    *,  1.490241,  4.86885661598083,-14.4322713,    9.7959,
 2026-Dec-11 23:03:00, , , 149.083534815,  13.461241284,  149.452162328,  13.331496420,    98.628495638,      20.364867352,       -280.265,      115.103, 292.338, 302.9634,    *,  1.490243,  4.86885082787712,-14.4319661,    9.7958,
 2026-Dec-11 23:04:00, , , 149.083538316,  13.461242884,  149.452166131,  13.331497993,    98.852506456,      20.489090266,       -280.263,      115.101, 292.338, 302.9608,    *,  1.490245,  4.86884503989581,-14.4316608,    9.7958,
 2026-Dec-11 23:05:00, , , 149.083541842,  13.461244473,  149.452169956,  13.331499554,    99.076746552,      20.613237502,       -280.261,      115.099, 292.338, 302.9582,    *,  1.490247,  4.86883925203696,-14.4313555,    9.7957,
 2026-Dec-11 23:06:00, , , 149.083545391,  13.461246049,  149.452173806,  13.331501104,    99.301218451,      20.737307078,       -280.259,      115.097, 292.338, 302.9554,    *,  1.490248,  4.86883346430060,-14.4310500,    9.7956,
 2026-Dec-11 23:07:00, , , 149.083548963,  13.461247614,  149.452177678,  13.331502642,    99.525924682,      20.861297008,       -280.256,      115.095, 292.337, 302.9525,    *,  1.490250,  4.86882767668675,-14.4307444,    9.7956,
 2026-Dec-11 23:08:00, , , 149.083552559,  13.461249168,  149.452181574,  13.331504169,    99.750867776,      20.985205302,       -280.254,      115.093, 292.337, 302.9495,    *,  1.490252,  4.86882188919548,-14.4304388,    9.7955,
 2026-Dec-11 23:09:00, , , 149.083556178,  13.461250709,  149.452185493,  13.331505684,    99.976050270,      21.109029961,       -280.252,      115.091, 292.337, 302.9464,    *,  1.490254,  4.86881610182679,-14.4301331,    9.7955,
 2026-Dec-11 23:10:00, , , 149.083559822,  13.461252239,  149.452189435,  13.331507188,   100.201474704,      21.232768982,       -280.249,      115.088, 292.337, 302.9432,    *,  1.490255,  4.86881031458071,-14.4298273,    9.7954,
 2026-Dec-11 23:11:00, , , 149.083563488,  13.461253757,  149.452193400,  13.331508680,   100.427143619,      21.356420358,       -280.246,      115.086, 292.337, 302.9398,    *,  1.490257,  4.86880452745727,-14.4295215,    9.7953,
 2026-Dec-11 23:12:00, , , 149.083567179,  13.461255264,  149.452197389,  13.331510161,   100.653059562,      21.479982072,       -280.244,      115.084, 292.336, 302.9364,    *,  1.490259,  4.86879874045650,-14.4292156,    9.7953,
 2026-Dec-11 23:13:00, , , 149.083570893,  13.461256759,  149.452201401,  13.331511630,   100.879225083,      21.603452105,       -280.241,      115.082, 292.336, 302.9328,    *,  1.490261,  4.86879295357842,-14.4289097,    9.7952,
 2026-Dec-11 23:14:00, , , 149.083574630,  13.461258242,  149.452205436,  13.331513087,   101.105642733,      21.726828429,       -280.238,      115.079, 292.336, 302.9291,    *,  1.490263,  4.86878716682304,-14.4286037,    9.7952,
 2026-Dec-11 23:15:00, , , 149.083578392,  13.461259713,  149.452209495,  13.331514533,   101.332315068,      21.850109013,       -280.235,      115.077, 292.336, 302.9254,    *,  1.490264,  4.86878138019038,-14.4282977,    9.7951,
 2026-Dec-11 23:16:00, , , 149.083582177,  13.461261173,  149.452213577,  13.331515968,   101.559244646,      21.973291817,       -280.232,      115.074, 292.336, 302.9214,    *,  1.490266,  4.86877559368044,-14.4279916,    9.7950,
 2026-Dec-11 23:17:00, , , 149.083585985,  13.461262621,  149.452217682,  13.331517390,   101.786434030,      22.096374798,       -280.228,      115.072, 292.335, 302.9174,    *,  1.490268,  4.86876980729323,-14.4276856,    9.7950,
 2026-Dec-11 23:18:00, , , 149.083589817,  13.461264057,  149.452221811,  13.331518802,   102.013885782,      22.219355902,       -280.225,      115.069, 292.335, 302.9133,    *,  1.490270,  4.86876402102878,-14.4273795,    9.7949,
 2026-Dec-11 23:19:00, , , 149.083593673,  13.461265481,  149.452225963,  13.331520201,   102.241602469,      22.342233073,       -280.221,      115.066, 292.335, 302.9091,    *,  1.490271,  4.86875823488709,-14.4270734,    9.7949,
 2026-Dec-11 23:20:00, , , 149.083597553,  13.461266894,  149.452230138,  13.331521589,   102.469586659,      22.465004249,       -280.218,      115.064, 292.335, 302.9047,    *,  1.490273,  4.86875244886815,-14.4267673,    9.7948,
 2026-Dec-11 23:21:00, , , 149.083601456,  13.461268295,  149.452234336,  13.331522966,   102.697840925,      22.587667357,       -280.214,      115.061, 292.334, 302.9003,    *,  1.490275,  4.86874666297196,-14.4264613,    9.7947,
 2026-Dec-11 23:22:00, , , 149.083605383,  13.461269684,  149.452238558,  13.331524331,   102.926367841,      22.710220323,       -280.210,      115.058, 292.334, 302.8957,    *,  1.490277,  4.86874087719852,-14.4261552,    9.7947,
 2026-Dec-11 23:23:00, , , 149.083609333,  13.461271062,  149.452242803,  13.331525684,   103.155169983,      22.832661064,       -280.206,      115.055, 292.334, 302.8910,    *,  1.490278,  4.86873509154781,-14.4258491,    9.7946,
 2026-Dec-11 23:24:00, , , 149.083613308,  13.461272428,  149.452247071,  13.331527026,   103.384249928,      22.954987489,       -280.202,      115.053, 292.334, 302.8862,    *,  1.490280,  4.86872930601985,-14.4255431,    9.7946,
 2026-Dec-11 23:25:00, , , 149.083617306,  13.461273782,  149.452251363,  13.331528356,   103.613610256,      23.077197504,       -280.198,      115.050, 292.334, 302.8813,    *,  1.490282,  4.86872352061460,-14.4252371,    9.7945,
 2026-Dec-11 23:26:00, , , 149.083621328,  13.461275124,  149.452255678,  13.331529675,   103.843253550,      23.199289005,       -280.194,      115.047, 292.333, 302.8762,    *,  1.490284,  4.86871773533206,-14.4249312,    9.7944,
 2026-Dec-11 23:27:00, , , 149.083625373,  13.461276454,  149.452260017,  13.331530981,   104.073182392,      23.321259883,       -280.190,      115.044, 292.333, 302.8711,    *,  1.490286,  4.86871195017220,-14.4246253,    9.7944,
 2026-Dec-11 23:28:00, , , 149.083629442,  13.461277773,  149.452264379,  13.331532277,   104.303399369,      23.443108022,       -280.185,      115.041, 292.333, 302.8658,    *,  1.490287,  4.86870616513501,-14.4243195,    9.7943,
 2026-Dec-11 23:29:00, , , 149.083633535,  13.461279080,  149.452268764,  13.331533560,   104.533907067,      23.564831300,       -280.181,      115.038, 292.333, 302.8605,    *,  1.490289,  4.86870038022047,-14.4240137,    9.7943,
 2026-Dec-11 23:30:00, , , 149.083637652,  13.461280375,  149.452273172,  13.331534832,   104.764708074,      23.686427587,       -280.176,      115.035, 292.333, 302.8550,    *,  1.490291,  4.86869459542852,-14.4237080,    9.7942,
 2026-Dec-11 23:31:00, , , 149.083641792,  13.461281659,  149.452277604,  13.331536093,   104.995804978,      23.807894745,       -280.171,      115.031, 292.332, 302.8494,    *,  1.490293,  4.86868881075917,-14.4234024,    9.7941,
 2026-Dec-11 23:32:00, , , 149.083645957,  13.461282930,  149.452282059,  13.331537342,   105.227200371,      23.929230633,       -280.166,      115.028, 292.332, 302.8437,    *,  1.490294,  4.86868302621236,-14.4230968,    9.7941,
 2026-Dec-11 23:33:00, , , 149.083650145,  13.461284190,  149.452286538,  13.331538579,   105.458896844,      24.050433099,       -280.161,      115.025, 292.332, 302.8379,    *,  1.490296,  4.86867724178807,-14.4227914,    9.7940,
 2026-Dec-11 23:34:00, , , 149.083654356,  13.461285438,  149.452291040,  13.331539804,   105.690896988,      24.171499986,       -280.156,      115.022, 292.332, 302.8319,    *,  1.490298,  4.86867145748625,-14.4224861,    9.7940,
 2026-Dec-11 23:35:00, , , 149.083658592,  13.461286674,  149.452295565,  13.331541018,   105.923203396,      24.292429130,       -280.151,      115.018, 292.332, 302.8259,    *,  1.490300,  4.86866567330686,-14.4221808,    9.7939,
 2026-Dec-11 23:36:00, , , 149.083662851,  13.461287899,  149.452300114,  13.331542220,   106.155818662,      24.413218358,       -280.146,      115.015, 292.331, 302.8198,    *,  1.490302,  4.86865988924984,-14.4218757,    9.7938,
 2026-Dec-11 23:37:00, , , 149.083667135,  13.461289111,  149.452304686,  13.331543411,   106.388745378,      24.533865492,       -280.140,      115.012, 292.331, 302.8135,    *,  1.490303,  4.86865410531517,-14.4215708,    9.7938,
 2026-Dec-11 23:38:00, , , 149.083671442,  13.461290312,  149.452309281,  13.331544590,   106.621986138,      24.654368345,       -280.135,      115.008, 292.331, 302.8071,    *,  1.490305,  4.86864832150278,-14.4212659,    9.7937,
 2026-Dec-11 23:39:00, , , 149.083675772,  13.461291501,  149.452313900,  13.331545757,   106.855543537,      24.774724725,       -280.129,      115.005, 292.331, 302.8006,    *,  1.490307,  4.86864253781262,-14.4209612,    9.7937,
 2026-Dec-11 23:40:00, , , 149.083680127,  13.461292678,  149.452318543,  13.331546912,   107.089420166,      24.894932430,       -280.124,      115.001, 292.331, 302.7940,    *,  1.490309,  4.86863675424461,-14.4206567,    9.7936,
 2026-Dec-11 23:41:00, , , 149.083684506,  13.461293844,  149.452323208,  13.331548056,   107.323618620,      25.014989252,       -280.118,      114.998, 292.330, 302.7873,    *,  1.490310,  4.86863097079871,-14.4203523,    9.7935,
 2026-Dec-11 23:42:00, , , 149.083688908,  13.461294997,  149.452327897,  13.331549188,   107.558141491,      25.134892977,       -280.112,      114.994, 292.330, 302.7804,    *,  1.490312,  4.86862518747484,-14.4200481,    9.7935,
 2026-Dec-11 23:43:00, , , 149.083693334,  13.461296139,  149.452332610,  13.331550309,   107.792991372,      25.254641380,       -280.106,      114.990, 292.330, 302.7735,    *,  1.490314,  4.86861940427292,-14.4197441,    9.7934,
 2026-Dec-11 23:44:00, , , 149.083697784,  13.461297269,  149.452337346,  13.331551418,   108.028170852,      25.374232232,       -280.100,      114.987, 292.330, 302.7664,    *,  1.490316,  4.86861362119292,-14.4194402,    9.7934,
 2026-Dec-11 23:45:00, , , 149.083702258,  13.461298387,  149.452342105,  13.331552515,   108.263682523,      25.493663293,       -280.094,      114.983, 292.329, 302.7593,    *,  1.490317,  4.86860783823472,-14.4191366,    9.7933,
 2026-Dec-11 23:46:00, , , 149.083706756,  13.461299493,  149.452346888,  13.331553600,   108.499528974,      25.612932320,       -280.087,      114.979, 292.329, 302.7520,    *,  1.490319,  4.86860205539827,-14.4188331,    9.7932,
 2026-Dec-11 23:47:00, , , 149.083711278,  13.461300588,  149.452351695,  13.331554674,   108.735712791,      25.732037057,       -280.081,      114.975, 292.329, 302.7446,    *,  1.490321,  4.86859627268346,-14.4185299,    9.7932,
 2026-Dec-11 23:48:00, , , 149.083715824,  13.461301670,  149.452356524,  13.331555736,   108.972236562,      25.850975244,       -280.074,      114.972, 292.329, 302.7371,    *,  1.490323,  4.86859049009022,-14.4182269,    9.7931,
 2026-Dec-11 23:49:00, , , 149.083720393,  13.461302741,  149.452361378,  13.331556786,   109.209102871,      25.969744614,       -280.068,      114.968, 292.329, 302.7295,    *,  1.490325,  4.86858470761843,-14.4179241,    9.7931,
 2026-Dec-11 23:50:00, , , 149.083724987,  13.461303800,  149.452366254,  13.331557825,   109.446314299,      26.088342888,       -280.061,      114.964, 292.328, 302.7217,    *,  1.490326,  4.86857892526804,-14.4176215,    9.7930,
 2026-Dec-11 23:51:00, , , 149.083729605,  13.461304847,  149.452371154,  13.331558852,   109.683873426,      26.206767783,       -280.054,      114.960, 292.328, 302.7139,    *,  1.490328,  4.86857314303893,-14.4173193,    9.7929,
 2026-Dec-11 23:52:00, , , 149.083734246,  13.461305882,  149.452376078,  13.331559867,   109.921782831,      26.325017006,       -280.047,      114.956, 292.328, 302.7059,    *,  1.490330,  4.86856736093100,-14.4170172,    9.7929,
 2026-Dec-11 23:53:00, , , 149.083738911,  13.461306905,  149.452381025,  13.331560870,   110.160045089,      26.443088258,       -280.040,      114.952, 292.328, 302.6979,    *,  1.490332,  4.86856157894413,-14.4167155,    9.7928,
 2026-Dec-11 23:54:00, , , 149.083743601,  13.461307916,  149.452385996,  13.331561862,   110.398662771,      26.560979230,       -280.033,      114.947, 292.328, 302.6897,    *,  1.490333,  4.86855579707822,-14.4164140,    9.7928,
 2026-Dec-11 23:55:00, , , 149.083748314,  13.461308916,  149.452390990,  13.331562842,   110.637638449,      26.678687607,       -280.026,      114.943, 292.327, 302.6814,    *,  1.490335,  4.86855001533318,-14.4161128,    9.7927,
 2026-Dec-11 23:56:00, , , 149.083753052,  13.461309903,  149.452396008,  13.331563810,   110.876974687,      26.796211065,       -280.018,      114.939, 292.327, 302.6730,    *,  1.490337,  4.86854423370884,-14.4158119,    9.7927,
 2026-Dec-11 23:57:00, , , 149.083757813,  13.461310879,  149.452401049,  13.331564767,   111.116674047,      26.913547272,       -280.011,      114.935, 292.327, 302.6644,    *,  1.490339,  4.86853845220513,-14.4155113,    9.7926,
 2026-Dec-11 23:58:00, , , 149.083762598,  13.461311843,  149.452406113,  13.331565712,   111.356739089,      27.030693887,       -280.003,      114.930, 292.327, 302.6558,    *,  1.490340,  4.86853267082191,-14.4152110,    9.7925,
 2026-Dec-11 23:59:00, , , 149.083767408,  13.461312795,  149.452411202,  13.331566645,   111.597172368,      27.147648563,       -279.996,      114.926, 292.327, 302.6471,    *,  1.490342,  4.86852688955905,-14.4149110,    9.7925,
 2026-Dec-12 00:00:00, , , 149.083772241,  13.461313735,  149.452416313,  13.331567566,   111.837976435,      27.264408943,       -279.988,      114.922, 292.326, 302.6382,    *,  1.490344,  4.86852110841641,-14.4146114,    9.7924,
 2026-Dec-12 00:01:00, , , 149.083777099,  13.461314663,  149.452421449,  13.331568475,   112.079153836,      27.380972663,       -279.980,      114.917, 292.326, 302.6292,    *,  1.490346,  4.86851532739386,-14.4143121,    9.7924,
 2026-Dec-12 00:02:00, , , 149.083781980,  13.461315579,  149.452426607,  13.331569373,   112.320707114,      27.497337351,       -279.972,      114.913, 292.326, 302.6201,    *,  1.490348,  4.86850954649123,-14.4140132,    9.7923,
 2026-Dec-12 00:03:00, , , 149.083786886,  13.461316484,  149.452431790,  13.331570259,   112.562638804,      27.613500626,       -279.964,      114.908, 292.326, 302.6109,    *,  1.490349,  4.86850376570843,-14.4137147,    9.7922,
 2026-Dec-12 00:04:00, , , 149.083791816,  13.461317376,  149.452436996,  13.331571133,   112.804951437,      27.729460098,       -279.956,      114.904, 292.326, 302.6016,    *,  1.490351,  4.86849798504529,-14.4134165,    9.7922,
 2026-Dec-12 00:05:00, , , 149.083796769,  13.461318257,  149.452442225,  13.331571996,   113.047647541,      27.845213371,       -279.947,      114.899, 292.325, 302.5922,    *,  1.490353,  4.86849220450164,-14.4131187,    9.7921,
 2026-Dec-12 00:06:00, , , 149.083801747,  13.461319125,  149.452447478,  13.331572846,   113.290729636,      27.960758038,       -279.939,      114.895, 292.325, 302.5827,    *,  1.490355,  4.86848642407735,-14.4128213,    9.7921,
 2026-Dec-12 00:07:00, , , 149.083806749,  13.461319982,  149.452452755,  13.331573685,   113.534200237,      28.076091686,       -279.930,      114.890, 292.325, 302.5730,    *,  1.490356,  4.86848064377223,-14.4125243,    9.7920,
 2026-Dec-12 00:08:00, , , 149.083811775,  13.461320827,  149.452458055,  13.331574512,   113.778061851,      28.191211893,       -279.922,      114.885, 292.325, 302.5633,    *,  1.490358,  4.86847486358613,-14.4122277,    9.7919,
 2026-Dec-12 00:09:00, , , 149.083816826,  13.461321660,  149.452463379,  13.331575328,   114.022316981,      28.306116228,       -279.913,      114.880, 292.324, 302.5534,    *,  1.490360,  4.86846908351887,-14.4119316,    9.7919,
 2026-Dec-12 00:10:00, , , 149.083821900,  13.461322481,  149.452468727,  13.331576131,   114.266968120,      28.420802251,       -279.904,      114.876, 292.324, 302.5434,    *,  1.490362,  4.86846330357030,-14.4116359,    9.7918,
 2026-Dec-12 00:11:00, , , 149.083826999,  13.461323290,  149.452474098,  13.331576923,   114.512017758,      28.535267516,       -279.895,      114.871, 292.324, 302.5333,    *,  1.490363,  4.86845752374023,-14.4113406,    9.7918,
 2026-Dec-12 00:12:00, , , 149.083832121,  13.461324087,  149.452479493,  13.331577703,   114.757468375,      28.649509567,       -279.886,      114.866, 292.324, 302.5231,    *,  1.490365,  4.86845174402848,-14.4110458,    9.7917,
 2026-Dec-12 00:13:00, , , 149.083837268,  13.461324872,  149.452484911,  13.331578471,   115.003322442,      28.763525939,       -279.877,      114.861, 292.324, 302.5128,    *,  1.490367,  4.86844596443485,-14.4107515,    9.7916,
 2026-Dec-12 00:14:00, , , 149.083842439,  13.461325645,  149.452490353,  13.331579227,   115.249582425,      28.877314160,       -279.868,      114.856, 292.323, 302.5023,    *,  1.490369,  4.86844018495917,-14.4104576,    9.7916,
 2026-Dec-12 00:15:00, , , 149.083847634,  13.461326406,  149.452495819,  13.331579971,   115.496250781,      28.990871748,       -279.859,      114.851, 292.323, 302.4918,    *,  1.490371,  4.86843440560122,-14.4101643,    9.7915,
 2026-Dec-12 00:16:00, , , 149.083852854,  13.461327156,  149.452501308,  13.331580704,   115.743329957,      29.104196214,       -279.849,      114.846, 292.323, 302.4811,    *,  1.490372,  4.86842862636082,-14.4098714,    9.7915,
 2026-Dec-12 00:17:00, , , 149.083858098,  13.461327893,  149.452506821,  13.331581425,   115.990822391,      29.217285058,       -279.840,      114.841, 292.323, 302.4703,    *,  1.490374,  4.86842284723778,-14.4095791,    9.7914,
 2026-Dec-12 00:18:00, , , 149.083863366,  13.461328618,  149.452512358,  13.331582134,   116.238730513,      29.330135776,       -279.830,      114.835, 292.323, 302.4594,    *,  1.490376,  4.86841706823186,-14.4092872,    9.7913,
 2026-Dec-12 00:19:00, , , 149.083868658,  13.461329332,  149.452517918,  13.331582831,   116.487056744,      29.442745852,       -279.820,      114.830, 292.322, 302.4484,    *,  1.490378,  4.86841128934287,-14.4089960,    9.7913,
 2026-Dec-12 00:20:00, , , 149.083873974,  13.461330033,  149.452523502,  13.331583516,   116.735803494,      29.555112761,       -279.810,      114.825, 292.322, 302.4373,    *,  1.490379,  4.86840551057059,-14.4087052,    9.7912,
 2026-Dec-12 00:21:00, , , 149.083879315,  13.461330723,  149.452529110,  13.331584190,   116.984973161,      29.667233972,       -279.800,      114.820, 292.322, 302.4261,    *,  1.490381,  4.86839973191479,-14.4084150,    9.7912,
 2026-Dec-12 00:22:00, , , 149.083884680,  13.461331400,  149.452534741,  13.331584851,   117.234568136,      29.779106944,       -279.790,      114.814, 292.322, 302.4148,    *,  1.490383,  4.86839395337524,-14.4081254,    9.7911,
 2026-Dec-12 00:23:00, , , 149.083890069,  13.461332066,  149.452540396,  13.331585501,   117.484590796,      29.890729128,       -279.780,      114.809, 292.322, 302.4033,    *,  1.490385,  4.86838817495172,-14.4078364,    9.7910,
 2026-Dec-12 00:24:00, , , 149.083895483,  13.461332720,  149.452546075,  13.331586139,   117.735043507,      30.002097965,       -279.770,      114.804, 292.321, 302.3918,    *,  1.490386,  4.86838239664401,-14.4075479,    9.7910,
 2026-Dec-12 00:25:00, , , 149.083900921,  13.461333361,  149.452551778,  13.331586765,   117.985928627,      30.113210890,       -279.760,      114.798, 292.321, 302.3801,    *,  1.490388,  4.86837661845184,-14.4072601,    9.7909,
 2026-Dec-12 00:26:00, , , 149.083906383,  13.461333991,  149.452557504,  13.331587380,   118.237248496,      30.224065327,       -279.749,      114.793, 292.321, 302.3683,    *,  1.490390,  4.86837084037499,-14.4069729,    9.7909,
 2026-Dec-12 00:27:00, , , 149.083911869,  13.461334609,  149.452563255,  13.331587982,   118.489005446,      30.334658693,       -279.738,      114.787, 292.321, 302.3564,    *,  1.490392,  4.86836506241319,-14.4066862,    9.7908,
 2026-Dec-12 00:28:00, , , 149.083917380,  13.461335214,  149.452569029,  13.331588572,   118.741201796,      30.444988397,       -279.728,      114.782, 292.320, 302.3444,    *,  1.490394,  4.86835928456619,-14.4064003,    9.7907,
 2026-Dec-12 00:29:00, , , 149.083922916,  13.461335808,  149.452574826,  13.331589151,   118.993839850,      30.555051838,       -279.717,      114.776, 292.320, 302.3322,    *,  1.490395,  4.86835350683375,-14.4061150,    9.7907,
 2026-Dec-12 00:30:00, , , 149.083928475,  13.461336390,  149.452580648,  13.331589718,   119.246921898,      30.664846407,       -279.706,      114.770, 292.320, 302.3200,    *,  1.490397,  4.86834772921560,-14.4058303,    9.7906,
 2026-Dec-12 00:31:00, , , 149.083934059,  13.461336959,  149.452586493,  13.331590273,   119.500450218,      30.774369487,       -279.695,      114.765, 292.320, 302.3077,    *,  1.490399,  4.86834195171147,-14.4055463,    9.7906,
 2026-Dec-12 00:32:00, , , 149.083939668,  13.461337517,  149.452592362,  13.331590816,   119.754427073,      30.883618452,       -279.684,      114.759, 292.320, 302.2952,    *,  1.490401,  4.86833617432107,-14.4052630,    9.7905,
 2026-Dec-12 00:33:00, , , 149.083945301,  13.461338063,  149.452598255,  13.331591347,   120.008854711,      30.992590667,       -279.673,      114.753, 292.319, 302.2826,    *,  1.490402,  4.86833039704416,-14.4049804,    9.7904,
 2026-Dec-12 00:34:00, , , 149.083950958,  13.461338596,  149.452604172,  13.331591866,   120.263735365,      31.101283491,       -279.661,      114.747, 292.319, 302.2699,    *,  1.490404,  4.86832461988042,-14.4046985,    9.7904,
 2026-Dec-12 00:35:00, , , 149.083956640,  13.461339118,  149.452610112,  13.331592374,   120.519071253,      31.209694272,       -279.650,      114.741, 292.319, 302.2571,    *,  1.490406,  4.86831884282958,-14.4044174,    9.7903,
 2026-Dec-12 00:36:00, , , 149.083962346,  13.461339628,  149.452616077,  13.331592869,   120.774864575,      31.317820351,       -279.638,      114.735, 292.319, 302.2442,    *,  1.490408,  4.86831306589136,-14.4041369,    9.7903,
 2026-Dec-12 00:37:00, , , 149.083968077,  13.461340125,  149.452622065,  13.331593353,   121.031117516,      31.425659059,       -279.627,      114.729, 292.319, 302.2312,    *,  1.490409,  4.86830728906545,-14.4038573,    9.7902,
 2026-Dec-12 00:38:00, , , 149.083973832,  13.461340611,  149.452628077,  13.331593824,   121.287832246,      31.533207722,       -279.615,      114.723, 292.318, 302.2180,    *,  1.490411,  4.86830151235155,-14.4035783,    9.7901,
 2026-Dec-12 00:39:00, , , 149.083979612,  13.461341085,  149.452634113,  13.331594284,   121.545010914,      31.640463654,       -279.603,      114.717, 292.318, 302.2048,    *,  1.490413,  4.86829573574936,-14.4033002,    9.7901,
 2026-Dec-12 00:40:00, , , 149.083985416,  13.461341546,  149.452640173,  13.331594732,   121.802655654,      31.747424164,       -279.591,      114.711, 292.318, 302.1914,    *,  1.490415,  4.86828995925855,-14.4030228,    9.7900,
 2026-Dec-12 00:41:00, , , 149.083991244,  13.461341996,  149.452646257,  13.331595168,   122.060768581,      31.854086550,       -279.579,      114.705, 292.318, 302.1780,    *,  1.490417,  4.86828418287880,-14.4027462,    9.7900,
 2026-Dec-12 00:42:00, , , 149.083997098,  13.461342433,  149.452652365,  13.331595592,   122.319351790,      31.960448103,       -279.567,      114.699, 292.318, 302.1644,    *,  1.490418,  4.86827840660983,-14.4024704,    9.7899,
 2026-Dec-12 00:43:00, , , 149.084002975,  13.461342859,  149.452658496,  13.331596004,   122.578407360,      32.066506106,       -279.555,      114.693, 292.317, 302.1507,    *,  1.490420,  4.86827263045128,-14.4021955,    9.7898,
 2026-Dec-12 00:44:00, , , 149.084008878,  13.461343272,  149.452664652,  13.331596404,   122.837937348,      32.172257834,       -279.542,      114.686, 292.317, 302.1369,    *,  1.490422,  4.86826685440283,-14.4019213,    9.7898,
 2026-Dec-12 00:45:00, , , 149.084014805,  13.461343674,  149.452670831,  13.331596792,   123.097943791,      32.277700554,       -279.530,      114.680, 292.317, 302.1229,    *,  1.490424,  4.86826107846413,-14.4016481,    9.7897,
 2026-Dec-12 00:46:00, , , 149.084020756,  13.461344063,  149.452677035,  13.331597169,   123.358428707,      32.382831524,       -279.517,      114.674, 292.317, 302.1089,    *,  1.490425,  4.86825530263486,-14.4013756,    9.7897,
 2026-Dec-12 00:47:00, , , 149.084026732,  13.461344440,  149.452683262,  13.331597533,   123.619394093,      32.487647995,       -279.505,      114.667, 292.317, 302.0947,    *,  1.490427,  4.86824952691464,-14.4011041,    9.7896,
 2026-Dec-12 00:48:00, , , 149.084032733,  13.461344806,  149.452689513,  13.331597886,   123.880841922,      32.592147210,       -279.492,      114.661, 292.316, 302.0805,    *,  1.490429,  4.86824375130315,-14.4008334,    9.7895,
 2026-Dec-12 00:49:00, , , 149.084038758,  13.461345159,  149.452695789,  13.331598226,   124.142774148,      32.696326405,       -279.479,      114.655, 292.316, 302.0661,    *,  1.490431,  4.86823797580002,-14.4005637,    9.7895,
 2026-Dec-12 00:50:00, , , 149.084044808,  13.461345500,  149.452702088,  13.331598555,   124.405192701,      32.800182805,       -279.466,      114.648, 292.316, 302.0516,    *,  1.490432,  4.86823220040489,-14.4002948,    9.7894,
 2026-Dec-12 00:51:00, , , 149.084050883,  13.461345829,  149.452708411,  13.331598871,   124.668099490,      32.903713631,       -279.453,      114.641, 292.316, 302.0370,    *,  1.490434,  4.86822642511739,-14.4000269,    9.7894,
 2026-Dec-12 00:52:00, , , 149.084056982,  13.461346146,  149.452714759,  13.331599176,   124.931496397,      33.006916095,       -279.440,      114.635, 292.315, 302.0223,    *,  1.490436,  4.86822064993714,-14.3997599,    9.7893,
 2026-Dec-12 00:53:00, , , 149.084063106,  13.461346451,  149.452721130,  13.331599469,   125.195385283,      33.109787401,       -279.426,      114.628, 292.315, 302.0075,    *,  1.490438,  4.86821487486379,-14.3994938,    9.7892,
 2026-Dec-12 00:54:00, , , 149.084069255,  13.461346744,  149.452727525,  13.331599750,   125.459767985,      33.212324745,       -279.413,      114.621, 292.315, 301.9925,    *,  1.490440,  4.86820909989690,-14.3992288,    9.7892,
 2026-Dec-12 00:55:00, , , 149.084075428,  13.461347025,  149.452733945,  13.331600019,   125.724646312,      33.314525318,       -279.400,      114.615, 292.315, 301.9775,    *,  1.490441,  4.86820332503615,-14.3989647,    9.7891,
 2026-Dec-12 00:56:00, , , 149.084081626,  13.461347294,  149.452740388,  13.331600275,   125.990022050,      33.416386300,       -279.386,      114.608, 292.315, 301.9623,    *,  1.490443,  4.86819755028110,-14.3987015,    9.7891,
 2026-Dec-12 00:57:00, , , 149.084087849,  13.461347551,  149.452746856,  13.331600520,   126.255896959,      33.517904867,       -279.372,      114.601, 292.314, 301.9470,    *,  1.490445,  4.86819177563136,-14.3984394,    9.7890,
 2026-Dec-12 00:58:00, , , 149.084094097,  13.461347795,  149.452753348,  13.331600753,   126.522272771,      33.619078186,       -279.358,      114.594, 292.314, 301.9317,    *,  1.490447,  4.86818600108653,-14.3981783,    9.7889,
 2026-Dec-12 00:59:00, , , 149.084100369,  13.461348028,  149.452759863,  13.331600974,   126.789151191,      33.719903416,       -279.345,      114.587, 292.314, 301.9162,    *,  1.490448,  4.86818022664621,-14.3979183,    9.7889,
 2026-Dec-12 01:00:00, , , 149.084106666,  13.461348248,  149.452766403,  13.331601183,   127.056533898,      33.820377713,       -279.330,      114.580, 292.314, 301.9005,    *,  1.490450,  4.86817445230995,-14.3976592,    9.7888,
$$EOE
***************************************************************************************************************************************************************************************************************************************
Column meaning:
 
TIME

  Times PRIOR to 1962 are UT1, a mean-solar time closely related to the
prior but now-deprecated GMT. Times AFTER 1962 are in UTC, the current
civil or "wall-clock" time-scale. UTC is kept within 0.9 seconds of UT1
using integer leap-seconds for 1972 and later years.

  Conversion from the internal Barycentric Dynamical Time (TDB) of solar
system dynamics to the non-uniform civil UT time-scale requested for output
has not been determined for UTC times after the next July or January 1st.
Therefore, the last known leap-second is used as a constant over future
intervals.

  Time tags refer to the UT time-scale conversion from TDB on Earth
regardless of observer location within the solar system, although clock
rates may differ due to the local gravity field and no analog to "UT"
may be defined for that location.

  Any 'b' symbol in the 1st-column denotes a B.C. date. First-column blank
(" ") denotes an A.D. date.
 
CALENDAR SYSTEM

  Mixed calendar mode was active such that calendar dates after AD 1582-Oct-15
(if any) are in the modern Gregorian system. Dates prior to 1582-Oct-5 (if any)
are in the Julian calendar system, which is automatically extended for dates
prior to its adoption on 45-Jan-1 BC.  The Julian calendar is useful for
matching historical dates. The Gregorian calendar more accurately corresponds
to the Earth's orbital motion and seasons. A "Gregorian-only" calendar mode is
available if such physical events are the primary interest.

  NOTE: "n.a." in output means quantity "not available" at the print-time.
 
SOLAR PRESENCE (OBSERVING SITE)
  Time tag is followed by a blank, then a solar-presence condition code:

       '*'  Daylight (refracted solar upper-limb on or above apparent horizon)
       'C'  Civil twilight/dawn
       'N'  Nautical twilight/dawn
       'A'  Astronomical twilight/dawn
       ' '  Night OR geocentric ephemeris

LUNAR PRESENCE WITH TARGET RISE/TRANSIT/SET EVENT MARKER (OBSERVING SITE)
  The solar-presence code column is immediately followed by another marker:

       'm'  Refracted upper-limb of Moon on or above apparent horizon
       ' '  Refracted upper-limb of Moon below apparent horizon OR geocentric

  The lunar presence marker (an ongoing state) can be over-ridden by a target
  event marker if an event has occurred since the last output step:

       'r'  Rise          (target body on or went above cut-off RTS elevation)
       'e'  Elevation max (target body maximum elevation angle has occurred)
       't'  Transit       (target body at or passed through observer meridian)
       's'  Set           (target body on or went below cut-off RTS elevation)
 
RTS MARKERS (TVH)
  Rise and set are with respect to the reference ellipsoid true visual horizon
defined by the elevation cut-off angle. Horizon dip and yellow-light refraction
(Earth only) are considered. Accuracy is < or = to twice the requested search
step-size.
 
 'R.A.___(ICRF), DEC____(ICRF),' =
  Astrometric right ascension and declination of the target center with
respect to the observing site (coordinate origin) in the reference frame of
the planetary ephemeris (ICRF). Compensated for down-leg light-time delay
aberration.

  Units: RA  in decimal degrees,  ddd.fffff{ffff}
         DEC in decimal degrees,  sdd.fffff{ffff}
 
 'R.A.__(a-app), DEC___(a-app),' =
  Airless apparent right ascension and declination of the target center
with respect to an instantaneous reference frame defined by the Earth equator
of-date (z-axis) and meridian containing the Earth equinox of-date (x-axis,
EOP-corrected IAU76/80). Compensated for down-leg light-time delay,
gravitational deflection of light, stellar aberration, precession & nutation.
Note: equinox (RA origin) is offset -53 mas from the of-date frame defined by
the IAU06/00a P & N system.

  Units: RA  in decimal degrees, ddd.fffff{ffff}
         DEC in decimal degrees  sdd.fffff{ffff}

 
 'Azimuth_(a-app), Elevation_(a-app),' =
  Airless apparent azimuth and elevation of target center. Compensated
for light-time, the gravitational deflection of light, stellar aberration,
precession and nutation. Azimuth is measured clockwise from north:

  North(0) -> East(90) -> South(180) -> West(270) -> North (360)

Elevation angle is with respect to a plane perpendicular to the reference
surface local zenith direction. TOPOCENTRIC ONLY.  Units: DEGREES
 
 'X_(sat-prim), Y_(sat-prim), SatPANG,' =
   Satellite apparent differential coordinates in the plane-of-sky with
respect to the primary body along with the satellite position angle.
Differential coordinates are defined in RA as:

     X= ((RA_sat - RA_primary) * cosine(DEC_primary))

... and in DEC as:

     Y= (DEC_sat - DEC_primary)

Non-lunar satellites only. "SatPANG" is the counter-clockwise (CCW) position
angle from the reference-frame of-date north-pole to a line from the primary
center to the satellite center. Units: ARCSECONDS (X & Y), DEGREES (pos, angle)
 
 'ang-sep, vis.,' =
  The angular separation between the center of the target object and the center
of the (remote) primary body it revolves around, as seen by the observer, with
target visibility code.

  Visibility codes (refers to limb-to-limb):

    /t = Transiting primary body disk    /O = Occulted by primary body disk
    /p = Partial umbral eclipse          /P = Occulted partial umbral eclipse
    /u = Total umbral eclipse            /U = Occulted total umbral eclipse
    /- = Target is the primary body      /* = None of above ("free and clear")

  The radius of both primary and target body is taken to be the equatorial
value (maximum, given a triaxial shape). Atmospheric effects and oblateness
aspect are NOT currently considered.  Light-time is considered.

  Units: ARCSECONDS and visibility code
 
 'Ang-diam,' =
   The equatorial angular width of the target body full disk, if it were fully
illuminated and visible to the observer. If the target body diameter is unknown
"n.a." is output.

   Units: ARCSECONDS
 
 'delta,     deldot,' =
   Apparent range ("delta", light-time aberrated) and range-rate ("delta-dot")
of the target center relative to the observer. A positive "deldot" means the
target center is moving away from the observer, negative indicates movement
toward the observer.  Units: AU and KM/S
 
 'S-T-O,' =
   The Sun-Target-Observer angle; the interior vertex angle at target center
formed by a vector from the target to the apparent center of the Sun (at
reflection time on the target) and the apparent vector from target to the
observer at print-time. Slightly different from true PHASE ANGLE (requestable
separately) at the few arcsecond level in that it includes stellar aberration
on the down-leg from target to observer.  Units: DEGREES

Computations by ...

    Solar System Dynamics Group, Horizons On-Line Ephemeris System
    4800 Oak Grove Drive, Jet Propulsion Laboratory
    Pasadena, CA  91109   USA

    General site: https://ssd.jpl.nasa.gov/
    Mailing list: https://ssd.jpl.nasa.gov/email_list.html
    System news : https://ssd.jpl.nasa.gov/horizons/news.html
    User Guide  : https://ssd.jpl.nasa.gov/horizons/manual.html
    Connect     : browser        https://ssd.jpl.nasa.gov/horizons/app.html#/x
                  API            https://ssd-api.jpl.nasa.gov/doc/horizons.html
                  command-line   telnet ssd.jpl.nasa.gov 6775
                  e-mail/batch   https://ssd.jpl.nasa.gov/ftp/ssd/horizons_batch.txt
                  scripts        https://ssd.jpl.nasa.gov/ftp/ssd/SCRIPTS
    Inquiries   : Jon.D.Giorgini@jpl.nasa.gov

***************************************************************************************************************************************************************************************************************************************
