# JPL Horizons response, kept whole (#472)
# request-url: https://ssd.jpl.nasa.gov/api/horizons.api?format=text&COMMAND=%27599%27&MAKE_EPHEM=%27YES%27&EPHEM_TYPE=%27OBSERVER%27&CENTER=%27500%40399%27&COORD_TYPE=%27GEODETIC%27&QUANTITIES=%271%2C2%2C4%2C10%2C13%2C17%2C20%2C24%2C32%2C43%27&EXTRA_PREC=%27YES%27&ANG_FORMAT=%27DEG%27&APPARENT=%27AIRLESS%27&CSV_FORMAT=%27YES%27&TIME_DIGITS=%27SECONDS%27&START_TIME=%272026-12-11%2018%3A00%27&STOP_TIME=%272026-12-12%2001%3A00%27&STEP_SIZE=%271%20m%27
# requested-utc: 2026-10-07T13:52:43Z
# body-sha256: 99e33890892c4516c7ba5fc32510ca60ba503460f3b9fd52cec8db935b942f00
# body-bytes: 122378
# complete: True
API VERSION: 1.2
API SOURCE: NASA/JPL Horizons API

*******************************************************************************
 Revised: April 12, 2021               Jupiter                              599
 
 PHYSICAL DATA (revised 2025-Jan-30):
  Mass x 10^26 (kg)     = 18.9819           Density (g/cm^3)  = 1.3262 +- .0003
  Equat. radius (1 bar) = 71492+-4 km       Polar radius (km)     = 66854+-10
  Vol. Mean Radius (km) = 69911+-6          Flattening            = 0.06487
  Geometric Albedo      = 0.52              Rocky core mass (Mc/M)= 0.0261
  Sid. rot. period (III)= 9h 55m 29.711 s   Sid. rot. rate (rad/s)= 0.00017585
  Mean solar day, hrs   = ~9.9259         
  GM (km^3/s^2)         = 126686531.900     GM 1-sigma (km^3/s^2) =  +- 1.2732
  Equ. grav, ge (m/s^2) = 24.79             Pol. grav, gp (m/s^2) =  28.34
  Vis. magnitude V(1,0) = -9.40
  Vis. mag. (opposition)= -2.70             Obliquity to orbit    =  3.13 deg
  Sidereal orbit period = 11.861982204 y    Sidereal orbit period = 4332.589 d
  Mean daily motion     = 0.0831294 deg/d   Mean orbit speed, km/s= 13.0697
  Atmos. temp. (1 bar)  = 165+-5 K          Escape speed, km/s    =  59.5           
  A_roche(ice)/Rp       =  2.76             Hill's sphere rad. Rp = 740
                                 Perihelion   Aphelion     Mean
  Solar Constant (W/m^2)         56           46           51
  Maximum Planetary IR (W/m^2)   13.7         13.4         13.6
  Minimum Planetary IR (W/m^2)   13.7         13.4         13.6
*******************************************************************************


*******************************************************************************
Ephemeris / API_USER Wed Oct  7 06:52:44 2026 Pasadena, USA      / Horizons    
*******************************************************************************
Target body name: Jupiter (599)                   {source: jup365_merged}
Center body name: Earth (399)                     {source: DE441}
Center-site name: GEOCENTRIC
*******************************************************************************
Start time      : A.D. 2026-Dec-11 18:00:00.0000 UT      
Stop  time      : A.D. 2026-Dec-12 01:00:00.0000 UT      
Step-size       : 1 minutes
*******************************************************************************
Target pole/equ : IAU_JUPITER                     {West-longitude positive}
Target radii    : 71492.0, 71492.0, 66854.0 km    {Equator_a, b, pole_c}       
Center geodetic : 0.0, 0.0, -6378.137             {E-lon(deg),Lat(deg),Alt(km)}
Center cylindric: 0.0, 0.0, 0.0                   {E-lon(deg),Dxy(km),Dz(km)}
Center pole/equ : ITRF93                          {East-longitude positive}
Center radii    : 6378.137, 6378.137, 6356.752 km {Equator_a, b, pole_c}       
Target primary  : Sun
Vis. interferer : MOON (R_eq= 1737.400) km        {source: DE441}
Rel. light bend : Sun                             {source: jup365_merged}
Rel. lght bnd GM: 1.3271E+11 km^3/s^2                                          
Atmos refraction: NO (AIRLESS)
RA format       : DEG
Time format     : CAL 
Calendar mode   : Mixed Julian/Gregorian
EOP file        : eop.261006.p270102                                           
EOP coverage    : DATA-BASED 1962-JAN-20 TO 2026-OCT-06. PREDICTS-> 2027-JAN-01
Units conversion: 1 au= 149597870.700 km, c= 299792.458 km/s, 1 day= 86400.0 s 
Table cut-offs 1: Elevation (-90.0deg=NO ),Airmass (>38.000=NO), Daylight (NO )
Table cut-offs 2: Solar elongation (  0.0,180.0=NO ),Local Hour Angle( 0.0=NO )
Table cut-offs 3: RA/DEC angular rate (     0.0=NO )                           
Table format    : Comma Separated Values (spreadsheet)
***********************************************************************************************************************************************************************************************************************************************************************
 Date__(UT)__HR:MN:SS, , , R.A.___(ICRF), DEC____(ICRF),  R.A.__(a-app), DEC___(a-app), Azimuth_(a-app), Elevation_(a-app),      Illu%,  Ang-diam,    NP.ang,  NP.dist,             delta,     deldot,     S-T-O,  N.Pole-RA, N.Pole-DC,       phi,  PAB-LON,  PAB-LAT,
***********************************************************************************************************************************************************************************************************************************************************************
$$SOE
 2026-Dec-11 18:00:00, , , 149.162312969,  13.429224643,  149.530796557,  13.299394735,            n.a.,              n.a.,   99.26783,  40.46683,   22.2274,  -18.920,  4.87178304096273,-25.1353334,    9.8195,  268.05765,  64.49666,    9.8173, 141.7315,   0.8115,
 2026-Dec-11 18:01:00, , , 149.162316724,  13.429226390,  149.530800423,  13.299396439,            n.a.,              n.a.,   99.26784,  40.46692,   22.2274,  -18.920,  4.87177295991942,-25.1352047,    9.8195,  268.05765,  64.49666,    9.8172, 141.7315,   0.8115,
 2026-Dec-11 18:02:00, , , 149.162320478,  13.429228137,  149.530804288,  13.299398144,            n.a.,              n.a.,   99.26785,  40.46700,   22.2274,  -18.920,  4.87176287892772,-25.1350760,    9.8194,  268.05765,  64.49666,    9.8171, 141.7316,   0.8115,
 2026-Dec-11 18:03:00, , , 149.162324230,  13.429229885,  149.530808152,  13.299399850,            n.a.,              n.a.,   99.26785,  40.46708,   22.2274,  -18.920,  4.87175279798765,-25.1349473,    9.8194,  268.05765,  64.49666,    9.8171, 141.7316,   0.8116,
 2026-Dec-11 18:04:00, , , 149.162327981,  13.429231633,  149.530812013,  13.299401556,            n.a.,              n.a.,   99.26786,  40.46717,   22.2274,  -18.920,  4.87174271709920,-25.1348186,    9.8193,  268.05765,  64.49666,    9.8170, 141.7316,   0.8116,
 2026-Dec-11 18:05:00, , , 149.162331731,  13.429233382,  149.530815874,  13.299403263,            n.a.,              n.a.,   99.26787,  40.46725,   22.2274,  -18.920,  4.87173263626237,-25.1346898,    9.8193,  268.05765,  64.49666,    9.8170, 141.7316,   0.8116,
 2026-Dec-11 18:06:00, , , 149.162335479,  13.429235132,  149.530819732,  13.299404970,            n.a.,              n.a.,   99.26788,  40.46734,   22.2274,  -18.920,  4.87172255547717,-25.1345611,    9.8192,  268.05765,  64.49666,    9.8169, 141.7317,   0.8116,
 2026-Dec-11 18:07:00, , , 149.162339225,  13.429236881,  149.530823590,  13.299406678,            n.a.,              n.a.,   99.26788,  40.46742,   22.2274,  -18.920,  4.87171247474357,-25.1344324,    9.8192,  268.05765,  64.49666,    9.8169, 141.7317,   0.8116,
 2026-Dec-11 18:08:00, , , 149.162342970,  13.429238632,  149.530827445,  13.299408387,            n.a.,              n.a.,   99.26789,  40.46750,   22.2274,  -18.920,  4.87170239406162,-25.1343037,    9.8191,  268.05765,  64.49666,    9.8168, 141.7317,   0.8116,
 2026-Dec-11 18:09:00, , , 149.162346713,  13.429240383,  149.530831299,  13.299410095,            n.a.,              n.a.,   99.26790,  40.46759,   22.2274,  -18.920,  4.87169231343128,-25.1341750,    9.8190,  268.05765,  64.49666,    9.8168, 141.7318,   0.8116,
 2026-Dec-11 18:10:00, , , 149.162350455,  13.429242134,  149.530835152,  13.299411805,            n.a.,              n.a.,   99.26791,  40.46767,   22.2274,  -18.921,  4.87168223285258,-25.1340463,    9.8190,  268.05765,  64.49666,    9.8167, 141.7318,   0.8116,
 2026-Dec-11 18:11:00, , , 149.162354195,  13.429243887,  149.530839003,  13.299413515,            n.a.,              n.a.,   99.26792,  40.46775,   22.2274,  -18.921,  4.87167215232550,-25.1339175,    9.8189,  268.05765,  64.49666,    9.8167, 141.7318,   0.8116,
 2026-Dec-11 18:12:00, , , 149.162357934,  13.429245639,  149.530842853,  13.299415226,            n.a.,              n.a.,   99.26792,  40.46784,   22.2274,  -18.921,  4.87166207185004,-25.1337888,    9.8189,  268.05765,  64.49666,    9.8166, 141.7318,   0.8116,
 2026-Dec-11 18:13:00, , , 149.162361671,  13.429247392,  149.530846701,  13.299416937,            n.a.,              n.a.,   99.26793,  40.46792,   22.2274,  -18.921,  4.87165199142619,-25.1336601,    9.8188,  268.05765,  64.49666,    9.8166, 141.7319,   0.8116,
 2026-Dec-11 18:14:00, , , 149.162365407,  13.429249146,  149.530850547,  13.299418648,            n.a.,              n.a.,   99.26794,  40.46801,   22.2274,  -18.921,  4.87164191105399,-25.1335314,    9.8188,  268.05765,  64.49666,    9.8165, 141.7319,   0.8116,
 2026-Dec-11 18:15:00, , , 149.162369141,  13.429250900,  149.530854392,  13.299420361,            n.a.,              n.a.,   99.26795,  40.46809,   22.2274,  -18.921,  4.87163183073341,-25.1334027,    9.8187,  268.05765,  64.49666,    9.8165, 141.7319,   0.8116,
 2026-Dec-11 18:16:00, , , 149.162372873,  13.429252655,  149.530858236,  13.299422073,            n.a.,              n.a.,   99.26795,  40.46817,   22.2274,  -18.921,  4.87162175046446,-25.1332739,    9.8187,  268.05765,  64.49666,    9.8164, 141.7320,   0.8116,
 2026-Dec-11 18:17:00, , , 149.162376604,  13.429254410,  149.530862078,  13.299423787,            n.a.,              n.a.,   99.26796,  40.46826,   22.2275,  -18.921,  4.87161167024713,-25.1331452,    9.8186,  268.05765,  64.49666,    9.8164, 141.7320,   0.8116,
 2026-Dec-11 18:18:00, , , 149.162380334,  13.429256166,  149.530865918,  13.299425500,            n.a.,              n.a.,   99.26797,  40.46834,   22.2275,  -18.921,  4.87160159008143,-25.1330165,    9.8186,  268.05765,  64.49666,    9.8163, 141.7320,   0.8116,
 2026-Dec-11 18:19:00, , , 149.162384062,  13.429257922,  149.530869757,  13.299427215,            n.a.,              n.a.,   99.26798,  40.46842,   22.2275,  -18.921,  4.87159150996736,-25.1328878,    9.8185,  268.05765,  64.49666,    9.8163, 141.7320,   0.8116,
 2026-Dec-11 18:20:00, , , 149.162387789,  13.429259679,  149.530873595,  13.299428930,            n.a.,              n.a.,   99.26799,  40.46851,   22.2275,  -18.921,  4.87158142990490,-25.1327590,    9.8185,  268.05765,  64.49666,    9.8162, 141.7321,   0.8116,
 2026-Dec-11 18:21:00, , , 149.162391514,  13.429261437,  149.530877430,  13.299430645,            n.a.,              n.a.,   99.26799,  40.46859,   22.2275,  -18.921,  4.87157134989408,-25.1326303,    9.8184,  268.05765,  64.49666,    9.8162, 141.7321,   0.8116,
 2026-Dec-11 18:22:00, , , 149.162395237,  13.429263195,  149.530881265,  13.299432361,            n.a.,              n.a.,   99.26800,  40.46868,   22.2275,  -18.921,  4.87156126993490,-25.1325016,    9.8184,  268.05765,  64.49666,    9.8161, 141.7321,   0.8116,
 2026-Dec-11 18:23:00, , , 149.162398959,  13.429264953,  149.530885098,  13.299434078,            n.a.,              n.a.,   99.26801,  40.46876,   22.2275,  -18.921,  4.87155119002734,-25.1323728,    9.8183,  268.05765,  64.49666,    9.8161, 141.7322,   0.8116,
 2026-Dec-11 18:24:00, , , 149.162402680,  13.429266713,  149.530888929,  13.299435795,            n.a.,              n.a.,   99.26802,  40.46884,   22.2275,  -18.921,  4.87154111017141,-25.1322441,    9.8183,  268.05765,  64.49666,    9.8160, 141.7322,   0.8116,
 2026-Dec-11 18:25:00, , , 149.162406399,  13.429268472,  149.530892759,  13.299437513,            n.a.,              n.a.,   99.26802,  40.46893,   22.2275,  -18.921,  4.87153103036711,-25.1321154,    9.8182,  268.05765,  64.49666,    9.8159, 141.7322,   0.8116,
 2026-Dec-11 18:26:00, , , 149.162410116,  13.429270232,  149.530896587,  13.299439231,            n.a.,              n.a.,   99.26803,  40.46901,   22.2275,  -18.921,  4.87152095061442,-25.1319867,    9.8182,  268.05765,  64.49666,    9.8159, 141.7322,   0.8116,
 2026-Dec-11 18:27:00, , , 149.162413832,  13.429271993,  149.530900414,  13.299440949,            n.a.,              n.a.,   99.26804,  40.46909,   22.2275,  -18.921,  4.87151087091338,-25.1318579,    9.8181,  268.05765,  64.49666,    9.8158, 141.7323,   0.8116,
 2026-Dec-11 18:28:00, , , 149.162417546,  13.429273754,  149.530904239,  13.299442669,            n.a.,              n.a.,   99.26805,  40.46918,   22.2275,  -18.921,  4.87150079126397,-25.1317292,    9.8181,  268.05765,  64.49666,    9.8158, 141.7323,   0.8116,
 2026-Dec-11 18:29:00, , , 149.162421259,  13.429275516,  149.530908063,  13.299444389,            n.a.,              n.a.,   99.26806,  40.46926,   22.2275,  -18.921,  4.87149071166619,-25.1316005,    9.8180,  268.05765,  64.49666,    9.8157, 141.7323,   0.8116,
 2026-Dec-11 18:30:00, , , 149.162424970,  13.429277278,  149.530911885,  13.299446109,            n.a.,              n.a.,   99.26806,  40.46935,   22.2275,  -18.921,  4.87148063212004,-25.1314717,    9.8180,  268.05765,  64.49666,    9.8157, 141.7324,   0.8116,
 2026-Dec-11 18:31:00, , , 149.162428680,  13.429279041,  149.530915705,  13.299447830,            n.a.,              n.a.,   99.26807,  40.46943,   22.2275,  -18.921,  4.87147055262552,-25.1313430,    9.8179,  268.05765,  64.49666,    9.8156, 141.7324,   0.8116,
 2026-Dec-11 18:32:00, , , 149.162432389,  13.429280805,  149.530919525,  13.299449551,            n.a.,              n.a.,   99.26808,  40.46951,   22.2275,  -18.921,  4.87146047318264,-25.1312143,    9.8178,  268.05765,  64.49666,    9.8156, 141.7324,   0.8116,
 2026-Dec-11 18:33:00, , , 149.162436095,  13.429282569,  149.530923342,  13.299451273,            n.a.,              n.a.,   99.26809,  40.46960,   22.2275,  -18.921,  4.87145039379137,-25.1310855,    9.8178,  268.05765,  64.49666,    9.8155, 141.7324,   0.8116,
 2026-Dec-11 18:34:00, , , 149.162439801,  13.429284333,  149.530927158,  13.299452996,            n.a.,              n.a.,   99.26809,  40.46968,   22.2275,  -18.921,  4.87144031445175,-25.1309568,    9.8177,  268.05765,  64.49666,    9.8155, 141.7325,   0.8116,
 2026-Dec-11 18:35:00, , , 149.162443504,  13.429286098,  149.530930973,  13.299454719,            n.a.,              n.a.,   99.26810,  40.46976,   22.2275,  -18.922,  4.87143023516376,-25.1308280,    9.8177,  268.05765,  64.49666,    9.8154, 141.7325,   0.8116,
 2026-Dec-11 18:36:00, , , 149.162447206,  13.429287864,  149.530934786,  13.299456443,            n.a.,              n.a.,   99.26811,  40.46985,   22.2275,  -18.922,  4.87142015592741,-25.1306993,    9.8176,  268.05765,  64.49666,    9.8154, 141.7325,   0.8116,
 2026-Dec-11 18:37:00, , , 149.162450907,  13.429289630,  149.530938597,  13.299458167,            n.a.,              n.a.,   99.26812,  40.46993,   22.2275,  -18.922,  4.87141007674269,-25.1305706,    9.8176,  268.05765,  64.49666,    9.8153, 141.7326,   0.8116,
 2026-Dec-11 18:38:00, , , 149.162454606,  13.429291396,  149.530942407,  13.299459891,            n.a.,              n.a.,   99.26812,  40.47002,   22.2275,  -18.922,  4.87139999760960,-25.1304418,    9.8175,  268.05765,  64.49666,    9.8153, 141.7326,   0.8116,
 2026-Dec-11 18:39:00, , , 149.162458304,  13.429293164,  149.530946216,  13.299461617,            n.a.,              n.a.,   99.26813,  40.47010,   22.2275,  -18.922,  4.87138991852813,-25.1303131,    9.8175,  268.05765,  64.49666,    9.8152, 141.7326,   0.8116,
 2026-Dec-11 18:40:00, , , 149.162462000,  13.429294931,  149.530950023,  13.299463343,            n.a.,              n.a.,   99.26814,  40.47018,   22.2275,  -18.922,  4.87137983949831,-25.1301843,    9.8174,  268.05765,  64.49666,    9.8152, 141.7326,   0.8116,
 2026-Dec-11 18:41:00, , , 149.162465695,  13.429296700,  149.530953828,  13.299465069,            n.a.,              n.a.,   99.26815,  40.47027,   22.2275,  -18.922,  4.87136976052013,-25.1300556,    9.8174,  268.05765,  64.49666,    9.8151, 141.7327,   0.8116,
 2026-Dec-11 18:42:00, , , 149.162469388,  13.429298468,  149.530957632,  13.299466796,            n.a.,              n.a.,   99.26816,  40.47035,   22.2275,  -18.922,  4.87135968159358,-25.1299268,    9.8173,  268.05765,  64.49666,    9.8151, 141.7327,   0.8116,
 2026-Dec-11 18:43:00, , , 149.162473079,  13.429300238,  149.530961435,  13.299468523,            n.a.,              n.a.,   99.26816,  40.47043,   22.2275,  -18.922,  4.87134960271867,-25.1297981,    9.8173,  268.05765,  64.49666,    9.8150, 141.7327,   0.8116,
 2026-Dec-11 18:44:00, , , 149.162476769,  13.429302008,  149.530965235,  13.299470251,            n.a.,              n.a.,   99.26817,  40.47052,   22.2275,  -18.922,  4.87133952389540,-25.1296693,    9.8172,  268.05765,  64.49666,    9.8150, 141.7328,   0.8116,
 2026-Dec-11 18:45:00, , , 149.162480458,  13.429303778,  149.530969035,  13.299471980,            n.a.,              n.a.,   99.26818,  40.47060,   22.2275,  -18.922,  4.87132944512376,-25.1295406,    9.8172,  268.05765,  64.49666,    9.8149, 141.7328,   0.8116,
 2026-Dec-11 18:46:00, , , 149.162484145,  13.429305549,  149.530972832,  13.299473709,            n.a.,              n.a.,   99.26819,  40.47069,   22.2275,  -18.922,  4.87131936640374,-25.1294118,    9.8171,  268.05765,  64.49666,    9.8149, 141.7328,   0.8116,
 2026-Dec-11 18:47:00, , , 149.162487830,  13.429307321,  149.530976629,  13.299475439,            n.a.,              n.a.,   99.26819,  40.47077,   22.2275,  -18.922,  4.87130928773538,-25.1292831,    9.8171,  268.05765,  64.49666,    9.8148, 141.7328,   0.8116,
 2026-Dec-11 18:48:00, , , 149.162491514,  13.429309093,  149.530980424,  13.299477169,            n.a.,              n.a.,   99.26820,  40.47085,   22.2275,  -18.922,  4.87129920911866,-25.1291543,    9.8170,  268.05765,  64.49666,    9.8147, 141.7329,   0.8116,
 2026-Dec-11 18:49:00, , , 149.162495197,  13.429310865,  149.530984217,  13.299478899,            n.a.,              n.a.,   99.26821,  40.47094,   22.2275,  -18.922,  4.87128913055358,-25.1290256,    9.8170,  268.05765,  64.49666,    9.8147, 141.7329,   0.8116,
 2026-Dec-11 18:50:00, , , 149.162498878,  13.429312638,  149.530988008,  13.299480631,            n.a.,              n.a.,   99.26822,  40.47102,   22.2275,  -18.922,  4.87127905204013,-25.1288968,    9.8169,  268.05765,  64.49666,    9.8146, 141.7329,   0.8116,
 2026-Dec-11 18:51:00, , , 149.162502557,  13.429314412,  149.530991799,  13.299482362,            n.a.,              n.a.,   99.26823,  40.47110,   22.2275,  -18.922,  4.87126897357832,-25.1287681,    9.8169,  268.05765,  64.49666,    9.8146, 141.7330,   0.8116,
 2026-Dec-11 18:52:00, , , 149.162506235,  13.429316186,  149.530995587,  13.299484095,            n.a.,              n.a.,   99.26823,  40.47119,   22.2275,  -18.922,  4.87125889516814,-25.1286393,    9.8168,  268.05765,  64.49666,    9.8145, 141.7330,   0.8116,
 2026-Dec-11 18:53:00, , , 149.162509911,  13.429317961,  149.530999374,  13.299485828,            n.a.,              n.a.,   99.26824,  40.47127,   22.2275,  -18.922,  4.87124881680961,-25.1285106,    9.8168,  268.05765,  64.49666,    9.8145, 141.7330,   0.8116,
 2026-Dec-11 18:54:00, , , 149.162513586,  13.429319736,  149.531003160,  13.299487561,            n.a.,              n.a.,   99.26825,  40.47136,   22.2275,  -18.922,  4.87123873850273,-25.1283818,    9.8167,  268.05765,  64.49666,    9.8144, 141.7331,   0.8116,
 2026-Dec-11 18:55:00, , , 149.162517259,  13.429321512,  149.531006944,  13.299489295,            n.a.,              n.a.,   99.26826,  40.47144,   22.2275,  -18.922,  4.87122866024748,-25.1282530,    9.8167,  268.05765,  64.49666,    9.8144, 141.7331,   0.8117,
 2026-Dec-11 18:56:00, , , 149.162520931,  13.429323289,  149.531010727,  13.299491030,            n.a.,              n.a.,   99.26826,  40.47152,   22.2275,  -18.922,  4.87121858204388,-25.1281243,    9.8166,  268.05765,  64.49666,    9.8143, 141.7331,   0.8117,
 2026-Dec-11 18:57:00, , , 149.162524601,  13.429325066,  149.531014508,  13.299492765,            n.a.,              n.a.,   99.26827,  40.47161,   22.2275,  -18.922,  4.87120850389192,-25.1279955,    9.8165,  268.05765,  64.49666,    9.8143, 141.7331,   0.8117,
 2026-Dec-11 18:58:00, , , 149.162528270,  13.429326843,  149.531018287,  13.299494500,            n.a.,              n.a.,   99.26828,  40.47169,   22.2275,  -18.922,  4.87119842579160,-25.1278668,    9.8165,  268.05765,  64.49666,    9.8142, 141.7332,   0.8117,
 2026-Dec-11 18:59:00, , , 149.162531937,  13.429328621,  149.531022065,  13.299496237,            n.a.,              n.a.,   99.26829,  40.47177,   22.2275,  -18.922,  4.87118834774291,-25.1277380,    9.8164,  268.05765,  64.49666,    9.8142, 141.7332,   0.8117,
 2026-Dec-11 19:00:00, , , 149.162535603,  13.429330399,  149.531025842,  13.299497973,            n.a.,              n.a.,   99.26830,  40.47186,   22.2275,  -18.922,  4.87117826974588,-25.1276092,    9.8164,  268.05765,  64.49666,    9.8141, 141.7332,   0.8117,
 2026-Dec-11 19:01:00, , , 149.162539267,  13.429332179,  149.531029617,  13.299499710,            n.a.,              n.a.,   99.26830,  40.47194,   22.2275,  -18.923,  4.87116819180049,-25.1274805,    9.8163,  268.05765,  64.49666,    9.8141, 141.7333,   0.8117,
 2026-Dec-11 19:02:00, , , 149.162542930,  13.429333958,  149.531033390,  13.299501448,            n.a.,              n.a.,   99.26831,  40.47203,   22.2275,  -18.923,  4.87115811390675,-25.1273517,    9.8163,  268.05765,  64.49666,    9.8140, 141.7333,   0.8117,
 2026-Dec-11 19:03:00, , , 149.162546591,  13.429335738,  149.531037162,  13.299503187,            n.a.,              n.a.,   99.26832,  40.47211,   22.2275,  -18.923,  4.87114803606465,-25.1272229,    9.8162,  268.05765,  64.49666,    9.8140, 141.7333,   0.8117,
 2026-Dec-11 19:04:00, , , 149.162550250,  13.429337519,  149.531040932,  13.299504926,            n.a.,              n.a.,   99.26833,  40.47219,   22.2275,  -18.923,  4.87113795827420,-25.1270942,    9.8162,  268.05765,  64.49666,    9.8139, 141.7333,   0.8117,
 2026-Dec-11 19:05:00, , , 149.162553909,  13.429339300,  149.531044701,  13.299506665,            n.a.,              n.a.,   99.26833,  40.47228,   22.2275,  -18.923,  4.87112788053538,-25.1269654,    9.8161,  268.05765,  64.49666,    9.8139, 141.7334,   0.8117,
 2026-Dec-11 19:06:00, , , 149.162557565,  13.429341082,  149.531048469,  13.299508405,            n.a.,              n.a.,   99.26834,  40.47236,   22.2275,  -18.923,  4.87111780284822,-25.1268366,    9.8161,  268.05765,  64.49666,    9.8138, 141.7334,   0.8117,
 2026-Dec-11 19:07:00, , , 149.162561220,  13.429342864,  149.531052234,  13.299510145,            n.a.,              n.a.,   99.26835,  40.47244,   22.2275,  -18.923,  4.87110772521271,-25.1267078,    9.8160,  268.05765,  64.49666,    9.8138, 141.7334,   0.8117,
 2026-Dec-11 19:08:00, , , 149.162564874,  13.429344647,  149.531055999,  13.299511887,            n.a.,              n.a.,   99.26836,  40.47253,   22.2275,  -18.923,  4.87109764762884,-25.1265791,    9.8160,  268.05765,  64.49666,    9.8137, 141.7335,   0.8117,
 2026-Dec-11 19:09:00, , , 149.162568526,  13.429346431,  149.531059761,  13.299513628,            n.a.,              n.a.,   99.26837,  40.47261,   22.2275,  -18.923,  4.87108757009663,-25.1264503,    9.8159,  268.05765,  64.49666,    9.8137, 141.7335,   0.8117,
 2026-Dec-11 19:10:00, , , 149.162572176,  13.429348215,  149.531063523,  13.299515370,            n.a.,              n.a.,   99.26837,  40.47270,   22.2275,  -18.923,  4.87107749261606,-25.1263215,    9.8159,  268.05765,  64.49666,    9.8136, 141.7335,   0.8117,
 2026-Dec-11 19:11:00, , , 149.162575825,  13.429349999,  149.531067282,  13.299517113,            n.a.,              n.a.,   99.26838,  40.47278,   22.2275,  -18.923,  4.87106741518714,-25.1261927,    9.8158,  268.05765,  64.49666,    9.8135, 141.7335,   0.8117,
 2026-Dec-11 19:12:00, , , 149.162579472,  13.429351784,  149.531071041,  13.299518856,            n.a.,              n.a.,   99.26839,  40.47286,   22.2275,  -18.923,  4.87105733780985,-25.1260639,    9.8158,  268.05765,  64.49666,    9.8135, 141.7336,   0.8117,
 2026-Dec-11 19:13:00, , , 149.162583118,  13.429353570,  149.531074797,  13.299520600,            n.a.,              n.a.,   99.26840,  40.47295,   22.2275,  -18.923,  4.87104726048423,-25.1259352,    9.8157,  268.05765,  64.49666,    9.8134, 141.7336,   0.8117,
 2026-Dec-11 19:14:00, , , 149.162586763,  13.429355356,  149.531078552,  13.299522344,            n.a.,              n.a.,   99.26840,  40.47303,   22.2275,  -18.923,  4.87103718321027,-25.1258064,    9.8157,  268.05765,  64.49666,    9.8134, 141.7336,   0.8117,
 2026-Dec-11 19:15:00, , , 149.162590406,  13.429357142,  149.531082306,  13.299524089,            n.a.,              n.a.,   99.26841,  40.47311,   22.2275,  -18.923,  4.87102710598795,-25.1256776,    9.8156,  268.05765,  64.49666,    9.8133, 141.7337,   0.8117,
 2026-Dec-11 19:16:00, , , 149.162594047,  13.429358930,  149.531086058,  13.299525835,            n.a.,              n.a.,   99.26842,  40.47320,   22.2275,  -18.923,  4.87101702881728,-25.1255488,    9.8156,  268.05765,  64.49666,    9.8133, 141.7337,   0.8117,
 2026-Dec-11 19:17:00, , , 149.162597687,  13.429360717,  149.531089809,  13.299527581,            n.a.,              n.a.,   99.26843,  40.47328,   22.2275,  -18.923,  4.87100695169827,-25.1254200,    9.8155,  268.05765,  64.49666,    9.8132, 141.7337,   0.8117,
 2026-Dec-11 19:18:00, , , 149.162601325,  13.429362506,  149.531093558,  13.299529327,            n.a.,              n.a.,   99.26844,  40.47336,   22.2275,  -18.923,  4.87099687463089,-25.1252912,    9.8155,  268.05765,  64.49666,    9.8132, 141.7337,   0.8117,
 2026-Dec-11 19:19:00, , , 149.162604962,  13.429364294,  149.531097305,  13.299531074,            n.a.,              n.a.,   99.26844,  40.47345,   22.2275,  -18.923,  4.87098679761519,-25.1251624,    9.8154,  268.05765,  64.49666,    9.8131, 141.7338,   0.8117,
 2026-Dec-11 19:20:00, , , 149.162608597,  13.429366084,  149.531101051,  13.299532822,            n.a.,              n.a.,   99.26845,  40.47353,   22.2275,  -18.923,  4.87097672065113,-25.1250336,    9.8153,  268.05765,  64.49666,    9.8131, 141.7338,   0.8117,
 2026-Dec-11 19:21:00, , , 149.162612231,  13.429367874,  149.531104796,  13.299534570,            n.a.,              n.a.,   99.26846,  40.47362,   22.2275,  -18.923,  4.87096664373873,-25.1249049,    9.8153,  268.05765,  64.49666,    9.8130, 141.7338,   0.8117,
 2026-Dec-11 19:22:00, , , 149.162615863,  13.429369664,  149.531108539,  13.299536319,            n.a.,              n.a.,   99.26847,  40.47370,   22.2275,  -18.923,  4.87095656687799,-25.1247761,    9.8152,  268.05765,  64.49666,    9.8130, 141.7339,   0.8117,
 2026-Dec-11 19:23:00, , , 149.162619494,  13.429371455,  149.531112280,  13.299538068,            n.a.,              n.a.,   99.26847,  40.47378,   22.2275,  -18.923,  4.87094649006891,-25.1246473,    9.8152,  268.05765,  64.49666,    9.8129, 141.7339,   0.8117,
 2026-Dec-11 19:24:00, , , 149.162623123,  13.429373247,  149.531116020,  13.299539818,            n.a.,              n.a.,   99.26848,  40.47387,   22.2275,  -18.923,  4.87093641331145,-25.1245185,    9.8151,  268.05765,  64.49666,    9.8129, 141.7339,   0.8117,
 2026-Dec-11 19:25:00, , , 149.162626750,  13.429375039,  149.531119758,  13.299541568,            n.a.,              n.a.,   99.26849,  40.47395,   22.2275,  -18.923,  4.87092633660568,-25.1243897,    9.8151,  268.05765,  64.49666,    9.8128, 141.7339,   0.8117,
 2026-Dec-11 19:26:00, , , 149.162630377,  13.429376831,  149.531123495,  13.299543319,            n.a.,              n.a.,   99.26850,  40.47403,   22.2275,  -18.924,  4.87091625995156,-25.1242609,    9.8150,  268.05765,  64.49666,    9.8128, 141.7340,   0.8117,
 2026-Dec-11 19:27:00, , , 149.162634001,  13.429378624,  149.531127231,  13.299545070,            n.a.,              n.a.,   99.26851,  40.47412,   22.2275,  -18.924,  4.87090618334910,-25.1241321,    9.8150,  268.05765,  64.49666,    9.8127, 141.7340,   0.8117,
 2026-Dec-11 19:28:00, , , 149.162637624,  13.429380418,  149.531130964,  13.299546822,            n.a.,              n.a.,   99.26851,  40.47420,   22.2275,  -18.924,  4.87089610679830,-25.1240033,    9.8149,  268.05765,  64.49666,    9.8127, 141.7340,   0.8117,
 2026-Dec-11 19:29:00, , , 149.162641246,  13.429382212,  149.531134697,  13.299548575,            n.a.,              n.a.,   99.26852,  40.47429,   22.2275,  -18.924,  4.87088603029916,-25.1238745,    9.8149,  268.05765,  64.49666,    9.8126, 141.7341,   0.8117,
 2026-Dec-11 19:30:00, , , 149.162644866,  13.429384007,  149.531138427,  13.299550328,            n.a.,              n.a.,   99.26853,  40.47437,   22.2275,  -18.924,  4.87087595385168,-25.1237457,    9.8148,  268.05765,  64.49666,    9.8126, 141.7341,   0.8117,
 2026-Dec-11 19:31:00, , , 149.162648484,  13.429385802,  149.531142157,  13.299552081,            n.a.,              n.a.,   99.26854,  40.47445,   22.2275,  -18.924,  4.87086587745584,-25.1236168,    9.8148,  268.05765,  64.49666,    9.8125, 141.7341,   0.8117,
 2026-Dec-11 19:32:00, , , 149.162652101,  13.429387598,  149.531145884,  13.299553836,            n.a.,              n.a.,   99.26854,  40.47454,   22.2275,  -18.924,  4.87085580111168,-25.1234880,    9.8147,  268.05765,  64.49666,    9.8125, 141.7341,   0.8117,
 2026-Dec-11 19:33:00, , , 149.162655717,  13.429389394,  149.531149610,  13.299555590,            n.a.,              n.a.,   99.26855,  40.47462,   22.2275,  -18.924,  4.87084572481918,-25.1233592,    9.8147,  268.05765,  64.49666,    9.8124, 141.7342,   0.8117,
 2026-Dec-11 19:34:00, , , 149.162659331,  13.429391191,  149.531153335,  13.299557346,            n.a.,              n.a.,   99.26856,  40.47470,   22.2275,  -18.924,  4.87083564857834,-25.1232304,    9.8146,  268.05765,  64.49666,    9.8123, 141.7342,   0.8117,
 2026-Dec-11 19:35:00, , , 149.162662943,  13.429392989,  149.531157058,  13.299559101,            n.a.,              n.a.,   99.26857,  40.47479,   22.2275,  -18.924,  4.87082557238917,-25.1231016,    9.8146,  268.05765,  64.49666,    9.8123, 141.7342,   0.8117,
 2026-Dec-11 19:36:00, , , 149.162666554,  13.429394787,  149.531160780,  13.299560858,            n.a.,              n.a.,   99.26858,  40.47487,   22.2275,  -18.924,  4.87081549625166,-25.1229728,    9.8145,  268.05765,  64.49666,    9.8122, 141.7343,   0.8117,
 2026-Dec-11 19:37:00, , , 149.162670163,  13.429396585,  149.531164500,  13.299562614,            n.a.,              n.a.,   99.26858,  40.47496,   22.2275,  -18.924,  4.87080542016579,-25.1228440,    9.8145,  268.05765,  64.49666,    9.8122, 141.7343,   0.8117,
 2026-Dec-11 19:38:00, , , 149.162673771,  13.429398384,  149.531168219,  13.299564372,            n.a.,              n.a.,   99.26859,  40.47504,   22.2275,  -18.924,  4.87079534413161,-25.1227151,    9.8144,  268.05765,  64.49666,    9.8121, 141.7343,   0.8117,
 2026-Dec-11 19:39:00, , , 149.162677377,  13.429400184,  149.531171936,  13.299566130,            n.a.,              n.a.,   99.26860,  40.47512,   22.2275,  -18.924,  4.87078526814910,-25.1225863,    9.8144,  268.05765,  64.49666,    9.8121, 141.7343,   0.8117,
 2026-Dec-11 19:40:00, , , 149.162680982,  13.429401984,  149.531175651,  13.299567888,            n.a.,              n.a.,   99.26861,  40.47521,   22.2275,  -18.924,  4.87077519221824,-25.1224575,    9.8143,  268.05765,  64.49666,    9.8120, 141.7344,   0.8117,
 2026-Dec-11 19:41:00, , , 149.162684585,  13.429403785,  149.531179365,  13.299569647,            n.a.,              n.a.,   99.26861,  40.47529,   22.2275,  -18.924,  4.87076511633906,-25.1223287,    9.8143,  268.05765,  64.49666,    9.8120, 141.7344,   0.8117,
 2026-Dec-11 19:42:00, , , 149.162688187,  13.429405586,  149.531183078,  13.299571407,            n.a.,              n.a.,   99.26862,  40.47537,   22.2275,  -18.924,  4.87075504051154,-25.1221999,    9.8142,  268.05765,  64.49666,    9.8119, 141.7344,   0.8117,
 2026-Dec-11 19:43:00, , , 149.162691787,  13.429407388,  149.531186788,  13.299573167,            n.a.,              n.a.,   99.26863,  40.47546,   22.2275,  -18.924,  4.87074496473570,-25.1220710,    9.8141,  268.05765,  64.49666,    9.8119, 141.7345,   0.8117,
 2026-Dec-11 19:44:00, , , 149.162695386,  13.429409190,  149.531190498,  13.299574928,            n.a.,              n.a.,   99.26864,  40.47554,   22.2275,  -18.924,  4.87073488901149,-25.1219422,    9.8141,  268.05765,  64.49666,    9.8118, 141.7345,   0.8117,
 2026-Dec-11 19:45:00, , , 149.162698983,  13.429410993,  149.531194206,  13.299576689,            n.a.,              n.a.,   99.26864,  40.47563,   22.2275,  -18.924,  4.87072481333898,-25.1218134,    9.8140,  268.05765,  64.49666,    9.8118, 141.7345,   0.8117,
 2026-Dec-11 19:46:00, , , 149.162702579,  13.429412796,  149.531197912,  13.299578451,            n.a.,              n.a.,   99.26865,  40.47571,   22.2275,  -18.924,  4.87071473771814,-25.1216845,    9.8140,  268.05765,  64.49666,    9.8117, 141.7346,   0.8117,
 2026-Dec-11 19:47:00, , , 149.162706173,  13.429414600,  149.531201617,  13.299580213,            n.a.,              n.a.,   99.26866,  40.47579,   22.2275,  -18.924,  4.87070466214897,-25.1215557,    9.8139,  268.05765,  64.49666,    9.8117, 141.7346,   0.8118,
 2026-Dec-11 19:48:00, , , 149.162709766,  13.429416405,  149.531205320,  13.299581976,            n.a.,              n.a.,   99.26867,  40.47588,   22.2275,  -18.924,  4.87069458663147,-25.1214269,    9.8139,  268.05765,  64.49666,    9.8116, 141.7346,   0.8118,
 2026-Dec-11 19:49:00, , , 149.162713357,  13.429418210,  149.531209022,  13.299583739,            n.a.,              n.a.,   99.26868,  40.47596,   22.2275,  -18.924,  4.87068451116565,-25.1212980,    9.8138,  268.05765,  64.49666,    9.8116, 141.7346,   0.8118,
 2026-Dec-11 19:50:00, , , 149.162716946,  13.429420016,  149.531212722,  13.299585503,            n.a.,              n.a.,   99.26868,  40.47604,   22.2275,  -18.924,  4.87067443575147,-25.1211692,    9.8138,  268.05765,  64.49666,    9.8115, 141.7347,   0.8118,
 2026-Dec-11 19:51:00, , , 149.162720534,  13.429421822,  149.531216421,  13.299587268,            n.a.,              n.a.,   99.26869,  40.47613,   22.2275,  -18.924,  4.87066436038899,-25.1210404,    9.8137,  268.05765,  64.49666,    9.8115, 141.7347,   0.8118,
 2026-Dec-11 19:52:00, , , 149.162724121,  13.429423628,  149.531220118,  13.299589033,            n.a.,              n.a.,   99.26870,  40.47621,   22.2275,  -18.925,  4.87065428507818,-25.1209115,    9.8137,  268.05765,  64.49666,    9.8114, 141.7347,   0.8118,
 2026-Dec-11 19:53:00, , , 149.162727706,  13.429425435,  149.531223814,  13.299590799,            n.a.,              n.a.,   99.26871,  40.47630,   22.2275,  -18.925,  4.87064420981905,-25.1207827,    9.8136,  268.05765,  64.49666,    9.8114, 141.7348,   0.8118,
 2026-Dec-11 19:54:00, , , 149.162731289,  13.429427243,  149.531227508,  13.299592565,            n.a.,              n.a.,   99.26871,  40.47638,   22.2275,  -18.925,  4.87063413461159,-25.1206538,    9.8136,  268.05765,  64.49666,    9.8113, 141.7348,   0.8118,
 2026-Dec-11 19:55:00, , , 149.162734871,  13.429429051,  149.531231201,  13.299594331,            n.a.,              n.a.,   99.26872,  40.47646,   22.2275,  -18.925,  4.87062405945581,-25.1205250,    9.8135,  268.05765,  64.49666,    9.8113, 141.7348,   0.8118,
 2026-Dec-11 19:56:00, , , 149.162738452,  13.429430860,  149.531234892,  13.299596099,            n.a.,              n.a.,   99.26873,  40.47655,   22.2275,  -18.925,  4.87061398435171,-25.1203961,    9.8135,  268.05765,  64.49666,    9.8112, 141.7348,   0.8118,
 2026-Dec-11 19:57:00, , , 149.162742031,  13.429432670,  149.531238581,  13.299597866,            n.a.,              n.a.,   99.26874,  40.47663,   22.2275,  -18.925,  4.87060390929926,-25.1202673,    9.8134,  268.05765,  64.49666,    9.8111, 141.7349,   0.8118,
 2026-Dec-11 19:58:00, , , 149.162745608,  13.429434480,  149.531242269,  13.299599635,            n.a.,              n.a.,   99.26875,  40.47671,   22.2275,  -18.925,  4.87059383429851,-25.1201384,    9.8134,  268.05765,  64.49666,    9.8111, 141.7349,   0.8118,
 2026-Dec-11 19:59:00, , , 149.162749184,  13.429436290,  149.531245956,  13.299601404,            n.a.,              n.a.,   99.26875,  40.47680,   22.2275,  -18.925,  4.87058375934944,-25.1200096,    9.8133,  268.05765,  64.49666,    9.8110, 141.7349,   0.8118,
 2026-Dec-11 20:00:00, , , 149.162752758,  13.429438101,  149.531249641,  13.299603173,            n.a.,              n.a.,   99.26876,  40.47688,   22.2275,  -18.925,  4.87057368445205,-25.1198807,    9.8133,  268.05765,  64.49666,    9.8110, 141.7350,   0.8118,
 2026-Dec-11 20:01:00, , , 149.162756331,  13.429439912,  149.531253325,  13.299604943,            n.a.,              n.a.,   99.26877,  40.47697,   22.2275,  -18.925,  4.87056360960634,-25.1197519,    9.8132,  268.05765,  64.49666,    9.8109, 141.7350,   0.8118,
 2026-Dec-11 20:02:00, , , 149.162759902,  13.429441724,  149.531257006,  13.299606713,            n.a.,              n.a.,   99.26878,  40.47705,   22.2275,  -18.925,  4.87055353481231,-25.1196230,    9.8132,  268.05765,  64.49666,    9.8109, 141.7350,   0.8118,
 2026-Dec-11 20:03:00, , , 149.162763472,  13.429443537,  149.531260687,  13.299608484,            n.a.,              n.a.,   99.26878,  40.47713,   22.2275,  -18.925,  4.87054346006995,-25.1194941,    9.8131,  268.05765,  64.49666,    9.8108, 141.7350,   0.8118,
 2026-Dec-11 20:04:00, , , 149.162767040,  13.429445350,  149.531264366,  13.299610256,            n.a.,              n.a.,   99.26879,  40.47722,   22.2275,  -18.925,  4.87053338537928,-25.1193653,    9.8131,  268.05765,  64.49666,    9.8108, 141.7351,   0.8118,
 2026-Dec-11 20:05:00, , , 149.162770607,  13.429447164,  149.531268043,  13.299612028,            n.a.,              n.a.,   99.26880,  40.47730,   22.2275,  -18.925,  4.87052331074030,-25.1192364,    9.8130,  268.05765,  64.49666,    9.8107, 141.7351,   0.8118,
 2026-Dec-11 20:06:00, , , 149.162774172,  13.429448978,  149.531271719,  13.299613801,            n.a.,              n.a.,   99.26881,  40.47738,   22.2275,  -18.925,  4.87051323615300,-25.1191075,    9.8129,  268.05765,  64.49666,    9.8107, 141.7351,   0.8118,
 2026-Dec-11 20:07:00, , , 149.162777736,  13.429450793,  149.531275393,  13.299615574,            n.a.,              n.a.,   99.26882,  40.47747,   22.2275,  -18.925,  4.87050316161739,-25.1189787,    9.8129,  268.05765,  64.49666,    9.8106, 141.7352,   0.8118,
 2026-Dec-11 20:08:00, , , 149.162781298,  13.429452608,  149.531279066,  13.299617348,            n.a.,              n.a.,   99.26882,  40.47755,   22.2275,  -18.925,  4.87049308713347,-25.1188498,    9.8128,  268.05765,  64.49666,    9.8106, 141.7352,   0.8118,
 2026-Dec-11 20:09:00, , , 149.162784859,  13.429454424,  149.531282738,  13.299619122,            n.a.,              n.a.,   99.26883,  40.47764,   22.2275,  -18.925,  4.87048301270123,-25.1187209,    9.8128,  268.05765,  64.49666,    9.8105, 141.7352,   0.8118,
 2026-Dec-11 20:10:00, , , 149.162788418,  13.429456240,  149.531286407,  13.299620897,            n.a.,              n.a.,   99.26884,  40.47772,   22.2275,  -18.925,  4.87047293832066,-25.1185921,    9.8127,  268.05765,  64.49666,    9.8105, 141.7352,   0.8118,
 2026-Dec-11 20:11:00, , , 149.162791975,  13.429458057,  149.531290076,  13.299622672,            n.a.,              n.a.,   99.26885,  40.47780,   22.2275,  -18.925,  4.87046286399179,-25.1184632,    9.8127,  268.05765,  64.49666,    9.8104, 141.7353,   0.8118,
 2026-Dec-11 20:12:00, , , 149.162795531,  13.429459875,  149.531293742,  13.299624448,            n.a.,              n.a.,   99.26885,  40.47789,   22.2275,  -18.925,  4.87045278971462,-25.1183343,    9.8126,  268.05765,  64.49666,    9.8104, 141.7353,   0.8118,
 2026-Dec-11 20:13:00, , , 149.162799086,  13.429461693,  149.531297407,  13.299626225,            n.a.,              n.a.,   99.26886,  40.47797,   22.2275,  -18.925,  4.87044271548913,-25.1182054,    9.8126,  268.05765,  64.49666,    9.8103, 141.7353,   0.8118,
 2026-Dec-11 20:14:00, , , 149.162802639,  13.429463511,  149.531301071,  13.299628002,            n.a.,              n.a.,   99.26887,  40.47805,   22.2275,  -18.925,  4.87043264131534,-25.1180765,    9.8125,  268.05765,  64.49666,    9.8103, 141.7354,   0.8118,
 2026-Dec-11 20:15:00, , , 149.162806190,  13.429465330,  149.531304733,  13.299629780,            n.a.,              n.a.,   99.26888,  40.47814,   22.2276,  -18.925,  4.87042256719324,-25.1179476,    9.8125,  268.05765,  64.49666,    9.8102, 141.7354,   0.8118,
 2026-Dec-11 20:16:00, , , 149.162809740,  13.429467150,  149.531308394,  13.299631558,            n.a.,              n.a.,   99.26889,  40.47822,   22.2276,  -18.925,  4.87041249312280,-25.1178188,    9.8124,  268.05765,  64.49666,    9.8102, 141.7354,   0.8118,
 2026-Dec-11 20:17:00, , , 149.162813289,  13.429468970,  149.531312053,  13.299633336,            n.a.,              n.a.,   99.26889,  40.47830,   22.2276,  -18.925,  4.87040241910408,-25.1176899,    9.8124,  268.05765,  64.49666,    9.8101, 141.7354,   0.8118,
 2026-Dec-11 20:18:00, , , 149.162816836,  13.429470791,  149.531315710,  13.299635116,            n.a.,              n.a.,   99.26890,  40.47839,   22.2276,  -18.926,  4.87039234513706,-25.1175610,    9.8123,  268.05765,  64.49666,    9.8100, 141.7355,   0.8118,
 2026-Dec-11 20:19:00, , , 149.162820381,  13.429472612,  149.531319366,  13.299636895,            n.a.,              n.a.,   99.26891,  40.47847,   22.2276,  -18.926,  4.87038227122173,-25.1174321,    9.8123,  268.05765,  64.49666,    9.8100, 141.7355,   0.8118,
 2026-Dec-11 20:20:00, , , 149.162823925,  13.429474434,  149.531323021,  13.299638676,            n.a.,              n.a.,   99.26892,  40.47856,   22.2276,  -18.926,  4.87037219735809,-25.1173032,    9.8122,  268.05765,  64.49666,    9.8099, 141.7355,   0.8118,
 2026-Dec-11 20:21:00, , , 149.162827467,  13.429476256,  149.531326674,  13.299640457,            n.a.,              n.a.,   99.26892,  40.47864,   22.2276,  -18.926,  4.87036212354615,-25.1171743,    9.8122,  268.05765,  64.49666,    9.8099, 141.7356,   0.8118,
 2026-Dec-11 20:22:00, , , 149.162831008,  13.429478079,  149.531330325,  13.299642238,            n.a.,              n.a.,   99.26893,  40.47872,   22.2276,  -18.926,  4.87035204978591,-25.1170454,    9.8121,  268.05765,  64.49666,    9.8098, 141.7356,   0.8118,
 2026-Dec-11 20:23:00, , , 149.162834547,  13.429479903,  149.531333975,  13.299644020,            n.a.,              n.a.,   99.26894,  40.47881,   22.2276,  -18.926,  4.87034197607734,-25.1169165,    9.8121,  268.05765,  64.49666,    9.8098, 141.7356,   0.8118,
 2026-Dec-11 20:24:00, , , 149.162838085,  13.429481727,  149.531337624,  13.299645802,            n.a.,              n.a.,   99.26895,  40.47889,   22.2276,  -18.926,  4.87033190242050,-25.1167876,    9.8120,  268.05765,  64.49666,    9.8097, 141.7356,   0.8118,
 2026-Dec-11 20:25:00, , , 149.162841621,  13.429483551,  149.531341271,  13.299647585,            n.a.,              n.a.,   99.26896,  40.47897,   22.2276,  -18.926,  4.87032182881535,-25.1166587,    9.8120,  268.05765,  64.49666,    9.8097, 141.7357,   0.8118,
 2026-Dec-11 20:26:00, , , 149.162845156,  13.429485376,  149.531344916,  13.299649369,            n.a.,              n.a.,   99.26896,  40.47906,   22.2276,  -18.926,  4.87031175526190,-25.1165298,    9.8119,  268.05765,  64.49666,    9.8096, 141.7357,   0.8118,
 2026-Dec-11 20:27:00, , , 149.162848689,  13.429487202,  149.531348560,  13.299651153,            n.a.,              n.a.,   99.26897,  40.47914,   22.2276,  -18.926,  4.87030168176016,-25.1164009,    9.8119,  268.05765,  64.49666,    9.8096, 141.7357,   0.8118,
 2026-Dec-11 20:28:00, , , 149.162852221,  13.429489028,  149.531352202,  13.299652938,            n.a.,              n.a.,   99.26898,  40.47923,   22.2276,  -18.926,  4.87029160831011,-25.1162720,    9.8118,  268.05765,  64.49666,    9.8095, 141.7358,   0.8118,
 2026-Dec-11 20:29:00, , , 149.162855751,  13.429490854,  149.531355843,  13.299654723,            n.a.,              n.a.,   99.26899,  40.47931,   22.2276,  -18.926,  4.87028153491175,-25.1161430,    9.8117,  268.05765,  64.49666,    9.8095, 141.7358,   0.8118,
 2026-Dec-11 20:30:00, , , 149.162859280,  13.429492682,  149.531359482,  13.299656509,            n.a.,              n.a.,   99.26899,  40.47939,   22.2276,  -18.926,  4.87027146156511,-25.1160141,    9.8117,  268.05765,  64.49666,    9.8094, 141.7358,   0.8118,
 2026-Dec-11 20:31:00, , , 149.162862807,  13.429494509,  149.531363120,  13.299658295,            n.a.,              n.a.,   99.26900,  40.47948,   22.2276,  -18.926,  4.87026138827018,-25.1158852,    9.8116,  268.05765,  64.49666,    9.8094, 141.7358,   0.8118,
 2026-Dec-11 20:32:00, , , 149.162866332,  13.429496338,  149.531366756,  13.299660082,            n.a.,              n.a.,   99.26901,  40.47956,   22.2276,  -18.926,  4.87025131502695,-25.1157563,    9.8116,  268.05765,  64.49666,    9.8093, 141.7359,   0.8118,
 2026-Dec-11 20:33:00, , , 149.162869857,  13.429498167,  149.531370391,  13.299661869,            n.a.,              n.a.,   99.26902,  40.47964,   22.2276,  -18.926,  4.87024124183543,-25.1156274,    9.8115,  268.05765,  64.49666,    9.8093, 141.7359,   0.8118,
 2026-Dec-11 20:34:00, , , 149.162873379,  13.429499996,  149.531374024,  13.299663657,            n.a.,              n.a.,   99.26903,  40.47973,   22.2276,  -18.926,  4.87023116869562,-25.1154984,    9.8115,  268.05765,  64.49666,    9.8092, 141.7359,   0.8118,
 2026-Dec-11 20:35:00, , , 149.162876900,  13.429501826,  149.531377655,  13.299665446,            n.a.,              n.a.,   99.26903,  40.47981,   22.2276,  -18.926,  4.87022109560751,-25.1153695,    9.8114,  268.05765,  64.49666,    9.8092, 141.7360,   0.8118,
 2026-Dec-11 20:36:00, , , 149.162880420,  13.429503656,  149.531381286,  13.299667235,            n.a.,              n.a.,   99.26904,  40.47990,   22.2276,  -18.926,  4.87021102257110,-25.1152406,    9.8114,  268.05765,  64.49666,    9.8091, 141.7360,   0.8118,
 2026-Dec-11 20:37:00, , , 149.162883938,  13.429505487,  149.531384914,  13.299669025,            n.a.,              n.a.,   99.26905,  40.47998,   22.2276,  -18.926,  4.87020094958641,-25.1151117,    9.8113,  268.05765,  64.49666,    9.8091, 141.7360,   0.8118,
 2026-Dec-11 20:38:00, , , 149.162887454,  13.429507319,  149.531388541,  13.299670815,            n.a.,              n.a.,   99.26906,  40.48006,   22.2276,  -18.926,  4.87019087665343,-25.1149827,    9.8113,  268.05765,  64.49666,    9.8090, 141.7360,   0.8118,
 2026-Dec-11 20:39:00, , , 149.162890969,  13.429509151,  149.531392167,  13.299672605,            n.a.,              n.a.,   99.26906,  40.48015,   22.2276,  -18.926,  4.87018080377217,-25.1148538,    9.8112,  268.05765,  64.49666,    9.8090, 141.7361,   0.8119,
 2026-Dec-11 20:40:00, , , 149.162894482,  13.429510984,  149.531395791,  13.299674397,            n.a.,              n.a.,   99.26907,  40.48023,   22.2276,  -18.926,  4.87017073094262,-25.1147248,    9.8112,  268.05765,  64.49666,    9.8089, 141.7361,   0.8119,
 2026-Dec-11 20:41:00, , , 149.162897994,  13.429512817,  149.531399413,  13.299676188,            n.a.,              n.a.,   99.26908,  40.48031,   22.2276,  -18.926,  4.87016065816478,-25.1145959,    9.8111,  268.05765,  64.49666,    9.8088, 141.7361,   0.8119,
 2026-Dec-11 20:42:00, , , 149.162901504,  13.429514650,  149.531403034,  13.299677981,            n.a.,              n.a.,   99.26909,  40.48040,   22.2276,  -18.926,  4.87015058543864,-25.1144670,    9.8111,  268.05765,  64.49666,    9.8088, 141.7362,   0.8119,
 2026-Dec-11 20:43:00, , , 149.162905013,  13.429516485,  149.531406654,  13.299679774,            n.a.,              n.a.,   99.26910,  40.48048,   22.2276,  -18.927,  4.87014051276423,-25.1143380,    9.8110,  268.05765,  64.49666,    9.8087, 141.7362,   0.8119,
 2026-Dec-11 20:44:00, , , 149.162908521,  13.429518319,  149.531410271,  13.299681567,            n.a.,              n.a.,   99.26910,  40.48057,   22.2276,  -18.927,  4.87013044014154,-25.1142091,    9.8110,  268.05765,  64.49666,    9.8087, 141.7362,   0.8119,
 2026-Dec-11 20:45:00, , , 149.162912026,  13.429520155,  149.531413888,  13.299683361,            n.a.,              n.a.,   99.26911,  40.48065,   22.2276,  -18.927,  4.87012036757056,-25.1140801,    9.8109,  268.05765,  64.49666,    9.8086, 141.7362,   0.8119,
 2026-Dec-11 20:46:00, , , 149.162915531,  13.429521991,  149.531417503,  13.299685155,            n.a.,              n.a.,   99.26912,  40.48073,   22.2276,  -18.927,  4.87011029505131,-25.1139512,    9.8109,  268.05765,  64.49666,    9.8086, 141.7363,   0.8119,
 2026-Dec-11 20:47:00, , , 149.162919033,  13.429523827,  149.531421116,  13.299686950,            n.a.,              n.a.,   99.26913,  40.48082,   22.2276,  -18.927,  4.87010022258377,-25.1138222,    9.8108,  268.05765,  64.49666,    9.8085, 141.7363,   0.8119,
 2026-Dec-11 20:48:00, , , 149.162922534,  13.429525664,  149.531424728,  13.299688746,            n.a.,              n.a.,   99.26913,  40.48090,   22.2276,  -18.927,  4.87009015016793,-25.1136933,    9.8108,  268.05765,  64.49666,    9.8085, 141.7363,   0.8119,
 2026-Dec-11 20:49:00, , , 149.162926034,  13.429527501,  149.531428338,  13.299690542,            n.a.,              n.a.,   99.26914,  40.48098,   22.2276,  -18.927,  4.87008007780384,-25.1135643,    9.8107,  268.05765,  64.49666,    9.8084, 141.7364,   0.8119,
 2026-Dec-11 20:50:00, , , 149.162929532,  13.429529339,  149.531431947,  13.299692339,            n.a.,              n.a.,   99.26915,  40.48107,   22.2276,  -18.927,  4.87007000549146,-25.1134353,    9.8107,  268.05765,  64.49666,    9.8084, 141.7364,   0.8119,
 2026-Dec-11 20:51:00, , , 149.162933029,  13.429531178,  149.531435554,  13.299694136,            n.a.,              n.a.,   99.26916,  40.48115,   22.2276,  -18.927,  4.87005993323081,-25.1133064,    9.8106,  268.05765,  64.49666,    9.8083, 141.7364,   0.8119,
 2026-Dec-11 20:52:00, , , 149.162936524,  13.429533017,  149.531439160,  13.299695934,            n.a.,              n.a.,   99.26917,  40.48124,   22.2276,  -18.927,  4.87004986102189,-25.1131774,    9.8105,  268.05765,  64.49666,    9.8083, 141.7364,   0.8119,
 2026-Dec-11 20:53:00, , , 149.162940018,  13.429534857,  149.531442764,  13.299697732,            n.a.,              n.a.,   99.26917,  40.48132,   22.2276,  -18.927,  4.87003978886468,-25.1130484,    9.8105,  268.05765,  64.49666,    9.8082, 141.7365,   0.8119,
 2026-Dec-11 20:54:00, , , 149.162943510,  13.429536697,  149.531446366,  13.299699531,            n.a.,              n.a.,   99.26918,  40.48140,   22.2276,  -18.927,  4.87002971675921,-25.1129195,    9.8104,  268.05765,  64.49666,    9.8082, 141.7365,   0.8119,
 2026-Dec-11 20:55:00, , , 149.162947000,  13.429538538,  149.531449967,  13.299701330,            n.a.,              n.a.,   99.26919,  40.48149,   22.2276,  -18.927,  4.87001964470544,-25.1127905,    9.8104,  268.05765,  64.49666,    9.8081, 141.7365,   0.8119,
 2026-Dec-11 20:56:00, , , 149.162950489,  13.429540379,  149.531453567,  13.299703130,            n.a.,              n.a.,   99.26920,  40.48157,   22.2276,  -18.927,  4.87000957270342,-25.1126615,    9.8103,  268.05765,  64.49666,    9.8081, 141.7366,   0.8119,
 2026-Dec-11 20:57:00, , , 149.162953977,  13.429542221,  149.531457165,  13.299704931,            n.a.,              n.a.,   99.26920,  40.48165,   22.2276,  -18.927,  4.86999950075313,-25.1125325,    9.8103,  268.05765,  64.49666,    9.8080, 141.7366,   0.8119,
 2026-Dec-11 20:58:00, , , 149.162957463,  13.429544063,  149.531460762,  13.299706732,            n.a.,              n.a.,   99.26921,  40.48174,   22.2276,  -18.927,  4.86998942885456,-25.1124035,    9.8102,  268.05765,  64.49666,    9.8080, 141.7366,   0.8119,
 2026-Dec-11 20:59:00, , , 149.162960947,  13.429545906,  149.531464357,  13.299708534,            n.a.,              n.a.,   99.26922,  40.48182,   22.2276,  -18.927,  4.86997935700773,-25.1122746,    9.8102,  268.05765,  64.49666,    9.8079, 141.7367,   0.8119,
 2026-Dec-11 21:00:00, , , 149.162964430,  13.429547750,  149.531467950,  13.299710336,            n.a.,              n.a.,   99.26923,  40.48191,   22.2276,  -18.927,  4.86996928521263,-25.1121456,    9.8101,  268.05765,  64.49666,    9.8079, 141.7367,   0.8119,
 2026-Dec-11 21:01:00, , , 149.162967911,  13.429549593,  149.531471542,  13.299712138,            n.a.,              n.a.,   99.26924,  40.48199,   22.2276,  -18.927,  4.86995921346925,-25.1120166,    9.8101,  268.05765,  64.49666,    9.8078, 141.7367,   0.8119,
 2026-Dec-11 21:02:00, , , 149.162971391,  13.429551438,  149.531475132,  13.299713942,            n.a.,              n.a.,   99.26924,  40.48207,   22.2276,  -18.927,  4.86994914177761,-25.1118876,    9.8100,  268.05765,  64.49666,    9.8077, 141.7367,   0.8119,
 2026-Dec-11 21:03:00, , , 149.162974869,  13.429553283,  149.531478721,  13.299715745,            n.a.,              n.a.,   99.26925,  40.48216,   22.2276,  -18.927,  4.86993907013772,-25.1117586,    9.8100,  268.05765,  64.49666,    9.8077, 141.7368,   0.8119,
 2026-Dec-11 21:04:00, , , 149.162978346,  13.429555129,  149.531482309,  13.299717550,            n.a.,              n.a.,   99.26926,  40.48224,   22.2276,  -18.927,  4.86992899854956,-25.1116296,    9.8099,  268.05765,  64.49666,    9.8076, 141.7368,   0.8119,
 2026-Dec-11 21:05:00, , , 149.162981821,  13.429556975,  149.531485894,  13.299719355,            n.a.,              n.a.,   99.26927,  40.48232,   22.2276,  -18.927,  4.86991892701313,-25.1115006,    9.8099,  268.05765,  64.49666,    9.8076, 141.7368,   0.8119,
 2026-Dec-11 21:06:00, , , 149.162985295,  13.429558822,  149.531489479,  13.299721160,            n.a.,              n.a.,   99.26927,  40.48241,   22.2276,  -18.927,  4.86990885552844,-25.1113716,    9.8098,  268.05765,  64.49666,    9.8075, 141.7369,   0.8119,
 2026-Dec-11 21:07:00, , , 149.162988767,  13.429560669,  149.531493062,  13.299722966,            n.a.,              n.a.,   99.26928,  40.48249,   22.2276,  -18.927,  4.86989878409550,-25.1112426,    9.8098,  268.05765,  64.49666,    9.8075, 141.7369,   0.8119,
 2026-Dec-11 21:08:00, , , 149.162992238,  13.429562517,  149.531496643,  13.299724772,            n.a.,              n.a.,   99.26929,  40.48257,   22.2276,  -18.927,  4.86988871271427,-25.1111136,    9.8097,  268.05765,  64.49666,    9.8074, 141.7369,   0.8119,
 2026-Dec-11 21:09:00, , , 149.162995707,  13.429564365,  149.531500222,  13.299726580,            n.a.,              n.a.,   99.26930,  40.48266,   22.2276,  -18.928,  4.86987864138481,-25.1109846,    9.8097,  268.05765,  64.49666,    9.8074, 141.7369,   0.8119,
 2026-Dec-11 21:10:00, , , 149.162999175,  13.429566214,  149.531503801,  13.299728387,            n.a.,              n.a.,   99.26931,  40.48274,   22.2276,  -18.928,  4.86986857010708,-25.1108556,    9.8096,  268.05765,  64.49666,    9.8073, 141.7370,   0.8119,
 2026-Dec-11 21:11:00, , , 149.163002641,  13.429568063,  149.531507377,  13.299730195,            n.a.,              n.a.,   99.26931,  40.48283,   22.2276,  -18.928,  4.86985849888110,-25.1107266,    9.8096,  268.05765,  64.49666,    9.8073, 141.7370,   0.8119,
 2026-Dec-11 21:12:00, , , 149.163006106,  13.429569913,  149.531510952,  13.299732004,            n.a.,              n.a.,   99.26932,  40.48291,   22.2276,  -18.928,  4.86984842770687,-25.1105975,    9.8095,  268.05765,  64.49666,    9.8072, 141.7370,   0.8119,
 2026-Dec-11 21:13:00, , , 149.163009569,  13.429571764,  149.531514526,  13.299733813,            n.a.,              n.a.,   99.26933,  40.48299,   22.2276,  -18.928,  4.86983835658438,-25.1104685,    9.8094,  268.05765,  64.49666,    9.8072, 141.7371,   0.8119,
 2026-Dec-11 21:14:00, , , 149.163013030,  13.429573615,  149.531518098,  13.299735623,            n.a.,              n.a.,   99.26934,  40.48308,   22.2276,  -18.928,  4.86982828551361,-25.1103395,    9.8094,  268.05765,  64.49666,    9.8071, 141.7371,   0.8119,
 2026-Dec-11 21:15:00, , , 149.163016490,  13.429575466,  149.531521669,  13.299737433,            n.a.,              n.a.,   99.26934,  40.48316,   22.2276,  -18.928,  4.86981821449462,-25.1102105,    9.8093,  268.05765,  64.49666,    9.8071, 141.7371,   0.8119,
 2026-Dec-11 21:16:00, , , 149.163019949,  13.429577318,  149.531525238,  13.299739244,            n.a.,              n.a.,   99.26935,  40.48324,   22.2276,  -18.928,  4.86980814352737,-25.1100814,    9.8093,  268.05765,  64.49666,    9.8070, 141.7371,   0.8119,
 2026-Dec-11 21:17:00, , , 149.163023406,  13.429579171,  149.531528805,  13.299741056,            n.a.,              n.a.,   99.26936,  40.48333,   22.2276,  -18.928,  4.86979807261187,-25.1099524,    9.8092,  268.05765,  64.49666,    9.8070, 141.7372,   0.8119,
 2026-Dec-11 21:18:00, , , 149.163026861,  13.429581024,  149.531532371,  13.299742868,            n.a.,              n.a.,   99.26937,  40.48341,   22.2276,  -18.928,  4.86978800174813,-25.1098234,    9.8092,  268.05765,  64.49666,    9.8069, 141.7372,   0.8119,
 2026-Dec-11 21:19:00, , , 149.163030315,  13.429582878,  149.531535936,  13.299744680,            n.a.,              n.a.,   99.26938,  40.48350,   22.2276,  -18.928,  4.86977793093613,-25.1096943,    9.8091,  268.05765,  64.49666,    9.8069, 141.7372,   0.8119,
 2026-Dec-11 21:20:00, , , 149.163033768,  13.429584732,  149.531539499,  13.299746493,            n.a.,              n.a.,   99.26938,  40.48358,   22.2276,  -18.928,  4.86976786017589,-25.1095653,    9.8091,  268.05765,  64.49666,    9.8068, 141.7373,   0.8119,
 2026-Dec-11 21:21:00, , , 149.163037218,  13.429586587,  149.531543060,  13.299748307,            n.a.,              n.a.,   99.26939,  40.48366,   22.2276,  -18.928,  4.86975778946739,-25.1094362,    9.8090,  268.05765,  64.49666,    9.8068, 141.7373,   0.8119,
 2026-Dec-11 21:22:00, , , 149.163040668,  13.429588442,  149.531546620,  13.299750121,            n.a.,              n.a.,   99.26940,  40.48375,   22.2276,  -18.928,  4.86974771881066,-25.1093072,    9.8090,  268.05765,  64.49666,    9.8067, 141.7373,   0.8119,
 2026-Dec-11 21:23:00, , , 149.163044116,  13.429590298,  149.531550178,  13.299751936,            n.a.,              n.a.,   99.26941,  40.48383,   22.2276,  -18.928,  4.86973764820568,-25.1091782,    9.8089,  268.05765,  64.49666,    9.8066, 141.7373,   0.8119,
 2026-Dec-11 21:24:00, , , 149.163047562,  13.429592155,  149.531553735,  13.299753751,            n.a.,              n.a.,   99.26942,  40.48391,   22.2276,  -18.928,  4.86972757765247,-25.1090491,    9.8089,  268.05765,  64.49666,    9.8066, 141.7374,   0.8119,
 2026-Dec-11 21:25:00, , , 149.163051007,  13.429594012,  149.531557290,  13.299755567,            n.a.,              n.a.,   99.26942,  40.48400,   22.2276,  -18.928,  4.86971750715101,-25.1089200,    9.8088,  268.05765,  64.49666,    9.8065, 141.7374,   0.8119,
 2026-Dec-11 21:26:00, , , 149.163054450,  13.429595869,  149.531560844,  13.299757383,            n.a.,              n.a.,   99.26943,  40.48408,   22.2276,  -18.928,  4.86970743670131,-25.1087910,    9.8088,  268.05765,  64.49666,    9.8065, 141.7374,   0.8119,
 2026-Dec-11 21:27:00, , , 149.163057892,  13.429597727,  149.531564396,  13.299759200,            n.a.,              n.a.,   99.26944,  40.48417,   22.2276,  -18.928,  4.86969736630335,-25.1086619,    9.8087,  268.05765,  64.49666,    9.8064, 141.7375,   0.8119,
 2026-Dec-11 21:28:00, , , 149.163061332,  13.429599586,  149.531567947,  13.299761017,            n.a.,              n.a.,   99.26945,  40.48425,   22.2276,  -18.928,  4.86968729595718,-25.1085329,    9.8087,  268.05765,  64.49666,    9.8064, 141.7375,   0.8119,
 2026-Dec-11 21:29:00, , , 149.163064771,  13.429601445,  149.531571496,  13.299762835,            n.a.,              n.a.,   99.26945,  40.48433,   22.2276,  -18.928,  4.86967722566277,-25.1084038,    9.8086,  268.05765,  64.49666,    9.8063, 141.7375,   0.8119,
 2026-Dec-11 21:30:00, , , 149.163068208,  13.429603305,  149.531575044,  13.299764654,            n.a.,              n.a.,   99.26946,  40.48442,   22.2276,  -18.928,  4.86966715542012,-25.1082747,    9.8086,  268.05765,  64.49666,    9.8063, 141.7375,   0.8119,
 2026-Dec-11 21:31:00, , , 149.163071643,  13.429605165,  149.531578590,  13.299766473,            n.a.,              n.a.,   99.26947,  40.48450,   22.2276,  -18.928,  4.86965708522924,-25.1081457,    9.8085,  268.05765,  64.49666,    9.8062, 141.7376,   0.8120,
 2026-Dec-11 21:32:00, , , 149.163075077,  13.429607026,  149.531582135,  13.299768292,            n.a.,              n.a.,   99.26948,  40.48458,   22.2276,  -18.928,  4.86964701509013,-25.1080166,    9.8085,  268.05765,  64.49666,    9.8062, 141.7376,   0.8120,
 2026-Dec-11 21:33:00, , , 149.163078510,  13.429608887,  149.531585678,  13.299770113,            n.a.,              n.a.,   99.26949,  40.48467,   22.2276,  -18.928,  4.86963694500278,-25.1078875,    9.8084,  268.05765,  64.49666,    9.8061, 141.7376,   0.8120,
 2026-Dec-11 21:34:00, , , 149.163081941,  13.429610749,  149.531589219,  13.299771933,            n.a.,              n.a.,   99.26949,  40.48475,   22.2276,  -18.929,  4.86962687496718,-25.1077584,    9.8083,  268.05765,  64.49666,    9.8061, 141.7377,   0.8120,
 2026-Dec-11 21:35:00, , , 149.163085371,  13.429612611,  149.531592759,  13.299773755,            n.a.,              n.a.,   99.26950,  40.48484,   22.2276,  -18.929,  4.86961680498337,-25.1076294,    9.8083,  268.05765,  64.49666,    9.8060, 141.7377,   0.8120,
 2026-Dec-11 21:36:00, , , 149.163088799,  13.429614474,  149.531596298,  13.299775576,            n.a.,              n.a.,   99.26951,  40.48492,   22.2276,  -18.929,  4.86960673505134,-25.1075003,    9.8082,  268.05765,  64.49666,    9.8060, 141.7377,   0.8120,
 2026-Dec-11 21:37:00, , , 149.163092225,  13.429616338,  149.531599835,  13.299777399,            n.a.,              n.a.,   99.26952,  40.48500,   22.2276,  -18.929,  4.86959666517108,-25.1073712,    9.8082,  268.05765,  64.49666,    9.8059, 141.7377,   0.8120,
 2026-Dec-11 21:38:00, , , 149.163095650,  13.429618202,  149.531603370,  13.299779222,            n.a.,              n.a.,   99.26952,  40.48509,   22.2276,  -18.929,  4.86958659534259,-25.1072421,    9.8081,  268.05765,  64.49666,    9.8059, 141.7378,   0.8120,
 2026-Dec-11 21:39:00, , , 149.163099073,  13.429620066,  149.531606904,  13.299781045,            n.a.,              n.a.,   99.26953,  40.48517,   22.2276,  -18.929,  4.86957652556588,-25.1071130,    9.8081,  268.05765,  64.49666,    9.8058, 141.7378,   0.8120,
 2026-Dec-11 21:40:00, , , 149.163102495,  13.429621931,  149.531610437,  13.299782869,            n.a.,              n.a.,   99.26954,  40.48525,   22.2276,  -18.929,  4.86956645584092,-25.1069839,    9.8080,  268.05765,  64.49666,    9.8058, 141.7378,   0.8120,
 2026-Dec-11 21:41:00, , , 149.163105916,  13.429623797,  149.531613967,  13.299784694,            n.a.,              n.a.,   99.26955,  40.48534,   22.2276,  -18.929,  4.86955638616777,-25.1068548,    9.8080,  268.05765,  64.49666,    9.8057, 141.7379,   0.8120,
 2026-Dec-11 21:42:00, , , 149.163109334,  13.429625663,  149.531617497,  13.299786519,            n.a.,              n.a.,   99.26956,  40.48542,   22.2276,  -18.929,  4.86954631654639,-25.1067257,    9.8079,  268.05765,  64.49666,    9.8057, 141.7379,   0.8120,
 2026-Dec-11 21:43:00, , , 149.163112752,  13.429627530,  149.531621025,  13.299788344,            n.a.,              n.a.,   99.26956,  40.48551,   22.2276,  -18.929,  4.86953624697679,-25.1065966,    9.8079,  268.05765,  64.49666,    9.8056, 141.7379,   0.8120,
 2026-Dec-11 21:44:00, , , 149.163116168,  13.429629397,  149.531624551,  13.299790170,            n.a.,              n.a.,   99.26957,  40.48559,   22.2276,  -18.929,  4.86952617745897,-25.1064675,    9.8078,  268.05765,  64.49666,    9.8055, 141.7379,   0.8120,
 2026-Dec-11 21:45:00, , , 149.163119582,  13.429631265,  149.531628076,  13.299791997,            n.a.,              n.a.,   99.26958,  40.48567,   22.2276,  -18.929,  4.86951610799293,-25.1063384,    9.8078,  268.05765,  64.49666,    9.8055, 141.7380,   0.8120,
 2026-Dec-11 21:46:00, , , 149.163122995,  13.429633133,  149.531631599,  13.299793824,            n.a.,              n.a.,   99.26959,  40.48576,   22.2276,  -18.929,  4.86950603857868,-25.1062092,    9.8077,  268.05765,  64.49666,    9.8054, 141.7380,   0.8120,
 2026-Dec-11 21:47:00, , , 149.163126406,  13.429635002,  149.531635120,  13.299795652,            n.a.,              n.a.,   99.26959,  40.48584,   22.2276,  -18.929,  4.86949596921619,-25.1060801,    9.8077,  268.05765,  64.49666,    9.8054, 141.7380,   0.8120,
 2026-Dec-11 21:48:00, , , 149.163129815,  13.429636872,  149.531638641,  13.299797481,            n.a.,              n.a.,   99.26960,  40.48592,   22.2276,  -18.929,  4.86948589990551,-25.1059510,    9.8076,  268.05765,  64.49666,    9.8053, 141.7381,   0.8120,
 2026-Dec-11 21:49:00, , , 149.163133224,  13.429638742,  149.531642159,  13.299799309,            n.a.,              n.a.,   99.26961,  40.48601,   22.2276,  -18.929,  4.86947583064662,-25.1058219,    9.8076,  268.05765,  64.49666,    9.8053, 141.7381,   0.8120,
 2026-Dec-11 21:50:00, , , 149.163136630,  13.429640612,  149.531645676,  13.299801139,            n.a.,              n.a.,   99.26962,  40.48609,   22.2276,  -18.929,  4.86946576143951,-25.1056927,    9.8075,  268.05765,  64.49666,    9.8052, 141.7381,   0.8120,
 2026-Dec-11 21:51:00, , , 149.163140035,  13.429642483,  149.531649192,  13.299802969,            n.a.,              n.a.,   99.26963,  40.48617,   22.2276,  -18.929,  4.86945569228420,-25.1055636,    9.8075,  268.05765,  64.49666,    9.8052, 141.7381,   0.8120,
 2026-Dec-11 21:52:00, , , 149.163143439,  13.429644355,  149.531652706,  13.299804799,            n.a.,              n.a.,   99.26963,  40.48626,   22.2276,  -18.929,  4.86944562318068,-25.1054345,    9.8074,  268.05765,  64.49666,    9.8051, 141.7382,   0.8120,
 2026-Dec-11 21:53:00, , , 149.163146841,  13.429646227,  149.531656218,  13.299806630,            n.a.,              n.a.,   99.26964,  40.48634,   22.2276,  -18.929,  4.86943555412893,-25.1053053,    9.8074,  268.05765,  64.49666,    9.8051, 141.7382,   0.8120,
 2026-Dec-11 21:54:00, , , 149.163150242,  13.429648100,  149.531659729,  13.299808462,            n.a.,              n.a.,   99.26965,  40.48643,   22.2276,  -18.929,  4.86942548512899,-25.1051762,    9.8073,  268.05765,  64.49666,    9.8050, 141.7382,   0.8120,
 2026-Dec-11 21:55:00, , , 149.163153641,  13.429649973,  149.531663239,  13.299810294,            n.a.,              n.a.,   99.26966,  40.48651,   22.2276,  -18.929,  4.86941541618085,-25.1050471,    9.8072,  268.05765,  64.49666,    9.8050, 141.7383,   0.8120,
 2026-Dec-11 21:56:00, , , 149.163157038,  13.429651847,  149.531666747,  13.299812127,            n.a.,              n.a.,   99.26966,  40.48659,   22.2276,  -18.929,  4.86940534728450,-25.1049179,    9.8072,  268.05765,  64.49666,    9.8049, 141.7383,   0.8120,
 2026-Dec-11 21:57:00, , , 149.163160434,  13.429653721,  149.531670253,  13.299813960,            n.a.,              n.a.,   99.26967,  40.48668,   22.2276,  -18.929,  4.86939527843996,-25.1047888,    9.8071,  268.05765,  64.49666,    9.8049, 141.7383,   0.8120,
 2026-Dec-11 21:58:00, , , 149.163163828,  13.429655596,  149.531673758,  13.299815794,            n.a.,              n.a.,   99.26968,  40.48676,   22.2276,  -18.929,  4.86938520964721,-25.1046596,    9.8071,  268.05765,  64.49666,    9.8048, 141.7383,   0.8120,
 2026-Dec-11 21:59:00, , , 149.163167221,  13.429657471,  149.531677262,  13.299817628,            n.a.,              n.a.,   99.26969,  40.48684,   22.2276,  -18.929,  4.86937514090626,-25.1045304,    9.8070,  268.05765,  64.49666,    9.8048, 141.7384,   0.8120,
 2026-Dec-11 22:00:00, , , 149.163170613,  13.429659347,  149.531680763,  13.299819463,            n.a.,              n.a.,   99.26970,  40.48693,   22.2276,  -18.930,  4.86936507221710,-25.1044013,    9.8070,  268.05765,  64.49666,    9.8047, 141.7384,   0.8120,
 2026-Dec-11 22:01:00, , , 149.163174002,  13.429661224,  149.531684264,  13.299821299,            n.a.,              n.a.,   99.26970,  40.48701,   22.2276,  -18.930,  4.86935500357976,-25.1042721,    9.8069,  268.05765,  64.49666,    9.8047, 141.7384,   0.8120,
 2026-Dec-11 22:02:00, , , 149.163177391,  13.429663101,  149.531687762,  13.299823135,            n.a.,              n.a.,   99.26971,  40.48710,   22.2276,  -18.930,  4.86934493499422,-25.1041429,    9.8069,  268.05765,  64.49666,    9.8046, 141.7385,   0.8120,
 2026-Dec-11 22:03:00, , , 149.163180778,  13.429664978,  149.531691260,  13.299824971,            n.a.,              n.a.,   99.26972,  40.48718,   22.2276,  -18.930,  4.86933486646048,-25.1040138,    9.8068,  268.05765,  64.49666,    9.8045, 141.7385,   0.8120,
 2026-Dec-11 22:04:00, , , 149.163184163,  13.429666856,  149.531694755,  13.299826808,            n.a.,              n.a.,   99.26973,  40.48726,   22.2276,  -18.930,  4.86932479797856,-25.1038846,    9.8068,  268.05765,  64.49666,    9.8045, 141.7385,   0.8120,
 2026-Dec-11 22:05:00, , , 149.163187547,  13.429668735,  149.531698250,  13.299828646,            n.a.,              n.a.,   99.26973,  40.48735,   22.2276,  -18.930,  4.86931472954844,-25.1037554,    9.8067,  268.05765,  64.49666,    9.8044, 141.7385,   0.8120,
 2026-Dec-11 22:06:00, , , 149.163190929,  13.429670614,  149.531701742,  13.299830484,            n.a.,              n.a.,   99.26974,  40.48743,   22.2276,  -18.930,  4.86930466117011,-25.1036262,    9.8067,  268.05765,  64.49666,    9.8044, 141.7386,   0.8120,
 2026-Dec-11 22:07:00, , , 149.163194310,  13.429672494,  149.531705233,  13.299832323,            n.a.,              n.a.,   99.26975,  40.48751,   22.2276,  -18.930,  4.86929459284362,-25.1034971,    9.8066,  268.05765,  64.49666,    9.8043, 141.7386,   0.8120,
 2026-Dec-11 22:08:00, , , 149.163197689,  13.429674374,  149.531708723,  13.299834162,            n.a.,              n.a.,   99.26976,  40.48760,   22.2276,  -18.930,  4.86928452456893,-25.1033679,    9.8066,  268.05765,  64.49666,    9.8043, 141.7386,   0.8120,
 2026-Dec-11 22:09:00, , , 149.163201066,  13.429676255,  149.531712211,  13.299836002,            n.a.,              n.a.,   99.26977,  40.48768,   22.2276,  -18.930,  4.86927445634606,-25.1032387,    9.8065,  268.05765,  64.49666,    9.8042, 141.7387,   0.8120,
 2026-Dec-11 22:10:00, , , 149.163204442,  13.429678136,  149.531715698,  13.299837842,            n.a.,              n.a.,   99.26977,  40.48777,   22.2276,  -18.930,  4.86926438817501,-25.1031095,    9.8065,  268.05765,  64.49666,    9.8042, 141.7387,   0.8120,
 2026-Dec-11 22:11:00, , , 149.163207817,  13.429680018,  149.531719183,  13.299839683,            n.a.,              n.a.,   99.26978,  40.48785,   22.2276,  -18.930,  4.86925432005577,-25.1029803,    9.8064,  268.05765,  64.49666,    9.8041, 141.7387,   0.8120,
 2026-Dec-11 22:12:00, , , 149.163211190,  13.429681901,  149.531722666,  13.299841525,            n.a.,              n.a.,   99.26979,  40.48793,   22.2276,  -18.930,  4.86924425198833,-25.1028511,    9.8064,  268.05765,  64.49666,    9.8041, 141.7387,   0.8120,
 2026-Dec-11 22:13:00, , , 149.163214562,  13.429683784,  149.531726148,  13.299843367,            n.a.,              n.a.,   99.26980,  40.48802,   22.2276,  -18.930,  4.86923418397272,-25.1027219,    9.8063,  268.05765,  64.49666,    9.8040, 141.7388,   0.8120,
 2026-Dec-11 22:14:00, , , 149.163217932,  13.429685667,  149.531729628,  13.299845209,            n.a.,              n.a.,   99.26980,  40.48810,   22.2276,  -18.930,  4.86922411600894,-25.1025927,    9.8063,  268.05765,  64.49666,    9.8040, 141.7388,   0.8120,
 2026-Dec-11 22:15:00, , , 149.163221300,  13.429687551,  149.531733107,  13.299847053,            n.a.,              n.a.,   99.26981,  40.48818,   22.2276,  -18.930,  4.86921404809698,-25.1024635,    9.8062,  268.05765,  64.49666,    9.8039, 141.7388,   0.8120,
 2026-Dec-11 22:16:00, , , 149.163224667,  13.429689436,  149.531736585,  13.299848896,            n.a.,              n.a.,   99.26982,  40.48827,   22.2276,  -18.930,  4.86920398023685,-25.1023342,    9.8061,  268.05765,  64.49666,    9.8039, 141.7389,   0.8120,
 2026-Dec-11 22:17:00, , , 149.163228032,  13.429691321,  149.531740061,  13.299850740,            n.a.,              n.a.,   99.26983,  40.48835,   22.2276,  -18.930,  4.86919391242854,-25.1022050,    9.8061,  268.05765,  64.49666,    9.8038, 141.7389,   0.8120,
 2026-Dec-11 22:18:00, , , 149.163231396,  13.429693207,  149.531743535,  13.299852585,            n.a.,              n.a.,   99.26984,  40.48844,   22.2276,  -18.930,  4.86918384467205,-25.1020758,    9.8060,  268.05765,  64.49666,    9.8038, 141.7389,   0.8120,
 2026-Dec-11 22:19:00, , , 149.163234759,  13.429695093,  149.531747008,  13.299854430,            n.a.,              n.a.,   99.26984,  40.48852,   22.2277,  -18.930,  4.86917377696737,-25.1019466,    9.8060,  268.05765,  64.49666,    9.8037, 141.7389,   0.8120,
 2026-Dec-11 22:20:00, , , 149.163238120,  13.429696980,  149.531750479,  13.299856276,            n.a.,              n.a.,   99.26985,  40.48860,   22.2277,  -18.930,  4.86916370931454,-25.1018174,    9.8059,  268.05765,  64.49666,    9.8037, 141.7390,   0.8120,
 2026-Dec-11 22:21:00, , , 149.163241479,  13.429698867,  149.531753949,  13.299858123,            n.a.,              n.a.,   99.26986,  40.48869,   22.2277,  -18.930,  4.86915364171355,-25.1016881,    9.8059,  268.05765,  64.49666,    9.8036, 141.7390,   0.8120,
 2026-Dec-11 22:22:00, , , 149.163244837,  13.429700755,  149.531757417,  13.299859970,            n.a.,              n.a.,   99.26987,  40.48877,   22.2277,  -18.930,  4.86914357416438,-25.1015589,    9.8058,  268.05765,  64.49666,    9.8036, 141.7390,   0.8120,
 2026-Dec-11 22:23:00, , , 149.163248193,  13.429702644,  149.531760884,  13.299861817,            n.a.,              n.a.,   99.26987,  40.48885,   22.2277,  -18.930,  4.86913350666705,-25.1014296,    9.8058,  268.05765,  64.49666,    9.8035, 141.7391,   0.8121,
 2026-Dec-11 22:24:00, , , 149.163251548,  13.429704533,  149.531764349,  13.299863665,            n.a.,              n.a.,   99.26988,  40.48894,   22.2277,  -18.930,  4.86912343922155,-25.1013004,    9.8057,  268.05765,  64.49666,    9.8034, 141.7391,   0.8121,
 2026-Dec-11 22:25:00, , , 149.163254901,  13.429706422,  149.531767812,  13.299865514,            n.a.,              n.a.,   99.26989,  40.48902,   22.2277,  -18.931,  4.86911337182787,-25.1011712,    9.8057,  268.05765,  64.49666,    9.8034, 141.7391,   0.8121,
 2026-Dec-11 22:26:00, , , 149.163258253,  13.429708312,  149.531771274,  13.299867363,            n.a.,              n.a.,   99.26990,  40.48910,   22.2277,  -18.931,  4.86910330448604,-25.1010419,    9.8056,  268.05765,  64.49666,    9.8033, 141.7391,   0.8121,
 2026-Dec-11 22:27:00, , , 149.163261603,  13.429710203,  149.531774735,  13.299869212,            n.a.,              n.a.,   99.26991,  40.48919,   22.2277,  -18.931,  4.86909323719606,-25.1009126,    9.8056,  268.05765,  64.49666,    9.8033, 141.7392,   0.8121,
 2026-Dec-11 22:28:00, , , 149.163264951,  13.429712094,  149.531778194,  13.299871063,            n.a.,              n.a.,   99.26991,  40.48927,   22.2277,  -18.931,  4.86908316995791,-25.1007834,    9.8055,  268.05765,  64.49666,    9.8032, 141.7392,   0.8121,
 2026-Dec-11 22:29:00, , , 149.163268299,  13.429713985,  149.531781651,  13.299872913,            n.a.,              n.a.,   99.26992,  40.48936,   22.2277,  -18.931,  4.86907310277161,-25.1006541,    9.8055,  268.05765,  64.49666,    9.8032, 141.7392,   0.8121,
 2026-Dec-11 22:30:00, , , 149.163271644,  13.429715878,  149.531785107,  13.299874765,            n.a.,              n.a.,   99.26993,  40.48944,   22.2277,  -18.931,  4.86906303563715,-25.1005249,    9.8054,  268.05765,  64.49666,    9.8031, 141.7393,   0.8121,
 2026-Dec-11 22:31:00, , , 149.163274988,  13.429717770,  149.531788562,  13.299876617,            n.a.,              n.a.,   99.26994,  40.48952,   22.2277,  -18.931,  4.86905296855454,-25.1003956,    9.8054,  268.05765,  64.49666,    9.8031, 141.7393,   0.8121,
 2026-Dec-11 22:32:00, , , 149.163278331,  13.429719664,  149.531792015,  13.299878469,            n.a.,              n.a.,   99.26995,  40.48961,   22.2277,  -18.931,  4.86904290152375,-25.1002663,    9.8053,  268.05765,  64.49666,    9.8030, 141.7393,   0.8121,
 2026-Dec-11 22:33:00, , , 149.163281672,  13.429721558,  149.531795466,  13.299880322,            n.a.,              n.a.,   99.26995,  40.48969,   22.2277,  -18.931,  4.86903283454483,-25.1001370,    9.8053,  268.05765,  64.49666,    9.8030, 141.7393,   0.8121,
 2026-Dec-11 22:34:00, , , 149.163285011,  13.429723452,  149.531798916,  13.299882175,            n.a.,              n.a.,   99.26996,  40.48977,   22.2277,  -18.931,  4.86902276761776,-25.1000078,    9.8052,  268.05765,  64.49666,    9.8029, 141.7394,   0.8121,
 2026-Dec-11 22:35:00, , , 149.163288349,  13.429725347,  149.531802364,  13.299884029,            n.a.,              n.a.,   99.26997,  40.48986,   22.2277,  -18.931,  4.86901270074254,-25.0998785,    9.8052,  268.05765,  64.49666,    9.8029, 141.7394,   0.8121,
 2026-Dec-11 22:36:00, , , 149.163291685,  13.429727242,  149.531805811,  13.299885884,            n.a.,              n.a.,   99.26998,  40.48994,   22.2277,  -18.931,  4.86900263391917,-25.0997492,    9.8051,  268.05765,  64.49666,    9.8028, 141.7394,   0.8121,
 2026-Dec-11 22:37:00, , , 149.163295020,  13.429729138,  149.531809256,  13.299887739,            n.a.,              n.a.,   99.26998,  40.49003,   22.2277,  -18.931,  4.86899256714766,-25.0996199,    9.8050,  268.05765,  64.49666,    9.8028, 141.7395,   0.8121,
 2026-Dec-11 22:38:00, , , 149.163298354,  13.429731035,  149.531812700,  13.299889595,            n.a.,              n.a.,   99.26999,  40.49011,   22.2277,  -18.931,  4.86898250042798,-25.0994906,    9.8050,  268.05765,  64.49666,    9.8027, 141.7395,   0.8121,
 2026-Dec-11 22:39:00, , , 149.163301686,  13.429732932,  149.531816142,  13.299891451,            n.a.,              n.a.,   99.27000,  40.49019,   22.2277,  -18.931,  4.86897243376018,-25.0993613,    9.8049,  268.05765,  64.49666,    9.8027, 141.7395,   0.8121,
 2026-Dec-11 22:40:00, , , 149.163305016,  13.429734830,  149.531819583,  13.299893308,            n.a.,              n.a.,   99.27001,  40.49028,   22.2277,  -18.931,  4.86896236714424,-25.0992320,    9.8049,  268.05765,  64.49666,    9.8026, 141.7395,   0.8121,
 2026-Dec-11 22:41:00, , , 149.163308345,  13.429736728,  149.531823022,  13.299895165,            n.a.,              n.a.,   99.27002,  40.49036,   22.2277,  -18.931,  4.86895230058015,-25.0991027,    9.8048,  268.05765,  64.49666,    9.8026, 141.7396,   0.8121,
 2026-Dec-11 22:42:00, , , 149.163311672,  13.429738626,  149.531826460,  13.299897023,            n.a.,              n.a.,   99.27002,  40.49044,   22.2277,  -18.931,  4.86894223406793,-25.0989734,    9.8048,  268.05765,  64.49666,    9.8025, 141.7396,   0.8121,
 2026-Dec-11 22:43:00, , , 149.163314998,  13.429740526,  149.531829896,  13.299898881,            n.a.,              n.a.,   99.27003,  40.49053,   22.2277,  -18.931,  4.86893216760757,-25.0988441,    9.8047,  268.05765,  64.49666,    9.8025, 141.7396,   0.8121,
 2026-Dec-11 22:44:00, , , 149.163318322,  13.429742425,  149.531833330,  13.299900740,            n.a.,              n.a.,   99.27004,  40.49061,   22.2277,  -18.931,  4.86892210119908,-25.0987148,    9.8047,  268.05765,  64.49666,    9.8024, 141.7397,   0.8121,
 2026-Dec-11 22:45:00, , , 149.163321645,  13.429744326,  149.531836763,  13.299902600,            n.a.,              n.a.,   99.27005,  40.49070,   22.2277,  -18.931,  4.86891203484243,-25.0985854,    9.8046,  268.05765,  64.49666,    9.8023, 141.7397,   0.8121,
 2026-Dec-11 22:46:00, , , 149.163324966,  13.429746227,  149.531840195,  13.299904460,            n.a.,              n.a.,   99.27005,  40.49078,   22.2277,  -18.931,  4.86890196853767,-25.0984561,    9.8046,  268.05765,  64.49666,    9.8023, 141.7397,   0.8121,
 2026-Dec-11 22:47:00, , , 149.163328285,  13.429748128,  149.531843625,  13.299906320,            n.a.,              n.a.,   99.27006,  40.49086,   22.2277,  -18.931,  4.86889190228478,-25.0983268,    9.8045,  268.05765,  64.49666,    9.8022, 141.7398,   0.8121,
 2026-Dec-11 22:48:00, , , 149.163331603,  13.429750030,  149.531847053,  13.299908182,            n.a.,              n.a.,   99.27007,  40.49095,   22.2277,  -18.931,  4.86888183608376,-25.0981974,    9.8045,  268.05765,  64.49666,    9.8022, 141.7398,   0.8121,
 2026-Dec-11 22:49:00, , , 149.163334920,  13.429751933,  149.531850480,  13.299910043,            n.a.,              n.a.,   99.27008,  40.49103,   22.2277,  -18.931,  4.86887176993462,-25.0980681,    9.8044,  268.05765,  64.49666,    9.8021, 141.7398,   0.8121,
 2026-Dec-11 22:50:00, , , 149.163338235,  13.429753836,  149.531853906,  13.299911906,            n.a.,              n.a.,   99.27009,  40.49111,   22.2277,  -18.931,  4.86886170383734,-25.0979388,    9.8044,  268.05765,  64.49666,    9.8021, 141.7398,   0.8121,
 2026-Dec-11 22:51:00, , , 149.163341548,  13.429755739,  149.531857330,  13.299913768,            n.a.,              n.a.,   99.27009,  40.49120,   22.2277,  -18.932,  4.86885163779192,-25.0978094,    9.8043,  268.05765,  64.49666,    9.8020, 141.7399,   0.8121,
 2026-Dec-11 22:52:00, , , 149.163344860,  13.429757643,  149.531860752,  13.299915632,            n.a.,              n.a.,   99.27010,  40.49128,   22.2277,  -18.932,  4.86884157179840,-25.0976801,    9.8043,  268.05765,  64.49666,    9.8020, 141.7399,   0.8121,
 2026-Dec-11 22:53:00, , , 149.163348171,  13.429759548,  149.531864173,  13.299917496,            n.a.,              n.a.,   99.27011,  40.49137,   22.2277,  -18.932,  4.86883150585676,-25.0975507,    9.8042,  268.05765,  64.49666,    9.8019, 141.7399,   0.8121,
 2026-Dec-11 22:54:00, , , 149.163351480,  13.429761453,  149.531867592,  13.299919360,            n.a.,              n.a.,   99.27012,  40.49145,   22.2277,  -18.932,  4.86882143996700,-25.0974214,    9.8042,  268.05765,  64.49666,    9.8019, 141.7400,   0.8121,
 2026-Dec-11 22:55:00, , , 149.163354787,  13.429763359,  149.531871010,  13.299921225,            n.a.,              n.a.,   99.27012,  40.49153,   22.2277,  -18.932,  4.86881137412912,-25.0972920,    9.8041,  268.05765,  64.49666,    9.8018, 141.7400,   0.8121,
 2026-Dec-11 22:56:00, , , 149.163358093,  13.429765265,  149.531874426,  13.299923090,            n.a.,              n.a.,   99.27013,  40.49162,   22.2277,  -18.932,  4.86880130834312,-25.0971626,    9.8041,  268.05765,  64.49666,    9.8018, 141.7400,   0.8121,
 2026-Dec-11 22:57:00, , , 149.163361397,  13.429767172,  149.531877841,  13.299924957,            n.a.,              n.a.,   99.27014,  40.49170,   22.2277,  -18.932,  4.86879124260901,-25.0970333,    9.8040,  268.05765,  64.49666,    9.8017, 141.7400,   0.8121,
 2026-Dec-11 22:58:00, , , 149.163364700,  13.429769080,  149.531881254,  13.299926823,            n.a.,              n.a.,   99.27015,  40.49178,   22.2277,  -18.932,  4.86878117692676,-25.0969039,    9.8039,  268.05765,  64.49666,    9.8017, 141.7401,   0.8121,
 2026-Dec-11 22:59:00, , , 149.163368002,  13.429770988,  149.531884665,  13.299928690,            n.a.,              n.a.,   99.27016,  40.49187,   22.2277,  -18.932,  4.86877111129643,-25.0967745,    9.8039,  268.05765,  64.49666,    9.8016, 141.7401,   0.8121,
 2026-Dec-11 23:00:00, , , 149.163371301,  13.429772896,  149.531888075,  13.299930558,            n.a.,              n.a.,   99.27016,  40.49195,   22.2277,  -18.932,  4.86876104571798,-25.0966451,    9.8038,  268.05765,  64.49666,    9.8016, 141.7401,   0.8121,
 2026-Dec-11 23:01:00, , , 149.163374600,  13.429774805,  149.531891484,  13.299932426,            n.a.,              n.a.,   99.27017,  40.49203,   22.2277,  -18.932,  4.86875098019142,-25.0965157,    9.8038,  268.05765,  64.49666,    9.8015, 141.7402,   0.8121,
 2026-Dec-11 23:02:00, , , 149.163377896,  13.429776715,  149.531894891,  13.299934295,            n.a.,              n.a.,   99.27018,  40.49212,   22.2277,  -18.932,  4.86874091471676,-25.0963864,    9.8037,  268.05765,  64.49666,    9.8015, 141.7402,   0.8121,
 2026-Dec-11 23:03:00, , , 149.163381191,  13.429778625,  149.531898297,  13.299936164,            n.a.,              n.a.,   99.27019,  40.49220,   22.2277,  -18.932,  4.86873084929400,-25.0962570,    9.8037,  268.05765,  64.49666,    9.8014, 141.7402,   0.8121,
 2026-Dec-11 23:04:00, , , 149.163384485,  13.429780535,  149.531901701,  13.299938034,            n.a.,              n.a.,   99.27019,  40.49229,   22.2277,  -18.932,  4.86872078392310,-25.0961276,    9.8036,  268.05765,  64.49666,    9.8013, 141.7402,   0.8121,
 2026-Dec-11 23:05:00, , , 149.163387777,  13.429782447,  149.531905103,  13.299939905,            n.a.,              n.a.,   99.27020,  40.49237,   22.2277,  -18.932,  4.86871071860413,-25.0959982,    9.8036,  268.05765,  64.49666,    9.8013, 141.7403,   0.8121,
 2026-Dec-11 23:06:00, , , 149.163391068,  13.429784358,  149.531908504,  13.299941776,            n.a.,              n.a.,   99.27021,  40.49245,   22.2277,  -18.932,  4.86870065333706,-25.0958688,    9.8035,  268.05765,  64.49666,    9.8012, 141.7403,   0.8121,
 2026-Dec-11 23:07:00, , , 149.163394357,  13.429786271,  149.531911903,  13.299943647,            n.a.,              n.a.,   99.27022,  40.49254,   22.2277,  -18.932,  4.86869058812188,-25.0957393,    9.8035,  268.05765,  64.49666,    9.8012, 141.7403,   0.8121,
 2026-Dec-11 23:08:00, , , 149.163397644,  13.429788183,  149.531915301,  13.299945519,            n.a.,              n.a.,   99.27023,  40.49262,   22.2277,  -18.932,  4.86868052295861,-25.0956099,    9.8034,  268.05765,  64.49666,    9.8011, 141.7404,   0.8121,
 2026-Dec-11 23:09:00, , , 149.163400930,  13.429790097,  149.531918697,  13.299947392,            n.a.,              n.a.,   99.27023,  40.49270,   22.2277,  -18.932,  4.86867045784725,-25.0954805,    9.8034,  268.05765,  64.49666,    9.8011, 141.7404,   0.8121,
 2026-Dec-11 23:10:00, , , 149.163404215,  13.429792011,  149.531922092,  13.299949265,            n.a.,              n.a.,   99.27024,  40.49279,   22.2277,  -18.932,  4.86866039278779,-25.0953511,    9.8033,  268.05765,  64.49666,    9.8010, 141.7404,   0.8121,
 2026-Dec-11 23:11:00, , , 149.163407498,  13.429793925,  149.531925485,  13.299951139,            n.a.,              n.a.,   99.27025,  40.49287,   22.2277,  -18.932,  4.86865032778023,-25.0952217,    9.8033,  268.05765,  64.49666,    9.8010, 141.7404,   0.8121,
 2026-Dec-11 23:12:00, , , 149.163410779,  13.429795840,  149.531928877,  13.299953013,            n.a.,              n.a.,   99.27026,  40.49296,   22.2277,  -18.932,  4.86864026282459,-25.0950922,    9.8032,  268.05765,  64.49666,    9.8009, 141.7405,   0.8121,
 2026-Dec-11 23:13:00, , , 149.163414059,  13.429797756,  149.531932267,  13.299954888,            n.a.,              n.a.,   99.27027,  40.49304,   22.2277,  -18.932,  4.86863019792086,-25.0949628,    9.8032,  268.05765,  64.49666,    9.8009, 141.7405,   0.8121,
 2026-Dec-11 23:14:00, , , 149.163417337,  13.429799672,  149.531935656,  13.299956763,            n.a.,              n.a.,   99.27027,  40.49312,   22.2277,  -18.932,  4.86862013306905,-25.0948334,    9.8031,  268.05765,  64.49666,    9.8008, 141.7405,   0.8121,
 2026-Dec-11 23:15:00, , , 149.163420614,  13.429801588,  149.531939043,  13.299958639,            n.a.,              n.a.,   99.27028,  40.49321,   22.2277,  -18.932,  4.86861006826915,-25.0947039,    9.8031,  268.05765,  64.49666,    9.8008, 141.7406,   0.8122,
 2026-Dec-11 23:16:00, , , 149.163423890,  13.429803506,  149.531942429,  13.299960516,            n.a.,              n.a.,   99.27029,  40.49329,   22.2277,  -18.933,  4.86860000352116,-25.0945745,    9.8030,  268.05765,  64.49666,    9.8007, 141.7406,   0.8122,
 2026-Dec-11 23:17:00, , , 149.163427163,  13.429805423,  149.531945813,  13.299962393,            n.a.,              n.a.,   99.27030,  40.49337,   22.2277,  -18.933,  4.86858993882508,-25.0944450,    9.8029,  268.05765,  64.49666,    9.8007, 141.7406,   0.8122,
 2026-Dec-11 23:18:00, , , 149.163430436,  13.429807342,  149.531949195,  13.299964270,            n.a.,              n.a.,   99.27030,  40.49346,   22.2277,  -18.933,  4.86857987418093,-25.0943156,    9.8029,  268.05765,  64.49666,    9.8006, 141.7406,   0.8122,
 2026-Dec-11 23:19:00, , , 149.163433706,  13.429809260,  149.531952577,  13.299966148,            n.a.,              n.a.,   99.27031,  40.49354,   22.2277,  -18.933,  4.86856980958871,-25.0941861,    9.8028,  268.05765,  64.49666,    9.8006, 141.7407,   0.8122,
 2026-Dec-11 23:20:00, , , 149.163436976,  13.429811180,  149.531955956,  13.299968027,            n.a.,              n.a.,   99.27032,  40.49363,   22.2277,  -18.933,  4.86855974504841,-25.0940566,    9.8028,  268.05765,  64.49666,    9.8005, 141.7407,   0.8122,
 2026-Dec-11 23:21:00, , , 149.163440243,  13.429813100,  149.531959334,  13.299969906,            n.a.,              n.a.,   99.27033,  40.49371,   22.2277,  -18.933,  4.86854968056004,-25.0939272,    9.8027,  268.05765,  64.49666,    9.8005, 141.7407,   0.8122,
 2026-Dec-11 23:22:00, , , 149.163443509,  13.429815020,  149.531962710,  13.299971786,            n.a.,              n.a.,   99.27034,  40.49379,   22.2277,  -18.933,  4.86853961612359,-25.0937977,    9.8027,  268.05765,  64.49666,    9.8004, 141.7408,   0.8122,
 2026-Dec-11 23:23:00, , , 149.163446774,  13.429816941,  149.531966085,  13.299973666,            n.a.,              n.a.,   99.27034,  40.49388,   22.2277,  -18.933,  4.86852955173905,-25.0936682,    9.8026,  268.05765,  64.49666,    9.8003, 141.7408,   0.8122,
 2026-Dec-11 23:24:00, , , 149.163450037,  13.429818862,  149.531969459,  13.299975547,            n.a.,              n.a.,   99.27035,  40.49396,   22.2277,  -18.933,  4.86851948740647,-25.0935387,    9.8026,  268.05765,  64.49666,    9.8003, 141.7408,   0.8122,
 2026-Dec-11 23:25:00, , , 149.163453299,  13.429820784,  149.531972830,  13.299977429,            n.a.,              n.a.,   99.27036,  40.49404,   22.2277,  -18.933,  4.86850942312581,-25.0934092,    9.8025,  268.05765,  64.49666,    9.8002, 141.7408,   0.8122,
 2026-Dec-11 23:26:00, , , 149.163456559,  13.429822707,  149.531976201,  13.299979310,            n.a.,              n.a.,   99.27037,  40.49413,   22.2277,  -18.933,  4.86849935889709,-25.0932797,    9.8025,  268.05765,  64.49666,    9.8002, 141.7409,   0.8122,
 2026-Dec-11 23:27:00, , , 149.163459817,  13.429824630,  149.531979570,  13.299981193,            n.a.,              n.a.,   99.27037,  40.49421,   22.2277,  -18.933,  4.86848929472031,-25.0931502,    9.8024,  268.05765,  64.49666,    9.8001, 141.7409,   0.8122,
 2026-Dec-11 23:28:00, , , 149.163463074,  13.429826554,  149.531982937,  13.299983076,            n.a.,              n.a.,   99.27038,  40.49430,   22.2277,  -18.933,  4.86847923059546,-25.0930207,    9.8024,  268.05765,  64.49666,    9.8001, 141.7409,   0.8122,
 2026-Dec-11 23:29:00, , , 149.163466330,  13.429828478,  149.531986303,  13.299984960,            n.a.,              n.a.,   99.27039,  40.49438,   22.2277,  -18.933,  4.86846916652255,-25.0928912,    9.8023,  268.05765,  64.49666,    9.8000, 141.7410,   0.8122,
 2026-Dec-11 23:30:00, , , 149.163469584,  13.429830403,  149.531989667,  13.299986844,            n.a.,              n.a.,   99.27040,  40.49446,   22.2277,  -18.933,  4.86845910250156,-25.0927617,    9.8023,  268.05765,  64.49666,    9.8000, 141.7410,   0.8122,
 2026-Dec-11 23:31:00, , , 149.163472836,  13.429832328,  149.531993029,  13.299988728,            n.a.,              n.a.,   99.27041,  40.49455,   22.2277,  -18.933,  4.86844903853254,-25.0926322,    9.8022,  268.05765,  64.49666,    9.7999, 141.7410,   0.8122,
 2026-Dec-11 23:32:00, , , 149.163476087,  13.429834254,  149.531996391,  13.299990614,            n.a.,              n.a.,   99.27041,  40.49463,   22.2277,  -18.933,  4.86843897461546,-25.0925027,    9.8022,  268.05765,  64.49666,    9.7999, 141.7410,   0.8122,
 2026-Dec-11 23:33:00, , , 149.163479336,  13.429836180,  149.531999750,  13.299992499,            n.a.,              n.a.,   99.27042,  40.49471,   22.2277,  -18.933,  4.86842891075033,-25.0923732,    9.8021,  268.05765,  64.49666,    9.7998, 141.7411,   0.8122,
 2026-Dec-11 23:34:00, , , 149.163482584,  13.429838107,  149.532003108,  13.299994386,            n.a.,              n.a.,   99.27043,  40.49480,   22.2277,  -18.933,  4.86841884693714,-25.0922437,    9.8021,  268.05765,  64.49666,    9.7998, 141.7411,   0.8122,
 2026-Dec-11 23:35:00, , , 149.163485830,  13.429840035,  149.532006465,  13.299996272,            n.a.,              n.a.,   99.27044,  40.49488,   22.2277,  -18.933,  4.86840878317591,-25.0921141,    9.8020,  268.05765,  64.49666,    9.7997, 141.7411,   0.8122,
 2026-Dec-11 23:36:00, , , 149.163489075,  13.429841963,  149.532009820,  13.299998160,            n.a.,              n.a.,   99.27044,  40.49496,   22.2277,  -18.933,  4.86839871946660,-25.0919846,    9.8019,  268.05765,  64.49666,    9.7997, 141.7412,   0.8122,
 2026-Dec-11 23:37:00, , , 149.163492318,  13.429843891,  149.532013173,  13.300000048,            n.a.,              n.a.,   99.27045,  40.49505,   22.2277,  -18.933,  4.86838865580927,-25.0918550,    9.8019,  268.05765,  64.49666,    9.7996, 141.7412,   0.8122,
 2026-Dec-11 23:38:00, , , 149.163495560,  13.429845820,  149.532016525,  13.300001936,            n.a.,              n.a.,   99.27046,  40.49513,   22.2277,  -18.933,  4.86837859220390,-25.0917255,    9.8018,  268.05765,  64.49666,    9.7996, 141.7412,   0.8122,
 2026-Dec-11 23:39:00, , , 149.163498800,  13.429847750,  149.532019876,  13.300003825,            n.a.,              n.a.,   99.27047,  40.49522,   22.2277,  -18.933,  4.86836852865049,-25.0915959,    9.8018,  268.05765,  64.49666,    9.7995, 141.7412,   0.8122,
 2026-Dec-11 23:40:00, , , 149.163502039,  13.429849680,  149.532023224,  13.300005715,            n.a.,              n.a.,   99.27048,  40.49530,   22.2277,  -18.933,  4.86835846514903,-25.0914664,    9.8017,  268.05765,  64.49666,    9.7995, 141.7413,   0.8122,
 2026-Dec-11 23:41:00, , , 149.163505276,  13.429851611,  149.532026572,  13.300007605,            n.a.,              n.a.,   99.27048,  40.49538,   22.2277,  -18.933,  4.86834840169954,-25.0913368,    9.8017,  268.05765,  64.49666,    9.7994, 141.7413,   0.8122,
 2026-Dec-11 23:42:00, , , 149.163508511,  13.429853542,  149.532029918,  13.300009496,            n.a.,              n.a.,   99.27049,  40.49547,   22.2277,  -18.934,  4.86833833830200,-25.0912073,    9.8016,  268.05765,  64.49666,    9.7993, 141.7413,   0.8122,
 2026-Dec-11 23:43:00, , , 149.163511745,  13.429855474,  149.532033262,  13.300011387,            n.a.,              n.a.,   99.27050,  40.49555,   22.2277,  -18.934,  4.86832827495642,-25.0910777,    9.8016,  268.05765,  64.49666,    9.7993, 141.7414,   0.8122,
 2026-Dec-11 23:44:00, , , 149.163514978,  13.429857407,  149.532036605,  13.300013279,            n.a.,              n.a.,   99.27051,  40.49563,   22.2277,  -18.934,  4.86831821166281,-25.0909481,    9.8015,  268.05765,  64.49666,    9.7992, 141.7414,   0.8122,
 2026-Dec-11 23:45:00, , , 149.163518209,  13.429859339,  149.532039946,  13.300015171,            n.a.,              n.a.,   99.27052,  40.49572,   22.2277,  -18.934,  4.86830814842118,-25.0908185,    9.8015,  268.05765,  64.49666,    9.7992, 141.7414,   0.8122,
 2026-Dec-11 23:46:00, , , 149.163521438,  13.429861273,  149.532043286,  13.300017064,            n.a.,              n.a.,   99.27052,  40.49580,   22.2277,  -18.934,  4.86829808523152,-25.0906890,    9.8014,  268.05765,  64.49666,    9.7991, 141.7414,   0.8122,
 2026-Dec-11 23:47:00, , , 149.163524666,  13.429863207,  149.532046624,  13.300018957,            n.a.,              n.a.,   99.27053,  40.49589,   22.2277,  -18.934,  4.86828802209383,-25.0905594,    9.8014,  268.05765,  64.49666,    9.7991, 141.7415,   0.8122,
 2026-Dec-11 23:48:00, , , 149.163527893,  13.429865141,  149.532049960,  13.300020851,            n.a.,              n.a.,   99.27054,  40.49597,   22.2277,  -18.934,  4.86827795900812,-25.0904298,    9.8013,  268.05765,  64.49666,    9.7990, 141.7415,   0.8122,
 2026-Dec-11 23:49:00, , , 149.163531118,  13.429867076,  149.532053295,  13.300022746,            n.a.,              n.a.,   99.27055,  40.49605,   22.2277,  -18.934,  4.86826789597436,-25.0903002,    9.8013,  268.05765,  64.49666,    9.7990, 141.7415,   0.8122,
 2026-Dec-11 23:50:00, , , 149.163534341,  13.429869012,  149.532056629,  13.300024641,            n.a.,              n.a.,   99.27055,  40.49614,   22.2277,  -18.934,  4.86825783299260,-25.0901706,    9.8012,  268.05765,  64.49666,    9.7989, 141.7416,   0.8122,
 2026-Dec-11 23:51:00, , , 149.163537563,  13.429870948,  149.532059961,  13.300026537,            n.a.,              n.a.,   99.27056,  40.49622,   22.2277,  -18.934,  4.86824777006282,-25.0900410,    9.8012,  268.05765,  64.49666,    9.7989, 141.7416,   0.8122,
 2026-Dec-11 23:52:00, , , 149.163540783,  13.429872885,  149.532063292,  13.300028433,            n.a.,              n.a.,   99.27057,  40.49630,   22.2277,  -18.934,  4.86823770718502,-25.0899114,    9.8011,  268.05765,  64.49666,    9.7988, 141.7416,   0.8122,
 2026-Dec-11 23:53:00, , , 149.163544002,  13.429874822,  149.532066621,  13.300030330,            n.a.,              n.a.,   99.27058,  40.49639,   22.2277,  -18.934,  4.86822764435920,-25.0897818,    9.8011,  268.05765,  64.49666,    9.7988, 141.7416,   0.8122,
 2026-Dec-11 23:54:00, , , 149.163547219,  13.429876760,  149.532069948,  13.300032227,            n.a.,              n.a.,   99.27059,  40.49647,   22.2277,  -18.934,  4.86821758158537,-25.0896521,    9.8010,  268.05765,  64.49666,    9.7987, 141.7417,   0.8122,
 2026-Dec-11 23:55:00, , , 149.163550435,  13.429878698,  149.532073274,  13.300034125,            n.a.,              n.a.,   99.27059,  40.49656,   22.2277,  -18.934,  4.86820751886353,-25.0895225,    9.8010,  268.05765,  64.49666,    9.7987, 141.7417,   0.8122,
 2026-Dec-11 23:56:00, , , 149.163553649,  13.429880637,  149.532076598,  13.300036023,            n.a.,              n.a.,   99.27060,  40.49664,   22.2277,  -18.934,  4.86819745619365,-25.0893929,    9.8009,  268.05765,  64.49666,    9.7986, 141.7417,   0.8122,
 2026-Dec-11 23:57:00, , , 149.163556861,  13.429882577,  149.532079921,  13.300037922,            n.a.,              n.a.,   99.27061,  40.49672,   22.2277,  -18.934,  4.86818739357579,-25.0892632,    9.8008,  268.05765,  64.49666,    9.7986, 141.7418,   0.8122,
 2026-Dec-11 23:58:00, , , 149.163560073,  13.429884517,  149.532083242,  13.300039821,            n.a.,              n.a.,   99.27062,  40.49681,   22.2277,  -18.934,  4.86817733100992,-25.0891336,    9.8008,  268.05765,  64.49666,    9.7985, 141.7418,   0.8122,
 2026-Dec-11 23:59:00, , , 149.163563282,  13.429886457,  149.532086562,  13.300041721,            n.a.,              n.a.,   99.27062,  40.49689,   22.2277,  -18.934,  4.86816726849605,-25.0890040,    9.8007,  268.05765,  64.49666,    9.7985, 141.7418,   0.8122,
 2026-Dec-12 00:00:00, , , 149.163566490,  13.429888398,  149.532089881,  13.300043622,            n.a.,              n.a.,   99.27063,  40.49697,   22.2277,  -18.934,  4.86815720603417,-25.0888743,    9.8007,  268.05765,  64.49666,    9.7984, 141.7418,   0.8122,
 2026-Dec-12 00:01:00, , , 149.163569697,  13.429890340,  149.532093197,  13.300045523,            n.a.,              n.a.,   99.27064,  40.49706,   22.2277,  -18.934,  4.86814714362430,-25.0887447,    9.8006,  268.05765,  64.49666,    9.7983, 141.7419,   0.8122,
 2026-Dec-12 00:02:00, , , 149.163572902,  13.429892282,  149.532096512,  13.300047425,            n.a.,              n.a.,   99.27065,  40.49714,   22.2277,  -18.934,  4.86813708126640,-25.0886150,    9.8006,  268.05765,  64.49666,    9.7983, 141.7419,   0.8122,
 2026-Dec-12 00:03:00, , , 149.163576105,  13.429894225,  149.532099826,  13.300049327,            n.a.,              n.a.,   99.27066,  40.49722,   22.2277,  -18.934,  4.86812701896053,-25.0884853,    9.8005,  268.05765,  64.49666,    9.7982, 141.7419,   0.8122,
 2026-Dec-12 00:04:00, , , 149.163579307,  13.429896168,  149.532103138,  13.300051229,            n.a.,              n.a.,   99.27066,  40.49731,   22.2277,  -18.934,  4.86811695670666,-25.0883557,    9.8005,  268.05765,  64.49666,    9.7982, 141.7420,   0.8122,
 2026-Dec-12 00:05:00, , , 149.163582508,  13.429898112,  149.532106449,  13.300053133,            n.a.,              n.a.,   99.27067,  40.49739,   22.2277,  -18.934,  4.86810689450480,-25.0882260,    9.8004,  268.05765,  64.49666,    9.7981, 141.7420,   0.8122,
 2026-Dec-12 00:06:00, , , 149.163585706,  13.429900056,  149.532109758,  13.300055037,            n.a.,              n.a.,   99.27068,  40.49748,   22.2277,  -18.934,  4.86809683235494,-25.0880963,    9.8004,  268.05765,  64.49666,    9.7981, 141.7420,   0.8122,
 2026-Dec-12 00:07:00, , , 149.163588904,  13.429902001,  149.532113065,  13.300056941,            n.a.,              n.a.,   99.27069,  40.49756,   22.2277,  -18.934,  4.86808677025710,-25.0879666,    9.8003,  268.05765,  64.49666,    9.7980, 141.7420,   0.8123,
 2026-Dec-12 00:08:00, , , 149.163592100,  13.429903946,  149.532116371,  13.300058846,            n.a.,              n.a.,   99.27069,  40.49764,   22.2277,  -18.935,  4.86807670821127,-25.0878369,    9.8003,  268.05765,  64.49666,    9.7980, 141.7421,   0.8123,
 2026-Dec-12 00:09:00, , , 149.163595294,  13.429905892,  149.532119676,  13.300060751,            n.a.,              n.a.,   99.27070,  40.49773,   22.2277,  -18.935,  4.86806664621744,-25.0877073,    9.8002,  268.05765,  64.49666,    9.7979, 141.7421,   0.8123,
 2026-Dec-12 00:10:00, , , 149.163598487,  13.429907839,  149.532122979,  13.300062657,            n.a.,              n.a.,   99.27071,  40.49781,   22.2277,  -18.935,  4.86805658427564,-25.0875776,    9.8002,  268.05765,  64.49666,    9.7979, 141.7421,   0.8123,
 2026-Dec-12 00:11:00, , , 149.163601678,  13.429909786,  149.532126280,  13.300064564,            n.a.,              n.a.,   99.27072,  40.49789,   22.2277,  -18.935,  4.86804652238586,-25.0874478,    9.8001,  268.05765,  64.49666,    9.7978, 141.7422,   0.8123,
 2026-Dec-12 00:12:00, , , 149.163604868,  13.429911733,  149.532129580,  13.300066471,            n.a.,              n.a.,   99.27073,  40.49798,   22.2277,  -18.935,  4.86803646054811,-25.0873181,    9.8001,  268.05765,  64.49666,    9.7978, 141.7422,   0.8123,
 2026-Dec-12 00:13:00, , , 149.163608056,  13.429913681,  149.532132879,  13.300068379,            n.a.,              n.a.,   99.27073,  40.49806,   22.2277,  -18.935,  4.86802639876237,-25.0871884,    9.8000,  268.05765,  64.49666,    9.7977, 141.7422,   0.8123,
 2026-Dec-12 00:14:00, , , 149.163611242,  13.429915630,  149.532136175,  13.300070287,            n.a.,              n.a.,   99.27074,  40.49815,   22.2277,  -18.935,  4.86801633702866,-25.0870587,    9.8000,  268.05765,  64.49666,    9.7977, 141.7422,   0.8123,
 2026-Dec-12 00:15:00, , , 149.163614427,  13.429917579,  149.532139471,  13.300072196,            n.a.,              n.a.,   99.27075,  40.49823,   22.2277,  -18.935,  4.86800627534696,-25.0869290,    9.7999,  268.05765,  64.49666,    9.7976, 141.7423,   0.8123,
 2026-Dec-12 00:16:00, , , 149.163617611,  13.429919529,  149.532142764,  13.300074105,            n.a.,              n.a.,   99.27076,  40.49831,   22.2277,  -18.935,  4.86799621371731,-25.0867993,    9.7998,  268.05765,  64.49666,    9.7976, 141.7423,   0.8123,
 2026-Dec-12 00:17:00, , , 149.163620793,  13.429921479,  149.532146057,  13.300076015,            n.a.,              n.a.,   99.27077,  40.49840,   22.2277,  -18.935,  4.86798615213969,-25.0866695,    9.7998,  268.05765,  64.49666,    9.7975, 141.7423,   0.8123,
 2026-Dec-12 00:18:00, , , 149.163623974,  13.429923430,  149.532149347,  13.300077925,            n.a.,              n.a.,   99.27077,  40.49848,   22.2277,  -18.935,  4.86797609061410,-25.0865398,    9.7997,  268.05765,  64.49666,    9.7975, 141.7424,   0.8123,
 2026-Dec-12 00:19:00, , , 149.163627153,  13.429925381,  149.532152636,  13.300079836,            n.a.,              n.a.,   99.27078,  40.49856,   22.2277,  -18.935,  4.86796602914054,-25.0864100,    9.7997,  268.05765,  64.49666,    9.7974, 141.7424,   0.8123,
 2026-Dec-12 00:20:00, , , 149.163630330,  13.429927333,  149.532155924,  13.300081748,            n.a.,              n.a.,   99.27079,  40.49865,   22.2277,  -18.935,  4.86795596771903,-25.0862803,    9.7996,  268.05765,  64.49666,    9.7973, 141.7424,   0.8123,
 2026-Dec-12 00:21:00, , , 149.163633506,  13.429929286,  149.532159210,  13.300083660,            n.a.,              n.a.,   99.27080,  40.49873,   22.2277,  -18.935,  4.86794590634955,-25.0861505,    9.7996,  268.05765,  64.49666,    9.7973, 141.7424,   0.8123,
 2026-Dec-12 00:22:00, , , 149.163636680,  13.429931239,  149.532162495,  13.300085572,            n.a.,              n.a.,   99.27080,  40.49882,   22.2277,  -18.935,  4.86793584503209,-25.0860208,    9.7995,  268.05765,  64.49666,    9.7972, 141.7425,   0.8123,
 2026-Dec-12 00:23:00, , , 149.163639853,  13.429933192,  149.532165778,  13.300087486,            n.a.,              n.a.,   99.27081,  40.49890,   22.2277,  -18.935,  4.86792578376670,-25.0858910,    9.7995,  268.05765,  64.49666,    9.7972, 141.7425,   0.8123,
 2026-Dec-12 00:24:00, , , 149.163643025,  13.429935146,  149.532169059,  13.300089399,            n.a.,              n.a.,   99.27082,  40.49898,   22.2277,  -18.935,  4.86791572255335,-25.0857612,    9.7994,  268.05765,  64.49666,    9.7971, 141.7425,   0.8123,
 2026-Dec-12 00:25:00, , , 149.163646194,  13.429937101,  149.532172339,  13.300091313,            n.a.,              n.a.,   99.27083,  40.49907,   22.2277,  -18.935,  4.86790566139205,-25.0856315,    9.7994,  268.05765,  64.49666,    9.7971, 141.7426,   0.8123,
 2026-Dec-12 00:26:00, , , 149.163649363,  13.429939056,  149.532175618,  13.300093228,            n.a.,              n.a.,   99.27084,  40.49915,   22.2277,  -18.935,  4.86789560028280,-25.0855017,    9.7993,  268.05765,  64.49666,    9.7970, 141.7426,   0.8123,
 2026-Dec-12 00:27:00, , , 149.163652529,  13.429941012,  149.532178895,  13.300095144,            n.a.,              n.a.,   99.27084,  40.49923,   22.2277,  -18.935,  4.86788553922560,-25.0853719,    9.7993,  268.05765,  64.49666,    9.7970, 141.7426,   0.8123,
 2026-Dec-12 00:28:00, , , 149.163655695,  13.429942968,  149.532182170,  13.300097059,            n.a.,              n.a.,   99.27085,  40.49932,   22.2277,  -18.935,  4.86787547822044,-25.0852421,    9.7992,  268.05765,  64.49666,    9.7969, 141.7426,   0.8123,
 2026-Dec-12 00:29:00, , , 149.163658858,  13.429944925,  149.532185444,  13.300098976,            n.a.,              n.a.,   99.27086,  40.49940,   22.2277,  -18.935,  4.86786541726735,-25.0851123,    9.7992,  268.05765,  64.49666,    9.7969, 141.7427,   0.8123,
 2026-Dec-12 00:30:00, , , 149.163662021,  13.429946882,  149.532188716,  13.300100893,            n.a.,              n.a.,   99.27087,  40.49948,   22.2278,  -18.935,  4.86785535636631,-25.0849825,    9.7991,  268.05765,  64.49666,    9.7968, 141.7427,   0.8123,
 2026-Dec-12 00:31:00, , , 149.163665181,  13.429948840,  149.532191987,  13.300102810,            n.a.,              n.a.,   99.27087,  40.49957,   22.2278,  -18.935,  4.86784529551734,-25.0848527,    9.7991,  268.05765,  64.49666,    9.7968, 141.7427,   0.8123,
 2026-Dec-12 00:32:00, , , 149.163668340,  13.429950799,  149.532195256,  13.300104728,            n.a.,              n.a.,   99.27088,  40.49965,   22.2278,  -18.935,  4.86783523472043,-25.0847229,    9.7990,  268.05765,  64.49666,    9.7967, 141.7428,   0.8123,
 2026-Dec-12 00:33:00, , , 149.163671498,  13.429952758,  149.532198524,  13.300106647,            n.a.,              n.a.,   99.27089,  40.49974,   22.2278,  -18.936,  4.86782517397559,-25.0845931,    9.7990,  268.05765,  64.49666,    9.7967, 141.7428,   0.8123,
 2026-Dec-12 00:34:00, , , 149.163674654,  13.429954717,  149.532201790,  13.300108566,            n.a.,              n.a.,   99.27090,  40.49982,   22.2278,  -18.936,  4.86781511328279,-25.0844633,    9.7989,  268.05765,  64.49666,    9.7966, 141.7428,   0.8123,
 2026-Dec-12 00:35:00, , , 149.163677808,  13.429956677,  149.532205055,  13.300110486,            n.a.,              n.a.,   99.27091,  40.49990,   22.2278,  -18.936,  4.86780505264208,-25.0843334,    9.7988,  268.05765,  64.49666,    9.7966, 141.7428,   0.8123,
 2026-Dec-12 00:36:00, , , 149.163680961,  13.429958638,  149.532208318,  13.300112406,            n.a.,              n.a.,   99.27091,  40.49999,   22.2278,  -18.936,  4.86779499205344,-25.0842036,    9.7988,  268.05765,  64.49666,    9.7965, 141.7429,   0.8123,
 2026-Dec-12 00:37:00, , , 149.163684113,  13.429960599,  149.532211579,  13.300114327,            n.a.,              n.a.,   99.27092,  40.50007,   22.2278,  -18.936,  4.86778493151687,-25.0840738,    9.7987,  268.05765,  64.49666,    9.7965, 141.7429,   0.8123,
 2026-Dec-12 00:38:00, , , 149.163687263,  13.429962561,  149.532214839,  13.300116248,            n.a.,              n.a.,   99.27093,  40.50015,   22.2278,  -18.936,  4.86777487103238,-25.0839439,    9.7987,  268.05765,  64.49666,    9.7964, 141.7429,   0.8123,
 2026-Dec-12 00:39:00, , , 149.163690411,  13.429964523,  149.532218098,  13.300118170,            n.a.,              n.a.,   99.27094,  40.50024,   22.2278,  -18.936,  4.86776481059997,-25.0838141,    9.7986,  268.05765,  64.49666,    9.7963, 141.7430,   0.8123,
 2026-Dec-12 00:40:00, , , 149.163693558,  13.429966486,  149.532221355,  13.300120093,            n.a.,              n.a.,   99.27095,  40.50032,   22.2278,  -18.936,  4.86775475021963,-25.0836842,    9.7986,  268.05765,  64.49666,    9.7963, 141.7430,   0.8123,
 2026-Dec-12 00:41:00, , , 149.163696703,  13.429968449,  149.532224610,  13.300122016,            n.a.,              n.a.,   99.27095,  40.50041,   22.2278,  -18.936,  4.86774468989136,-25.0835544,    9.7985,  268.05765,  64.49666,    9.7962, 141.7430,   0.8123,
 2026-Dec-12 00:42:00, , , 149.163699847,  13.429970413,  149.532227864,  13.300123939,            n.a.,              n.a.,   99.27096,  40.50049,   22.2278,  -18.936,  4.86773462961519,-25.0834245,    9.7985,  268.05765,  64.49666,    9.7962, 141.7430,   0.8123,
 2026-Dec-12 00:43:00, , , 149.163702989,  13.429972377,  149.532231117,  13.300125863,            n.a.,              n.a.,   99.27097,  40.50057,   22.2278,  -18.936,  4.86772456939110,-25.0832946,    9.7984,  268.05765,  64.49666,    9.7961, 141.7431,   0.8123,
 2026-Dec-12 00:44:00, , , 149.163706130,  13.429974342,  149.532234368,  13.300127788,            n.a.,              n.a.,   99.27098,  40.50066,   22.2278,  -18.936,  4.86771450921910,-25.0831647,    9.7984,  268.05765,  64.49666,    9.7961, 141.7431,   0.8123,
 2026-Dec-12 00:45:00, , , 149.163709269,  13.429976308,  149.532237617,  13.300129713,            n.a.,              n.a.,   99.27098,  40.50074,   22.2278,  -18.936,  4.86770444909920,-25.0830349,    9.7983,  268.05765,  64.49666,    9.7960, 141.7431,   0.8123,
 2026-Dec-12 00:46:00, , , 149.163712407,  13.429978274,  149.532240865,  13.300131639,            n.a.,              n.a.,   99.27099,  40.50082,   22.2278,  -18.936,  4.86769438903138,-25.0829050,    9.7983,  268.05765,  64.49666,    9.7960, 141.7432,   0.8123,
 2026-Dec-12 00:47:00, , , 149.163715543,  13.429980241,  149.532244111,  13.300133565,            n.a.,              n.a.,   99.27100,  40.50091,   22.2278,  -18.936,  4.86768432901564,-25.0827751,    9.7982,  268.05765,  64.49666,    9.7959, 141.7432,   0.8123,
 2026-Dec-12 00:48:00, , , 149.163718678,  13.429982208,  149.532247356,  13.300135492,            n.a.,              n.a.,   99.27101,  40.50099,   22.2278,  -18.936,  4.86767426905202,-25.0826452,    9.7982,  268.05765,  64.49666,    9.7959, 141.7432,   0.8123,
 2026-Dec-12 00:49:00, , , 149.163721811,  13.429984175,  149.532250599,  13.300137419,            n.a.,              n.a.,   99.27102,  40.50108,   22.2278,  -18.936,  4.86766420914050,-25.0825153,    9.7981,  268.05765,  64.49666,    9.7958, 141.7432,   0.8123,
 2026-Dec-12 00:50:00, , , 149.163724942,  13.429986144,  149.532253840,  13.300139347,            n.a.,              n.a.,   99.27102,  40.50116,   22.2278,  -18.936,  4.86765414928107,-25.0823854,    9.7981,  268.05765,  64.49666,    9.7958, 141.7433,   0.8123,
 2026-Dec-12 00:51:00, , , 149.163728072,  13.429988112,  149.532257081,  13.300141276,            n.a.,              n.a.,   99.27103,  40.50124,   22.2278,  -18.936,  4.86764408947375,-25.0822555,    9.7980,  268.05765,  64.49666,    9.7957, 141.7433,   0.8123,
 2026-Dec-12 00:52:00, , , 149.163731201,  13.429990082,  149.532260319,  13.300143205,            n.a.,              n.a.,   99.27104,  40.50133,   22.2278,  -18.936,  4.86763402971854,-25.0821255,    9.7980,  268.05765,  64.49666,    9.7957, 141.7433,   0.8123,
 2026-Dec-12 00:53:00, , , 149.163734328,  13.429992051,  149.532263556,  13.300145135,            n.a.,              n.a.,   99.27105,  40.50141,   22.2278,  -18.936,  4.86762397001543,-25.0819956,    9.7979,  268.05765,  64.49666,    9.7956, 141.7434,   0.8123,
 2026-Dec-12 00:54:00, , , 149.163737453,  13.429994022,  149.532266792,  13.300147065,            n.a.,              n.a.,   99.27105,  40.50149,   22.2278,  -18.936,  4.86761391036441,-25.0818657,    9.7978,  268.05765,  64.49666,    9.7956, 141.7434,   0.8123,
 2026-Dec-12 00:55:00, , , 149.163740577,  13.429995993,  149.532270026,  13.300148995,            n.a.,              n.a.,   99.27106,  40.50158,   22.2278,  -18.936,  4.86760385076553,-25.0817357,    9.7978,  268.05765,  64.49666,    9.7955, 141.7434,   0.8123,
 2026-Dec-12 00:56:00, , , 149.163743700,  13.429997964,  149.532273258,  13.300150927,            n.a.,              n.a.,   99.27107,  40.50166,   22.2278,  -18.936,  4.86759379121876,-25.0816058,    9.7977,  268.05765,  64.49666,    9.7955, 141.7434,   0.8123,
 2026-Dec-12 00:57:00, , , 149.163746820,  13.429999936,  149.532276489,  13.300152858,            n.a.,              n.a.,   99.27108,  40.50174,   22.2278,  -18.936,  4.86758373172411,-25.0814759,    9.7977,  268.05765,  64.49666,    9.7954, 141.7435,   0.8123,
 2026-Dec-12 00:58:00, , , 149.163749940,  13.430001909,  149.532279719,  13.300154791,            n.a.,              n.a.,   99.27109,  40.50183,   22.2278,  -18.936,  4.86757367228157,-25.0813459,    9.7976,  268.05765,  64.49666,    9.7953, 141.7435,   0.8123,
 2026-Dec-12 00:59:00, , , 149.163753058,  13.430003882,  149.532282946,  13.300156724,            n.a.,              n.a.,   99.27109,  40.50191,   22.2278,  -18.937,  4.86756361289116,-25.0812159,    9.7976,  268.05765,  64.49666,    9.7953, 141.7435,   0.8124,
 2026-Dec-12 01:00:00, , , 149.163756174,  13.430005856,  149.532286173,  13.300158657,            n.a.,              n.a.,   99.27110,  40.50200,   22.2278,  -18.937,  4.86755355355285,-25.0810860,    9.7975,  268.05765,  64.49666,    9.7952, 141.7436,   0.8124,
$$EOE
***********************************************************************************************************************************************************************************************************************************************************************
Column meaning:
 
TIME

  Times PRIOR to 1962 are UT1, a mean-solar time closely related to the
prior but now-deprecated GMT. Times AFTER 1962 are in UTC, the current
civil or "wall-clock" time-scale. UTC is kept within 0.9 seconds of UT1
using integer leap-seconds for 1972 and later years.

  Conversion from the internal Barycentric Dynamical Time (TDB) of solar
system dynamics to the non-uniform civil UT time-scale requested for output
has not been determined for UTC times after the next July or January 1st.
Therefore, the last known leap-second is used as a constant over future
intervals.

  Time tags refer to the UT time-scale conversion from TDB on Earth
regardless of observer location within the solar system, although clock
rates may differ due to the local gravity field and no analog to "UT"
may be defined for that location.

  Any 'b' symbol in the 1st-column denotes a B.C. date. First-column blank
(" ") denotes an A.D. date.
 
CALENDAR SYSTEM

  Mixed calendar mode was active such that calendar dates after AD 1582-Oct-15
(if any) are in the modern Gregorian system. Dates prior to 1582-Oct-5 (if any)
are in the Julian calendar system, which is automatically extended for dates
prior to its adoption on 45-Jan-1 BC.  The Julian calendar is useful for
matching historical dates. The Gregorian calendar more accurately corresponds
to the Earth's orbital motion and seasons. A "Gregorian-only" calendar mode is
available if such physical events are the primary interest.

  NOTE: "n.a." in output means quantity "not available" at the print-time.
 
 'R.A.___(ICRF), DEC____(ICRF),' =
  Astrometric right ascension and declination of the target center with
respect to the observing site (coordinate origin) in the reference frame of
the planetary ephemeris (ICRF). Compensated for down-leg light-time delay
aberration.

  Units: RA  in decimal degrees,  ddd.fffff{ffff}
         DEC in decimal degrees,  sdd.fffff{ffff}
 
 'R.A.__(a-app), DEC___(a-app),' =
  Airless apparent right ascension and declination of the target center
with respect to an instantaneous reference frame defined by the Earth equator
of-date (z-axis) and meridian containing the Earth equinox of-date (x-axis,
EOP-corrected IAU76/80). Compensated for down-leg light-time delay,
gravitational deflection of light, stellar aberration, precession & nutation.
Note: equinox (RA origin) is offset -53 mas from the of-date frame defined by
the IAU06/00a P & N system.

  Units: RA  in decimal degrees, ddd.fffff{ffff}
         DEC in decimal degrees  sdd.fffff{ffff}

 
 'Azimuth_(a-app), Elevation_(a-app),' =
  Airless apparent azimuth and elevation of target center. Compensated
for light-time, the gravitational deflection of light, stellar aberration,
precession and nutation. Azimuth is measured clockwise from north:

  North(0) -> East(90) -> South(180) -> West(270) -> North (360)

Elevation angle is with respect to a plane perpendicular to the reference
surface local zenith direction. TOPOCENTRIC ONLY.  Units: DEGREES
 
 'Illu%,' =
   Fraction of the target objects' assumed circular disk illuminated by Sun
(phase), as seen by the observer.  Units: PERCENT
 
 'Ang-diam,' =
   The equatorial angular width of the target body full disk, if it were fully
illuminated and visible to the observer. If the target body diameter is unknown
"n.a." is output.

   Units: ARCSECONDS
 
 'NP.ang,  NP.dist,' =
  Targets' apparent north-pole position angle (counter-clockwise with respect
to the direction of the true-of-date reference-frame north-pole) and its
angular distance from the sub-observer point (center of disk) at observation
time.  A negative distance indicates the planets' north-pole is on the hidden
hemisphere.  Units: DEGREES and ARCSECONDS
 
 'delta,     deldot,' =
   Apparent range ("delta", light-time aberrated) and range-rate ("delta-dot")
of the target center relative to the observer. A positive "deldot" means the
target center is moving away from the observer, negative indicates movement
toward the observer.  Units: AU and KM/S
 
 'S-T-O,' =
   The Sun-Target-Observer angle; the interior vertex angle at target center
formed by a vector from the target to the apparent center of the Sun (at
reflection time on the target) and the apparent vector from target to the
observer at print-time. Slightly different from true PHASE ANGLE (requestable
separately) at the few arcsecond level in that it includes stellar aberration
on the down-leg from target to observer.  Units: DEGREES
 
 'N.Pole-RA, N.Pole-DC,' =
    ICRF right ascension and declination of the target body's north-pole
direction at the time light left the body to be observed at print time.
Target pole/rotation model is given in the header. Units: DEGREES
 
 'phi,  PAB-LON,  PAB-LAT,' =
   "phi" is the true PHASE ANGLE at the observers' location at print time.
"PAB-LON" and "PAB-LAT" are the J2000 ecliptic longitude and latitude of the
phase angle bisector direction; the outward directed angle bisecting the arc
created by the apparent vector from Sun to target center and the astrometric
vector from observer to target center. For an otherwise uniform ellipsoid, the
time when its long-axis is perpendicular to the PAB direction approximately
corresponds to lightcurve maximum (or maximum brightness) of the body. PAB is
discussed in Harris et al., Icarus 57, 251-258 (1984).

   Units: DEGREES, DEGREES, DEGREES

Computations by ...

    Solar System Dynamics Group, Horizons On-Line Ephemeris System
    4800 Oak Grove Drive, Jet Propulsion Laboratory
    Pasadena, CA  91109   USA

    General site: https://ssd.jpl.nasa.gov/
    Mailing list: https://ssd.jpl.nasa.gov/email_list.html
    System news : https://ssd.jpl.nasa.gov/horizons/news.html
    User Guide  : https://ssd.jpl.nasa.gov/horizons/manual.html
    Connect     : browser        https://ssd.jpl.nasa.gov/horizons/app.html#/x
                  API            https://ssd-api.jpl.nasa.gov/doc/horizons.html
                  command-line   telnet ssd.jpl.nasa.gov 6775
                  e-mail/batch   https://ssd.jpl.nasa.gov/ftp/ssd/horizons_batch.txt
                  scripts        https://ssd.jpl.nasa.gov/ftp/ssd/SCRIPTS
    Inquiries   : Jon.D.Giorgini@jpl.nasa.gov

***********************************************************************************************************************************************************************************************************************************************************************
