# JPL Horizons response, kept whole (#472)
# request-url: https://ssd.jpl.nasa.gov/api/horizons.api?format=text&COMMAND=%27599%27&MAKE_EPHEM=%27YES%27&EPHEM_TYPE=%27OBSERVER%27&CENTER=%27coord%40399%27&COORD_TYPE=%27GEODETIC%27&QUANTITIES=%271%2C2%2C4%2C10%2C13%2C17%2C20%2C24%2C32%2C43%27&EXTRA_PREC=%27YES%27&ANG_FORMAT=%27DEG%27&APPARENT=%27AIRLESS%27&CSV_FORMAT=%27YES%27&TIME_DIGITS=%27SECONDS%27&START_TIME=%272026-12-11%2018%3A00%27&STOP_TIME=%272026-12-12%2001%3A00%27&STEP_SIZE=%271%20m%27&SITE_COORD=%2710.75%2C59.91%2C0.0%27
# requested-utc: 2026-10-07T13:52:42Z
# body-sha256: bfb85e5b58d76a9914065709c181100f5659a788c710803bb83114cc8644267c
# body-bytes: 123786
# complete: True
API VERSION: 1.2
API SOURCE: NASA/JPL Horizons API

*******************************************************************************
 Revised: April 12, 2021               Jupiter                              599
 
 PHYSICAL DATA (revised 2025-Jan-30):
  Mass x 10^26 (kg)     = 18.9819           Density (g/cm^3)  = 1.3262 +- .0003
  Equat. radius (1 bar) = 71492+-4 km       Polar radius (km)     = 66854+-10
  Vol. Mean Radius (km) = 69911+-6          Flattening            = 0.06487
  Geometric Albedo      = 0.52              Rocky core mass (Mc/M)= 0.0261
  Sid. rot. period (III)= 9h 55m 29.711 s   Sid. rot. rate (rad/s)= 0.00017585
  Mean solar day, hrs   = ~9.9259         
  GM (km^3/s^2)         = 126686531.900     GM 1-sigma (km^3/s^2) =  +- 1.2732
  Equ. grav, ge (m/s^2) = 24.79             Pol. grav, gp (m/s^2) =  28.34
  Vis. magnitude V(1,0) = -9.40
  Vis. mag. (opposition)= -2.70             Obliquity to orbit    =  3.13 deg
  Sidereal orbit period = 11.861982204 y    Sidereal orbit period = 4332.589 d
  Mean daily motion     = 0.0831294 deg/d   Mean orbit speed, km/s= 13.0697
  Atmos. temp. (1 bar)  = 165+-5 K          Escape speed, km/s    =  59.5           
  A_roche(ice)/Rp       =  2.76             Hill's sphere rad. Rp = 740
                                 Perihelion   Aphelion     Mean
  Solar Constant (W/m^2)         56           46           51
  Maximum Planetary IR (W/m^2)   13.7         13.4         13.6
  Minimum Planetary IR (W/m^2)   13.7         13.4         13.6
*******************************************************************************


*******************************************************************************
Ephemeris / API_USER Wed Oct  7 06:52:42 2026 Pasadena, USA      / Horizons    
*******************************************************************************
Target body name: Jupiter (599)                   {source: jup365_merged}
Center body name: Earth (399)                     {source: DE441}
Center-site name: (user defined site below)
*******************************************************************************
Start time      : A.D. 2026-Dec-11 18:00:00.0000 UT      
Stop  time      : A.D. 2026-Dec-12 01:00:00.0000 UT      
Step-size       : 1 minutes
*******************************************************************************
Target pole/equ : IAU_JUPITER                     {West-longitude positive}
Target radii    : 71492.0, 71492.0, 66854.0 km    {Equator_a, b, pole_c}       
Center geodetic : 10.75, 59.91, 0.0               {E-lon(deg),Lat(deg),Alt(km)}
Center cylindric: 10.75, 3205.78431, 5495.4568    {E-lon(deg),Dxy(km),Dz(km)}
Center pole/equ : ITRF93                          {East-longitude positive}
Center radii    : 6378.137, 6378.137, 6356.752 km {Equator_a, b, pole_c}       
Target primary  : Sun
Vis. interferer : MOON (R_eq= 1737.400) km        {source: DE441}
Rel. light bend : Sun                             {source: jup365_merged}
Rel. lght bnd GM: 1.3271E+11 km^3/s^2                                          
Atmos refraction: NO (AIRLESS)
RA format       : DEG
Time format     : CAL 
Calendar mode   : Mixed Julian/Gregorian
RTS-only print  : NO       
EOP file        : eop.261006.p270102                                           
EOP coverage    : DATA-BASED 1962-JAN-20 TO 2026-OCT-06. PREDICTS-> 2027-JAN-01
Units conversion: 1 au= 149597870.700 km, c= 299792.458 km/s, 1 day= 86400.0 s 
Table cut-offs 1: Elevation (-90.0deg=NO ),Airmass (>38.000=NO), Daylight (NO )
Table cut-offs 2: Solar elongation (  0.0,180.0=NO ),Local Hour Angle( 0.0=NO )
Table cut-offs 3: RA/DEC angular rate (     0.0=NO )                           
Table format    : Comma Separated Values (spreadsheet)
***********************************************************************************************************************************************************************************************************************************************************************
 Date__(UT)__HR:MN:SS, , , R.A.___(ICRF), DEC____(ICRF),  R.A.__(a-app), DEC___(a-app), Azimuth_(a-app), Elevation_(a-app),      Illu%,  Ang-diam,    NP.ang,  NP.dist,             delta,     deldot,     S-T-O,  N.Pole-RA, N.Pole-DC,       phi,  PAB-LON,  PAB-LAT,
***********************************************************************************************************************************************************************************************************************************************************************
$$SOE
 2026-Dec-11 18:00:00, , , 149.162449747,  13.428755055,  149.530893500,  13.298919604,    31.569199427,     -12.483732220,   99.26779,  40.46676,   22.2275,  -18.920,  4.87179233596146,-25.2548327,    9.8198,  268.05765,  64.49666,    9.8175, 141.7316,   0.8113,
 2026-Dec-11 18:01:00, , , 149.162454466,  13.428756936,  149.530898436,  13.298921403,    31.809708857,     -12.417708577,   99.26780,  40.46684,   22.2275,  -18.920,  4.87178220682066,-25.2555498,    9.8197,  268.05765,  64.49666,    9.8175, 141.7317,   0.8113,
 2026-Dec-11 18:02:00, , , 149.162459181,  13.428758818,  149.530903367,  13.298923203,    32.050027605,     -12.351236782,   99.26780,  40.46692,   22.2275,  -18.920,  4.87177207739272,-25.2562646,    9.8197,  268.05765,  64.49666,    9.8174, 141.7317,   0.8114,
 2026-Dec-11 18:03:00, , , 149.162463892,  13.428760702,  149.530908296,  13.298925006,    32.290155176,     -12.284318361,   99.26781,  40.46701,   22.2275,  -18.920,  4.87176194767855,-25.2569771,    9.8196,  268.05765,  64.49666,    9.8174, 141.7317,   0.8114,
 2026-Dec-11 18:04:00, , , 149.162468598,  13.428762587,  149.530913221,  13.298926809,    32.530091098,     -12.216954843,   99.26782,  40.46709,   22.2275,  -18.920,  4.87175181767908,-25.2576873,    9.8196,  268.05765,  64.49666,    9.8173, 141.7318,   0.8114,
 2026-Dec-11 18:05:00, , , 149.162473300,  13.428764473,  149.530918143,  13.298928615,    32.769834915,     -12.149147765,   99.26783,  40.46718,   22.2275,  -18.920,  4.87174168739527,-25.2583951,    9.8195,  268.05765,  64.49666,    9.8173, 141.7318,   0.8114,
 2026-Dec-11 18:06:00, , , 149.162477998,  13.428766362,  149.530923061,  13.298930422,    33.009386191,     -12.080898670,   99.26783,  40.46726,   22.2275,  -18.920,  4.87173155682805,-25.2591005,    9.8195,  268.05765,  64.49666,    9.8172, 141.7318,   0.8114,
 2026-Dec-11 18:07:00, , , 149.162482692,  13.428768251,  149.530927975,  13.298932231,    33.248744507,     -12.012209106,   99.26784,  40.46735,   22.2275,  -18.920,  4.87172142597837,-25.2598035,    9.8194,  268.05765,  64.49666,    9.8172, 141.7318,   0.8114,
 2026-Dec-11 18:08:00, , , 149.162487382,  13.428770142,  149.530932886,  13.298934041,    33.487909462,     -11.943080625,   99.26785,  40.46743,   22.2275,  -18.920,  4.87171129484721,-25.2605042,    9.8194,  268.05765,  64.49666,    9.8171, 141.7319,   0.8114,
 2026-Dec-11 18:09:00, , , 149.162492067,  13.428772035,  149.530937794,  13.298935852,    33.726880674,     -11.873514789,   99.26786,  40.46751,   22.2275,  -18.920,  4.87170116343552,-25.2612024,    9.8193,  268.05765,  64.49666,    9.8171, 141.7319,   0.8114,
 2026-Dec-11 18:10:00, , , 149.162496748,  13.428773928,  149.530942698,  13.298937666,    33.965657781,     -11.803513159,   99.26786,  40.46760,   22.2275,  -18.920,  4.87169103174429,-25.2618982,    9.8193,  268.05765,  64.49666,    9.8170, 141.7319,   0.8114,
 2026-Dec-11 18:11:00, , , 149.162501425,  13.428775824,  149.530947598,  13.298939481,    34.204240436,     -11.733077308,   99.26787,  40.46768,   22.2275,  -18.921,  4.87168089977447,-25.2625916,    9.8192,  268.05765,  64.49666,    9.8170, 141.7320,   0.8114,
 2026-Dec-11 18:12:00, , , 149.162506097,  13.428777721,  149.530952495,  13.298941297,    34.442628314,     -11.662208808,   99.26788,  40.46777,   22.2275,  -18.921,  4.87167076752707,-25.2632825,    9.8192,  268.05765,  64.49666,    9.8169, 141.7320,   0.8114,
 2026-Dec-11 18:13:00, , , 149.162510765,  13.428779619,  149.530957388,  13.298943115,    34.680821105,     -11.590909240,   99.26789,  40.46785,   22.2275,  -18.921,  4.87166063500305,-25.2639709,    9.8191,  268.05765,  64.49666,    9.8169, 141.7320,   0.8114,
 2026-Dec-11 18:14:00, , , 149.162515429,  13.428781519,  149.530962278,  13.298944935,    34.918818519,     -11.519180189,   99.26789,  40.46793,   22.2275,  -18.921,  4.87165050220345,-25.2646568,    9.8190,  268.05765,  64.49666,    9.8168, 141.7320,   0.8114,
 2026-Dec-11 18:15:00, , , 149.162520088,  13.428783420,  149.530967164,  13.298946756,    35.156620283,     -11.447023245,   99.26790,  40.46802,   22.2275,  -18.921,  4.87164036912926,-25.2653402,    9.8190,  268.05765,  64.49666,    9.8168, 141.7321,   0.8114,
 2026-Dec-11 18:16:00, , , 149.162524743,  13.428785323,  149.530972046,  13.298948579,    35.394226143,     -11.374440002,   99.26791,  40.46810,   22.2275,  -18.921,  4.87163023578148,-25.2660210,    9.8189,  268.05765,  64.49666,    9.8167, 141.7321,   0.8114,
 2026-Dec-11 18:17:00, , , 149.162529393,  13.428787227,  149.530976924,  13.298950403,    35.631635863,     -11.301432060,   99.26792,  40.46819,   22.2275,  -18.921,  4.87162010216113,-25.2666994,    9.8189,  268.05765,  64.49666,    9.8167, 141.7321,   0.8114,
 2026-Dec-11 18:18:00, , , 149.162534039,  13.428789132,  149.530981799,  13.298952229,    35.868849225,     -11.228001022,   99.26793,  40.46827,   22.2275,  -18.921,  4.87160996826923,-25.2673751,    9.8188,  268.05765,  64.49666,    9.8166, 141.7322,   0.8114,
 2026-Dec-11 18:19:00, , , 149.162538681,  13.428791039,  149.530986670,  13.298954056,    36.105866028,     -11.154148497,   99.26793,  40.46836,   22.2275,  -18.921,  4.87159983410681,-25.2680483,    9.8188,  268.05765,  64.49666,    9.8166, 141.7322,   0.8114,
 2026-Dec-11 18:20:00, , , 149.162543318,  13.428792947,  149.530991538,  13.298955885,    36.342686092,     -11.079876097,   99.26794,  40.46844,   22.2275,  -18.921,  4.87158969967489,-25.2687190,    9.8187,  268.05765,  64.49666,    9.8165, 141.7322,   0.8114,
 2026-Dec-11 18:21:00, , , 149.162547951,  13.428794857,  149.530996401,  13.298957716,    36.579309251,     -11.005185439,   99.26795,  40.46852,   22.2275,  -18.921,  4.87157956497454,-25.2693870,    9.8187,  268.05765,  64.49666,    9.8165, 141.7323,   0.8114,
 2026-Dec-11 18:22:00, , , 149.162552579,  13.428796768,  149.531001261,  13.298959548,    36.815735358,     -10.930078146,   99.26796,  40.46861,   22.2275,  -18.921,  4.87156943000680,-25.2700524,    9.8186,  268.05765,  64.49666,    9.8164, 141.7323,   0.8114,
 2026-Dec-11 18:23:00, , , 149.162557202,  13.428798681,  149.531006117,  13.298961381,    37.051964286,     -10.854555842,   99.26796,  40.46869,   22.2275,  -18.921,  4.87155929477272,-25.2707151,    9.8186,  268.05765,  64.49666,    9.8164, 141.7323,   0.8114,
 2026-Dec-11 18:24:00, , , 149.162561821,  13.428800595,  149.531010969,  13.298963217,    37.287995923,     -10.778620157,   99.26797,  40.46878,   22.2275,  -18.921,  4.87154915927335,-25.2713752,    9.8185,  268.05765,  64.49666,    9.8163, 141.7323,   0.8114,
 2026-Dec-11 18:25:00, , , 149.162566436,  13.428802510,  149.531015817,  13.298965053,    37.523830177,     -10.702272725,   99.26798,  40.46886,   22.2275,  -18.921,  4.87153902350977,-25.2720327,    9.8185,  268.05765,  64.49666,    9.8163, 141.7324,   0.8114,
 2026-Dec-11 18:26:00, , , 149.162571046,  13.428804427,  149.531020661,  13.298966892,    37.759466973,     -10.625515182,   99.26799,  40.46894,   22.2275,  -18.921,  4.87152888748302,-25.2726874,    9.8184,  268.05765,  64.49666,    9.8162, 141.7324,   0.8114,
 2026-Dec-11 18:27:00, , , 149.162575651,  13.428806346,  149.531025502,  13.298968731,    37.994906251,     -10.548349171,   99.26799,  40.46903,   22.2275,  -18.921,  4.87151875119422,-25.2733395,    9.8184,  268.05765,  64.49666,    9.8161, 141.7324,   0.8114,
 2026-Dec-11 18:28:00, , , 149.162580252,  13.428808265,  149.531030338,  13.298970573,    38.230147972,     -10.470776337,   99.26800,  40.46911,   22.2275,  -18.921,  4.87150861464444,-25.2739889,    9.8183,  268.05765,  64.49666,    9.8161, 141.7325,   0.8114,
 2026-Dec-11 18:29:00, , , 149.162584848,  13.428810186,  149.531035171,  13.298972416,    38.465192113,     -10.392798327,   99.26801,  40.46920,   22.2275,  -18.921,  4.87149847783476,-25.2746355,    9.8183,  268.05765,  64.49666,    9.8160, 141.7325,   0.8114,
 2026-Dec-11 18:30:00, , , 149.162589440,  13.428812109,  149.531040000,  13.298974260,    38.700038669,     -10.314416794,   99.26802,  40.46928,   22.2275,  -18.921,  4.87148834076628,-25.2752794,    9.8182,  268.05765,  64.49666,    9.8160, 141.7325,   0.8114,
 2026-Dec-11 18:31:00, , , 149.162594027,  13.428814033,  149.531044824,  13.298976106,    38.934687651,     -10.235633393,   99.26802,  40.46937,   22.2275,  -18.921,  4.87147820344011,-25.2759206,    9.8182,  268.05765,  64.49666,    9.8159, 141.7325,   0.8114,
 2026-Dec-11 18:32:00, , , 149.162598609,  13.428815958,  149.531049645,  13.298977953,    39.169139091,     -10.156449784,   99.26803,  40.46945,   22.2275,  -18.921,  4.87146806585734,-25.2765589,    9.8181,  268.05765,  64.49666,    9.8159, 141.7326,   0.8114,
 2026-Dec-11 18:33:00, , , 149.162603186,  13.428817885,  149.531054462,  13.298979802,    39.403393033,     -10.076867629,   99.26804,  40.46953,   22.2275,  -18.921,  4.87145792801907,-25.2771945,    9.8181,  268.05765,  64.49666,    9.8158, 141.7326,   0.8114,
 2026-Dec-11 18:34:00, , , 149.162607759,  13.428819813,  149.531059274,  13.298981653,    39.637449542,      -9.996888593,   99.26805,  40.46962,   22.2275,  -18.921,  4.87144778992647,-25.2778273,    9.8180,  268.05765,  64.49666,    9.8158, 141.7326,   0.8114,
 2026-Dec-11 18:35:00, , , 149.162612327,  13.428821742,  149.531064083,  13.298983505,    39.871308698,      -9.916514345,   99.26806,  40.46970,   22.2275,  -18.921,  4.87143765158063,-25.2784573,    9.8180,  268.05765,  64.49666,    9.8157, 141.7327,   0.8114,
 2026-Dec-11 18:36:00, , , 149.162616891,  13.428823673,  149.531068888,  13.298985358,    40.104970600,      -9.835746557,   99.26806,  40.46979,   22.2275,  -18.922,  4.87142751298269,-25.2790845,    9.8179,  268.05765,  64.49666,    9.8157, 141.7327,   0.8114,
 2026-Dec-11 18:37:00, , , 149.162621449,  13.428825605,  149.531073688,  13.298987213,    40.338435362,      -9.754586903,   99.26807,  40.46987,   22.2275,  -18.922,  4.87141737413378,-25.2797088,    9.8179,  268.05765,  64.49666,    9.8156, 141.7327,   0.8114,
 2026-Dec-11 18:38:00, , , 149.162626003,  13.428827539,  149.531078484,  13.298989070,    40.571703117,      -9.673037061,   99.26808,  40.46996,   22.2275,  -18.922,  4.87140723503505,-25.2803302,    9.8178,  268.05765,  64.49666,    9.8156, 141.7327,   0.8114,
 2026-Dec-11 18:39:00, , , 149.162630552,  13.428829474,  149.531083277,  13.298990928,    40.804774014,      -9.591098711,   99.26809,  40.47004,   22.2275,  -18.922,  4.87139709568763,-25.2809488,    9.8178,  268.05765,  64.49666,    9.8155, 141.7328,   0.8114,
 2026-Dec-11 18:40:00, , , 149.162635096,  13.428831410,  149.531088065,  13.298992788,    41.037648218,      -9.508773536,   99.26809,  40.47012,   22.2275,  -18.922,  4.87138695609270,-25.2815645,    9.8177,  268.05765,  64.49666,    9.8155, 141.7328,   0.8114,
 2026-Dec-11 18:41:00, , , 149.162639636,  13.428833348,  149.531092849,  13.298994649,    41.270325910,      -9.426063222,   99.26810,  40.47021,   22.2275,  -18.922,  4.87137681625141,-25.2821773,    9.8177,  268.05765,  64.49666,    9.8154, 141.7328,   0.8114,
 2026-Dec-11 18:42:00, , , 149.162644170,  13.428835287,  149.531097628,  13.298996511,    41.502807291,      -9.342969458,   99.26811,  40.47029,   22.2275,  -18.922,  4.87136667616493,-25.2827872,    9.8176,  268.05765,  64.49666,    9.8154, 141.7329,   0.8114,
 2026-Dec-11 18:43:00, , , 149.162648700,  13.428837227,  149.531102404,  13.298998375,    41.735092576,      -9.259493934,   99.26812,  40.47038,   22.2275,  -18.922,  4.87135653583442,-25.2833942,    9.8176,  268.05765,  64.49666,    9.8153, 141.7329,   0.8114,
 2026-Dec-11 18:44:00, , , 149.162653225,  13.428839169,  149.531107175,  13.299000241,    41.967181997,      -9.175638344,   99.26812,  40.47046,   22.2275,  -18.922,  4.87134639526106,-25.2839982,    9.8175,  268.05765,  64.49666,    9.8153, 141.7329,   0.8114,
 2026-Dec-11 18:45:00, , , 149.162657745,  13.428841112,  149.531111942,  13.299002108,    42.199075802,      -9.091404384,   99.26813,  40.47055,   22.2275,  -18.922,  4.87133625444603,-25.2845993,    9.8175,  268.05765,  64.49666,    9.8152, 141.7330,   0.8114,
 2026-Dec-11 18:46:00, , , 149.162662260,  13.428843056,  149.531116705,  13.299003977,    42.430774258,      -9.006793750,   99.26814,  40.47063,   22.2275,  -18.922,  4.87132611339051,-25.2851974,    9.8174,  268.05765,  64.49666,    9.8152, 141.7330,   0.8114,
 2026-Dec-11 18:47:00, , , 149.162666770,  13.428845002,  149.531121464,  13.299005847,    42.662277643,      -8.921808145,   99.26815,  40.47071,   22.2275,  -18.922,  4.87131597209572,-25.2857925,    9.8174,  268.05765,  64.49666,    9.8151, 141.7330,   0.8114,
 2026-Dec-11 18:48:00, , , 149.162671275,  13.428846949,  149.531126218,  13.299007718,    42.893586256,      -8.836449269,   99.26815,  40.47080,   22.2275,  -18.922,  4.87130583056285,-25.2863846,    9.8173,  268.05765,  64.49666,    9.8151, 141.7330,   0.8115,
 2026-Dec-11 18:49:00, , , 149.162675776,  13.428848898,  149.531130968,  13.299009591,    43.124700410,      -8.750718828,   99.26816,  40.47088,   22.2275,  -18.922,  4.87129568879310,-25.2869737,    9.8173,  268.05765,  64.49666,    9.8150, 141.7331,   0.8115,
 2026-Dec-11 18:50:00, , , 149.162680271,  13.428850848,  149.531135713,  13.299011466,    43.355620436,      -8.664618529,   99.26817,  40.47097,   22.2275,  -18.922,  4.87128554678768,-25.2875598,    9.8172,  268.05765,  64.49666,    9.8150, 141.7331,   0.8115,
 2026-Dec-11 18:51:00, , , 149.162684761,  13.428852799,  149.531140455,  13.299013342,    43.586346678,      -8.578150078,   99.26818,  40.47105,   22.2275,  -18.922,  4.87127540454780,-25.2881429,    9.8172,  268.05765,  64.49666,    9.8149, 141.7331,   0.8115,
 2026-Dec-11 18:52:00, , , 149.162689247,  13.428854751,  149.531145192,  13.299015219,    43.816879499,      -8.491315188,   99.26819,  40.47114,   22.2275,  -18.922,  4.87126526207467,-25.2887229,    9.8171,  268.05765,  64.49666,    9.8149, 141.7332,   0.8115,
 2026-Dec-11 18:53:00, , , 149.162693727,  13.428856705,  149.531149924,  13.299017098,    44.047219275,      -8.404115569,   99.26819,  40.47122,   22.2275,  -18.922,  4.87125511936956,-25.2892998,    9.8171,  268.05765,  64.49666,    9.8148, 141.7332,   0.8115,
 2026-Dec-11 18:54:00, , , 149.162698202,  13.428858660,  149.531154652,  13.299018978,    44.277366399,      -8.316552937,   99.26820,  40.47130,   22.2275,  -18.922,  4.87124497643367,-25.2898737,    9.8170,  268.05765,  64.49666,    9.8148, 141.7332,   0.8115,
 2026-Dec-11 18:55:00, , , 149.162702673,  13.428860617,  149.531159376,  13.299020860,    44.507321280,      -8.228629006,   99.26821,  40.47139,   22.2275,  -18.922,  4.87123483326824,-25.2904444,    9.8169,  268.05765,  64.49666,    9.8147, 141.7332,   0.8115,
 2026-Dec-11 18:56:00, , , 149.162707138,  13.428862574,  149.531164095,  13.299022744,    44.737084343,      -8.140345494,   99.26822,  40.47147,   22.2275,  -18.922,  4.87122468987453,-25.2910121,    9.8169,  268.05765,  64.49666,    9.8147, 141.7333,   0.8115,
 2026-Dec-11 18:57:00, , , 149.162711598,  13.428864533,  149.531168810,  13.299024628,    44.966656027,      -8.051704120,   99.26822,  40.47156,   22.2275,  -18.922,  4.87121454625376,-25.2915766,    9.8168,  268.05765,  64.49666,    9.8146, 141.7333,   0.8115,
 2026-Dec-11 18:58:00, , , 149.162716053,  13.428866494,  149.531173520,  13.299026515,    45.196036788,      -7.962706603,   99.26823,  40.47164,   22.2275,  -18.922,  4.87120440240720,-25.2921380,    9.8168,  268.05765,  64.49666,    9.8146, 141.7333,   0.8115,
 2026-Dec-11 18:59:00, , , 149.162720503,  13.428868456,  149.531178226,  13.299028402,    45.425227096,      -7.873354666,   99.26824,  40.47172,   22.2275,  -18.922,  4.87119425833610,-25.2926963,    9.8167,  268.05765,  64.49666,    9.8145, 141.7334,   0.8115,
 2026-Dec-11 19:00:00, , , 149.162724948,  13.428870418,  149.531182928,  13.299030292,    45.654227437,      -7.783650031,   99.26825,  40.47181,   22.2275,  -18.922,  4.87118411404174,-25.2932514,    9.8167,  268.05765,  64.49666,    9.8145, 141.7334,   0.8115,
 2026-Dec-11 19:01:00, , , 149.162729387,  13.428872383,  149.531187624,  13.299032182,    45.883038313,      -7.693594423,   99.26825,  40.47189,   22.2275,  -18.923,  4.87117396952539,-25.2938033,    9.8166,  268.05765,  64.49666,    9.8144, 141.7334,   0.8115,
 2026-Dec-11 19:02:00, , , 149.162733822,  13.428874348,  149.531192317,  13.299034074,    46.111660238,      -7.603189569,   99.26826,  40.47198,   22.2275,  -18.923,  4.87116382478831,-25.2943520,    9.8166,  268.05765,  64.49666,    9.8143, 141.7334,   0.8115,
 2026-Dec-11 19:03:00, , , 149.162738251,  13.428876315,  149.531197004,  13.299035968,    46.340093745,      -7.512437193,   99.26827,  40.47206,   22.2275,  -18.923,  4.87115367983179,-25.2948976,    9.8165,  268.05765,  64.49666,    9.8143, 141.7335,   0.8115,
 2026-Dec-11 19:04:00, , , 149.162742676,  13.428878283,  149.531201687,  13.299037863,    46.568339380,      -7.421339026,   99.26828,  40.47215,   22.2275,  -18.923,  4.87114353465710,-25.2954399,    9.8165,  268.05765,  64.49666,    9.8142, 141.7335,   0.8115,
 2026-Dec-11 19:05:00, , , 149.162747095,  13.428880253,  149.531206366,  13.299039759,    46.796397704,      -7.329896795,   99.26829,  40.47223,   22.2275,  -18.923,  4.87113338926553,-25.2959790,    9.8164,  268.05765,  64.49666,    9.8142, 141.7335,   0.8115,
 2026-Dec-11 19:06:00, , , 149.162751508,  13.428882223,  149.531211040,  13.299041657,    47.024269291,      -7.238112232,   99.26829,  40.47231,   22.2275,  -18.923,  4.87112324365841,-25.2965149,    9.8164,  268.05765,  64.49666,    9.8141, 141.7336,   0.8115,
 2026-Dec-11 19:07:00, , , 149.162755917,  13.428884195,  149.531215709,  13.299043556,    47.251954733,      -7.145987066,   99.26830,  40.47240,   22.2275,  -18.923,  4.87111309783702,-25.2970475,    9.8163,  268.05765,  64.49666,    9.8141, 141.7336,   0.8115,
 2026-Dec-11 19:08:00, , , 149.162760320,  13.428886169,  149.531220374,  13.299045457,    47.479454635,      -7.053523030,   99.26831,  40.47248,   22.2275,  -18.923,  4.87110295180265,-25.2975769,    9.8163,  268.05765,  64.49666,    9.8140, 141.7336,   0.8115,
 2026-Dec-11 19:09:00, , , 149.162764719,  13.428888143,  149.531225034,  13.299047359,    47.706769617,      -6.960721858,   99.26832,  40.47257,   22.2275,  -18.923,  4.87109280555664,-25.2981030,    9.8162,  268.05765,  64.49666,    9.8140, 141.7337,   0.8115,
 2026-Dec-11 19:10:00, , , 149.162769111,  13.428890119,  149.531229689,  13.299049262,    47.933900311,      -6.867585282,   99.26832,  40.47265,   22.2275,  -18.923,  4.87108265910028,-25.2986258,    9.8162,  268.05765,  64.49666,    9.8139, 141.7337,   0.8115,
 2026-Dec-11 19:11:00, , , 149.162773499,  13.428892096,  149.531234340,  13.299051167,    48.160847367,      -6.774115037,   99.26833,  40.47274,   22.2275,  -18.923,  4.87107251243490,-25.2991453,    9.8161,  268.05765,  64.49666,    9.8139, 141.7337,   0.8115,
 2026-Dec-11 19:12:00, , , 149.162777881,  13.428894074,  149.531238985,  13.299053074,    48.387611448,      -6.680312859,   99.26834,  40.47282,   22.2275,  -18.923,  4.87106236556181,-25.2996614,    9.8161,  268.05765,  64.49666,    9.8138, 141.7337,   0.8115,
 2026-Dec-11 19:13:00, , , 149.162782258,  13.428896054,  149.531243627,  13.299054981,    48.614193228,      -6.586180484,   99.26835,  40.47291,   22.2275,  -18.923,  4.87105221848238,-25.3001743,    9.8160,  268.05765,  64.49666,    9.8138, 141.7338,   0.8115,
 2026-Dec-11 19:14:00, , , 149.162786630,  13.428898035,  149.531248263,  13.299056891,    48.840593402,      -6.491719648,   99.26835,  40.47299,   22.2275,  -18.923,  4.87104207119792,-25.3006838,    9.8160,  268.05765,  64.49666,    9.8137, 141.7338,   0.8115,
 2026-Dec-11 19:15:00, , , 149.162790996,  13.428900017,  149.531252894,  13.299058801,    49.066812671,      -6.396932087,   99.26836,  40.47307,   22.2275,  -18.923,  4.87103192370978,-25.3011900,    9.8159,  268.05765,  64.49666,    9.8137, 141.7338,   0.8115,
 2026-Dec-11 19:16:00, , , 149.162795357,  13.428902000,  149.531257521,  13.299060713,    49.292851756,      -6.301819541,   99.26837,  40.47316,   22.2275,  -18.923,  4.87102177601929,-25.3016928,    9.8159,  268.05765,  64.49666,    9.8136, 141.7339,   0.8115,
 2026-Dec-11 19:17:00, , , 149.162799713,  13.428903985,  149.531262143,  13.299062627,    49.518711389,      -6.206383746,   99.26838,  40.47324,   22.2275,  -18.923,  4.87101162812782,-25.3021923,    9.8158,  268.05765,  64.49666,    9.8136, 141.7339,   0.8115,
 2026-Dec-11 19:18:00, , , 149.162804063,  13.428905970,  149.531266760,  13.299064541,    49.744392317,      -6.110626442,   99.26838,  40.47333,   22.2275,  -18.923,  4.87100148003669,-25.3026883,    9.8158,  268.05765,  64.49666,    9.8135, 141.7339,   0.8115,
 2026-Dec-11 19:19:00, , , 149.162808408,  13.428907957,  149.531271373,  13.299066457,    49.969895299,      -6.014549367,   99.26839,  40.47341,   22.2275,  -18.923,  4.87099133174730,-25.3031810,    9.8157,  268.05765,  64.49666,    9.8135, 141.7339,   0.8115,
 2026-Dec-11 19:20:00, , , 149.162812747,  13.428909946,  149.531275980,  13.299068375,    50.195221109,      -5.918154262,   99.26840,  40.47350,   22.2275,  -18.923,  4.87098118326101,-25.3036702,    9.8157,  268.05765,  64.49666,    9.8134, 141.7340,   0.8115,
 2026-Dec-11 19:21:00, , , 149.162817081,  13.428911935,  149.531280583,  13.299070294,    50.420370535,      -5.821442864,   99.26841,  40.47358,   22.2275,  -18.923,  4.87097103457918,-25.3041561,    9.8156,  268.05765,  64.49666,    9.8134, 141.7340,   0.8115,
 2026-Dec-11 19:22:00, , , 149.162821410,  13.428913926,  149.531285181,  13.299072214,    50.645344377,      -5.724416915,   99.26842,  40.47366,   22.2275,  -18.923,  4.87096088570317,-25.3046385,    9.8156,  268.05765,  64.49666,    9.8133, 141.7340,   0.8115,
 2026-Dec-11 19:23:00, , , 149.162825733,  13.428915918,  149.531289773,  13.299074136,    50.870143447,      -5.627078154,   99.26842,  40.47375,   22.2275,  -18.923,  4.87095073663439,-25.3051174,    9.8155,  268.05765,  64.49666,    9.8133, 141.7341,   0.8115,
 2026-Dec-11 19:24:00, , , 149.162830051,  13.428917911,  149.531294361,  13.299076059,    51.094768576,      -5.529428322,   99.26843,  40.47383,   22.2275,  -18.923,  4.87094058737418,-25.3055929,    9.8155,  268.05765,  64.49666,    9.8132, 141.7341,   0.8115,
 2026-Dec-11 19:25:00, , , 149.162834363,  13.428919905,  149.531298944,  13.299077984,    51.319220602,      -5.431469159,   99.26844,  40.47392,   22.2275,  -18.923,  4.87093043792397,-25.3060650,    9.8154,  268.05765,  64.49666,    9.8132, 141.7341,   0.8115,
 2026-Dec-11 19:26:00, , , 149.162838670,  13.428921900,  149.531303522,  13.299079910,    51.543500379,      -5.333202405,   99.26845,  40.47400,   22.2275,  -18.923,  4.87092028828515,-25.3065335,    9.8154,  268.05765,  64.49666,    9.8131, 141.7341,   0.8115,
 2026-Dec-11 19:27:00, , , 149.162842971,  13.428923897,  149.531308095,  13.299081837,    51.767608771,      -5.234629802,   99.26845,  40.47409,   22.2275,  -18.924,  4.87091013845910,-25.3069986,    9.8153,  268.05765,  64.49666,    9.8131, 141.7342,   0.8115,
 2026-Dec-11 19:28:00, , , 149.162847267,  13.428925895,  149.531312664,  13.299083765,    51.991546661,      -5.135753090,   99.26846,  40.47417,   22.2276,  -18.924,  4.87089998844723,-25.3074601,    9.8153,  268.05765,  64.49666,    9.8130, 141.7342,   0.8115,
 2026-Dec-11 19:29:00, , , 149.162851557,  13.428927894,  149.531317227,  13.299085695,    52.215314940,      -5.036574010,   99.26847,  40.47425,   22.2276,  -18.924,  4.87088983825094,-25.3079182,    9.8152,  268.05765,  64.49666,    9.8130, 141.7342,   0.8115,
 2026-Dec-11 19:30:00, , , 149.162855842,  13.428929894,  149.531321785,  13.299087627,    52.438914512,      -4.937094302,   99.26848,  40.47434,   22.2276,  -18.924,  4.87087968787165,-25.3083727,    9.8152,  268.05765,  64.49666,    9.8129, 141.7343,   0.8115,
 2026-Dec-11 19:31:00, , , 149.162860121,  13.428931896,  149.531326338,  13.299089559,    52.662346296,      -4.837315707,   99.26848,  40.47442,   22.2276,  -18.924,  4.87086953731075,-25.3088237,    9.8151,  268.05765,  64.49666,    9.8129, 141.7343,   0.8115,
 2026-Dec-11 19:32:00, , , 149.162864395,  13.428933899,  149.531330886,  13.299091493,    52.885611220,      -4.737239966,   99.26849,  40.47451,   22.2276,  -18.924,  4.87085938656971,-25.3092711,    9.8150,  268.05765,  64.49666,    9.8128, 141.7343,   0.8115,
 2026-Dec-11 19:33:00, , , 149.162868663,  13.428935902,  149.531335429,  13.299093429,    53.108710229,      -4.636868818,   99.26850,  40.47459,   22.2276,  -18.924,  4.87084923564992,-25.3097150,    9.8150,  268.05765,  64.49666,    9.8127, 141.7344,   0.8115,
 2026-Dec-11 19:34:00, , , 149.162872925,  13.428937907,  149.531339966,  13.299095365,    53.331644276,      -4.536204004,   99.26851,  40.47468,   22.2276,  -18.924,  4.87083908455282,-25.3101553,    9.8149,  268.05765,  64.49666,    9.8127, 141.7344,   0.8115,
 2026-Dec-11 19:35:00, , , 149.162877182,  13.428939914,  149.531344499,  13.299097303,    53.554414330,      -4.435247264,   99.26852,  40.47476,   22.2276,  -18.924,  4.87082893327984,-25.3105921,    9.8149,  268.05765,  64.49666,    9.8126, 141.7344,   0.8116,
 2026-Dec-11 19:36:00, , , 149.162881433,  13.428941921,  149.531349027,  13.299099243,    53.777021370,      -4.334000337,   99.26852,  40.47484,   22.2276,  -18.924,  4.87081878183242,-25.3110252,    9.8148,  268.05765,  64.49666,    9.8126, 141.7344,   0.8116,
 2026-Dec-11 19:37:00, , , 149.162885679,  13.428943929,  149.531353549,  13.299101183,    53.999466388,      -4.232464964,   99.26853,  40.47493,   22.2276,  -18.924,  4.87080863021197,-25.3114547,    9.8148,  268.05765,  64.49666,    9.8125, 141.7345,   0.8116,
 2026-Dec-11 19:38:00, , , 149.162889919,  13.428945939,  149.531358067,  13.299103125,    54.221750389,      -4.130642883,   99.26854,  40.47501,   22.2276,  -18.924,  4.87079847841999,-25.3118807,    9.8147,  268.05765,  64.49666,    9.8125, 141.7345,   0.8116,
 2026-Dec-11 19:39:00, , , 149.162894153,  13.428947950,  149.531362579,  13.299105069,    54.443874386,      -4.028535833,   99.26855,  40.47510,   22.2276,  -18.924,  4.87078832645792,-25.3123030,    9.8147,  268.05765,  64.49666,    9.8124, 141.7345,   0.8116,
 2026-Dec-11 19:40:00, , , 149.162898382,  13.428949962,  149.531367086,  13.299107013,    54.665839410,      -3.926145553,   99.26855,  40.47518,   22.2276,  -18.924,  4.87077817432719,-25.3127216,    9.8146,  268.05765,  64.49666,    9.8124, 141.7346,   0.8116,
 2026-Dec-11 19:41:00, , , 149.162902605,  13.428951975,  149.531371588,  13.299108959,    54.887646500,      -3.823473781,   99.26856,  40.47527,   22.2276,  -18.924,  4.87076802202927,-25.3131367,    9.8146,  268.05765,  64.49666,    9.8123, 141.7346,   0.8116,
 2026-Dec-11 19:42:00, , , 149.162906822,  13.428953989,  149.531376084,  13.299110907,    55.109296707,      -3.720522255,   99.26857,  40.47535,   22.2276,  -18.924,  4.87075786956563,-25.3135481,    9.8145,  268.05765,  64.49666,    9.8123, 141.7346,   0.8116,
 2026-Dec-11 19:43:00, , , 149.162911034,  13.428956005,  149.531380576,  13.299112855,    55.330791094,      -3.617292712,   99.26858,  40.47544,   22.2276,  -18.924,  4.87074771693773,-25.3139558,    9.8145,  268.05765,  64.49666,    9.8122, 141.7346,   0.8116,
 2026-Dec-11 19:44:00, , , 149.162915240,  13.428958021,  149.531385062,  13.299114805,    55.552130737,      -3.513786889,   99.26858,  40.47552,   22.2276,  -18.924,  4.87073756414703,-25.3143598,    9.8144,  268.05765,  64.49666,    9.8122, 141.7347,   0.8116,
 2026-Dec-11 19:45:00, , , 149.162919440,  13.428960039,  149.531389543,  13.299116757,    55.773316721,      -3.410006523,   99.26859,  40.47560,   22.2276,  -18.924,  4.87072741119504,-25.3147602,    9.8144,  268.05765,  64.49666,    9.8121, 141.7347,   0.8116,
 2026-Dec-11 19:46:00, , , 149.162923634,  13.428962057,  149.531394019,  13.299118709,    55.994350145,      -3.305953350,   99.26860,  40.47569,   22.2276,  -18.924,  4.87071725808322,-25.3151568,    9.8143,  268.05765,  64.49666,    9.8121, 141.7347,   0.8116,
 2026-Dec-11 19:47:00, , , 149.162927823,  13.428964077,  149.531398489,  13.299120663,    56.215232118,      -3.201629105,   99.26861,  40.47577,   22.2276,  -18.924,  4.87070710481305,-25.3155498,    9.8143,  268.05765,  64.49666,    9.8120, 141.7348,   0.8116,
 2026-Dec-11 19:48:00, , , 149.162932006,  13.428966098,  149.531402954,  13.299122618,    56.435963761,      -3.097035523,   99.26862,  40.47586,   22.2276,  -18.924,  4.87069695138602,-25.3159390,    9.8142,  268.05765,  64.49666,    9.8120, 141.7348,   0.8116,
 2026-Dec-11 19:49:00, , , 149.162936183,  13.428968120,  149.531407414,  13.299124574,    56.656546205,      -2.992174339,   99.26862,  40.47594,   22.2276,  -18.924,  4.87068679780363,-25.3163245,    9.8142,  268.05765,  64.49666,    9.8119, 141.7348,   0.8116,
 2026-Dec-11 19:50:00, , , 149.162940355,  13.428970144,  149.531411869,  13.299126532,    56.876980593,      -2.887047287,   99.26863,  40.47603,   22.2276,  -18.924,  4.87067664406735,-25.3167063,    9.8141,  268.05765,  64.49666,    9.8119, 141.7348,   0.8116,
 2026-Dec-11 19:51:00, , , 149.162944521,  13.428972168,  149.531416318,  13.299128491,    57.097268081,      -2.781656099,   99.26864,  40.47611,   22.2276,  -18.924,  4.87066649017872,-25.3170843,    9.8141,  268.05765,  64.49666,    9.8118, 141.7349,   0.8116,
 2026-Dec-11 19:52:00, , , 149.162948680,  13.428974193,  149.531420762,  13.299130451,    57.317409832,      -2.676002509,   99.26865,  40.47619,   22.2276,  -18.925,  4.87065633613922,-25.3174586,    9.8140,  268.05765,  64.49666,    9.8118, 141.7349,   0.8116,
 2026-Dec-11 19:53:00, , , 149.162952834,  13.428976220,  149.531425200,  13.299132413,    57.537407021,      -2.570088249,   99.26865,  40.47628,   22.2276,  -18.925,  4.87064618195037,-25.3178291,    9.8140,  268.05765,  64.49666,    9.8117, 141.7349,   0.8116,
 2026-Dec-11 19:54:00, , , 149.162956983,  13.428978247,  149.531429633,  13.299134376,    57.757260839,      -2.463915050,   99.26866,  40.47636,   22.2276,  -18.925,  4.87063602761367,-25.3181959,    9.8139,  268.05765,  64.49666,    9.8117, 141.7350,   0.8116,
 2026-Dec-11 19:55:00, , , 149.162961125,  13.428980276,  149.531434061,  13.299136340,    57.976972480,      -2.357484643,   99.26867,  40.47645,   22.2276,  -18.925,  4.87062587313063,-25.3185588,    9.8139,  268.05765,  64.49666,    9.8116, 141.7350,   0.8116,
 2026-Dec-11 19:56:00, , , 149.162965262,  13.428982306,  149.531438483,  13.299138305,    58.196543154,      -2.250798758,   99.26868,  40.47653,   22.2276,  -18.925,  4.87061571850279,-25.3189180,    9.8138,  268.05765,  64.49666,    9.8116, 141.7350,   0.8116,
 2026-Dec-11 19:57:00, , , 149.162969392,  13.428984337,  149.531442900,  13.299140272,    58.415974081,      -2.143859125,   99.26868,  40.47662,   22.2276,  -18.925,  4.87060556373163,-25.3192733,    9.8138,  268.05765,  64.49666,    9.8115, 141.7350,   0.8116,
 2026-Dec-11 19:58:00, , , 149.162973517,  13.428986369,  149.531447311,  13.299142240,    58.635266489,      -2.036667473,   99.26869,  40.47670,   22.2276,  -18.925,  4.87059540881874,-25.3196249,    9.8137,  268.05765,  64.49666,    9.8115, 141.7351,   0.8116,
 2026-Dec-11 19:59:00, , , 149.162977636,  13.428988402,  149.531451717,  13.299144209,    58.854421619,      -1.929225529,   99.26870,  40.47679,   22.2276,  -18.925,  4.87058525376561,-25.3199726,    9.8137,  268.05765,  64.49666,    9.8114, 141.7351,   0.8116,
 2026-Dec-11 20:00:00, , , 149.162981749,  13.428990436,  149.531456118,  13.299146179,    59.073440721,      -1.821535022,   99.26871,  40.47687,   22.2276,  -18.925,  4.87057509857379,-25.3203165,    9.8136,  268.05765,  64.49666,    9.8114, 141.7351,   0.8116,
 2026-Dec-11 20:01:00, , , 149.162985857,  13.428992471,  149.531460513,  13.299148151,    59.292325056,      -1.713597677,   99.26872,  40.47695,   22.2276,  -18.925,  4.87056494324480,-25.3206566,    9.8136,  268.05765,  64.49666,    9.8113, 141.7352,   0.8116,
 2026-Dec-11 20:02:00, , , 149.162989958,  13.428994507,  149.531464903,  13.299150124,    59.511075897,      -1.605415221,   99.26872,  40.47704,   22.2276,  -18.925,  4.87055478778019,-25.3209928,    9.8135,  268.05765,  64.49666,    9.8112, 141.7352,   0.8116,
 2026-Dec-11 20:03:00, , , 149.162994053,  13.428996544,  149.531469287,  13.299152098,    59.729694524,      -1.496989379,   99.26873,  40.47712,   22.2276,  -18.925,  4.87054463218150,-25.3213252,    9.8135,  268.05765,  64.49666,    9.8112, 141.7352,   0.8116,
 2026-Dec-11 20:04:00, , , 149.162998143,  13.428998583,  149.531473665,  13.299154073,    59.948182229,      -1.388321875,   99.26874,  40.47721,   22.2276,  -18.925,  4.87053447645029,-25.3216536,    9.8134,  268.05765,  64.49666,    9.8111, 141.7353,   0.8116,
 2026-Dec-11 20:05:00, , , 149.163002226,  13.429000622,  149.531478038,  13.299156050,    60.166540314,      -1.279414434,   99.26875,  40.47729,   22.2276,  -18.925,  4.87052432058811,-25.3219783,    9.8133,  268.05765,  64.49666,    9.8111, 141.7353,   0.8116,
 2026-Dec-11 20:06:00, , , 149.163006304,  13.429002662,  149.531482406,  13.299158027,    60.384770090,      -1.170268777,   99.26875,  40.47738,   22.2276,  -18.925,  4.87051416459652,-25.3222990,    9.8133,  268.05765,  64.49666,    9.8110, 141.7353,   0.8116,
 2026-Dec-11 20:07:00, , , 149.163010376,  13.429004704,  149.531486767,  13.299160006,    60.602872880,      -1.060886628,   99.26876,  40.47746,   22.2276,  -18.925,  4.87050400847707,-25.3226159,    9.8132,  268.05765,  64.49666,    9.8110, 141.7353,   0.8116,
 2026-Dec-11 20:08:00, , , 149.163014441,  13.429006746,  149.531491124,  13.299161987,    60.820850016,      -0.951269708,   99.26877,  40.47755,   22.2276,  -18.925,  4.87049385223132,-25.3229288,    9.8132,  268.05765,  64.49666,    9.8109, 141.7354,   0.8116,
 2026-Dec-11 20:09:00, , , 149.163018501,  13.429008789,  149.531495475,  13.299163968,    61.038702838,      -0.841419737,   99.26878,  40.47763,   22.2276,  -18.925,  4.87048369586084,-25.3232378,    9.8131,  268.05765,  64.49666,    9.8109, 141.7354,   0.8116,
 2026-Dec-11 20:10:00, , , 149.163022555,  13.429010834,  149.531499820,  13.299165951,    61.256432699,      -0.731338435,   99.26879,  40.47771,   22.2276,  -18.925,  4.87047353936717,-25.3235430,    9.8131,  268.05765,  64.49666,    9.8108, 141.7354,   0.8116,
 2026-Dec-11 20:11:00, , , 149.163026602,  13.429012879,  149.531504159,  13.299167935,    61.474040959,      -0.621027522,   99.26879,  40.47780,   22.2276,  -18.925,  4.87046338275194,-25.3238441,    9.8130,  268.05765,  64.49666,    9.8108, 141.7355,   0.8116,
 2026-Dec-11 20:12:00, ,r, 149.163030644,  13.429014926,  149.531508493,  13.299169920,    61.691528988,      -0.510488715,   99.26880,  40.47788,   22.2276,  -18.925,  4.87045322601670,-25.3241414,    9.8130,  268.05765,  64.49666,    9.8107, 141.7355,   0.8116,
 2026-Dec-11 20:13:00, , , 149.163034680,  13.429016973,  149.531512822,  13.299171906,    61.908898168,      -0.399723732,   99.26881,  40.47797,   22.2276,  -18.925,  4.87044306916302,-25.3244347,    9.8129,  268.05765,  64.49666,    9.8107, 141.7355,   0.8116,
 2026-Dec-11 20:14:00, , , 149.163038710,  13.429019022,  149.531517144,  13.299173893,    62.126149888,      -0.288734289,   99.26882,  40.47805,   22.2276,  -18.925,  4.87043291219250,-25.3247241,    9.8129,  268.05765,  64.49666,    9.8106, 141.7355,   0.8116,
 2026-Dec-11 20:15:00, , , 149.163042733,  13.429021071,  149.531521461,  13.299175882,    62.343285548,      -0.177522104,   99.26882,  40.47814,   22.2276,  -18.925,  4.87042275510670,-25.3250095,    9.8128,  268.05765,  64.49666,    9.8106, 141.7356,   0.8116,
 2026-Dec-11 20:16:00, , , 149.163046751,  13.429023122,  149.531525772,  13.299177872,    62.560306555,      -0.066088890,   99.26883,  40.47822,   22.2276,  -18.925,  4.87041259790721,-25.3252910,    9.8128,  268.05765,  64.49666,    9.8105, 141.7356,   0.8116,
 2026-Dec-11 20:17:00, , , 149.163050763,  13.429025173,  149.531530078,  13.299179863,    62.777214329,       0.045563639,   99.26884,  40.47830,   22.2276,  -18.925,  4.87040244059566,-25.3255684,    9.8127,  268.05765,  64.49666,    9.8105, 141.7356,   0.8116,
 2026-Dec-11 20:18:00, , , 149.163054768,  13.429027226,  149.531534378,  13.299181855,    62.994010297,       0.157433768,   99.26885,  40.47839,   22.2276,  -18.926,  4.87039228317362,-25.3258419,    9.8127,  268.05765,  64.49666,    9.8104, 141.7357,   0.8116,
 2026-Dec-11 20:19:00, , , 149.163058768,  13.429029279,  149.531538672,  13.299183848,    63.210695893,       0.269519784,   99.26885,  40.47847,   22.2276,  -18.926,  4.87038212564268,-25.3261114,    9.8126,  268.05765,  64.49666,    9.8104, 141.7357,   0.8116,
 2026-Dec-11 20:20:00, , , 149.163062761,  13.429031334,  149.531542961,  13.299185843,    63.427272567,       0.381819978,   99.26886,  40.47856,   22.2276,  -18.926,  4.87037196800446,-25.3263769,    9.8126,  268.05765,  64.49666,    9.8103, 141.7357,   0.8116,
 2026-Dec-11 20:21:00, , , 149.163066748,  13.429033389,  149.531547244,  13.299187838,    63.643741770,       0.494332635,   99.26887,  40.47864,   22.2276,  -18.926,  4.87036181026055,-25.3266384,    9.8125,  268.05765,  64.49666,    9.8103, 141.7357,   0.8116,
 2026-Dec-11 20:22:00, , , 149.163070730,  13.429035446,  149.531551521,  13.299189835,    63.860104967,       0.607056048,   99.26888,  40.47873,   22.2276,  -18.926,  4.87035165241257,-25.3268959,    9.8125,  268.05765,  64.49666,    9.8102, 141.7358,   0.8117,
 2026-Dec-11 20:23:00, , , 149.163074705,  13.429037503,  149.531555792,  13.299191833,    64.076363633,       0.719988505,   99.26889,  40.47881,   22.2276,  -18.926,  4.87034149446209,-25.3271494,    9.8124,  268.05765,  64.49666,    9.8102, 141.7358,   0.8117,
 2026-Dec-11 20:24:00, , , 149.163078674,  13.429039561,  149.531560057,  13.299193832,    64.292519249,       0.833128300,   99.26889,  40.47890,   22.2276,  -18.926,  4.87033133641079,-25.3273988,    9.8124,  268.05765,  64.49666,    9.8101, 141.7358,   0.8117,
 2026-Dec-11 20:25:00, , , 149.163082637,  13.429041621,  149.531564317,  13.299195833,    64.508573303,       0.946473722,   99.26890,  40.47898,   22.2276,  -18.926,  4.87032117826024,-25.3276443,    9.8123,  268.05765,  64.49666,    9.8101, 141.7359,   0.8117,
 2026-Dec-11 20:26:00, , , 149.163086593,  13.429043681,  149.531568571,  13.299197834,    64.724527297,       1.060023065,   99.26891,  40.47906,   22.2276,  -18.926,  4.87031102001208,-25.3278856,    9.8123,  268.05765,  64.49666,    9.8100, 141.7359,   0.8117,
 2026-Dec-11 20:27:00, , , 149.163090544,  13.429045742,  149.531572819,  13.299199837,    64.940382740,       1.173774624,   99.26892,  40.47915,   22.2276,  -18.926,  4.87030086166792,-25.3281230,    9.8122,  268.05765,  64.49666,    9.8099, 141.7359,   0.8117,
 2026-Dec-11 20:28:00, , , 149.163094489,  13.429047804,  149.531577061,  13.299201840,    65.156141147,       1.287726691,   99.26892,  40.47923,   22.2276,  -18.926,  4.87029070322939,-25.3283562,    9.8122,  268.05765,  64.49666,    9.8099, 141.7359,   0.8117,
 2026-Dec-11 20:29:00, , , 149.163098427,  13.429049867,  149.531581298,  13.299203845,    65.371804046,       1.401877562,   99.26893,  40.47932,   22.2276,  -18.926,  4.87028054469810,-25.3285854,    9.8121,  268.05765,  64.49666,    9.8098, 141.7360,   0.8117,
 2026-Dec-11 20:30:00, , , 149.163102359,  13.429051931,  149.531585529,  13.299205851,    65.587372970,       1.516225534,   99.26894,  40.47940,   22.2276,  -18.926,  4.87027038607571,-25.3288106,    9.8121,  268.05765,  64.49666,    9.8098, 141.7360,   0.8117,
 2026-Dec-11 20:31:00, , , 149.163106285,  13.429053996,  149.531589753,  13.299207858,    65.802849463,       1.630768901,   99.26895,  40.47949,   22.2276,  -18.926,  4.87026022736385,-25.3290316,    9.8120,  268.05765,  64.49666,    9.8097, 141.7360,   0.8117,
 2026-Dec-11 20:32:00, , , 149.163110205,  13.429056062,  149.531593972,  13.299209866,    66.018235075,       1.745505963,   99.26896,  40.47957,   22.2276,  -18.926,  4.87025006856414,-25.3292486,    9.8120,  268.05765,  64.49666,    9.8097, 141.7361,   0.8117,
 2026-Dec-11 20:33:00, , , 149.163114119,  13.429058129,  149.531598185,  13.299211876,    66.233531368,       1.860435016,   99.26896,  40.47966,   22.2276,  -18.926,  4.87023990967822,-25.3294615,    9.8119,  268.05765,  64.49666,    9.8096, 141.7361,   0.8117,
 2026-Dec-11 20:34:00, , , 149.163118026,  13.429060196,  149.531602392,  13.299213886,    66.448739909,       1.975554359,   99.26897,  40.47974,   22.2276,  -18.926,  4.87022975070774,-25.3296703,    9.8118,  268.05765,  64.49666,    9.8096, 141.7361,   0.8117,
 2026-Dec-11 20:35:00, , , 149.163121927,  13.429062265,  149.531606594,  13.299215898,    66.663862276,       2.090862292,   99.26898,  40.47982,   22.2276,  -18.926,  4.87021959165434,-25.3298750,    9.8118,  268.05765,  64.49666,    9.8095, 141.7361,   0.8117,
 2026-Dec-11 20:36:00, , , 149.163125823,  13.429064334,  149.531610789,  13.299217910,    66.878900053,       2.206357115,   99.26899,  40.47991,   22.2276,  -18.926,  4.87020943251965,-25.3300756,    9.8117,  268.05765,  64.49666,    9.8095, 141.7362,   0.8117,
 2026-Dec-11 20:37:00, , , 149.163129712,  13.429066405,  149.531614978,  13.299219924,    67.093854834,       2.322037128,   99.26899,  40.47999,   22.2276,  -18.926,  4.87019927330536,-25.3302720,    9.8117,  268.05765,  64.49666,    9.8094, 141.7362,   0.8117,
 2026-Dec-11 20:38:00, , , 149.163133594,  13.429068476,  149.531619162,  13.299221939,    67.308728222,       2.437900634,   99.26900,  40.48008,   22.2276,  -18.926,  4.87018911401308,-25.3304644,    9.8116,  268.05765,  64.49666,    9.8094, 141.7362,   0.8117,
 2026-Dec-11 20:39:00, , , 149.163137471,  13.429070548,  149.531623340,  13.299223955,    67.523521825,       2.553945932,   99.26901,  40.48016,   22.2276,  -18.926,  4.87017895464450,-25.3306526,    9.8116,  268.05765,  64.49666,    9.8093, 141.7363,   0.8117,
 2026-Dec-11 20:40:00, , , 149.163141341,  13.429072621,  149.531627511,  13.299225972,    67.738237262,       2.670171327,   99.26902,  40.48025,   22.2276,  -18.926,  4.87016879520125,-25.3308367,    9.8115,  268.05765,  64.49666,    9.8093, 141.7363,   0.8117,
 2026-Dec-11 20:41:00, , , 149.163145205,  13.429074695,  149.531631677,  13.299227990,    67.952876161,       2.786575122,   99.26902,  40.48033,   22.2276,  -18.926,  4.87015863568499,-25.3310167,    9.8115,  268.05765,  64.49666,    9.8092, 141.7363,   0.8117,
 2026-Dec-11 20:42:00, , , 149.163149063,  13.429076770,  149.531635837,  13.299230009,    68.167440154,       2.903155620,   99.26903,  40.48042,   22.2276,  -18.926,  4.87014847609737,-25.3311925,    9.8114,  268.05765,  64.49666,    9.8092, 141.7364,   0.8117,
 2026-Dec-11 20:43:00, , , 149.163152914,  13.429078846,  149.531639990,  13.299232029,    68.381930883,       3.019911126,   99.26904,  40.48050,   22.2276,  -18.927,  4.87013831644010,-25.3313641,    9.8114,  268.05765,  64.49666,    9.8091, 141.7364,   0.8117,
 2026-Dec-11 20:44:00, , , 149.163156759,  13.429080922,  149.531644138,  13.299234051,    68.596350000,       3.136839944,   99.26905,  40.48058,   22.2276,  -18.927,  4.87012815671481,-25.3315316,    9.8113,  268.05765,  64.49666,    9.8091, 141.7364,   0.8117,
 2026-Dec-11 20:45:00, , , 149.163160598,  13.429083000,  149.531648280,  13.299236073,    68.810699163,       3.253940381,   99.26906,  40.48067,   22.2276,  -18.927,  4.87011799692317,-25.3316949,    9.8113,  268.05765,  64.49666,    9.8090, 141.7364,   0.8117,
 2026-Dec-11 20:46:00, , , 149.163164431,  13.429085078,  149.531652415,  13.299238097,    69.024980037,       3.371210742,   99.26906,  40.48075,   22.2276,  -18.927,  4.87010783706686,-25.3318541,    9.8112,  268.05765,  64.49666,    9.8090, 141.7365,   0.8117,
 2026-Dec-11 20:47:00, , , 149.163168258,  13.429087157,  149.531656545,  13.299240121,    69.239194297,       3.488649335,   99.26907,  40.48084,   22.2276,  -18.927,  4.87009767714756,-25.3320091,    9.8112,  268.05765,  64.49666,    9.8089, 141.7365,   0.8117,
 2026-Dec-11 20:48:00, , , 149.163172078,  13.429089237,  149.531660669,  13.299242147,    69.453343626,       3.606254465,   99.26908,  40.48092,   22.2276,  -18.927,  4.87008751716690,-25.3321599,    9.8111,  268.05765,  64.49666,    9.8089, 141.7365,   0.8117,
 2026-Dec-11 20:49:00, , , 149.163175892,  13.429091318,  149.531664786,  13.299244173,    69.667429713,       3.724024441,   99.26909,  40.48101,   22.2276,  -18.927,  4.87007735712661,-25.3323066,    9.8111,  268.05765,  64.49666,    9.8088, 141.7366,   0.8117,
 2026-Dec-11 20:50:00, , , 149.163179699,  13.429093400,  149.531668898,  13.299246201,    69.881454254,       3.841957570,   99.26909,  40.48109,   22.2276,  -18.927,  4.87006719702836,-25.3324490,    9.8110,  268.05765,  64.49666,    9.8088, 141.7366,   0.8117,
 2026-Dec-11 20:51:00, , , 149.163183500,  13.429095482,  149.531673003,  13.299248229,    70.095418956,       3.960052161,   99.26910,  40.48118,   22.2276,  -18.927,  4.87005703687382,-25.3325872,    9.8110,  268.05765,  64.49666,    9.8087, 141.7366,   0.8117,
 2026-Dec-11 20:52:00, , , 149.163187295,  13.429097566,  149.531677103,  13.299250259,    70.309325530,       4.078306523,   99.26911,  40.48126,   22.2276,  -18.927,  4.87004687666467,-25.3327213,    9.8109,  268.05765,  64.49666,    9.8086, 141.7366,   0.8117,
 2026-Dec-11 20:53:00, , , 149.163191084,  13.429099650,  149.531681196,  13.299252290,    70.523175699,       4.196718965,   99.26912,  40.48134,   22.2276,  -18.927,  4.87003671640260,-25.3328511,    9.8109,  268.05765,  64.49666,    9.8086, 141.7367,   0.8117,
 2026-Dec-11 20:54:00, , , 149.163194866,  13.429101735,  149.531685283,  13.299254322,    70.736971189,       4.315287797,   99.26913,  40.48143,   22.2276,  -18.927,  4.87002655608930,-25.3329768,    9.8108,  268.05765,  64.49666,    9.8085, 141.7367,   0.8117,
 2026-Dec-11 20:55:00, , , 149.163198642,  13.429103821,  149.531689365,  13.299256354,    70.950713736,       4.434011329,   99.26913,  40.48151,   22.2276,  -18.927,  4.87001639572644,-25.3330982,    9.8108,  268.05765,  64.49666,    9.8085, 141.7367,   0.8117,
 2026-Dec-11 20:56:00, , , 149.163202412,  13.429105907,  149.531693440,  13.299258388,    71.164405085,       4.552887870,   99.26914,  40.48160,   22.2276,  -18.927,  4.87000623531574,-25.3332154,    9.8107,  268.05765,  64.49666,    9.8084, 141.7368,   0.8117,
 2026-Dec-11 20:57:00, , , 149.163206175,  13.429107995,  149.531697509,  13.299260423,    71.378046985,       4.671915732,   99.26915,  40.48168,   22.2276,  -18.927,  4.86999607485889,-25.3333284,    9.8107,  268.05765,  64.49666,    9.8084, 141.7368,   0.8117,
 2026-Dec-11 20:58:00, , , 149.163209932,  13.429110083,  149.531701571,  13.299262459,    71.591641193,       4.791093225,   99.26916,  40.48177,   22.2276,  -18.927,  4.86998591435757,-25.3334371,    9.8106,  268.05765,  64.49666,    9.8083, 141.7368,   0.8117,
 2026-Dec-11 20:59:00, , , 149.163213683,  13.429112172,  149.531705628,  13.299264495,    71.805189478,       4.910418662,   99.26916,  40.48185,   22.2276,  -18.927,  4.86997575381349,-25.3335416,    9.8106,  268.05765,  64.49666,    9.8083, 141.7368,   0.8117,
 2026-Dec-11 21:00:00, , , 149.163217427,  13.429114262,  149.531709679,  13.299266533,    72.018693610,       5.029890352,   99.26917,  40.48194,   22.2276,  -18.927,  4.86996559322835,-25.3336419,    9.8105,  268.05765,  64.49666,    9.8082, 141.7369,   0.8117,
 2026-Dec-11 21:01:00, , , 149.163221165,  13.429116352,  149.531713723,  13.299268572,    72.232155371,       5.149506608,   99.26918,  40.48202,   22.2276,  -18.927,  4.86995543260381,-25.3337379,    9.8104,  268.05765,  64.49666,    9.8082, 141.7369,   0.8117,
 2026-Dec-11 21:02:00, , , 149.163224897,  13.429118444,  149.531717761,  13.299270612,    72.445576549,       5.269265742,   99.26919,  40.48210,   22.2276,  -18.927,  4.86994527194163,-25.3338297,    9.8104,  268.05765,  64.49666,    9.8081, 141.7369,   0.8117,
 2026-Dec-11 21:03:00, , , 149.163228622,  13.429120536,  149.531721793,  13.299272653,    72.658958938,       5.389166065,   99.26920,  40.48219,   22.2276,  -18.927,  4.86993511124350,-25.3339172,    9.8103,  268.05765,  64.49666,    9.8081, 141.7370,   0.8117,
 2026-Dec-11 21:04:00, , , 149.163232341,  13.429122629,  149.531725819,  13.299274694,    72.872304340,       5.509205889,   99.26920,  40.48227,   22.2276,  -18.927,  4.86992495051111,-25.3340005,    9.8103,  268.05765,  64.49666,    9.8080, 141.7370,   0.8117,
 2026-Dec-11 21:05:00, , , 149.163236054,  13.429124723,  149.531729839,  13.299276737,    73.085614566,       5.629383528,   99.26921,  40.48236,   22.2276,  -18.927,  4.86991478974617,-25.3340795,    9.8102,  268.05765,  64.49666,    9.8080, 141.7370,   0.8117,
 2026-Dec-11 21:06:00, , , 149.163239760,  13.429126817,  149.531733852,  13.299278781,    73.298891432,       5.749697293,   99.26922,  40.48244,   22.2276,  -18.927,  4.86990462895040,-25.3341543,    9.8102,  268.05765,  64.49666,    9.8079, 141.7370,   0.8117,
 2026-Dec-11 21:07:00, , , 149.163243460,  13.429128912,  149.531737860,  13.299280825,    73.512136762,       5.870145496,   99.26923,  40.48253,   22.2276,  -18.927,  4.86989446812550,-25.3342248,    9.8101,  268.05765,  64.49666,    9.8079, 141.7371,   0.8117,
 2026-Dec-11 21:08:00, , , 149.163247153,  13.429131008,  149.531741861,  13.299282871,    73.725352387,       5.990726450,   99.26923,  40.48261,   22.2276,  -18.928,  4.86988430727316,-25.3342910,    9.8101,  268.05765,  64.49666,    9.8078, 141.7371,   0.8117,
 2026-Dec-11 21:09:00, , , 149.163250840,  13.429133105,  149.531745856,  13.299284917,    73.938540146,       6.111438467,   99.26924,  40.48270,   22.2276,  -18.928,  4.86987414639514,-25.3343529,    9.8100,  268.05765,  64.49666,    9.8078, 141.7371,   0.8117,
 2026-Dec-11 21:10:00, , , 149.163254520,  13.429135203,  149.531749844,  13.299286965,    74.151701884,       6.232279861,   99.26925,  40.48278,   22.2276,  -18.928,  4.86986398549314,-25.3344106,    9.8100,  268.05765,  64.49666,    9.8077, 141.7372,   0.8118,
 2026-Dec-11 21:11:00, , , 149.163258195,  13.429137301,  149.531753827,  13.299289013,    74.364839453,       6.353248942,   99.26926,  40.48286,   22.2276,  -18.928,  4.86985382456887,-25.3344640,    9.8099,  268.05765,  64.49666,    9.8077, 141.7372,   0.8118,
 2026-Dec-11 21:12:00, , , 149.163261862,  13.429139400,  149.531757803,  13.299291063,    74.577954713,       6.474344023,   99.26927,  40.48295,   22.2277,  -18.928,  4.86984366362405,-25.3345131,    9.8099,  268.05765,  64.49666,    9.8076, 141.7372,   0.8118,
 2026-Dec-11 21:13:00, , , 149.163265524,  13.429141500,  149.531761773,  13.299293113,    74.791049532,       6.595563417,   99.26927,  40.48303,   22.2277,  -18.928,  4.86983350266039,-25.3345579,    9.8098,  268.05765,  64.49666,    9.8075, 141.7372,   0.8118,
 2026-Dec-11 21:14:00, , , 149.163269179,  13.429143600,  149.531765736,  13.299295164,    75.004125782,       6.716905435,   99.26928,  40.48312,   22.2277,  -18.928,  4.86982334167961,-25.3345984,    9.8098,  268.05765,  64.49666,    9.8075, 141.7373,   0.8118,
 2026-Dec-11 21:15:00, , , 149.163272827,  13.429145701,  149.531769694,  13.299297217,    75.217185342,       6.838368389,   99.26929,  40.48320,   22.2277,  -18.928,  4.86981318068346,-25.3346346,    9.8097,  268.05765,  64.49666,    9.8074, 141.7373,   0.8118,
 2026-Dec-11 21:16:00, , , 149.163276469,  13.429147803,  149.531773645,  13.299299270,    75.430230102,       6.959950591,   99.26930,  40.48329,   22.2277,  -18.928,  4.86980301967364,-25.3346665,    9.8097,  268.05765,  64.49666,    9.8074, 141.7373,   0.8118,
 2026-Dec-11 21:17:00, , , 149.163280105,  13.429149906,  149.531777589,  13.299301324,    75.643261957,       7.081650352,   99.26930,  40.48337,   22.2277,  -18.928,  4.86979285865189,-25.3346941,    9.8096,  268.05765,  64.49666,    9.8073, 141.7374,   0.8118,
 2026-Dec-11 21:18:00, , , 149.163283734,  13.429152009,  149.531781528,  13.299303379,    75.856282805,       7.203465982,   99.26931,  40.48346,   22.2277,  -18.928,  4.86978269761991,-25.3347174,    9.8096,  268.05765,  64.49666,    9.8073, 141.7374,   0.8118,
 2026-Dec-11 21:19:00, , , 149.163287357,  13.429154113,  149.531785460,  13.299305434,    76.069294558,       7.325395794,   99.26932,  40.48354,   22.2277,  -18.928,  4.86977253657946,-25.3347365,    9.8095,  268.05765,  64.49666,    9.8072, 141.7374,   0.8118,
 2026-Dec-11 21:20:00, , , 149.163290973,  13.429156218,  149.531789386,  13.299307491,    76.282299130,       7.447438097,   99.26933,  40.48363,   22.2277,  -18.928,  4.86976237553224,-25.3347511,    9.8095,  268.05765,  64.49666,    9.8072, 141.7374,   0.8118,
 2026-Dec-11 21:21:00, , , 149.163294583,  13.429158323,  149.531793306,  13.299309549,    76.495298442,       7.569591202,   99.26934,  40.48371,   22.2277,  -18.928,  4.86975221447997,-25.3347615,    9.8094,  268.05765,  64.49666,    9.8071, 141.7375,   0.8118,
 2026-Dec-11 21:22:00, , , 149.163298187,  13.429160429,  149.531797219,  13.299311607,    76.708294423,       7.691853417,   99.26934,  40.48379,   22.2277,  -18.928,  4.86974205342443,-25.3347676,    9.8094,  268.05765,  64.49666,    9.8071, 141.7375,   0.8118,
 2026-Dec-11 21:23:00, , , 149.163301784,  13.429162536,  149.531801126,  13.299313667,    76.921289008,       7.814223052,   99.26935,  40.48388,   22.2277,  -18.928,  4.86973189236731,-25.3347693,    9.8093,  268.05765,  64.49666,    9.8070, 141.7375,   0.8118,
 2026-Dec-11 21:24:00, , , 149.163305375,  13.429164644,  149.531805027,  13.299315727,    77.134284142,       7.936698417,   99.26936,  40.48396,   22.2277,  -18.928,  4.86972173131036,-25.3347668,    9.8092,  268.05765,  64.49666,    9.8070, 141.7376,   0.8118,
 2026-Dec-11 21:25:00, , , 149.163308959,  13.429166752,  149.531808921,  13.299317788,    77.347281771,       8.059277818,   99.26937,  40.48405,   22.2277,  -18.928,  4.86971157025531,-25.3347599,    9.8092,  268.05765,  64.49666,    9.8069, 141.7376,   0.8118,
 2026-Dec-11 21:26:00, , , 149.163312536,  13.429168861,  149.531812809,  13.299319850,    77.560283853,       8.181959565,   99.26937,  40.48413,   22.2277,  -18.928,  4.86970140920390,-25.3347486,    9.8091,  268.05765,  64.49666,    9.8069, 141.7376,   0.8118,
 2026-Dec-11 21:27:00, , , 149.163316108,  13.429170970,  149.531816691,  13.299321913,    77.773292350,       8.304741963,   99.26938,  40.48422,   22.2277,  -18.928,  4.86969124815783,-25.3347331,    9.8091,  268.05765,  64.49666,    9.8068, 141.7376,   0.8118,
 2026-Dec-11 21:28:00, , , 149.163319673,  13.429173080,  149.531820566,  13.299323977,    77.986309230,       8.427623320,   99.26939,  40.48430,   22.2277,  -18.928,  4.86968108711889,-25.3347132,    9.8090,  268.05765,  64.49666,    9.8068, 141.7377,   0.8118,
 2026-Dec-11 21:29:00, , , 149.163323231,  13.429175191,  149.531824435,  13.299326042,    78.199336470,       8.550601940,   99.26940,  40.48439,   22.2277,  -18.928,  4.86967092608879,-25.3346890,    9.8090,  268.05765,  64.49666,    9.8067, 141.7377,   0.8118,
 2026-Dec-11 21:30:00, , , 149.163326783,  13.429177302,  149.531828297,  13.299328107,    78.412376054,       8.673676131,   99.26941,  40.48447,   22.2277,  -18.928,  4.86966076506927,-25.3346605,    9.8089,  268.05765,  64.49666,    9.8067, 141.7377,   0.8118,
 2026-Dec-11 21:31:00, , , 149.163330328,  13.429179414,  149.531832153,  13.299330174,    78.625429969,       8.796844195,   99.26941,  40.48455,   22.2277,  -18.928,  4.86965060406207,-25.3346276,    9.8089,  268.05765,  64.49666,    9.8066, 141.7378,   0.8118,
 2026-Dec-11 21:32:00, , , 149.163333867,  13.429181527,  149.531836003,  13.299332241,    78.838500211,       8.920104436,   99.26942,  40.48464,   22.2277,  -18.928,  4.86964044306893,-25.3345903,    9.8088,  268.05765,  64.49666,    9.8066, 141.7378,   0.8118,
 2026-Dec-11 21:33:00, , , 149.163337400,  13.429183641,  149.531839847,  13.299334309,    79.051588784,       9.043455158,   99.26943,  40.48472,   22.2277,  -18.928,  4.86963028209158,-25.3345488,    9.8088,  268.05765,  64.49666,    9.8065, 141.7378,   0.8118,
 2026-Dec-11 21:34:00, , , 149.163340926,  13.429185755,  149.531843684,  13.299336378,    79.264697697,       9.166894662,   99.26944,  40.48481,   22.2277,  -18.929,  4.86962012113176,-25.3345029,    9.8087,  268.05765,  64.49666,    9.8065, 141.7378,   0.8118,
 2026-Dec-11 21:35:00, , , 149.163344445,  13.429187869,  149.531847514,  13.299338448,    79.477828964,       9.290421250,   99.26944,  40.48489,   22.2277,  -18.929,  4.86960996019124,-25.3344526,    9.8087,  268.05765,  64.49666,    9.8064, 141.7379,   0.8118,
 2026-Dec-11 21:36:00, , , 149.163347958,  13.429189984,  149.531851338,  13.299340518,    79.690984607,       9.414033221,   99.26945,  40.48498,   22.2277,  -18.929,  4.86959979927174,-25.3343980,    9.8086,  268.05765,  64.49666,    9.8063, 141.7379,   0.8118,
 2026-Dec-11 21:37:00, , , 149.163351465,  13.429192100,  149.531855156,  13.299342590,    79.904166657,       9.537728875,   99.26946,  40.48506,   22.2277,  -18.929,  4.86958963837501,-25.3343391,    9.8086,  268.05765,  64.49666,    9.8063, 141.7379,   0.8118,
 2026-Dec-11 21:38:00, , , 149.163354965,  13.429194217,  149.531858968,  13.299344662,    80.117377147,       9.661506511,   99.26947,  40.48515,   22.2277,  -18.929,  4.86957947750279,-25.3342758,    9.8085,  268.05765,  64.49666,    9.8062, 141.7380,   0.8118,
 2026-Dec-11 21:39:00, , , 149.163358459,  13.429196334,  149.531862772,  13.299346735,    80.330618120,       9.785364425,   99.26948,  40.48523,   22.2277,  -18.929,  4.86956931665683,-25.3342082,    9.8085,  268.05765,  64.49666,    9.8062, 141.7380,   0.8118,
 2026-Dec-11 21:40:00, , , 149.163361946,  13.429198451,  149.531866571,  13.299348809,    80.543891624,       9.909300913,   99.26948,  40.48531,   22.2277,  -18.929,  4.86955915583884,-25.3341362,    9.8084,  268.05765,  64.49666,    9.8061, 141.7380,   0.8118,
 2026-Dec-11 21:41:00, , , 149.163365427,  13.429200570,  149.531870363,  13.299350884,    80.757199713,      10.033314271,   99.26949,  40.48540,   22.2277,  -18.929,  4.86954899505061,-25.3340598,    9.8084,  268.05765,  64.49666,    9.8061, 141.7380,   0.8118,
 2026-Dec-11 21:42:00, , , 149.163368901,  13.429202689,  149.531874149,  13.299352959,    80.970544449,      10.157402793,   99.26950,  40.48548,   22.2277,  -18.929,  4.86953883429388,-25.3339792,    9.8083,  268.05765,  64.49666,    9.8060, 141.7381,   0.8118,
 2026-Dec-11 21:43:00, , , 149.163372369,  13.429204808,  149.531877928,  13.299355035,    81.183927898,      10.281564770,   99.26951,  40.48557,   22.2277,  -18.929,  4.86952867357038,-25.3338941,    9.8083,  268.05765,  64.49666,    9.8060, 141.7381,   0.8118,
 2026-Dec-11 21:44:00, , , 149.163375830,  13.429206928,  149.531881701,  13.299357112,    81.397352135,      10.405798496,   99.26951,  40.48565,   22.2277,  -18.929,  4.86951851288186,-25.3338047,    9.8082,  268.05765,  64.49666,    9.8059, 141.7381,   0.8118,
 2026-Dec-11 21:45:00, , , 149.163379285,  13.429209049,  149.531885467,  13.299359190,    81.610819241,      10.530102259,   99.26952,  40.48574,   22.2277,  -18.929,  4.86950835223007,-25.3337110,    9.8082,  268.05765,  64.49666,    9.8059, 141.7382,   0.8118,
 2026-Dec-11 21:46:00, , , 149.163382733,  13.429211170,  149.531889227,  13.299361269,    81.824331301,      10.654474348,   99.26953,  40.48582,   22.2277,  -18.929,  4.86949819161676,-25.3336129,    9.8081,  268.05765,  64.49666,    9.8058, 141.7382,   0.8118,
 2026-Dec-11 21:47:00, , , 149.163386175,  13.429213292,  149.531892980,  13.299363348,    82.037890409,      10.778913052,   99.26954,  40.48591,   22.2277,  -18.929,  4.86948803104364,-25.3335104,    9.8080,  268.05765,  64.49666,    9.8058, 141.7382,   0.8118,
 2026-Dec-11 21:48:00, , , 149.163389610,  13.429215414,  149.531896727,  13.299365428,    82.251498666,      10.903416656,   99.26955,  40.48599,   22.2277,  -18.929,  4.86947787051251,-25.3334036,    9.8080,  268.05765,  64.49666,    9.8057, 141.7382,   0.8118,
 2026-Dec-11 21:49:00, , , 149.163393039,  13.429217537,  149.531900468,  13.299367509,    82.465158174,      11.027983444,   99.26955,  40.48607,   22.2277,  -18.929,  4.86946771002510,-25.3332924,    9.8079,  268.05765,  64.49666,    9.8057, 141.7383,   0.8118,
 2026-Dec-11 21:50:00, , , 149.163396461,  13.429219660,  149.531904202,  13.299369591,    82.678871048,      11.152611700,   99.26956,  40.48616,   22.2277,  -18.929,  4.86945754958315,-25.3331769,    9.8079,  268.05765,  64.49666,    9.8056, 141.7383,   0.8118,
 2026-Dec-11 21:51:00, , , 149.163399877,  13.429221784,  149.531907929,  13.299371673,    82.892639406,      11.277299705,   99.26957,  40.48624,   22.2277,  -18.929,  4.86944738918841,-25.3330570,    9.8078,  268.05765,  64.49666,    9.8056, 141.7383,   0.8118,
 2026-Dec-11 21:52:00, , , 149.163403286,  13.429223909,  149.531911650,  13.299373757,    83.106465372,      11.402045740,   99.26958,  40.48633,   22.2277,  -18.929,  4.86943722884264,-25.3329327,    9.8078,  268.05765,  64.49666,    9.8055, 141.7384,   0.8118,
 2026-Dec-11 21:53:00, , , 149.163406689,  13.429226034,  149.531915365,  13.299375841,    83.320351077,      11.526848082,   99.26958,  40.48641,   22.2277,  -18.929,  4.86942706854755,-25.3328041,    9.8077,  268.05765,  64.49666,    9.8055, 141.7384,   0.8118,
 2026-Dec-11 21:54:00, , , 149.163410086,  13.429228159,  149.531919073,  13.299377925,    83.534298658,      11.651705007,   99.26959,  40.48650,   22.2277,  -18.929,  4.86941690830493,-25.3326711,    9.8077,  268.05765,  64.49666,    9.8054, 141.7384,   0.8118,
 2026-Dec-11 21:55:00, , , 149.163413476,  13.429230286,  149.531922775,  13.299380011,    83.748310260,      11.776614792,   99.26960,  40.48658,   22.2277,  -18.929,  4.86940674811651,-25.3325338,    9.8076,  268.05765,  64.49666,    9.8053, 141.7384,   0.8118,
 2026-Dec-11 21:56:00, , , 149.163416859,  13.429232412,  149.531926470,  13.299382097,    83.962388030,      11.901575709,   99.26961,  40.48667,   22.2277,  -18.929,  4.86939658798405,-25.3323921,    9.8076,  268.05765,  64.49666,    9.8053, 141.7385,   0.8118,
 2026-Dec-11 21:57:00, , , 149.163420236,  13.429234539,  149.531930158,  13.299384184,    84.176534126,      12.026586029,   99.26962,  40.48675,   22.2277,  -18.929,  4.86938642790929,-25.3322461,    9.8075,  268.05765,  64.49666,    9.8052, 141.7385,   0.8118,
 2026-Dec-11 21:58:00, , , 149.163423606,  13.429236667,  149.531933840,  13.299386271,    84.390750710,      12.151644022,   99.26962,  40.48684,   22.2277,  -18.929,  4.86937626789396,-25.3320957,    9.8075,  268.05765,  64.49666,    9.8052, 141.7385,   0.8118,
 2026-Dec-11 21:59:00, , , 149.163426970,  13.429238795,  149.531937516,  13.299388360,    84.605039948,      12.276747956,   99.26963,  40.48692,   22.2277,  -18.930,  4.86936610793984,-25.3319409,    9.8074,  268.05765,  64.49666,    9.8051, 141.7386,   0.8119,
 2026-Dec-11 22:00:00, , , 149.163430328,  13.429240924,  149.531941185,  13.299390449,    84.819404017,      12.401896095,   99.26964,  40.48700,   22.2277,  -18.930,  4.86935594804863,-25.3317818,    9.8074,  268.05765,  64.49666,    9.8051, 141.7386,   0.8119,
 2026-Dec-11 22:01:00, , , 149.163433679,  13.429243053,  149.531944847,  13.299392538,    85.033845097,      12.527086704,   99.26965,  40.48709,   22.2277,  -18.930,  4.86934578822213,-25.3316184,    9.8073,  268.05765,  64.49666,    9.8050, 141.7386,   0.8119,
 2026-Dec-11 22:02:00, , , 149.163437023,  13.429245183,  149.531948503,  13.299394629,    85.248365373,      12.652318045,   99.26965,  40.48717,   22.2277,  -18.930,  4.86933562846207,-25.3314505,    9.8073,  268.05765,  64.49666,    9.8050, 141.7387,   0.8119,
 2026-Dec-11 22:03:00, , , 149.163440361,  13.429247313,  149.531952153,  13.299396720,    85.462967039,      12.777588375,   99.26966,  40.48726,   22.2277,  -18.930,  4.86932546877018,-25.3312784,    9.8072,  268.05765,  64.49666,    9.8049, 141.7387,   0.8119,
 2026-Dec-11 22:04:00, , , 149.163443693,  13.429249444,  149.531955796,  13.299398812,    85.677652294,      12.902895954,   99.26967,  40.48734,   22.2277,  -18.930,  4.86931530914823,-25.3311018,    9.8072,  268.05765,  64.49666,    9.8049, 141.7387,   0.8119,
 2026-Dec-11 22:05:00, , , 149.163447018,  13.429251575,  149.531959432,  13.299400904,    85.892423343,      13.028239035,   99.26968,  40.48743,   22.2277,  -18.930,  4.86930514959794,-25.3309210,    9.8071,  268.05765,  64.49666,    9.8048, 141.7387,   0.8119,
 2026-Dec-11 22:06:00, , , 149.163450336,  13.429253707,  149.531963062,  13.299402998,    86.107282397,      13.153615873,   99.26969,  40.48751,   22.2277,  -18.930,  4.86929499012106,-25.3307357,    9.8071,  268.05765,  64.49666,    9.8048, 141.7388,   0.8119,
 2026-Dec-11 22:07:00, , , 149.163453649,  13.429255839,  149.531966686,  13.299405092,    86.322231672,      13.279024716,   99.26969,  40.48760,   22.2277,  -18.930,  4.86928483071936,-25.3305461,    9.8070,  268.05765,  64.49666,    9.8047, 141.7388,   0.8119,
 2026-Dec-11 22:08:00, , , 149.163456954,  13.429257971,  149.531970303,  13.299407186,    86.537273392,      13.404463814,   99.26970,  40.48768,   22.2277,  -18.930,  4.86927467139457,-25.3303522,    9.8070,  268.05765,  64.49666,    9.8047, 141.7388,   0.8119,
 2026-Dec-11 22:09:00, , , 149.163460253,  13.429260104,  149.531973913,  13.299409281,    86.752409786,      13.529931412,   99.26971,  40.48776,   22.2277,  -18.930,  4.86926451214843,-25.3301539,    9.8069,  268.05765,  64.49666,    9.8046, 141.7389,   0.8119,
 2026-Dec-11 22:10:00, , , 149.163463546,  13.429262238,  149.531977517,  13.299411377,    86.967643089,      13.655425754,   99.26972,  40.48785,   22.2277,  -18.930,  4.86925435298269,-25.3299513,    9.8068,  268.05765,  64.49666,    9.8046, 141.7389,   0.8119,
 2026-Dec-11 22:11:00, , , 149.163466832,  13.429264372,  149.531981114,  13.299413474,    87.182975542,      13.780945081,   99.26973,  40.48793,   22.2277,  -18.930,  4.86924419389909,-25.3297443,    9.8068,  268.05765,  64.49666,    9.8045, 141.7389,   0.8119,
 2026-Dec-11 22:12:00, , , 149.163470112,  13.429266506,  149.531984705,  13.299415571,    87.398409392,      13.906487631,   99.26973,  40.48802,   22.2277,  -18.930,  4.86923403489936,-25.3295330,    9.8067,  268.05765,  64.49666,    9.8045, 141.7389,   0.8119,
 2026-Dec-11 22:13:00, , , 149.163473385,  13.429268641,  149.531988289,  13.299417669,    87.613946892,      14.032051639,   99.26974,  40.48810,   22.2277,  -18.930,  4.86922387598526,-25.3293173,    9.8067,  268.05765,  64.49666,    9.8044, 141.7390,   0.8119,
 2026-Dec-11 22:14:00, , , 149.163476652,  13.429270776,  149.531991867,  13.299419767,    87.829590300,      14.157635339,   99.26975,  40.48819,   22.2277,  -18.930,  4.86921371715853,-25.3290973,    9.8066,  268.05765,  64.49666,    9.8043, 141.7390,   0.8119,
 2026-Dec-11 22:15:00, , , 149.163479912,  13.429272912,  149.531995438,  13.299421867,    88.045341882,      14.283236962,   99.26976,  40.48827,   22.2277,  -18.930,  4.86920355842091,-25.3288730,    9.8066,  268.05765,  64.49666,    9.8043, 141.7390,   0.8119,
 2026-Dec-11 22:16:00, , , 149.163483166,  13.429275048,  149.531999002,  13.299423966,    88.261203908,      14.408854734,   99.26976,  40.48836,   22.2277,  -18.930,  4.86919339977414,-25.3286443,    9.8065,  268.05765,  64.49666,    9.8042, 141.7391,   0.8119,
 2026-Dec-11 22:17:00, , , 149.163486413,  13.429277185,  149.532002560,  13.299426067,    88.477178654,      14.534486881,   99.26977,  40.48844,   22.2277,  -18.930,  4.86918324121995,-25.3284113,    9.8065,  268.05765,  64.49666,    9.8042, 141.7391,   0.8119,
 2026-Dec-11 22:18:00, , , 149.163489654,  13.429279322,  149.532006112,  13.299428168,    88.693268403,      14.660131625,   99.26978,  40.48852,   22.2277,  -18.930,  4.86917308276009,-25.3281739,    9.8064,  268.05765,  64.49666,    9.8041, 141.7391,   0.8119,
 2026-Dec-11 22:19:00, , , 149.163492889,  13.429281459,  149.532009656,  13.299430269,    88.909475444,      14.785787185,   99.26979,  40.48861,   22.2277,  -18.930,  4.86916292439627,-25.3279323,    9.8064,  268.05765,  64.49666,    9.8041, 141.7391,   0.8119,
 2026-Dec-11 22:20:00, , , 149.163496116,  13.429283597,  149.532013195,  13.299432372,    89.125802069,      14.911451778,   99.26980,  40.48869,   22.2277,  -18.930,  4.86915276613027,-25.3276863,    9.8063,  268.05765,  64.49666,    9.8040, 141.7392,   0.8119,
 2026-Dec-11 22:21:00, , , 149.163499338,  13.429285735,  149.532016727,  13.299434475,    89.342250577,      15.037123615,   99.26980,  40.48878,   22.2277,  -18.930,  4.86914260796381,-25.3274359,    9.8063,  268.05765,  64.49666,    9.8040, 141.7392,   0.8119,
 2026-Dec-11 22:22:00, , , 149.163502553,  13.429287874,  149.532020252,  13.299436578,    89.558823277,      15.162800908,   99.26981,  40.48886,   22.2277,  -18.930,  4.86913244989861,-25.3271813,    9.8062,  268.05765,  64.49666,    9.8039, 141.7392,   0.8119,
 2026-Dec-11 22:23:00, , , 149.163505762,  13.429290013,  149.532023770,  13.299438682,    89.775522476,      15.288481864,   99.26982,  40.48895,   22.2277,  -18.930,  4.86912229193642,-25.3269223,    9.8062,  268.05765,  64.49666,    9.8039, 141.7393,   0.8119,
 2026-Dec-11 22:24:00, , , 149.163508964,  13.429292152,  149.532027282,  13.299440787,    89.992350493,      15.414164686,   99.26983,  40.48903,   22.2277,  -18.931,  4.86911213407896,-25.3266590,    9.8061,  268.05765,  64.49666,    9.8038, 141.7393,   0.8119,
 2026-Dec-11 22:25:00, , , 149.163512160,  13.429294292,  149.532030788,  13.299442892,    90.209309652,      15.539847575,   99.26983,  40.48912,   22.2277,  -18.931,  4.86910197632796,-25.3263913,    9.8061,  268.05765,  64.49666,    9.8038, 141.7393,   0.8119,
 2026-Dec-11 22:26:00, , , 149.163515349,  13.429296432,  149.532034287,  13.299444998,    90.426402277,      15.665528728,   99.26984,  40.48920,   22.2277,  -18.931,  4.86909181868518,-25.3261194,    9.8060,  268.05765,  64.49666,    9.8037, 141.7393,   0.8119,
 2026-Dec-11 22:27:00, , , 149.163518532,  13.429298572,  149.532037779,  13.299447104,    90.643630705,      15.791206340,   99.26985,  40.48928,   22.2277,  -18.931,  4.86908166115232,-25.3258432,    9.8060,  268.05765,  64.49666,    9.8037, 141.7394,   0.8119,
 2026-Dec-11 22:28:00, , , 149.163521708,  13.429300713,  149.532041265,  13.299449212,    90.860997274,      15.916878602,   99.26986,  40.48937,   22.2277,  -18.931,  4.86907150373113,-25.3255626,    9.8059,  268.05765,  64.49666,    9.8036, 141.7394,   0.8119,
 2026-Dec-11 22:29:00, , , 149.163524878,  13.429302855,  149.532044744,  13.299451319,    91.078504329,      16.042543699,   99.26987,  40.48945,   22.2277,  -18.931,  4.86906134642332,-25.3252777,    9.8058,  268.05765,  64.49666,    9.8036, 141.7394,   0.8119,
 2026-Dec-11 22:30:00, , , 149.163528042,  13.429304996,  149.532048217,  13.299453427,    91.296154220,      16.168199817,   99.26987,  40.48954,   22.2277,  -18.931,  4.86905118923063,-25.3249886,    9.8058,  268.05765,  64.49666,    9.8035, 141.7395,   0.8119,
 2026-Dec-11 22:31:00, , , 149.163531199,  13.429307138,  149.532051683,  13.299455536,    91.513949304,      16.293845135,   99.26988,  40.48962,   22.2277,  -18.931,  4.86904103215478,-25.3246951,    9.8057,  268.05765,  64.49666,    9.8035, 141.7395,   0.8119,
 2026-Dec-11 22:32:00, , , 149.163534350,  13.429309280,  149.532055143,  13.299457645,    91.731891942,      16.419477830,   99.26989,  40.48971,   22.2277,  -18.931,  4.86903087519747,-25.3243973,    9.8057,  268.05765,  64.49666,    9.8034, 141.7395,   0.8119,
 2026-Dec-11 22:33:00, , , 149.163537494,  13.429311423,  149.532058596,  13.299459755,    91.949984501,      16.545096076,   99.26990,  40.48979,   22.2277,  -18.931,  4.86902071836046,-25.3240953,    9.8056,  268.05765,  64.49666,    9.8033, 141.7395,   0.8119,
 2026-Dec-11 22:34:00, , , 149.163540632,  13.429313566,  149.532062042,  13.299461865,    92.168229351,      16.670698040,   99.26991,  40.48988,   22.2277,  -18.931,  4.86901056164546,-25.3237889,    9.8056,  268.05765,  64.49666,    9.8033, 141.7396,   0.8119,
 2026-Dec-11 22:35:00, , , 149.163543763,  13.429315709,  149.532065482,  13.299463976,    92.386628873,      16.796281890,   99.26991,  40.48996,   22.2277,  -18.931,  4.86900040505420,-25.3234783,    9.8055,  268.05765,  64.49666,    9.8032, 141.7396,   0.8119,
 2026-Dec-11 22:36:00, , , 149.163546888,  13.429317853,  149.532068915,  13.299466088,    92.605185448,      16.921845787,   99.26992,  40.49004,   22.2277,  -18.931,  4.86899024858838,-25.3231634,    9.8055,  268.05765,  64.49666,    9.8032, 141.7396,   0.8119,
 2026-Dec-11 22:37:00, , , 149.163550007,  13.429319997,  149.532072342,  13.299468200,    92.823901465,      17.047387888,   99.26993,  40.49013,   22.2277,  -18.931,  4.86898009224972,-25.3228442,    9.8054,  268.05765,  64.49666,    9.8031, 141.7397,   0.8119,
 2026-Dec-11 22:38:00, , , 149.163553119,  13.429322141,  149.532075762,  13.299470312,    93.042779318,      17.172906347,   99.26994,  40.49021,   22.2277,  -18.931,  4.86896993603992,-25.3225207,    9.8054,  268.05765,  64.49666,    9.8031, 141.7397,   0.8119,
 2026-Dec-11 22:39:00, , , 149.163556225,  13.429324286,  149.532079176,  13.299472425,    93.261821404,      17.298399315,   99.26994,  40.49030,   22.2277,  -18.931,  4.86895977996074,-25.3221929,    9.8053,  268.05765,  64.49666,    9.8030, 141.7397,   0.8119,
 2026-Dec-11 22:40:00, , , 149.163559325,  13.429326431,  149.532082583,  13.299474539,    93.481030128,      17.423864938,   99.26995,  40.49038,   22.2277,  -18.931,  4.86894962401387,-25.3218609,    9.8053,  268.05765,  64.49666,    9.8030, 141.7397,   0.8119,
 2026-Dec-11 22:41:00, , , 149.163562418,  13.429328576,  149.532085983,  13.299476653,    93.700407898,      17.549301356,   99.26996,  40.49047,   22.2277,  -18.931,  4.86893946820101,-25.3215246,    9.8052,  268.05765,  64.49666,    9.8029, 141.7398,   0.8119,
 2026-Dec-11 22:42:00, , , 149.163565505,  13.429330722,  149.532089377,  13.299478768,    93.919957132,      17.674706709,   99.26997,  40.49055,   22.2277,  -18.931,  4.86892931252389,-25.3211841,    9.8052,  268.05765,  64.49666,    9.8029, 141.7398,   0.8119,
 2026-Dec-11 22:43:00, , , 149.163568585,  13.429332868,  149.532092764,  13.299480883,    94.139680245,      17.800079129,   99.26998,  40.49064,   22.2277,  -18.931,  4.86891915698420,-25.3208393,    9.8051,  268.05765,  64.49666,    9.8028, 141.7398,   0.8119,
 2026-Dec-11 22:44:00, , , 149.163571659,  13.429335014,  149.532096145,  13.299482998,    94.359579663,      17.925416745,   99.26998,  40.49072,   22.2277,  -18.931,  4.86890900158366,-25.3204902,    9.8051,  268.05765,  64.49666,    9.8028, 141.7398,   0.8119,
 2026-Dec-11 22:45:00, , , 149.163574727,  13.429337160,  149.532099519,  13.299485114,    94.579657817,      18.050717684,   99.26999,  40.49081,   22.2277,  -18.931,  4.86889884632395,-25.3201369,    9.8050,  268.05765,  64.49666,    9.8027, 141.7399,   0.8119,
 2026-Dec-11 22:46:00, , , 149.163577788,  13.429339307,  149.532102887,  13.299487231,    94.799917140,      18.175980065,   99.27000,  40.49089,   22.2277,  -18.931,  4.86888869120681,-25.3197793,    9.8050,  268.05765,  64.49666,    9.8027, 141.7399,   0.8119,
 2026-Dec-11 22:47:00, , , 149.163580843,  13.429341454,  149.532106248,  13.299489348,    95.020360070,      18.301202004,   99.27001,  40.49097,   22.2277,  -18.931,  4.86887853623393,-25.3194175,    9.8049,  268.05765,  64.49666,    9.8026, 141.7399,   0.8119,
 2026-Dec-11 22:48:00, , , 149.163583891,  13.429343601,  149.532109602,  13.299491465,    95.240989054,      18.426381614,   99.27002,  40.49106,   22.2277,  -18.931,  4.86886838140700,-25.3190515,    9.8049,  268.05765,  64.49666,    9.8026, 141.7400,   0.8120,
 2026-Dec-11 22:49:00, , , 149.163586933,  13.429345749,  149.532112950,  13.299493583,    95.461806538,      18.551517000,   99.27002,  40.49114,   22.2277,  -18.931,  4.86885822672772,-25.3186813,    9.8048,  268.05765,  64.49666,    9.8025, 141.7400,   0.8120,
 2026-Dec-11 22:50:00, , , 149.163589969,  13.429347897,  149.532116292,  13.299495702,    95.682814978,      18.676606266,   99.27003,  40.49123,   22.2277,  -18.932,  4.86884807219779,-25.3183068,    9.8047,  268.05765,  64.49666,    9.8024, 141.7400,   0.8120,
 2026-Dec-11 22:51:00, , , 149.163592999,  13.429350045,  149.532119627,  13.299497821,    95.904016832,      18.801647511,   99.27004,  40.49131,   22.2277,  -18.932,  4.86883791781889,-25.3179281,    9.8047,  268.05765,  64.49666,    9.8024, 141.7400,   0.8120,
 2026-Dec-11 22:52:00, , , 149.163596022,  13.429352193,  149.532122955,  13.299499940,    96.125414562,      18.926638825,   99.27005,  40.49140,   22.2277,  -18.932,  4.86882776359274,-25.3175451,    9.8046,  268.05765,  64.49666,    9.8023, 141.7401,   0.8120,
 2026-Dec-11 22:53:00, , , 149.163599039,  13.429354342,  149.532126277,  13.299502060,    96.347010637,      19.051578300,   99.27005,  40.49148,   22.2277,  -18.932,  4.86881760952101,-25.3171580,    9.8046,  268.05765,  64.49666,    9.8023, 141.7401,   0.8120,
 2026-Dec-11 22:54:00, , , 149.163602049,  13.429356491,  149.532129592,  13.299504180,    96.568807528,      19.176464016,   99.27006,  40.49157,   22.2277,  -18.932,  4.86880745560541,-25.3167666,    9.8045,  268.05765,  64.49666,    9.8022, 141.7401,   0.8120,
 2026-Dec-11 22:55:00, , , 149.163605054,  13.429358640,  149.532132901,  13.299506301,    96.790807713,      19.301294055,   99.27007,  40.49165,   22.2277,  -18.932,  4.86879730184760,-25.3163711,    9.8045,  268.05765,  64.49666,    9.8022, 141.7402,   0.8120,
 2026-Dec-11 22:56:00, , , 149.163608052,  13.429360789,  149.532136203,  13.299508422,    97.013013674,      19.426066489,   99.27008,  40.49173,   22.2277,  -18.932,  4.86878714824928,-25.3159713,    9.8044,  268.05765,  64.49666,    9.8021, 141.7402,   0.8120,
 2026-Dec-11 22:57:00, , , 149.163611043,  13.429362939,  149.532139498,  13.299510544,    97.235427894,      19.550779387,   99.27009,  40.49182,   22.2277,  -18.932,  4.86877699481213,-25.3155674,    9.8044,  268.05765,  64.49666,    9.8021, 141.7402,   0.8120,
 2026-Dec-11 22:58:00, , , 149.163614029,  13.429365089,  149.532142787,  13.299512666,    97.458052866,      19.675430813,   99.27009,  40.49190,   22.2277,  -18.932,  4.86876684153780,-25.3151593,    9.8043,  268.05765,  64.49666,    9.8020, 141.7402,   0.8120,
 2026-Dec-11 22:59:00, , , 149.163617008,  13.429367239,  149.532146070,  13.299514788,    97.680891082,      19.800018826,   99.27010,  40.49199,   22.2277,  -18.932,  4.86875668842803,-25.3147470,    9.8043,  268.05765,  64.49666,    9.8020, 141.7403,   0.8120,
 2026-Dec-11 23:00:00, , , 149.163619980,  13.429369389,  149.532149346,  13.299516911,    97.903945041,      19.924541478,   99.27011,  40.49207,   22.2277,  -18.932,  4.86874653548445,-25.3143305,    9.8042,  268.05765,  64.49666,    9.8019, 141.7403,   0.8120,
 2026-Dec-11 23:01:00, , , 149.163622947,  13.429371539,  149.532152615,  13.299519034,    98.127217247,      20.048996819,   99.27012,  40.49216,   22.2277,  -18.932,  4.86873638270876,-25.3139098,    9.8042,  268.05765,  64.49666,    9.8019, 141.7403,   0.8120,
 2026-Dec-11 23:02:00, , , 149.163625907,  13.429373690,  149.532155878,  13.299521158,    98.350710204,      20.173382891,   99.27013,  40.49224,   22.2277,  -18.932,  4.86872623010261,-25.3134850,    9.8041,  268.05765,  64.49666,    9.8018, 141.7404,   0.8120,
 2026-Dec-11 23:03:00, , , 149.163628861,  13.429375841,  149.532159135,  13.299523282,    98.574426425,      20.297697733,   99.27013,  40.49233,   22.2277,  -18.932,  4.86871607766768,-25.3130560,    9.8041,  268.05765,  64.49666,    9.8018, 141.7404,   0.8120,
 2026-Dec-11 23:04:00, , , 149.163631809,  13.429377992,  149.532162384,  13.299525406,    98.798368424,      20.421939375,   99.27014,  40.49241,   22.2277,  -18.932,  4.86870592540562,-25.3126229,    9.8040,  268.05765,  64.49666,    9.8017, 141.7404,   0.8120,
 2026-Dec-11 23:05:00, , , 149.163634750,  13.429380143,  149.532165628,  13.299527531,    99.022538720,      20.546105845,   99.27015,  40.49249,   22.2277,  -18.932,  4.86869577331813,-25.3121856,    9.8040,  268.05765,  64.49666,    9.8017, 141.7404,   0.8120,
 2026-Dec-11 23:06:00, , , 149.163637685,  13.429382295,  149.532168865,  13.299529657,    99.246939833,      20.670195165,   99.27016,  40.49258,   22.2277,  -18.932,  4.86868562140686,-25.3117441,    9.8039,  268.05765,  64.49666,    9.8016, 141.7405,   0.8120,
 2026-Dec-11 23:07:00, , , 149.163640614,  13.429384446,  149.532172095,  13.299531782,    99.471574292,      20.794205350,   99.27016,  40.49266,   22.2277,  -18.932,  4.86867546967345,-25.3112986,    9.8038,  268.05765,  64.49666,    9.8015, 141.7405,   0.8120,
 2026-Dec-11 23:08:00, , , 149.163643537,  13.429386598,  149.532175319,  13.299533908,    99.696444625,      20.918134410,   99.27017,  40.49275,   22.2277,  -18.932,  4.86866531811958,-25.3108489,    9.8038,  268.05765,  64.49666,    9.8015, 141.7405,   0.8120,
 2026-Dec-11 23:09:00, , , 149.163646454,  13.429388750,  149.532178536,  13.299536035,    99.921553365,      21.041980350,   99.27018,  40.49283,   22.2277,  -18.932,  4.86865516674690,-25.3103951,    9.8037,  268.05765,  64.49666,    9.8014, 141.7406,   0.8120,
 2026-Dec-11 23:10:00, , , 149.163649364,  13.429390902,  149.532181747,  13.299538161,   100.146903049,      21.165741169,   99.27019,  40.49292,   22.2277,  -18.932,  4.86864501555706,-25.3099371,    9.8037,  268.05765,  64.49666,    9.8014, 141.7406,   0.8120,
 2026-Dec-11 23:11:00, , , 149.163652268,  13.429393054,  149.532184951,  13.299540289,   100.372496217,      21.289414859,   99.27020,  40.49300,   22.2277,  -18.932,  4.86863486455168,-25.3094751,    9.8036,  268.05765,  64.49666,    9.8013, 141.7406,   0.8120,
 2026-Dec-11 23:12:00, , , 149.163655166,  13.429395207,  149.532188149,  13.299542416,   100.598335412,      21.412999407,   99.27020,  40.49308,   22.2277,  -18.932,  4.86862471373247,-25.3090089,    9.8036,  268.05765,  64.49666,    9.8013, 141.7406,   0.8120,
 2026-Dec-11 23:13:00, , , 149.163658057,  13.429397360,  149.532191340,  13.299544544,   100.824423182,      21.536492796,   99.27021,  40.49317,   22.2277,  -18.932,  4.86861456310104,-25.3085387,    9.8035,  268.05765,  64.49666,    9.8012, 141.7407,   0.8120,
 2026-Dec-11 23:14:00, , , 149.163660943,  13.429399512,  149.532194525,  13.299546672,   101.050762075,      21.659892999,   99.27022,  40.49325,   22.2277,  -18.932,  4.86860441265903,-25.3080643,    9.8035,  268.05765,  64.49666,    9.8012, 141.7407,   0.8120,
 2026-Dec-11 23:15:00, , , 149.163663822,  13.429401665,  149.532197703,  13.299548801,   101.277354644,      21.783197987,   99.27023,  40.49334,   22.2278,  -18.933,  4.86859426240810,-25.3075859,    9.8034,  268.05765,  64.49666,    9.8011, 141.7407,   0.8120,
 2026-Dec-11 23:16:00, , , 149.163666695,  13.429403819,  149.532200875,  13.299550930,   101.504203445,      21.906405722,   99.27024,  40.49342,   22.2278,  -18.933,  4.86858411234986,-25.3071034,    9.8034,  268.05765,  64.49666,    9.8011, 141.7408,   0.8120,
 2026-Dec-11 23:17:00, , , 149.163669562,  13.429405972,  149.532204040,  13.299553059,   101.731311038,      22.029514162,   99.27024,  40.49351,   22.2278,  -18.933,  4.86857396248594,-25.3066168,    9.8033,  268.05765,  64.49666,    9.8010, 141.7408,   0.8120,
 2026-Dec-11 23:18:00, , , 149.163672423,  13.429408125,  149.532207199,  13.299555188,   101.958679981,      22.152521258,   99.27025,  40.49359,   22.2278,  -18.933,  4.86856381281802,-25.3061261,    9.8033,  268.05765,  64.49666,    9.8010, 141.7408,   0.8120,
 2026-Dec-11 23:19:00, , , 149.163675278,  13.429410279,  149.532210352,  13.299557318,   102.186312840,      22.275424954,   99.27026,  40.49368,   22.2278,  -18.933,  4.86855366334769,-25.3056314,    9.8032,  268.05765,  64.49666,    9.8009, 141.7408,   0.8120,
 2026-Dec-11 23:20:00, , , 149.163678126,  13.429412432,  149.532213497,  13.299559448,   102.414212181,      22.398223188,   99.27027,  40.49376,   22.2278,  -18.933,  4.86854351407659,-25.3051327,    9.8032,  268.05765,  64.49666,    9.8009, 141.7409,   0.8120,
 2026-Dec-11 23:21:00, , , 149.163680969,  13.429414586,  149.532216637,  13.299561579,   102.642380572,      22.520913893,   99.27027,  40.49384,   22.2278,  -18.933,  4.86853336500635,-25.3046299,    9.8031,  268.05765,  64.49666,    9.8008, 141.7409,   0.8120,
 2026-Dec-11 23:22:00, , , 149.163683805,  13.429416740,  149.532219770,  13.299563710,   102.870820586,      22.643494995,   99.27028,  40.49393,   22.2278,  -18.933,  4.86852321613857,-25.3041230,    9.8031,  268.05765,  64.49666,    9.8008, 141.7409,   0.8120,
 2026-Dec-11 23:23:00, , , 149.163686635,  13.429418894,  149.532222896,  13.299565841,   103.099534796,      22.765964413,   99.27029,  40.49401,   22.2278,  -18.933,  4.86851306747486,-25.3036121,    9.8030,  268.05765,  64.49666,    9.8007, 141.7410,   0.8120,
 2026-Dec-11 23:24:00, , , 149.163689459,  13.429421048,  149.532226017,  13.299567972,   103.328525776,      22.888320059,   99.27030,  40.49410,   22.2278,  -18.933,  4.86850291901688,-25.3030972,    9.8030,  268.05765,  64.49666,    9.8006, 141.7410,   0.8120,
 2026-Dec-11 23:25:00, , , 149.163692277,  13.429423202,  149.532229130,  13.299570104,   103.557796104,      23.010559839,   99.27031,  40.49418,   22.2278,  -18.933,  4.86849277076621,-25.3025783,    9.8029,  268.05765,  64.49666,    9.8006, 141.7410,   0.8120,
 2026-Dec-11 23:26:00, , , 149.163695089,  13.429425357,  149.532232237,  13.299572236,   103.787348359,      23.132681653,   99.27031,  40.49427,   22.2278,  -18.933,  4.86848262272446,-25.3020554,    9.8028,  268.05765,  64.49666,    9.8005, 141.7410,   0.8120,
 2026-Dec-11 23:27:00, , , 149.163697894,  13.429427511,  149.532235338,  13.299574368,   104.017185124,      23.254683395,   99.27032,  40.49435,   22.2278,  -18.933,  4.86847247489325,-25.3015285,    9.8028,  268.05765,  64.49666,    9.8005, 141.7411,   0.8120,
 2026-Dec-11 23:28:00, , , 149.163700694,  13.429429666,  149.532238433,  13.299576501,   104.247308978,      23.376562950,   99.27033,  40.49444,   22.2278,  -18.933,  4.86846232727417,-25.3009976,    9.8027,  268.05765,  64.49666,    9.8004, 141.7411,   0.8120,
 2026-Dec-11 23:29:00, , , 149.163703488,  13.429431820,  149.532241521,  13.299578634,   104.477722510,      23.498318198,   99.27034,  40.49452,   22.2278,  -18.933,  4.86845217986883,-25.3004627,    9.8027,  268.05765,  64.49666,    9.8004, 141.7411,   0.8120,
 2026-Dec-11 23:30:00, , , 149.163706275,  13.429433975,  149.532244602,  13.299580767,   104.708428302,      23.619947011,   99.27035,  40.49460,   22.2278,  -18.933,  4.86844203267879,-25.2999238,    9.8026,  268.05765,  64.49666,    9.8003, 141.7412,   0.8120,
 2026-Dec-11 23:31:00, , , 149.163709057,  13.429436130,  149.532247677,  13.299582900,   104.939428941,      23.741447255,   99.27035,  40.49469,   22.2278,  -18.933,  4.86843188570571,-25.2993809,    9.8026,  268.05765,  64.49666,    9.8003, 141.7412,   0.8120,
 2026-Dec-11 23:32:00, , , 149.163711832,  13.429438284,  149.532250746,  13.299585034,   105.170727015,      23.862816790,   99.27036,  40.49477,   22.2278,  -18.933,  4.86842173895114,-25.2988341,    9.8025,  268.05765,  64.49666,    9.8002, 141.7412,   0.8120,
 2026-Dec-11 23:33:00, , , 149.163714602,  13.429440439,  149.532253808,  13.299587168,   105.402325114,      23.984053466,   99.27037,  40.49486,   22.2278,  -18.933,  4.86841159241667,-25.2982834,    9.8025,  268.05765,  64.49666,    9.8002, 141.7412,   0.8120,
 2026-Dec-11 23:34:00, , , 149.163717365,  13.429442594,  149.532256864,  13.299589302,   105.634225826,      24.105155129,   99.27038,  40.49494,   22.2278,  -18.933,  4.86840144610389,-25.2977286,    9.8024,  268.05765,  64.49666,    9.8001, 141.7413,   0.8120,
 2026-Dec-11 23:35:00, , , 149.163720122,  13.429444749,  149.532259914,  13.299591437,   105.866431742,      24.226119617,   99.27039,  40.49503,   22.2278,  -18.933,  4.86839130001438,-25.2971700,    9.8024,  268.05765,  64.49666,    9.8001, 141.7413,   0.8120,
 2026-Dec-11 23:36:00, , , 149.163722874,  13.429446904,  149.532262957,  13.299593571,   106.098945453,      24.346944760,   99.27039,  40.49511,   22.2278,  -18.933,  4.86838115414970,-25.2966074,    9.8023,  268.05765,  64.49666,    9.8000, 141.7413,   0.8120,
 2026-Dec-11 23:37:00, , , 149.163725619,  13.429449060,  149.532265993,  13.299595706,   106.331769549,      24.467628382,   99.27040,  40.49520,   22.2278,  -18.933,  4.86837100851145,-25.2960409,    9.8023,  268.05765,  64.49666,    9.8000, 141.7414,   0.8120,
 2026-Dec-11 23:38:00, , , 149.163728359,  13.429451215,  149.532269024,  13.299597842,   106.564906622,      24.588168299,   99.27041,  40.49528,   22.2278,  -18.933,  4.86836086310120,-25.2954705,    9.8022,  268.05765,  64.49666,    9.7999, 141.7414,   0.8120,
 2026-Dec-11 23:39:00, , , 149.163731092,  13.429453370,  149.532272048,  13.299599977,   106.798359263,      24.708562320,   99.27042,  40.49536,   22.2278,  -18.933,  4.86835071792051,-25.2948962,    9.8022,  268.05765,  64.49666,    9.7999, 141.7414,   0.8121,
 2026-Dec-11 23:40:00, , , 149.163733819,  13.429455525,  149.532275065,  13.299602113,   107.032130063,      24.828808248,   99.27042,  40.49545,   22.2278,  -18.934,  4.86834057297094,-25.2943180,    9.8021,  268.05765,  64.49666,    9.7998, 141.7414,   0.8121,
 2026-Dec-11 23:41:00, , , 149.163736541,  13.429457681,  149.532278077,  13.299604248,   107.266221614,      24.948903875,   99.27043,  40.49553,   22.2278,  -18.934,  4.86833042825406,-25.2937359,    9.8021,  268.05765,  64.49666,    9.7997, 141.7415,   0.8121,
 2026-Dec-11 23:42:00, , , 149.163739256,  13.429459836,  149.532281082,  13.299606384,   107.500636505,      25.068846991,   99.27044,  40.49562,   22.2278,  -18.934,  4.86832028377142,-25.2931499,    9.8020,  268.05765,  64.49666,    9.7997, 141.7415,   0.8121,
 2026-Dec-11 23:43:00, , , 149.163741966,  13.429461991,  149.532284080,  13.299608521,   107.735377327,      25.188635373,   99.27045,  40.49570,   22.2278,  -18.934,  4.86831013952456,-25.2925600,    9.8019,  268.05765,  64.49666,    9.7996, 141.7415,   0.8121,
 2026-Dec-11 23:44:00, , , 149.163744670,  13.429464147,  149.532287073,  13.299610657,   107.970446669,      25.308266794,   99.27046,  40.49579,   22.2278,  -18.934,  4.86829999551506,-25.2919663,    9.8019,  268.05765,  64.49666,    9.7996, 141.7416,   0.8121,
 2026-Dec-11 23:45:00, , , 149.163747368,  13.429466302,  149.532290059,  13.299612794,   108.205847117,      25.427739019,   99.27046,  40.49587,   22.2278,  -18.934,  4.86828985174447,-25.2913687,    9.8018,  268.05765,  64.49666,    9.7995, 141.7416,   0.8121,
 2026-Dec-11 23:46:00, , , 149.163750059,  13.429468457,  149.532293038,  13.299614931,   108.441581261,      25.547049805,   99.27047,  40.49595,   22.2278,  -18.934,  4.86827970821430,-25.2907673,    9.8018,  268.05765,  64.49666,    9.7995, 141.7416,   0.8121,
 2026-Dec-11 23:47:00, , , 149.163752745,  13.429470613,  149.532296011,  13.299617068,   108.677651684,      25.666196900,   99.27048,  40.49604,   22.2278,  -18.934,  4.86826956492611,-25.2901621,    9.8017,  268.05765,  64.49666,    9.7994, 141.7416,   0.8121,
 2026-Dec-11 23:48:00, , , 149.163755425,  13.429472768,  149.532298978,  13.299619205,   108.914060971,      25.785178046,   99.27049,  40.49612,   22.2278,  -18.934,  4.86825942188144,-25.2895530,    9.8017,  268.05765,  64.49666,    9.7994, 141.7417,   0.8121,
 2026-Dec-11 23:49:00, , , 149.163758100,  13.429474924,  149.532301939,  13.299621343,   109.150811705,      25.903990979,   99.27050,  40.49621,   22.2278,  -18.934,  4.86824927908179,-25.2889401,    9.8016,  268.05765,  64.49666,    9.7993, 141.7417,   0.8121,
 2026-Dec-11 23:50:00, , , 149.163760768,  13.429477079,  149.532304894,  13.299623480,   109.387906465,      26.022633423,   99.27050,  40.49629,   22.2278,  -18.934,  4.86823913652874,-25.2883234,    9.8016,  268.05765,  64.49666,    9.7993, 141.7417,   0.8121,
 2026-Dec-11 23:51:00, , , 149.163763431,  13.429479235,  149.532307842,  13.299625618,   109.625347830,      26.141103098,   99.27051,  40.49638,   22.2278,  -18.934,  4.86822899422379,-25.2877029,    9.8015,  268.05765,  64.49666,    9.7992, 141.7418,   0.8121,
 2026-Dec-11 23:52:00, , , 149.163766087,  13.429481390,  149.532310784,  13.299627756,   109.863138375,      26.259397713,   99.27052,  40.49646,   22.2278,  -18.934,  4.86821885216846,-25.2870787,    9.8015,  268.05765,  64.49666,    9.7992, 141.7418,   0.8121,
 2026-Dec-11 23:53:00, , , 149.163768738,  13.429483545,  149.532313719,  13.299629894,   110.101280675,      26.377514972,   99.27053,  40.49655,   22.2278,  -18.934,  4.86820871036427,-25.2864506,    9.8014,  268.05765,  64.49666,    9.7991, 141.7418,   0.8121,
 2026-Dec-11 23:54:00, , , 149.163771383,  13.429485701,  149.532316648,  13.299632032,   110.339777299,      26.495452569,   99.27054,  40.49663,   22.2278,  -18.934,  4.86819856881273,-25.2858188,    9.8014,  268.05765,  64.49666,    9.7991, 141.7418,   0.8121,
 2026-Dec-11 23:55:00, , , 149.163774022,  13.429487856,  149.532319571,  13.299634171,   110.578630816,      26.613208192,   99.27054,  40.49671,   22.2278,  -18.934,  4.86818842751535,-25.2851832,    9.8013,  268.05765,  64.49666,    9.7990, 141.7419,   0.8121,
 2026-Dec-11 23:56:00, , , 149.163776656,  13.429490011,  149.532322488,  13.299636309,   110.817843789,      26.730779519,   99.27055,  40.49680,   22.2278,  -18.934,  4.86817828647362,-25.2845438,    9.8013,  268.05765,  64.49666,    9.7989, 141.7419,   0.8121,
 2026-Dec-11 23:57:00, , , 149.163779283,  13.429492167,  149.532325399,  13.299638448,   111.057418779,      26.848164221,   99.27056,  40.49688,   22.2278,  -18.934,  4.86816814568909,-25.2839008,    9.8012,  268.05765,  64.49666,    9.7989, 141.7419,   0.8121,
 2026-Dec-11 23:58:00, , , 149.163781905,  13.429494322,  149.532328303,  13.299640587,   111.297358345,      26.965359962,   99.27057,  40.49697,   22.2278,  -18.934,  4.86815800516322,-25.2832540,    9.8012,  268.05765,  64.49666,    9.7988, 141.7420,   0.8121,
 2026-Dec-11 23:59:00, , , 149.163784521,  13.429496477,  149.532331201,  13.299642726,   111.537665039,      27.082364396,   99.27058,  40.49705,   22.2278,  -18.934,  4.86814786489751,-25.2826034,    9.8011,  268.05765,  64.49666,    9.7988, 141.7420,   0.8121,
 2026-Dec-12 00:00:00, , , 149.163787131,  13.429498632,  149.532334093,  13.299644865,   111.778341410,      27.199175169,   99.27058,  40.49714,   22.2278,  -18.934,  4.86813772489346,-25.2819492,    9.8010,  268.05765,  64.49666,    9.7987, 141.7420,   0.8121,
 2026-Dec-12 00:01:00, , , 149.163789736,  13.429500788,  149.532336979,  13.299647005,   112.019390004,      27.315789920,   99.27059,  40.49722,   22.2278,  -18.934,  4.86812758515254,-25.2812912,    9.8010,  268.05765,  64.49666,    9.7987, 141.7420,   0.8121,
 2026-Dec-12 00:02:00, , , 149.163792335,  13.429502943,  149.532339858,  13.299649144,   112.260813362,      27.432206281,   99.27060,  40.49730,   22.2278,  -18.934,  4.86811744567623,-25.2806296,    9.8009,  268.05765,  64.49666,    9.7986, 141.7421,   0.8121,
 2026-Dec-12 00:03:00, , , 149.163794928,  13.429505098,  149.532342732,  13.299651284,   112.502614018,      27.548421873,   99.27061,  40.49739,   22.2278,  -18.934,  4.86810730646604,-25.2799643,    9.8009,  268.05765,  64.49666,    9.7986, 141.7421,   0.8121,
 2026-Dec-12 00:04:00, , , 149.163797515,  13.429507253,  149.532345599,  13.299653423,   112.744794502,      27.664434309,   99.27061,  40.49747,   22.2278,  -18.934,  4.86809716752342,-25.2792953,    9.8008,  268.05765,  64.49666,    9.7985, 141.7421,   0.8121,
 2026-Dec-12 00:05:00, , , 149.163800097,  13.429509407,  149.532348460,  13.299655563,   112.987357341,      27.780241196,   99.27062,  40.49756,   22.2278,  -18.934,  4.86808702884985,-25.2786227,    9.8008,  268.05765,  64.49666,    9.7985, 141.7421,   0.8121,
 2026-Dec-12 00:06:00, , , 149.163802673,  13.429511562,  149.532351314,  13.299657703,   113.230305053,      27.895840131,   99.27063,  40.49764,   22.2278,  -18.935,  4.86807689044678,-25.2779464,    9.8007,  268.05765,  64.49666,    9.7984, 141.7422,   0.8121,
 2026-Dec-12 00:07:00, , , 149.163805243,  13.429513717,  149.532354163,  13.299659843,   113.473640151,      28.011228704,   99.27064,  40.49773,   22.2278,  -18.935,  4.86806675231569,-25.2772664,    9.8007,  268.05765,  64.49666,    9.7984, 141.7422,   0.8121,
 2026-Dec-12 00:08:00, , , 149.163807808,  13.429515872,  149.532357006,  13.299661983,   113.717365144,      28.126404495,   99.27065,  40.49781,   22.2278,  -18.935,  4.86805661445803,-25.2765829,    9.8006,  268.05765,  64.49666,    9.7983, 141.7422,   0.8121,
 2026-Dec-12 00:09:00, , , 149.163810367,  13.429518026,  149.532359842,  13.299664123,   113.961482532,      28.241365077,   99.27065,  40.49789,   22.2278,  -18.935,  4.86804647687523,-25.2758957,    9.8006,  268.05765,  64.49666,    9.7983, 141.7423,   0.8121,
 2026-Dec-12 00:10:00, , , 149.163812920,  13.429520181,  149.532362672,  13.299666263,   114.205994807,      28.356108013,   99.27066,  40.49798,   22.2278,  -18.935,  4.86803633956878,-25.2752049,    9.8005,  268.05765,  64.49666,    9.7982, 141.7423,   0.8121,
 2026-Dec-12 00:11:00, , , 149.163815468,  13.429522335,  149.532365496,  13.299668404,   114.450904459,      28.470630860,   99.27067,  40.49806,   22.2278,  -18.935,  4.86802620254011,-25.2745105,    9.8005,  268.05765,  64.49666,    9.7981, 141.7423,   0.8121,
 2026-Dec-12 00:12:00, , , 149.163818010,  13.429524489,  149.532368314,  13.299670544,   114.696213967,      28.584931165,   99.27068,  40.49815,   22.2278,  -18.935,  4.86801606579065,-25.2738126,    9.8004,  268.05765,  64.49666,    9.7981, 141.7423,   0.8121,
 2026-Dec-12 00:13:00, , , 149.163820547,  13.429526644,  149.532371126,  13.299672684,   114.941925801,      28.699006466,   99.27069,  40.49823,   22.2278,  -18.935,  4.86800592932184,-25.2731110,    9.8004,  268.05765,  64.49666,    9.7980, 141.7424,   0.8121,
 2026-Dec-12 00:14:00, , , 149.163823078,  13.429528798,  149.532373932,  13.299674825,   115.188042428,      28.812854295,   99.27069,  40.49832,   22.2278,  -18.935,  4.86799579313512,-25.2724059,    9.8003,  268.05765,  64.49666,    9.7980, 141.7424,   0.8121,
 2026-Dec-12 00:15:00, , , 149.163825603,  13.429530952,  149.532376731,  13.299676966,   115.434566303,      28.926472174,   99.27070,  40.49840,   22.2278,  -18.935,  4.86798565723189,-25.2716973,    9.8002,  268.05765,  64.49666,    9.7979, 141.7424,   0.8121,
 2026-Dec-12 00:16:00, , , 149.163828123,  13.429533106,  149.532379525,  13.299679106,   115.681499872,      29.039857615,   99.27071,  40.49849,   22.2278,  -18.935,  4.86797552161362,-25.2709851,    9.8002,  268.05765,  64.49666,    9.7979, 141.7425,   0.8121,
 2026-Dec-12 00:17:00, , , 149.163830637,  13.429535259,  149.532382312,  13.299681247,   115.928845574,      29.153008124,   99.27072,  40.49857,   22.2278,  -18.935,  4.86796538628169,-25.2702693,    9.8001,  268.05765,  64.49666,    9.7978, 141.7425,   0.8121,
 2026-Dec-12 00:18:00, , , 149.163833146,  13.429537413,  149.532385094,  13.299683388,   116.176605839,      29.265921197,   99.27073,  40.49865,   22.2278,  -18.935,  4.86795525123753,-25.2695501,    9.8001,  268.05765,  64.49666,    9.7978, 141.7425,   0.8121,
 2026-Dec-12 00:19:00, , , 149.163835649,  13.429539567,  149.532387869,  13.299685529,   116.424783087,      29.378594323,   99.27073,  40.49874,   22.2278,  -18.935,  4.86794511648255,-25.2688273,    9.8000,  268.05765,  64.49666,    9.7977, 141.7425,   0.8121,
 2026-Dec-12 00:20:00, , , 149.163838147,  13.429541720,  149.532390639,  13.299687669,   116.673379728,      29.491024982,   99.27074,  40.49882,   22.2278,  -18.935,  4.86793498201815,-25.2681011,    9.8000,  268.05765,  64.49666,    9.7977, 141.7426,   0.8121,
 2026-Dec-12 00:21:00, , , 149.163840639,  13.429543873,  149.532393402,  13.299689810,   116.922398160,      29.603210644,   99.27075,  40.49891,   22.2278,  -18.935,  4.86792484784572,-25.2673713,    9.7999,  268.05765,  64.49666,    9.7976, 141.7426,   0.8121,
 2026-Dec-12 00:22:00, , , 149.163843126,  13.429546026,  149.532396159,  13.299691951,   117.171840775,      29.715148772,   99.27076,  40.49899,   22.2278,  -18.935,  4.86791471396666,-25.2666381,    9.7999,  268.05765,  64.49666,    9.7976, 141.7426,   0.8121,
 2026-Dec-12 00:23:00, , , 149.163845607,  13.429548180,  149.532398911,  13.299694092,   117.421709949,      29.826836820,   99.27077,  40.49908,   22.2278,  -18.935,  4.86790458038238,-25.2659014,    9.7998,  268.05765,  64.49666,    9.7975, 141.7427,   0.8121,
 2026-Dec-12 00:24:00, , , 149.163848083,  13.429550332,  149.532401656,  13.299696233,   117.672008050,      29.938272233,   99.27077,  40.49916,   22.2278,  -18.935,  4.86789444709425,-25.2651613,    9.7998,  268.05765,  64.49666,    9.7975, 141.7427,   0.8121,
 2026-Dec-12 00:25:00, , , 149.163850553,  13.429552485,  149.532404395,  13.299698374,   117.922737434,      30.049452450,   99.27078,  40.49924,   22.2278,  -18.935,  4.86788431410366,-25.2644177,    9.7997,  268.05765,  64.49666,    9.7974, 141.7427,   0.8121,
 2026-Dec-12 00:26:00, , , 149.163853018,  13.429554638,  149.532407129,  13.299700515,   118.173900444,      30.160374897,   99.27079,  40.49933,   22.2278,  -18.935,  4.86787418141198,-25.2636707,    9.7997,  268.05765,  64.49666,    9.7973, 141.7427,   0.8121,
 2026-Dec-12 00:27:00, , , 149.163855478,  13.429556790,  149.532409856,  13.299702656,   118.425499411,      30.271036995,   99.27080,  40.49941,   22.2278,  -18.935,  4.86786404902059,-25.2629203,    9.7996,  268.05765,  64.49666,    9.7973, 141.7428,   0.8121,
 2026-Dec-12 00:28:00, , , 149.163857932,  13.429558942,  149.532412577,  13.299704797,   118.677536655,      30.381436157,   99.27080,  40.49950,   22.2278,  -18.935,  4.86785391693083,-25.2621665,    9.7996,  268.05765,  64.49666,    9.7972, 141.7428,   0.8121,
 2026-Dec-12 00:29:00, , , 149.163860380,  13.429561095,  149.532415293,  13.299706938,   118.930014480,      30.491569785,   99.27081,  40.49958,   22.2278,  -18.935,  4.86784378514410,-25.2614093,    9.7995,  268.05765,  64.49666,    9.7972, 141.7428,   0.8121,
 2026-Dec-12 00:30:00, , , 149.163862824,  13.429563247,  149.532418003,  13.299709079,   119.182935179,      30.601435273,   99.27082,  40.49967,   22.2278,  -18.935,  4.86783365366175,-25.2606487,    9.7995,  268.05765,  64.49666,    9.7971, 141.7429,   0.8121,
 2026-Dec-12 00:31:00, , , 149.163865262,  13.429565398,  149.532420706,  13.299711220,   119.436301030,      30.711030007,   99.27083,  40.49975,   22.2278,  -18.936,  4.86782352248513,-25.2598847,    9.7994,  268.05765,  64.49666,    9.7971, 141.7429,   0.8122,
 2026-Dec-12 00:32:00, , , 149.163867694,  13.429567550,  149.532423404,  13.299713362,   119.690114296,      30.820351366,   99.27084,  40.49983,   22.2278,  -18.936,  4.86781339161558,-25.2591174,    9.7993,  268.05765,  64.49666,    9.7970, 141.7429,   0.8122,
 2026-Dec-12 00:33:00, , , 149.163870121,  13.429569701,  149.532426096,  13.299715503,   119.944377228,      30.929396719,   99.27084,  40.49992,   22.2278,  -18.936,  4.86780326105444,-25.2583467,    9.7993,  268.05765,  64.49666,    9.7970, 141.7429,   0.8122,
 2026-Dec-12 00:34:00, , , 149.163872543,  13.429571853,  149.532428782,  13.299717644,   120.199092060,      31.038163426,   99.27085,  40.50000,   22.2278,  -18.936,  4.86779313080305,-25.2575728,    9.7992,  268.05765,  64.49666,    9.7969, 141.7430,   0.8122,
 2026-Dec-12 00:35:00, , , 149.163874960,  13.429574004,  149.532431462,  13.299719785,   120.454261010,      31.146648840,   99.27086,  40.50009,   22.2278,  -18.936,  4.86778300086276,-25.2567955,    9.7992,  268.05765,  64.49666,    9.7969, 141.7430,   0.8122,
 2026-Dec-12 00:36:00, , , 149.163877371,  13.429576155,  149.532434136,  13.299721925,   120.709886282,      31.254850306,   99.27087,  40.50017,   22.2278,  -18.936,  4.86777287123489,-25.2560148,    9.7991,  268.05765,  64.49666,    9.7968, 141.7430,   0.8122,
 2026-Dec-12 00:37:00, , , 149.163879777,  13.429578305,  149.532436804,  13.299724066,   120.965970062,      31.362765158,   99.27088,  40.50026,   22.2278,  -18.936,  4.86776274192077,-25.2552309,    9.7991,  268.05765,  64.49666,    9.7968, 141.7431,   0.8122,
 2026-Dec-12 00:38:00, , , 149.163882178,  13.429580456,  149.532439467,  13.299726207,   121.222514520,      31.470390725,   99.27088,  40.50034,   22.2278,  -18.936,  4.86775261292171,-25.2544437,    9.7990,  268.05765,  64.49666,    9.7967, 141.7431,   0.8122,
 2026-Dec-12 00:39:00, , , 149.163884574,  13.429582606,  149.532442123,  13.299728348,   121.479521809,      31.577724325,   99.27089,  40.50042,   22.2278,  -18.936,  4.86774248423902,-25.2536533,    9.7990,  268.05765,  64.49666,    9.7967, 141.7431,   0.8122,
 2026-Dec-12 00:40:00, , , 149.163886964,  13.429584756,  149.532444774,  13.299730489,   121.736994065,      31.684763270,   99.27090,  40.50051,   22.2278,  -18.936,  4.86773235587402,-25.2528596,    9.7989,  268.05765,  64.49666,    9.7966, 141.7431,   0.8122,
 2026-Dec-12 00:41:00, , , 149.163889349,  13.429586906,  149.532447419,  13.299732630,   121.994933404,      31.791504862,   99.27091,  40.50059,   22.2278,  -18.936,  4.86772222782798,-25.2520626,    9.7989,  268.05765,  64.49666,    9.7965, 141.7432,   0.8122,
 2026-Dec-12 00:42:00, , , 149.163891729,  13.429589056,  149.532450058,  13.299734770,   122.253341926,      31.897946396,   99.27092,  40.50068,   22.2278,  -18.936,  4.86771210010225,-25.2512624,    9.7988,  268.05765,  64.49666,    9.7965, 141.7432,   0.8122,
 2026-Dec-12 00:43:00, , , 149.163894103,  13.429591205,  149.532452692,  13.299736911,   122.512221709,      32.004085159,   99.27092,  40.50076,   22.2278,  -18.936,  4.86770197269810,-25.2504590,    9.7988,  268.05765,  64.49666,    9.7964, 141.7432,   0.8122,
 2026-Dec-12 00:44:00, , , 149.163896473,  13.429593355,  149.532455319,  13.299739052,   122.771574814,      32.109918428,   99.27093,  40.50085,   22.2278,  -18.936,  4.86769184561682,-25.2496524,    9.7987,  268.05765,  64.49666,    9.7964, 141.7433,   0.8122,
 2026-Dec-12 00:45:00, , , 149.163898837,  13.429595504,  149.532457941,  13.299741192,   123.031403283,      32.215443474,   99.27094,  40.50093,   22.2278,  -18.936,  4.86768171885968,-25.2488426,    9.7987,  268.05765,  64.49666,    9.7963, 141.7433,   0.8122,
 2026-Dec-12 00:46:00, , , 149.163901196,  13.429597653,  149.532460557,  13.299743333,   123.291709134,      32.320657559,   99.27095,  40.50101,   22.2278,  -18.936,  4.86767159242798,-25.2480296,    9.7986,  268.05765,  64.49666,    9.7963, 141.7433,   0.8122,
 2026-Dec-12 00:47:00, , , 149.163903550,  13.429599801,  149.532463168,  13.299745473,   123.552494369,      32.425557938,   99.27096,  40.50110,   22.2278,  -18.936,  4.86766146632296,-25.2472134,    9.7985,  268.05765,  64.49666,    9.7962, 141.7433,   0.8122,
 2026-Dec-12 00:48:00, , , 149.163905899,  13.429601950,  149.532465772,  13.299747613,   123.813760963,      32.530141857,   99.27096,  40.50118,   22.2278,  -18.936,  4.86765134054592,-25.2463941,    9.7985,  268.05765,  64.49666,    9.7962, 141.7434,   0.8122,
 2026-Dec-12 00:49:00, , , 149.163908243,  13.429604098,  149.532468371,  13.299749754,   124.075510875,      32.634406554,   99.27097,  40.50127,   22.2278,  -18.936,  4.86764121509811,-25.2455717,    9.7984,  268.05765,  64.49666,    9.7961, 141.7434,   0.8122,
 2026-Dec-12 00:50:00, , , 149.163910582,  13.429606246,  149.532470964,  13.299751894,   124.337746037,      32.738349261,   99.27098,  40.50135,   22.2278,  -18.936,  4.86763108998079,-25.2447461,    9.7984,  268.05765,  64.49666,    9.7961, 141.7434,   0.8122,
 2026-Dec-12 00:51:00, , , 149.163912915,  13.429608394,  149.532473552,  13.299754034,   124.600468362,      32.841967200,   99.27099,  40.50144,   22.2278,  -18.936,  4.86762096519521,-25.2439174,    9.7983,  268.05765,  64.49666,    9.7960, 141.7434,   0.8122,
 2026-Dec-12 00:52:00, , , 149.163915244,  13.429610541,  149.532476134,  13.299756174,   124.863679736,      32.945257588,   99.27100,  40.50152,   22.2278,  -18.936,  4.86761084074261,-25.2430856,    9.7983,  268.05765,  64.49666,    9.7960, 141.7435,   0.8122,
 2026-Dec-12 00:53:00, , , 149.163917567,  13.429612688,  149.532478710,  13.299758314,   125.127382025,      33.048217631,   99.27100,  40.50160,   22.2278,  -18.936,  4.86760071662424,-25.2422508,    9.7982,  268.05765,  64.49666,    9.7959, 141.7435,   0.8122,
 2026-Dec-12 00:54:00, , , 149.163919886,  13.429614835,  149.532481281,  13.299760453,   125.391577069,      33.150844530,   99.27101,  40.50169,   22.2278,  -18.936,  4.86759059284130,-25.2414128,    9.7982,  268.05765,  64.49666,    9.7959, 141.7435,   0.8122,
 2026-Dec-12 00:55:00, , , 149.163922199,  13.429616982,  149.532483845,  13.299762593,   125.656266682,      33.253135478,   99.27102,  40.50177,   22.2278,  -18.936,  4.86758046939508,-25.2405718,    9.7981,  268.05765,  64.49666,    9.7958, 141.7436,   0.8122,
 2026-Dec-12 00:56:00, , , 149.163924508,  13.429619128,  149.532486405,  13.299764733,   125.921452655,      33.355087660,   99.27103,  40.50186,   22.2278,  -18.937,  4.86757034628677,-25.2397278,    9.7981,  268.05765,  64.49666,    9.7957, 141.7436,   0.8122,
 2026-Dec-12 00:57:00, , , 149.163926811,  13.429621275,  149.532488958,  13.299766872,   126.187136751,      33.456698255,   99.27103,  40.50194,   22.2278,  -18.937,  4.86756022351760,-25.2388807,    9.7980,  268.05765,  64.49666,    9.7957, 141.7436,   0.8122,
 2026-Dec-12 00:58:00, , , 149.163929110,  13.429623420,  149.532491506,  13.299769011,   126.453320708,      33.557964434,   99.27104,  40.50202,   22.2278,  -18.937,  4.86755010108877,-25.2380306,    9.7980,  268.05765,  64.49666,    9.7956, 141.7436,   0.8122,
 2026-Dec-12 00:59:00, , , 149.163931403,  13.429625566,  149.532494049,  13.299771151,   126.720006236,      33.658883359,   99.27105,  40.50211,   22.2278,  -18.937,  4.86753997900149,-25.2371775,    9.7979,  268.05765,  64.49666,    9.7956, 141.7437,   0.8122,
 2026-Dec-12 01:00:00, , , 149.163933692,  13.429627712,  149.532496586,  13.299773290,   126.987195021,      33.759452189,   99.27106,  40.50219,   22.2278,  -18.937,  4.86752985725696,-25.2363214,    9.7979,  268.05765,  64.49666,    9.7955, 141.7437,   0.8122,
$$EOE
***********************************************************************************************************************************************************************************************************************************************************************
Column meaning:
 
TIME

  Times PRIOR to 1962 are UT1, a mean-solar time closely related to the
prior but now-deprecated GMT. Times AFTER 1962 are in UTC, the current
civil or "wall-clock" time-scale. UTC is kept within 0.9 seconds of UT1
using integer leap-seconds for 1972 and later years.

  Conversion from the internal Barycentric Dynamical Time (TDB) of solar
system dynamics to the non-uniform civil UT time-scale requested for output
has not been determined for UTC times after the next July or January 1st.
Therefore, the last known leap-second is used as a constant over future
intervals.

  Time tags refer to the UT time-scale conversion from TDB on Earth
regardless of observer location within the solar system, although clock
rates may differ due to the local gravity field and no analog to "UT"
may be defined for that location.

  Any 'b' symbol in the 1st-column denotes a B.C. date. First-column blank
(" ") denotes an A.D. date.
 
CALENDAR SYSTEM

  Mixed calendar mode was active such that calendar dates after AD 1582-Oct-15
(if any) are in the modern Gregorian system. Dates prior to 1582-Oct-5 (if any)
are in the Julian calendar system, which is automatically extended for dates
prior to its adoption on 45-Jan-1 BC.  The Julian calendar is useful for
matching historical dates. The Gregorian calendar more accurately corresponds
to the Earth's orbital motion and seasons. A "Gregorian-only" calendar mode is
available if such physical events are the primary interest.

  NOTE: "n.a." in output means quantity "not available" at the print-time.
 
SOLAR PRESENCE (OBSERVING SITE)
  Time tag is followed by a blank, then a solar-presence condition code:

       '*'  Daylight (refracted solar upper-limb on or above apparent horizon)
       'C'  Civil twilight/dawn
       'N'  Nautical twilight/dawn
       'A'  Astronomical twilight/dawn
       ' '  Night OR geocentric ephemeris

LUNAR PRESENCE WITH TARGET RISE/TRANSIT/SET EVENT MARKER (OBSERVING SITE)
  The solar-presence code column is immediately followed by another marker:

       'm'  Refracted upper-limb of Moon on or above apparent horizon
       ' '  Refracted upper-limb of Moon below apparent horizon OR geocentric

  The lunar presence marker (an ongoing state) can be over-ridden by a target
  event marker if an event has occurred since the last output step:

       'r'  Rise          (target body on or went above cut-off RTS elevation)
       'e'  Elevation max (target body maximum elevation angle has occurred)
       't'  Transit       (target body at or passed through observer meridian)
       's'  Set           (target body on or went below cut-off RTS elevation)
 
RTS MARKERS (TVH)
  Rise and set are with respect to the reference ellipsoid true visual horizon
defined by the elevation cut-off angle. Horizon dip and yellow-light refraction
(Earth only) are considered. Accuracy is < or = to twice the requested search
step-size.
 
 'R.A.___(ICRF), DEC____(ICRF),' =
  Astrometric right ascension and declination of the target center with
respect to the observing site (coordinate origin) in the reference frame of
the planetary ephemeris (ICRF). Compensated for down-leg light-time delay
aberration.

  Units: RA  in decimal degrees,  ddd.fffff{ffff}
         DEC in decimal degrees,  sdd.fffff{ffff}
 
 'R.A.__(a-app), DEC___(a-app),' =
  Airless apparent right ascension and declination of the target center
with respect to an instantaneous reference frame defined by the Earth equator
of-date (z-axis) and meridian containing the Earth equinox of-date (x-axis,
EOP-corrected IAU76/80). Compensated for down-leg light-time delay,
gravitational deflection of light, stellar aberration, precession & nutation.
Note: equinox (RA origin) is offset -53 mas from the of-date frame defined by
the IAU06/00a P & N system.

  Units: RA  in decimal degrees, ddd.fffff{ffff}
         DEC in decimal degrees  sdd.fffff{ffff}

 
 'Azimuth_(a-app), Elevation_(a-app),' =
  Airless apparent azimuth and elevation of target center. Compensated
for light-time, the gravitational deflection of light, stellar aberration,
precession and nutation. Azimuth is measured clockwise from north:

  North(0) -> East(90) -> South(180) -> West(270) -> North (360)

Elevation angle is with respect to a plane perpendicular to the reference
surface local zenith direction. TOPOCENTRIC ONLY.  Units: DEGREES
 
 'Illu%,' =
   Fraction of the target objects' assumed circular disk illuminated by Sun
(phase), as seen by the observer.  Units: PERCENT
 
 'Ang-diam,' =
   The equatorial angular width of the target body full disk, if it were fully
illuminated and visible to the observer. If the target body diameter is unknown
"n.a." is output.

   Units: ARCSECONDS
 
 'NP.ang,  NP.dist,' =
  Targets' apparent north-pole position angle (counter-clockwise with respect
to the direction of the true-of-date reference-frame north-pole) and its
angular distance from the sub-observer point (center of disk) at observation
time.  A negative distance indicates the planets' north-pole is on the hidden
hemisphere.  Units: DEGREES and ARCSECONDS
 
 'delta,     deldot,' =
   Apparent range ("delta", light-time aberrated) and range-rate ("delta-dot")
of the target center relative to the observer. A positive "deldot" means the
target center is moving away from the observer, negative indicates movement
toward the observer.  Units: AU and KM/S
 
 'S-T-O,' =
   The Sun-Target-Observer angle; the interior vertex angle at target center
formed by a vector from the target to the apparent center of the Sun (at
reflection time on the target) and the apparent vector from target to the
observer at print-time. Slightly different from true PHASE ANGLE (requestable
separately) at the few arcsecond level in that it includes stellar aberration
on the down-leg from target to observer.  Units: DEGREES
 
 'N.Pole-RA, N.Pole-DC,' =
    ICRF right ascension and declination of the target body's north-pole
direction at the time light left the body to be observed at print time.
Target pole/rotation model is given in the header. Units: DEGREES
 
 'phi,  PAB-LON,  PAB-LAT,' =
   "phi" is the true PHASE ANGLE at the observers' location at print time.
"PAB-LON" and "PAB-LAT" are the J2000 ecliptic longitude and latitude of the
phase angle bisector direction; the outward directed angle bisecting the arc
created by the apparent vector from Sun to target center and the astrometric
vector from observer to target center. For an otherwise uniform ellipsoid, the
time when its long-axis is perpendicular to the PAB direction approximately
corresponds to lightcurve maximum (or maximum brightness) of the body. PAB is
discussed in Harris et al., Icarus 57, 251-258 (1984).

   Units: DEGREES, DEGREES, DEGREES

Computations by ...

    Solar System Dynamics Group, Horizons On-Line Ephemeris System
    4800 Oak Grove Drive, Jet Propulsion Laboratory
    Pasadena, CA  91109   USA

    General site: https://ssd.jpl.nasa.gov/
    Mailing list: https://ssd.jpl.nasa.gov/email_list.html
    System news : https://ssd.jpl.nasa.gov/horizons/news.html
    User Guide  : https://ssd.jpl.nasa.gov/horizons/manual.html
    Connect     : browser        https://ssd.jpl.nasa.gov/horizons/app.html#/x
                  API            https://ssd-api.jpl.nasa.gov/doc/horizons.html
                  command-line   telnet ssd.jpl.nasa.gov 6775
                  e-mail/batch   https://ssd.jpl.nasa.gov/ftp/ssd/horizons_batch.txt
                  scripts        https://ssd.jpl.nasa.gov/ftp/ssd/SCRIPTS
    Inquiries   : Jon.D.Giorgini@jpl.nasa.gov

***********************************************************************************************************************************************************************************************************************************************************************
