# JPL Horizons response, kept whole (#472)
# request-url: https://ssd.jpl.nasa.gov/api/horizons.api?format=text&COMMAND=%27501%27&MAKE_EPHEM=%27YES%27&EPHEM_TYPE=%27OBSERVER%27&CENTER=%27coord%40399%27&COORD_TYPE=%27GEODETIC%27&QUANTITIES=%271%2C2%2C4%2C6%2C12%2C13%2C20%2C24%27&EXTRA_PREC=%27YES%27&ANG_FORMAT=%27DEG%27&APPARENT=%27AIRLESS%27&CSV_FORMAT=%27YES%27&TIME_DIGITS=%27SECONDS%27&START_TIME=%272026-12-11%2018%3A00%27&STOP_TIME=%272026-12-12%2001%3A00%27&STEP_SIZE=%271%20m%27&SITE_COORD=%2710.75%2C59.91%2C0.0%27
# requested-utc: 2026-10-07T13:53:05Z
# body-sha256: 1c549de79fe19f47fb283d0b078f99e86ca09801776a08a608997b6659d777c7
# body-bytes: 109331
# complete: True
API VERSION: 1.2
API SOURCE: NASA/JPL Horizons API

*******************************************************************************
 Revised: Mar 12, 2021             Io  / (Jupiter)                          501

 SATELLITE PHYSICAL PROPERTIES:
  Mean radius (km)       = 1821.49           Density (g cm^-3) = 3.528 +- 0.006
  GM (km^3/s^2)          = 5959.9155+- 0.004 Geometric Albedo  = 0.63  +- 0.02
                                             V(1,0)            = -1.68

 SATELLITE ORBIT (at J2000.0 epoch, 2000-Jan-1.5):
  Semi-major axis, a (km)~ 422,000           Orbital period    ~ 1.77 d
  Eccentricity, e        ~ 0.00472           Rotational period = Synchronous
  Inclination, i  (deg)  ~ 0.0375
*******************************************************************************


*******************************************************************************
Ephemeris / API_USER Wed Oct  7 06:53:06 2026 Pasadena, USA      / Horizons    
*******************************************************************************
Target body name: Io (501)                        {source: jup365_merged}
Center body name: Earth (399)                     {source: DE441}
Center-site name: (user defined site below)
*******************************************************************************
Start time      : A.D. 2026-Dec-11 18:00:00.0000 UT      
Stop  time      : A.D. 2026-Dec-12 01:00:00.0000 UT      
Step-size       : 1 minutes
*******************************************************************************
Target pole/equ : IAU_IO                          {West-longitude positive}
Target radii    : 1829.4, 1819.4, 1815.7 km       {Equator_a, b, pole_c}       
Center geodetic : 10.75, 59.91, 0.0               {E-lon(deg),Lat(deg),Alt(km)}
Center cylindric: 10.75, 3205.78431, 5495.4568    {E-lon(deg),Dxy(km),Dz(km)}
Center pole/equ : ITRF93                          {East-longitude positive}
Center radii    : 6378.137, 6378.137, 6356.752 km {Equator_a, b, pole_c}       
Target primary  : Jupiter
Vis. interferer : MOON (R_eq= 1737.400) km        {source: DE441}
Rel. light bend : Sun                             {source: jup365_merged}
Rel. lght bnd GM: 1.3271E+11 km^3/s^2                                          
Atmos refraction: NO (AIRLESS)
RA format       : DEG
Time format     : CAL 
Calendar mode   : Mixed Julian/Gregorian
RTS-only print  : NO       
EOP file        : eop.261006.p270102                                           
EOP coverage    : DATA-BASED 1962-JAN-20 TO 2026-OCT-06. PREDICTS-> 2027-JAN-01
Units conversion: 1 au= 149597870.700 km, c= 299792.458 km/s, 1 day= 86400.0 s 
Table cut-offs 1: Elevation (-90.0deg=NO ),Airmass (>38.000=NO), Daylight (NO )
Table cut-offs 2: Solar elongation (  0.0,180.0=NO ),Local Hour Angle( 0.0=NO )
Table cut-offs 3: RA/DEC angular rate (     0.0=NO )                           
Table format    : Comma Separated Values (spreadsheet)
***************************************************************************************************************************************************************************************************************************************
 Date__(UT)__HR:MN:SS, , , R.A.___(ICRF), DEC____(ICRF),  R.A.__(a-app), DEC___(a-app), Azimuth_(a-app), Elevation_(a-app),   X_(sat-prim), Y_(sat-prim), SatPANG,  ang-sep, vis.,  Ang-diam,             delta,     deldot,     S-T-O,
***************************************************************************************************************************************************************************************************************************************
$$SOE
 2026-Dec-11 18:00:00, , , 149.186159774,  13.419522737,  149.554575079,  13.289655441,    31.549026354,     -12.498867346,         82.967,      -33.351, 111.896,  89.4212,    *,  1.035894,  4.86993548622150,-38.2720374,    9.8230,
 2026-Dec-11 18:01:00, , , 149.186112881,  13.419545522,  149.554528465,  13.289678214,    31.789614200,     -12.432847526,         82.787,      -33.275, 111.894,  89.2255,    *,  1.035897,  4.86992014128192,-38.2443272,    9.8230,
 2026-Dec-11 18:02:00, , , 149.186065838,  13.419568366,  149.554481703,  13.289701046,    32.030011310,     -12.366379136,         82.606,      -33.200, 111.892,  89.0292,    *,  1.035900,  4.86990480747466,-38.2165342,    9.8229,
 2026-Dec-11 18:03:00, , , 149.186018646,  13.419591268,  149.554434792,  13.289723936,    32.270217190,     -12.299463701,         82.424,      -33.124, 111.891,  88.8323,    *,  1.035903,  4.86988948483286,-38.1886587,    9.8229,
 2026-Dec-11 18:04:00, , , 149.185971305,  13.419614228,  149.554387733,  13.289746884,    32.510231363,     -12.232102752,         82.242,      -33.048, 111.889,  88.6350,    *,  1.035907,  4.86987417338963,-38.1607008,    9.8228,
 2026-Dec-11 18:05:00, , , 149.185923815,  13.419637245,  149.554340526,  13.289769890,    32.750053371,     -12.164297827,         82.059,      -32.971, 111.887,  88.4370,    *,  1.035910,  4.86985887317799,-38.1326605,    9.8228,
 2026-Dec-11 18:06:00, , , 149.185876177,  13.419660320,  149.554293172,  13.289792954,    32.989682775,     -12.096050468,         81.876,      -32.895, 111.885,  88.2386,    *,  1.035913,  4.86984358423091,-38.1045382,    9.8227,
 2026-Dec-11 18:07:00, , , 149.185828391,  13.419683452,  149.554245671,  13.289816076,    33.229119154,     -12.027362223,         81.693,      -32.818, 111.884,  88.0396,    *,  1.035916,  4.86982830658125,-38.0763339,    9.8227,
 2026-Dec-11 18:08:00, , , 149.185780456,  13.419706642,  149.554198023,  13.289839255,    33.468362105,     -11.958234648,         81.508,      -32.741, 111.882,  87.8400,    *,  1.035920,  4.86981304026193,-38.0480479,    9.8226,
 2026-Dec-11 18:09:00, , , 149.185732375,  13.419729889,  149.554150228,  13.289862492,    33.707411243,     -11.888669300,         81.324,      -32.664, 111.880,  87.6399,    *,  1.035923,  4.86979778530567,-38.0196802,    9.8226,
 2026-Dec-11 18:10:00, , , 149.185684146,  13.419753193,  149.554102286,  13.289885787,    33.946266203,     -11.818667746,         81.139,      -32.587, 111.878,  87.4393,    *,  1.035926,  4.86978254174520,-37.9912310,    9.8225,
 2026-Dec-11 18:11:00, , , 149.185635770,  13.419776554,  149.554054199,  13.289909138,    34.184926638,     -11.748231555,         80.953,      -32.509, 111.876,  87.2381,    *,  1.035929,  4.86976730961316,-37.9627006,    9.8225,
 2026-Dec-11 18:12:00, , , 149.185587248,  13.419799972,  149.554005966,  13.289932547,    34.423392217,     -11.677362303,         80.767,      -32.431, 111.875,  87.0364,    *,  1.035933,  4.86975208894214,-37.9340889,    9.8224,
 2026-Dec-11 18:13:00, , , 149.185538580,  13.419823446,  149.553957588,  13.289956013,    34.661662632,     -11.606061569,         80.580,      -32.354, 111.873,  86.8342,    *,  1.035936,  4.86973687976461,-37.9053963,    9.8224,
 2026-Dec-11 18:14:00, , , 149.185489765,  13.419846977,  149.553909065,  13.289979536,    34.899737586,     -11.534330941,         80.393,      -32.275, 111.871,  86.6314,    *,  1.035939,  4.86972168211310,-37.8766229,    9.8223,
 2026-Dec-11 18:15:00, , , 149.185440805,  13.419870565,  149.553860396,  13.290003115,    35.137616807,     -11.462172007,         80.206,      -32.197, 111.869,  86.4281,    *,  1.035942,  4.86970649601995,-37.8477688,    9.8223,
 2026-Dec-11 18:16:00, , , 149.185391699,  13.419894208,  149.553811584,  13.290026751,    35.375300039,     -11.389586364,         80.017,      -32.119, 111.867,  86.2242,    *,  1.035946,  4.86969132151749,-37.8188342,    9.8222,
 2026-Dec-11 18:17:00, , , 149.185342448,  13.419917908,  149.553762627,  13.290050443,    35.612787041,     -11.316575611,         79.829,      -32.040, 111.865,  86.0199,    *,  1.035949,  4.86967615863798,-37.7898193,    9.8222,
 2026-Dec-11 18:18:00, , , 149.185293053,  13.419941664,  149.553713526,  13.290074192,    35.850077595,     -11.243141353,         79.640,      -31.961, 111.864,  85.8150,    *,  1.035952,  4.86966100741361,-37.7607242,    9.8221,
 2026-Dec-11 18:19:00, , , 149.185243513,  13.419965476,  149.553664282,  13.290097997,    36.087171499,     -11.169285198,         79.450,      -31.882, 111.862,  85.6096,    *,  1.035955,  4.86964586787650,-37.7315491,    9.8220,
 2026-Dec-11 18:20:00, , , 149.185193829,  13.419989343,  149.553614894,  13.290121858,    36.324068567,     -11.095008760,         79.260,      -31.802, 111.860,  85.4036,    *,  1.035959,  4.86963074005867,-37.7022941,    9.8220,
 2026-Dec-11 18:21:00, , , 149.185144001,  13.420013266,  149.553565363,  13.290145774,    36.560768633,     -11.020313657,         79.069,      -31.723, 111.858,  85.1971,    *,  1.035962,  4.86961562399219,-37.6729595,    9.8219,
 2026-Dec-11 18:22:00, , , 149.185094030,  13.420037245,  149.553515690,  13.290169747,    36.797271550,     -10.945201511,         78.878,      -31.643, 111.856,  84.9901,    *,  1.035965,  4.86960051970894,-37.6435454,    9.8219,
 2026-Dec-11 18:23:00, , , 149.185043915,  13.420061278,  149.553465875,  13.290193775,    37.033577185,     -10.869673949,         78.687,      -31.563, 111.854,  84.7826,    *,  1.035968,  4.86958542724078,-37.6140519,    9.8218,
 2026-Dec-11 18:24:00, , , 149.184993658,  13.420085367,  149.553415917,  13.290217859,    37.269685427,     -10.793732600,         78.495,      -31.483, 111.852,  84.5746,    *,  1.035971,  4.86957034661950,-37.5844793,    9.8218,
 2026-Dec-11 18:25:00, , , 149.184943258,  13.420109511,  149.553365818,  13.290241998,    37.505596181,     -10.717379099,         78.302,      -31.403, 111.850,  84.3660,    *,  1.035975,  4.86955527787682,-37.5548276,    9.8217,
 2026-Dec-11 18:26:00, , , 149.184892715,  13.420133710,  149.553315577,  13.290266192,    37.741309369,     -10.640615084,         78.109,      -31.323, 111.848,  84.1569,    *,  1.035978,  4.86954022104437,-37.5250971,    9.8217,
 2026-Dec-11 18:27:00, , , 149.184842031,  13.420157964,  149.553265195,  13.290290441,    37.976824931,     -10.563442198,         77.916,      -31.242, 111.846,  83.9473,    *,  1.035981,  4.86952517615379,-37.4952880,    9.8216,
 2026-Dec-11 18:28:00, , , 149.184791205,  13.420182272,  149.553214673,  13.290314746,    38.212142825,     -10.485862086,         77.722,      -31.161, 111.844,  83.7372,    *,  1.035984,  4.86951014323658,-37.4654004,    9.8216,
 2026-Dec-11 18:29:00, , , 149.184740238,  13.420206635,  149.553164010,  13.290339105,    38.447263026,     -10.407876397,         77.527,      -31.080, 111.842,  83.5266,    *,  1.035987,  4.86949512232419,-37.4354344,    9.8215,
 2026-Dec-11 18:30:00, , , 149.184689130,  13.420231052,  149.553113207,  13.290363519,    38.682185528,     -10.329486784,         77.333,      -30.999, 111.840,  83.3154,    *,  1.035991,  4.86948011344799,-37.4053903,    9.8215,
 2026-Dec-11 18:31:00, , , 149.184637881,  13.420255524,  149.553062264,  13.290387987,    38.916910340,     -10.250694905,         77.137,      -30.917, 111.838,  83.1037,    *,  1.035994,  4.86946511663930,-37.3752682,    9.8214,
 2026-Dec-11 18:32:00, , , 149.184586492,  13.420280049,  149.553011182,  13.290412510,    39.151437491,     -10.171502418,         76.941,      -30.836, 111.836,  82.8916,    *,  1.035997,  4.86945013192937,-37.3450683,    9.8214,
 2026-Dec-11 18:33:00, , , 149.184534963,  13.420304628,  149.552959960,  13.290437087,    39.385767025,     -10.091910986,         76.745,      -30.754, 111.834,  82.6789,    *,  1.036000,  4.86943515934933,-37.3147908,    9.8213,
 2026-Dec-11 18:34:00, , , 149.184483294,  13.420329262,  149.552908600,  13.290461718,    39.619899003,     -10.011922278,         76.548,      -30.672, 111.832,  82.4657,    *,  1.036003,  4.86942019893036,-37.2844357,    9.8213,
 2026-Dec-11 18:35:00, , , 149.184431486,  13.420353948,  149.552857101,  13.290486403,    39.853833506,      -9.931537961,         76.351,      -30.590, 111.830,  82.2520,    *,  1.036006,  4.86940525070346,-37.2540035,    9.8212,
 2026-Dec-11 18:36:00, , , 149.184379538,  13.420378689,  149.552805464,  13.290511142,    40.087570629,      -9.850759708,         76.153,      -30.507, 111.828,  82.0378,    *,  1.036010,  4.86939031469959,-37.2234940,    9.8212,
 2026-Dec-11 18:37:00, , , 149.184327452,  13.420403483,  149.552753688,  13.290535934,    40.321110487,      -9.769589196,         75.955,      -30.425, 111.826,  81.8231,    *,  1.036013,  4.86937539094967,-37.1929077,    9.8211,
 2026-Dec-11 18:38:00, , , 149.184275228,  13.420428329,  149.552701776,  13.290560780,    40.554453209,      -9.688028102,         75.756,      -30.342, 111.824,  81.6079,    *,  1.036016,  4.86936047948449,-37.1622446,    9.8210,
 2026-Dec-11 18:39:00, , , 149.184222866,  13.420453229,  149.552649726,  13.290585680,    40.787598942,      -9.606078108,         75.557,      -30.259, 111.822,  81.3922,    *,  1.036019,  4.86934558033481,-37.1315049,    9.8210,
 2026-Dec-11 18:40:00, , , 149.184170365,  13.420478182,  149.552597539,  13.290610632,    41.020547851,      -9.523740899,         75.358,      -30.176, 111.820,  81.1759,    *,  1.036022,  4.86933069353136,-37.1006888,    9.8209,
 2026-Dec-11 18:41:00, , , 149.184117728,  13.420503188,  149.552545216,  13.290635638,    41.253300117,      -9.441018160,         75.157,      -30.092, 111.818,  80.9592,    *,  1.036026,  4.86931581910471,-37.0697964,    9.8209,
 2026-Dec-11 18:42:00, , , 149.184064953,  13.420528246,  149.552492756,  13.290660697,    41.485855936,      -9.357911581,         74.957,      -30.009, 111.816,  80.7420,    *,  1.036029,  4.86930095708542,-37.0388280,    9.8208,
 2026-Dec-11 18:43:00, , , 149.184012042,  13.420553357,  149.552440161,  13.290685809,    41.718215523,      -9.274422854,         74.756,      -29.925, 111.814,  80.5243,    *,  1.036032,  4.86928610750396,-37.0077837,    9.8208,
 2026-Dec-11 18:44:00, , , 149.183958994,  13.420578521,  149.552387430,  13.290710973,    41.950379108,      -9.190553674,         74.554,      -29.841, 111.812,  80.3061,    *,  1.036035,  4.86927127039072,-36.9766637,    9.8207,
 2026-Dec-11 18:45:00, , , 149.183905810,  13.420603736,  149.552334563,  13.290736190,    42.182346940,      -9.106305738,         74.353,      -29.757, 111.809,  80.0874,    *,  1.036038,  4.86925644577604,-36.9454682,    9.8207,
 2026-Dec-11 18:46:00, , , 149.183852491,  13.420629004,  149.552281562,  13.290761459,    42.414119281,      -9.021680743,         74.150,      -29.673, 111.807,  79.8682,    *,  1.036041,  4.86924163369013,-36.9141973,    9.8206,
 2026-Dec-11 18:47:00, , , 149.183799036,  13.420654323,  149.552228426,  13.290786780,    42.645696411,      -8.936680392,         73.947,      -29.589, 111.805,  79.6485,    *,  1.036044,  4.86922683416325,-36.8828513,    9.8206,
 2026-Dec-11 18:48:00, , , 149.183745446,  13.420679694,  149.552175156,  13.290812154,    42.877078625,      -8.851306389,         73.744,      -29.504, 111.803,  79.4283,    *,  1.036048,  4.86921204722548,-36.8514303,    9.8205,
 2026-Dec-11 18:49:00, , , 149.183691721,  13.420705117,  149.552121752,  13.290837580,    43.108266237,      -8.765560438,         73.540,      -29.419, 111.801,  79.2077,    *,  1.036051,  4.86919727290684,-36.8199345,    9.8205,
 2026-Dec-11 18:50:00, , , 149.183637862,  13.420730592,  149.552068214,  13.290863057,    43.339259575,      -8.679444247,         73.336,      -29.334, 111.799,  78.9865,    *,  1.036054,  4.86918251123730,-36.7883641,    9.8204,
 2026-Dec-11 18:51:00, , , 149.183583869,  13.420756117,  149.552014544,  13.290888586,    43.570058982,      -8.592959526,         73.131,      -29.249, 111.796,  78.7649,    *,  1.036057,  4.86916776224678,-36.7567193,    9.8204,
 2026-Dec-11 18:52:00, , , 149.183529742,  13.420781694,  149.551960740,  13.290914166,    43.800664821,      -8.506107987,         72.926,      -29.164, 111.794,  78.5428,    *,  1.036060,  4.86915302596503,-36.7250002,    9.8203,
 2026-Dec-11 18:53:00, , , 149.183475482,  13.420807322,  149.551906803,  13.290939798,    44.031077465,      -8.418891342,         72.721,      -29.078, 111.792,  78.3201,    *,  1.036063,  4.86913830242189,-36.6932070,    9.8203,
 2026-Dec-11 18:54:00, , , 149.183421089,  13.420833001,  149.551852735,  13.290965482,    44.261297307,      -8.331311307,         72.515,      -28.993, 111.790,  78.0971,    *,  1.036066,  4.86912359164697,-36.6613399,    9.8202,
 2026-Dec-11 18:55:00, , , 149.183366563,  13.420858731,  149.551798534,  13.290991216,    44.491324755,      -8.243369598,         72.308,      -28.907, 111.787,  77.8735,    *,  1.036070,  4.86910889366990,-36.6293992,    9.8201,
 2026-Dec-11 18:56:00, , , 149.183311905,  13.420884511,  149.551744202,  13.291017001,    44.721160232,      -8.155067935,         72.102,      -28.821, 111.785,  77.6494,    *,  1.036073,  4.86909420852018,-36.5973849,    9.8201,
 2026-Dec-11 18:57:00, , , 149.183257114,  13.420910342,  149.551689738,  13.291042837,    44.950804177,      -8.066408036,         71.894,      -28.734, 111.783,  77.4249,    *,  1.036076,  4.86907953622727,-36.5652973,    9.8200,
 2026-Dec-11 18:58:00, , , 149.183202193,  13.420936223,  149.551635144,  13.291068723,    45.180257043,      -7.977391623,         71.686,      -28.648, 111.780,  77.1999,    *,  1.036079,  4.86906487682054,-36.5331366,    9.8200,
 2026-Dec-11 18:59:00, , , 149.183147139,  13.420962154,  149.551580419,  13.291094660,    45.409519302,      -7.888020420,         71.478,      -28.561, 111.778,  76.9744,    *,  1.036082,  4.86905023032927,-36.5009029,    9.8199,
 2026-Dec-11 19:00:00, , , 149.183091955,  13.420988135,  149.551525564,  13.291120648,    45.638591437,      -7.798296149,         71.270,      -28.475, 111.776,  76.7485,    *,  1.036085,  4.86903559678273,-36.4685964,    9.8199,
 2026-Dec-11 19:01:00, , , 149.183036641,  13.421014166,  149.551470580,  13.291146685,    45.867473948,      -7.708220539,         71.060,      -28.388, 111.773,  76.5220,    *,  1.036088,  4.86902097621005,-36.4362174,    9.8198,
 2026-Dec-11 19:02:00, , , 149.182981196,  13.421040247,  149.551415465,  13.291172773,    46.096167351,      -7.617795314,         70.851,      -28.301, 111.771,  76.2951,    *,  1.036091,  4.86900636864030,-36.4037659,    9.8198,
 2026-Dec-11 19:03:00, , , 149.182925621,  13.421066377,  149.551360222,  13.291198910,    46.324672176,      -7.527022203,         70.641,      -28.213, 111.769,  76.0678,    *,  1.036094,  4.86899177410249,-36.3712423,    9.8197,
 2026-Dec-11 19:04:00, , , 149.182869916,  13.421092557,  149.551304850,  13.291225097,    46.552988968,      -7.435902935,         70.431,      -28.126, 111.766,  75.8399,    *,  1.036098,  4.86897719262553,-36.3386466,    9.8197,
 2026-Dec-11 19:05:00, , , 149.182814083,  13.421118786,  149.551249349,  13.291251334,    46.781118287,      -7.344439242,         70.220,      -28.038, 111.764,  75.6116,    *,  1.036101,  4.86896262423824,-36.3059791,    9.8196,
 2026-Dec-11 19:06:00, , , 149.182758120,  13.421145064,  149.551193720,  13.291277620,    47.009060708,      -7.252632853,         70.008,      -27.951, 111.761,  75.3829,    *,  1.036104,  4.86894806896945,-36.2732400,    9.8196,
 2026-Dec-11 19:07:00, , , 149.182702029,  13.421171391,  149.551137963,  13.291303956,    47.236816822,      -7.160485502,         69.797,      -27.863, 111.759,  75.1536,    *,  1.036107,  4.86893352684783,-36.2404294,    9.8195,
 2026-Dec-11 19:08:00, , , 149.182645810,  13.421197767,  149.551082079,  13.291330340,    47.464387231,      -7.067998922,         69.585,      -27.774, 111.757,  74.9239,    *,  1.036110,  4.86891899790199,-36.2075475,    9.8194,
 2026-Dec-11 19:09:00, , , 149.182589463,  13.421224191,  149.551026068,  13.291356774,    47.691772555,      -6.975174847,         69.372,      -27.686, 111.754,  74.6938,    *,  1.036113,  4.86890448216049,-36.1745946,    9.8194,
 2026-Dec-11 19:10:00, , , 149.182532989,  13.421250664,  149.550969930,  13.291383256,    47.918973427,      -6.882015012,         69.159,      -27.598, 111.752,  74.4632,    *,  1.036116,  4.86888997965177,-36.1415709,    9.8193,
 2026-Dec-11 19:11:00, , , 149.182476387,  13.421277185,  149.550913666,  13.291409787,    48.145990494,      -6.788521153,         68.946,      -27.509, 111.749,  74.2321,    *,  1.036119,  4.86887549040423,-36.1084764,    9.8193,
 2026-Dec-11 19:12:00, , , 149.182419659,  13.421303755,  149.550857276,  13.291436367,    48.372824420,      -6.694695007,         68.732,      -27.420, 111.747,  74.0005,    *,  1.036122,  4.86886101444615,-36.0753115,    9.8192,
 2026-Dec-11 19:13:00, , , 149.182362805,  13.421330373,  149.550800760,  13.291462994,    48.599475878,      -6.600538310,         68.518,      -27.331, 111.744,  73.7685,    *,  1.036125,  4.86884655180581,-36.0420763,    9.8192,
 2026-Dec-11 19:14:00, , , 149.182305824,  13.421357038,  149.550744119,  13.291489671,    48.825945561,      -6.506052801,         68.303,      -27.242, 111.742,  73.5361,    *,  1.036128,  4.86883210251135,-36.0087710,    9.8191,
 2026-Dec-11 19:15:00, , , 149.182248718,  13.421383751,  149.550687353,  13.291516395,    49.052234171,      -6.411240217,         68.088,      -27.153, 111.739,  73.3032,    *,  1.036132,  4.86881766659083,-35.9753958,    9.8191,
 2026-Dec-11 19:16:00, , , 149.182191486,  13.421410512,  149.550630462,  13.291543167,    49.278342428,      -6.316102299,         67.872,      -27.063, 111.736,  73.0699,    *,  1.036135,  4.86880324407226,-35.9419508,    9.8190,
 2026-Dec-11 19:17:00, , , 149.182134130,  13.421437320,  149.550573448,  13.291569987,    49.504271062,      -6.220640785,         67.656,      -26.974, 111.734,  72.8361,    *,  1.036138,  4.86878883498355,-35.9084364,    9.8190,
 2026-Dec-11 19:18:00, , , 149.182076649,  13.421464175,  149.550516309,  13.291596854,    49.730020822,      -6.124857415,         67.440,      -26.884, 111.731,  72.6018,    *,  1.036141,  4.86877443935251,-35.8748527,    9.8189,
 2026-Dec-11 19:19:00, , , 149.182019044,  13.421491078,  149.550459047,  13.291623769,    49.955592465,      -6.028753930,         67.223,      -26.794, 111.729,  72.3671,    *,  1.036144,  4.86876005720698,-35.8411998,    9.8189,
 2026-Dec-11 19:20:00, , , 149.181961315,  13.421518027,  149.550401661,  13.291650731,    50.180986764,      -5.932332071,         67.006,      -26.704, 111.726,  72.1320,    *,  1.036147,  4.86874568857459,-35.8074780,    9.8188,
 2026-Dec-11 19:21:00, , , 149.181903463,  13.421545023,  149.550344153,  13.291677740,    50.406204508,      -5.835593578,         66.788,      -26.613, 111.723,  71.8964,    *,  1.036150,  4.86873133348295,-35.7736875,    9.8187,
 2026-Dec-11 19:22:00, , , 149.181845487,  13.421572066,  149.550286523,  13.291704796,    50.631246495,      -5.738540191,         66.570,      -26.523, 111.721,  71.6603,    *,  1.036153,  4.86871699195959,-35.7398285,    9.8187,
 2026-Dec-11 19:23:00, , , 149.181787389,  13.421599156,  149.550228770,  13.291731899,    50.856113539,      -5.641173655,         66.352,      -26.432, 111.718,  71.4239,    *,  1.036156,  4.86870266403195,-35.7059011,    9.8186,
 2026-Dec-11 19:24:00, , , 149.181729168,  13.421626291,  149.550170896,  13.291759049,    51.080806468,      -5.543495708,         66.133,      -26.341, 111.715,  71.1870,    *,  1.036159,  4.86868834972736,-35.6719057,    9.8186,
 2026-Dec-11 19:25:00, , , 149.181670826,  13.421653473,  149.550112901,  13.291786245,    51.305326120,      -5.445508095,         65.914,      -26.250, 111.713,  70.9496,    *,  1.036162,  4.86867404907317,-35.6378423,    9.8185,
 2026-Dec-11 19:26:00, , , 149.181612362,  13.421680701,  149.550054784,  13.291813487,    51.529673349,      -5.347212556,         65.694,      -26.159, 111.710,  70.7118,    *,  1.036165,  4.86865976209655,-35.6037111,    9.8185,
 2026-Dec-11 19:27:00, , , 149.181553776,  13.421707975,  149.549996547,  13.291840776,    51.753849021,      -5.248610833,         65.474,      -26.068, 111.707,  70.4736,    *,  1.036168,  4.86864548882463,-35.5695125,    9.8184,
 2026-Dec-11 19:28:00, , , 149.181495070,  13.421735294,  149.549938190,  13.291868110,    51.977854015,      -5.149704669,         65.254,      -25.976, 111.704,  70.2349,    *,  1.036171,  4.86863122928444,-35.5352465,    9.8184,
 2026-Dec-11 19:29:00, , , 149.181436243,  13.421762659,  149.549879712,  13.291895491,    52.201689224,      -5.050495806,         65.033,      -25.885, 111.701,  69.9959,    *,  1.036174,  4.86861698350295,-35.5009134,    9.8183,
 2026-Dec-11 19:30:00, , , 149.181377296,  13.421790069,  149.549821116,  13.291922917,    52.425355550,      -4.950985985,         64.812,      -25.793, 111.699,  69.7563,    *,  1.036177,  4.86860275150705,-35.4665134,    9.8183,
 2026-Dec-11 19:31:00, , , 149.181318229,  13.421817525,  149.549762400,  13.291950388,    52.648853914,      -4.851176949,         64.590,      -25.701, 111.696,  69.5164,    *,  1.036180,  4.86858853332349,-35.4320466,    9.8182,
 2026-Dec-11 19:32:00, , , 149.181259043,  13.421845025,  149.549703565,  13.291977905,    52.872185243,      -4.751070440,         64.368,      -25.609, 111.693,  69.2760,    *,  1.036183,  4.86857432897905,-35.3975134,    9.8182,
 2026-Dec-11 19:33:00, , , 149.181199738,  13.421872571,  149.549644613,  13.292005468,    53.095350480,      -4.650668199,         64.145,      -25.517, 111.690,  69.0352,    *,  1.036186,  4.86856013850036,-35.3629138,    9.8181,
 2026-Dec-11 19:34:00, , , 149.181140314,  13.421900161,  149.549585542,  13.292033075,    53.318350580,      -4.549971968,         63.923,      -25.424, 111.687,  68.7940,    *,  1.036189,  4.86854596191396,-35.3282482,    9.8180,
 2026-Dec-11 19:35:00, , , 149.181080772,  13.421927796,  149.549526353,  13.292060727,    53.541186511,      -4.448983488,         63.699,      -25.332, 111.684,  68.5523,    *,  1.036192,  4.86853179924631,-35.2935166,    9.8180,
 2026-Dec-11 19:36:00, , , 149.181021112,  13.421955475,  149.549467047,  13.292088424,    53.763859253,      -4.347704501,         63.476,      -25.239, 111.681,  68.3102,    *,  1.036195,  4.86851765052382,-35.2587193,    9.8179,
 2026-Dec-11 19:37:00, , , 149.180961334,  13.421983199,  149.549407625,  13.292116166,    53.986369796,      -4.246136747,         63.252,      -25.146, 111.678,  68.0677,    *,  1.036198,  4.86850351577276,-35.2238566,    9.8179,
 2026-Dec-11 19:38:00, , , 149.180901440,  13.422010966,  149.549348085,  13.292143952,    54.208719146,      -4.144281967,         63.027,      -25.053, 111.675,  67.8248,    *,  1.036201,  4.86848939501941,-35.1889285,    9.8178,
 2026-Dec-11 19:39:00, , , 149.180841428,  13.422038778,  149.549288430,  13.292171782,    54.430908316,      -4.042141902,         62.802,      -24.960, 111.672,  67.5815,    *,  1.036204,  4.86847528828989,-35.1539354,    9.8178,
 2026-Dec-11 19:40:00, , , 149.180781301,  13.422066633,  149.549228659,  13.292199656,    54.652938337,      -3.939718291,         62.577,      -24.866, 111.669,  67.3377,    *,  1.036207,  4.86846119561026,-35.1188774,    9.8177,
 2026-Dec-11 19:41:00, , , 149.180721057,  13.422094532,  149.549168773,  13.292227574,    54.874810246,      -3.837012874,         62.352,      -24.773, 111.666,  67.0935,    *,  1.036210,  4.86844711700650,-35.0837548,    9.8177,
 2026-Dec-11 19:42:00, , , 149.180660698,  13.422122474,  149.549108771,  13.292255536,    55.096525097,      -3.734027391,         62.126,      -24.679, 111.663,  66.8489,    *,  1.036213,  4.86843305250448,-35.0485677,    9.8176,
 2026-Dec-11 19:43:00, , , 149.180600223,  13.422150459,  149.549048655,  13.292283542,    55.318083952,      -3.630763580,         61.899,      -24.586, 111.660,  66.6039,    *,  1.036216,  4.86841900213004,-35.0133163,    9.8176,
 2026-Dec-11 19:44:00, , , 149.180539634,  13.422178488,  149.548988425,  13.292311591,    55.539487887,      -3.527223179,         61.673,      -24.492, 111.657,  66.3585,    *,  1.036219,  4.86840496590886,-34.9780010,    9.8175,
 2026-Dec-11 19:45:00, , , 149.180478930,  13.422206560,  149.548928081,  13.292339683,    55.760737987,      -3.423407927,         61.446,      -24.397, 111.654,  66.1127,    *,  1.036222,  4.86839094386665,-34.9426217,    9.8174,
 2026-Dec-11 19:46:00, , , 149.180418112,  13.422234674,  149.548867623,  13.292367819,    55.981835350,      -3.319319561,         61.218,      -24.303, 111.651,  65.8665,    *,  1.036225,  4.86837693602893,-34.9071789,    9.8174,
 2026-Dec-11 19:47:00, , , 149.180357180,  13.422262831,  149.548807052,  13.292395997,    56.202781087,      -3.214959819,         60.990,      -24.209, 111.647,  65.6199,    *,  1.036228,  4.86836294242117,-34.8716727,    9.8173,
 2026-Dec-11 19:48:00, , , 149.180296135,  13.422291031,  149.548746369,  13.292424218,    56.423576317,      -3.110330436,         60.762,      -24.114, 111.644,  65.3728,    *,  1.036231,  4.86834896306877,-34.8361032,    9.8173,
 2026-Dec-11 19:49:00, , , 149.180234977,  13.422319273,  149.548685573,  13.292452482,    56.644222173,      -3.005433148,         60.533,      -24.020, 111.641,  65.1254,    *,  1.036234,  4.86833499799702,-34.8004708,    9.8172,
 2026-Dec-11 19:50:00, , , 149.180173707,  13.422347557,  149.548624665,  13.292480788,    56.864719798,      -2.900269691,         60.304,      -23.925, 111.638,  64.8776,    *,  1.036237,  4.86832104723113,-34.7647756,    9.8172,
 2026-Dec-11 19:51:00, , , 149.180112324,  13.422375882,  149.548563646,  13.292509137,    57.085070347,      -2.794841800,         60.075,      -23.830, 111.634,  64.6293,    *,  1.036240,  4.86830711079628,-34.7290179,    9.8171,
 2026-Dec-11 19:52:00, , , 149.180050830,  13.422404250,  149.548502516,  13.292537528,    57.305274984,      -2.689151209,         59.845,      -23.735, 111.631,  64.3807,    *,  1.036243,  4.86829318871749,-34.6931978,    9.8171,
 2026-Dec-11 19:53:00, , , 149.179989224,  13.422432660,  149.548441274,  13.292565960,    57.525334885,      -2.583199652,         59.615,      -23.639, 111.628,  64.1316,    *,  1.036246,  4.86827928101972,-34.6573155,    9.8170,
 2026-Dec-11 19:54:00, , , 149.179927508,  13.422461110,  149.548379923,  13.292594435,    57.745251239,      -2.476988860,         59.385,      -23.544, 111.624,  63.8822,    *,  1.036249,  4.86826538772785,-34.6213714,    9.8170,
 2026-Dec-11 19:55:00, , , 149.179865681,  13.422489603,  149.548318461,  13.292622951,    57.965025243,      -2.370520568,         59.154,      -23.448, 111.621,  63.6324,    *,  1.036252,  4.86825150886669,-34.5853655,    9.8169,
 2026-Dec-11 19:56:00, , , 149.179803743,  13.422518136,  149.548256890,  13.292651508,    58.184658105,      -2.263796506,         58.923,      -23.352, 111.617,  63.3822,    *,  1.036255,  4.86823764446092,-34.5492981,    9.8168,
 2026-Dec-11 19:57:00, , , 149.179741696,  13.422546710,  149.548195209,  13.292680107,    58.404151046,      -2.156818405,         58.691,      -23.257, 111.614,  63.1315,    *,  1.036258,  4.86822379453515,-34.5131695,    9.8168,
 2026-Dec-11 19:58:00, , , 149.179679540,  13.422575325,  149.548133420,  13.292708747,    58.623505295,      -2.049587996,         58.459,      -23.161, 111.611,  62.8806,    *,  1.036261,  4.86820995911395,-34.4769798,    9.8167,
 2026-Dec-11 19:59:00, , , 149.179617274,  13.422603981,  149.548071522,  13.292737428,    58.842722093,      -1.942107009,         58.227,      -23.064, 111.607,  62.6292,    *,  1.036264,  4.86819613822176,-34.4407292,    9.8167,
 2026-Dec-11 20:00:00, , , 149.179554900,  13.422632677,  149.548009516,  13.292766150,    59.061802690,      -1.834377172,         57.994,      -22.968, 111.603,  62.3774,    *,  1.036267,  4.86818233188294,-34.4044180,    9.8166,
 2026-Dec-11 20:01:00, , , 149.179492417,  13.422661414,  149.547947403,  13.292794912,    59.280748348,      -1.726400213,         57.761,      -22.872, 111.600,  62.1252,    *,  1.036270,  4.86816854012175,-34.3680465,    9.8166,
 2026-Dec-11 20:02:00, , , 149.179429827,  13.422690190,  149.547885182,  13.292823715,    59.499560339,      -1.618177860,         57.528,      -22.775, 111.596,  61.8727,    *,  1.036273,  4.86815476296238,-34.3316147,    9.8165,
 2026-Dec-11 20:03:00, , , 149.179367130,  13.422719007,  149.547822854,  13.292852558,    59.718239945,      -1.509711839,         57.294,      -22.678, 111.593,  61.6198,    *,  1.036276,  4.86814100042890,-34.2951229,    9.8165,
 2026-Dec-11 20:04:00, , , 149.179304325,  13.422747863,  149.547760420,  13.292881441,    59.936788458,      -1.401003878,         57.060,      -22.581, 111.589,  61.3665,    *,  1.036278,  4.86812725254539,-34.2585714,    9.8164,
 2026-Dec-11 20:05:00, , , 149.179241414,  13.422776759,  149.547697880,  13.292910364,    60.155207180,      -1.292055700,         56.826,      -22.484, 111.585,  61.1128,    *,  1.036281,  4.86811351933574,-34.2219603,    9.8163,
 2026-Dec-11 20:06:00, , , 149.179178397,  13.422805695,  149.547635234,  13.292939327,    60.373497423,      -1.182869031,         56.591,      -22.387, 111.582,  60.8587,    *,  1.036284,  4.86809980082378,-34.1852899,    9.8163,
 2026-Dec-11 20:07:00, , , 149.179115273,  13.422834670,  149.547572483,  13.292968330,    60.591660510,      -1.073445593,         56.356,      -22.290, 111.578,  60.6043,    *,  1.036287,  4.86808609703325,-34.1485604,    9.8162,
 2026-Dec-11 20:08:00, , , 149.179052045,  13.422863684,  149.547509627,  13.292997372,    60.809697773,      -0.963787111,         56.120,      -22.193, 111.574,  60.3495,    *,  1.036290,  4.86807240798783,-34.1117720,    9.8162,
 2026-Dec-11 20:09:00, , , 149.178988711,  13.422892736,  149.547446666,  13.293026453,    61.027610554,      -0.853895305,         55.884,      -22.095, 111.570,  60.0943,    *,  1.036293,  4.86805873371109,-34.0749250,    9.8161,
 2026-Dec-11 20:10:00, , , 149.178925273,  13.422921828,  149.547383601,  13.293055573,    61.245400206,      -0.743771898,         55.648,      -21.997, 111.567,  59.8388,    *,  1.036296,  4.86804507422648,-34.0380195,    9.8161,
 2026-Dec-11 20:11:00, , , 149.178861730,  13.422950958,  149.547320433,  13.293084733,    61.463068088,      -0.633418610,         55.412,      -21.900, 111.563,  59.5828,    *,  1.036299,  4.86803142955744,-34.0010558,    9.8160,
 2026-Dec-11 20:12:00, ,r, 149.178798084,  13.422980127,  149.547257161,  13.293113931,    61.680615574,      -0.522837160,         55.175,      -21.802, 111.559,  59.3265,    *,  1.036302,  4.86801779972727,-33.9640341,    9.8160,
 2026-Dec-11 20:13:00, , , 149.178734334,  13.423009334,  149.547193786,  13.293143168,    61.898044043,      -0.412029269,         54.938,      -21.703, 111.555,  59.0699,    *,  1.036305,  4.86800418475917,-33.9269546,    9.8159,
 2026-Dec-11 20:14:00, , , 149.178670482,  13.423038579,  149.547130309,  13.293172443,    62.115354886,      -0.300996653,         54.700,      -21.605, 111.551,  58.8129,    *,  1.036308,  4.86799058467627,-33.8898175,    9.8159,
 2026-Dec-11 20:15:00, , , 149.178606526,  13.423067862,  149.547066730,  13.293201756,    62.332549503,      -0.189741031,         54.462,      -21.507, 111.547,  58.5555,    *,  1.036310,  4.86797699950161,-33.8526232,    9.8158,
 2026-Dec-11 20:16:00, , , 149.178542469,  13.423097183,  149.547003049,  13.293231107,    62.549629304,      -0.078264119,         54.224,      -21.408, 111.543,  58.2977,    *,  1.036313,  4.86796342925811,-33.8153717,    9.8157,
 2026-Dec-11 20:17:00, , , 149.178478310,  13.423126541,  149.546939267,  13.293260497,    62.766595707,       0.033432368,         53.985,      -21.310, 111.539,  58.0396,    *,  1.036316,  4.86794987396869,-33.7780633,    9.8157,
 2026-Dec-11 20:18:00, , , 149.178414049,  13.423155937,  149.546875384,  13.293289924,    62.983450139,       0.145346714,         53.747,      -21.211, 111.535,  57.7812,    *,  1.036319,  4.86793633365608,-33.7406983,    9.8156,
 2026-Dec-11 20:19:00, , , 149.178349688,  13.423185370,  149.546811400,  13.293319389,    63.200194038,       0.257477205,         53.507,      -21.112, 111.530,  57.5224,    *,  1.036322,  4.86792280834297,-33.7032768,    9.8156,
 2026-Dec-11 20:20:00, , , 149.178285226,  13.423214840,  149.546747316,  13.293348891,    63.416828852,       0.369822128,         53.268,      -21.013, 111.526,  57.2632,    *,  1.036325,  4.86790929805195,-33.6657992,    9.8155,
 2026-Dec-11 20:21:00, , , 149.178220664,  13.423244347,  149.546683133,  13.293378430,    63.633356035,       0.482379770,         53.028,      -20.914, 111.522,  57.0037,    *,  1.036328,  4.86789580280551,-33.6282655,    9.8155,
 2026-Dec-11 20:22:00, , , 149.178156002,  13.423273891,  149.546618850,  13.293408006,    63.849777051,       0.595148418,         52.788,      -20.815, 111.518,  56.7438,    *,  1.036331,  4.86788232262606,-33.5906761,    9.8154,
 2026-Dec-11 20:23:00, , , 149.178091241,  13.423303472,  149.546554469,  13.293437619,    64.066093375,       0.708126364,         52.547,      -20.715, 111.513,  56.4836,    *,  1.036333,  4.86786885753588,-33.5530312,    9.8154,
 2026-Dec-11 20:24:00, , , 149.178026381,  13.423333088,  149.546489989,  13.293467269,    64.282306490,       0.821311895,         52.306,      -20.616, 111.509,  56.2230,    *,  1.036336,  4.86785540755727,-33.5153309,    9.8153,
 2026-Dec-11 20:25:00, , , 149.177961422,  13.423362741,  149.546425411,  13.293496956,    64.498417885,       0.934703302,         52.065,      -20.516, 111.505,  55.9621,    *,  1.036339,  4.86784197271233,-33.4775756,    9.8152,
 2026-Dec-11 20:26:00, , , 149.177896366,  13.423392430,  149.546360736,  13.293526678,    64.714429063,       1.048298877,         51.824,      -20.416, 111.500,  55.7008,    *,  1.036342,  4.86782855302309,-33.4397654,    9.8152,
 2026-Dec-11 20:27:00, , , 149.177831211,  13.423422155,  149.546295963,  13.293556437,    64.930341532,       1.162096913,         51.582,      -20.316, 111.496,  55.4392,    *,  1.036345,  4.86781514851153,-33.4019006,    9.8151,
 2026-Dec-11 20:28:00, , , 149.177765960,  13.423451915,  149.546231093,  13.293586232,    65.146156809,       1.276095700,         51.340,      -20.216, 111.491,  55.1772,    *,  1.036348,  4.86780175919949,-33.3639814,    9.8151,
 2026-Dec-11 20:29:00, , , 149.177700612,  13.423481711,  149.546166127,  13.293616063,    65.361876423,       1.390293533,         51.097,      -20.116, 111.487,  54.9149,    *,  1.036351,  4.86778838510871,-33.3260080,    9.8150,
 2026-Dec-11 20:30:00, , , 149.177635167,  13.423511543,  149.546101065,  13.293645929,    65.577501908,       1.504688707,         50.855,      -20.016, 111.482,  54.6523,    *,  1.036353,  4.86777502626093,-33.2879807,    9.8150,
 2026-Dec-11 20:31:00, , , 149.177569626,  13.423541409,  149.546035908,  13.293675831,    65.793034808,       1.619279516,         50.611,      -19.915, 111.477,  54.3893,    *,  1.036356,  4.86776168267770,-33.2498997,    9.8149,
 2026-Dec-11 20:32:00, , , 149.177503990,  13.423571311,  149.545970655,  13.293705769,    66.008476674,       1.734064257,         50.368,      -19.815, 111.473,  54.1260,    *,  1.036359,  4.86774835438053,-33.2117653,    9.8149,
 2026-Dec-11 20:33:00, , , 149.177438259,  13.423601247,  149.545905308,  13.293735741,    66.223829070,       1.849041224,         50.124,      -19.714, 111.468,  53.8624,    *,  1.036362,  4.86773504139080,-33.1735776,    9.8148,
 2026-Dec-11 20:34:00, , , 149.177372433,  13.423631218,  149.545839866,  13.293765748,    66.439093562,       1.964208717,         49.880,      -19.613, 111.463,  53.5984,    *,  1.036365,  4.86772174372982,-33.1353368,    9.8147,
 2026-Dec-11 20:35:00, , , 149.177306512,  13.423661223,  149.545774331,  13.293795790,    66.654271731,       2.079565031,         49.636,      -19.512, 111.458,  53.3341,    *,  1.036368,  4.86770846141882,-33.0970433,    9.8147,
 2026-Dec-11 20:36:00, , , 149.177240498,  13.423691263,  149.545708702,  13.293825867,    66.869365161,       2.195108467,         49.391,      -19.411, 111.454,  53.0694,    *,  1.036370,  4.86769519447888,-33.0586972,    9.8146,
 2026-Dec-11 20:37:00, , , 149.177174390,  13.423721337,  149.545642980,  13.293855978,    67.084375446,       2.310837323,         49.146,      -19.310, 111.449,  52.8045,    *,  1.036373,  4.86768194293109,-33.0202988,    9.8146,
 2026-Dec-11 20:38:00, , , 149.177108189,  13.423751445,  149.545577165,  13.293886123,    67.299304191,       2.426749899,         48.901,      -19.209, 111.444,  52.5392,    *,  1.036376,  4.86766870679636,-32.9818484,    9.8145,
 2026-Dec-11 20:39:00, , , 149.177041896,  13.423781586,  149.545511258,  13.293916303,    67.514153005,       2.542844496,         48.656,      -19.108, 111.439,  52.2736,    *,  1.036379,  4.86765548609552,-32.9433460,    9.8145,
 2026-Dec-11 20:40:00, , , 149.176975511,  13.423811761,  149.545445259,  13.293946516,    67.728923508,       2.659119413,         48.410,      -19.006, 111.434,  52.0076,    *,  1.036382,  4.86764228084933,-32.9047921,    9.8144,
 2026-Dec-11 20:41:00, , , 149.176909033,  13.423841970,  149.545379169,  13.293976763,    67.943617327,       2.775572955,         48.164,      -18.904, 111.428,  51.7414,    *,  1.036385,  4.86762909107845,-32.8661868,    9.8144,
 2026-Dec-11 20:42:00, , , 149.176842464,  13.423872211,  149.545312988,  13.294007043,    68.158236098,       2.892203422,         47.917,      -18.803, 111.423,  51.4748,    *,  1.036387,  4.86761591680340,-32.8275303,    9.8143,
 2026-Dec-11 20:43:00, , , 149.176775805,  13.423902486,  149.545246716,  13.294037357,    68.372781463,       3.009009117,         47.671,      -18.701, 111.418,  51.2079,    *,  1.036390,  4.86760275804470,-32.7888229,    9.8142,
 2026-Dec-11 20:44:00, , , 149.176709055,  13.423932793,  149.545180354,  13.294067704,    68.587255074,       3.125988344,         47.424,      -18.599, 111.413,  50.9407,    *,  1.036393,  4.86758961482271,-32.7500648,    9.8142,
 2026-Dec-11 20:45:00, , , 149.176642215,  13.423963134,  149.545113902,  13.294098084,    68.801658591,       3.243139408,         47.176,      -18.497, 111.407,  50.6732,    *,  1.036396,  4.86757648715770,-32.7112563,    9.8141,
 2026-Dec-11 20:46:00, , , 149.176575285,  13.423993507,  149.545047362,  13.294128497,    69.015993680,       3.360460611,         46.929,      -18.395, 111.402,  50.4053,    *,  1.036399,  4.86756337506985,-32.6723975,    9.8141,
 2026-Dec-11 20:47:00, , , 149.176508266,  13.424023912,  149.544980732,  13.294158943,    69.230262018,       3.477950260,         46.681,      -18.292, 111.396,  50.1372,    *,  1.036401,  4.86755027857927,-32.6334888,    9.8140,
 2026-Dec-11 20:48:00, , , 149.176441158,  13.424054349,  149.544914014,  13.294189421,    69.444465286,       3.595606660,         46.432,      -18.190, 111.391,  49.8687,    *,  1.036404,  4.86753719770590,-32.5945304,    9.8140,
 2026-Dec-11 20:49:00, , , 149.176373962,  13.424084818,  149.544847208,  13.294219931,    69.658605176,       3.713428117,         46.184,      -18.087, 111.385,  49.6000,    *,  1.036407,  4.86752413246971,-32.5555224,    9.8139,
 2026-Dec-11 20:50:00, , , 149.176306678,  13.424115319,  149.544780314,  13.294250473,    69.872683386,       3.831412938,         45.935,      -17.985, 111.380,  49.3309,    *,  1.036410,  4.86751108289047,-32.5164652,    9.8138,
 2026-Dec-11 20:51:00, , , 149.176239306,  13.424145852,  149.544713333,  13.294281048,    70.086701623,       3.949559429,         45.686,      -17.882, 111.374,  49.0615,    *,  1.036412,  4.86749804898789,-32.4773590,    9.8138,
 2026-Dec-11 20:52:00, , , 149.176171847,  13.424176416,  149.544646265,  13.294311654,    70.300661600,       4.067865898,         45.437,      -17.779, 111.368,  48.7918,    *,  1.036415,  4.86748503078159,-32.4382039,    9.8137,
 2026-Dec-11 20:53:00, , , 149.176104302,  13.424207011,  149.544579111,  13.294342291,    70.514565039,       4.186330652,         45.187,      -17.676, 111.362,  48.5219,    *,  1.036418,  4.86747202829108,-32.3990003,    9.8137,
 2026-Dec-11 20:54:00, , , 149.176036671,  13.424237638,  149.544511872,  13.294372960,    70.728413670,       4.304952000,         44.937,      -17.573, 111.356,  48.2516,    *,  1.036421,  4.86745904153579,-32.3597485,    9.8136,
 2026-Dec-11 20:55:00, , , 149.175968953,  13.424268295,  149.544444546,  13.294403661,    70.942209229,       4.423728250,         44.687,      -17.470, 111.351,  47.9810,    *,  1.036423,  4.86744607053502,-32.3204485,    9.8136,
 2026-Dec-11 20:56:00, , , 149.175901151,  13.424298983,  149.544377136,  13.294434392,    71.155953461,       4.542657712,         44.437,      -17.366, 111.344,  47.7101,    *,  1.036426,  4.86743311530804,-32.2811007,    9.8135,
 2026-Dec-11 20:57:00, , , 149.175833263,  13.424329702,  149.544309641,  13.294465154,    71.369648116,       4.661738692,         44.186,      -17.263, 111.338,  47.4390,    *,  1.036429,  4.86742017587397,-32.2417053,    9.8135,
 2026-Dec-11 20:58:00, , , 149.175765291,  13.424360451,  149.544242062,  13.294495947,    71.583294956,       4.780969502,         43.935,      -17.159, 111.332,  47.1675,    *,  1.036432,  4.86740725225185,-32.2022626,    9.8134,
 2026-Dec-11 20:59:00, , , 149.175697235,  13.424391230,  149.544174399,  13.294526770,    71.796895747,       4.900348452,         43.684,      -17.056, 111.326,  46.8957,    *,  1.036434,  4.86739434446061,-32.1627727,    9.8133,
 2026-Dec-11 21:00:00, , , 149.175629096,  13.424422039,  149.544106653,  13.294557624,    72.010452262,       5.019873850,         43.432,      -16.952, 111.320,  46.6237,    *,  1.036437,  4.86738145251911,-32.1232360,    9.8133,
 2026-Dec-11 21:01:00, , , 149.175560873,  13.424452878,  149.544038825,  13.294588507,    72.223966284,       5.139544008,         43.180,      -16.848, 111.313,  46.3514,    *,  1.036440,  4.86736857644605,-32.0836526,    9.8132,
 2026-Dec-11 21:02:00, , , 149.175492568,  13.424483746,  149.543970913,  13.294619421,    72.437439601,       5.259357234,         42.928,      -16.744, 111.307,  46.0787,    *,  1.036443,  4.86735571626016,-32.0440229,    9.8132,
 2026-Dec-11 21:03:00, , , 149.175424180,  13.424514644,  149.543902920,  13.294650364,    72.650874011,       5.379311841,         42.676,      -16.640, 111.300,  45.8058,    *,  1.036445,  4.86734287197994,-32.0043470,    9.8131,
 2026-Dec-11 21:04:00, , , 149.175355710,  13.424545572,  149.543834845,  13.294681337,    72.864271315,       5.499406138,         42.423,      -16.536, 111.294,  45.5327,    *,  1.036448,  4.86733004362388,-31.9646252,    9.8131,
 2026-Dec-11 21:05:00, , , 149.175287159,  13.424576528,  149.543766689,  13.294712339,    73.077633326,       5.619638436,         42.171,      -16.432, 111.287,  45.2592,    *,  1.036451,  4.86731723121031,-31.9248578,    9.8130,
 2026-Dec-11 21:06:00, , , 149.175218527,  13.424607513,  149.543698452,  13.294743371,    73.290961862,       5.740007046,         41.917,      -16.327, 111.280,  44.9854,    *,  1.036454,  4.86730443475750,-31.8850449,    9.8129,
 2026-Dec-11 21:07:00, , , 149.175149815,  13.424638527,  149.543630135,  13.294774432,    73.504258747,       5.860510278,         41.664,      -16.223, 111.273,  44.7114,    *,  1.036456,  4.86729165428362,-31.8451869,    9.8129,
 2026-Dec-11 21:08:00, , , 149.175081022,  13.424669570,  149.543561738,  13.294805521,    73.717525815,       5.981146445,         41.410,      -16.118, 111.266,  44.4371,    *,  1.036459,  4.86727888980670,-31.8052839,    9.8128,
 2026-Dec-11 21:09:00, , , 149.175012150,  13.424700641,  149.543493262,  13.294836639,    73.930764904,       6.101913856,         41.157,      -16.014, 111.259,  44.1625,    *,  1.036462,  4.86726614134477,-31.7653363,    9.8128,
 2026-Dec-11 21:10:00, , , 149.174943199,  13.424731740,  149.543424707,  13.294867785,    74.143977861,       6.222810822,         40.902,      -15.909, 111.252,  43.8877,    *,  1.036465,  4.86725340891568,-31.7253442,    9.8127,
 2026-Dec-11 21:11:00, , , 149.174874168,  13.424762867,  149.543356074,  13.294898960,    74.357166541,       6.343835655,         40.648,      -15.804, 111.245,  43.6126,    *,  1.036467,  4.86724069253719,-31.6853079,    9.8127,
 2026-Dec-11 21:12:00, , , 149.174805060,  13.424794022,  149.543287362,  13.294930163,    74.570332804,       6.464986664,         40.393,      -15.699, 111.238,  43.3372,    *,  1.036470,  4.86722799222698,-31.6452277,    9.8126,
 2026-Dec-11 21:13:00, , , 149.174735874,  13.424825204,  149.543218572,  13.294961394,    74.783478519,       6.586262161,         40.138,      -15.594, 111.230,  43.0615,    *,  1.036473,  4.86721530800262,-31.6051037,    9.8126,
 2026-Dec-11 21:14:00, , , 149.174666610,  13.424856414,  149.543149706,  13.294992653,    74.996605560,       6.707660456,         39.883,      -15.489, 111.223,  42.7856,    *,  1.036475,  4.86720263988156,-31.5649363,    9.8125,
 2026-Dec-11 21:15:00, , , 149.174597269,  13.424887651,  149.543080763,  13.295023939,    75.209715808,       6.829179859,         39.628,      -15.384, 111.215,  42.5094,    *,  1.036478,  4.86718998788124,-31.5247257,    9.8124,
 2026-Dec-11 21:16:00, , , 149.174527852,  13.424918916,  149.543011743,  13.295055252,    75.422811154,       6.950818681,         39.372,      -15.278, 111.207,  42.2330,    *,  1.036481,  4.86717735201890,-31.4844722,    9.8124,
 2026-Dec-11 21:17:00, , , 149.174458358,  13.424950207,  149.542942648,  13.295086593,    75.635893493,       7.072575231,         39.116,      -15.173, 111.200,  41.9563,    *,  1.036483,  4.86716473231173,-31.4441759,    9.8123,
 2026-Dec-11 21:18:00, , , 149.174388789,  13.424981525,  149.542873477,  13.295117961,    75.848964727,       7.194447818,         38.860,      -15.068, 111.192,  41.6793,    *,  1.036486,  4.86715212877681,-31.4038371,    9.8123,
 2026-Dec-11 21:19:00, , , 149.174319145,  13.425012869,  149.542804231,  13.295149355,    76.062026766,       7.316434752,         38.604,      -14.962, 111.184,  41.4021,    *,  1.036489,  4.86713954143111,-31.3634562,    9.8122,
 2026-Dec-11 21:20:00, , , 149.174249426,  13.425044240,  149.542734910,  13.295180777,    76.275081529,       7.438534343,         38.347,      -14.856, 111.176,  41.1246,    *,  1.036491,  4.86712697029153,-31.3230332,    9.8122,
 2026-Dec-11 21:21:00, , , 149.174179633,  13.425075637,  149.542665516,  13.295212224,    76.488130936,       7.560744897,         38.090,      -14.750, 111.167,  40.8469,    *,  1.036494,  4.86711441537482,-31.2825685,    9.8121,
 2026-Dec-11 21:22:00, , , 149.174109765,  13.425107059,  149.542596048,  13.295243698,    76.701176918,       7.683064725,         37.833,      -14.644, 111.159,  40.5689,    *,  1.036497,  4.86710187669770,-31.2420624,    9.8120,
 2026-Dec-11 21:23:00, , , 149.174039825,  13.425138508,  149.542526506,  13.295275198,    76.914221414,       7.805492132,         37.576,      -14.538, 111.151,  40.2907,    *,  1.036499,  4.86708935427674,-31.2015150,    9.8120,
 2026-Dec-11 21:24:00, , , 149.173969811,  13.425169982,  149.542456892,  13.295306724,    77.127266365,       7.928025427,         37.318,      -14.432, 111.142,  40.0122,    *,  1.036502,  4.86707684812842,-31.1609266,    9.8119,
 2026-Dec-11 21:25:00, , , 149.173899725,  13.425201482,  149.542387205,  13.295338275,    77.340313724,       8.050662916,         37.061,      -14.326, 111.133,  39.7334,    *,  1.036505,  4.86706435826913,-31.1202975,    9.8119,
 2026-Dec-11 21:26:00, , , 149.173829567,  13.425233007,  149.542317447,  13.295369852,    77.553365447,       8.173402906,         36.803,      -14.220, 111.124,  39.4545,    *,  1.036507,  4.86705188471514,-31.0796280,    9.8118,
 2026-Dec-11 21:27:00, , , 149.173759337,  13.425264556,  149.542247617,  13.295401455,    77.766423500,       8.296243702,         36.544,      -14.114, 111.116,  39.1753,    *,  1.036510,  4.86703942748261,-31.0389182,    9.8118,
 2026-Dec-11 21:28:00, , , 149.173689036,  13.425296131,  149.542177716,  13.295433082,    77.979489851,       8.419183608,         36.286,      -14.007, 111.106,  38.8958,    *,  1.036513,  4.86702698658768,-30.9981684,    9.8117,
 2026-Dec-11 21:29:00, , , 149.173618665,  13.425327731,  149.542107745,  13.295464735,    78.192566479,       8.542220929,         36.027,      -13.901, 111.097,  38.6161,    *,  1.036515,  4.86701456204629,-30.9573789,    9.8116,
 2026-Dec-11 21:30:00, , , 149.173548223,  13.425359354,  149.542037704,  13.295496412,    78.405655368,       8.665353970,         35.768,      -13.794, 111.088,  38.3361,    *,  1.036518,  4.86700215387434,-30.9165500,    9.8116,
 2026-Dec-11 21:31:00, , , 149.173477711,  13.425391003,  149.541967593,  13.295528114,    78.618758509,       8.788581033,         35.509,      -13.687, 111.078,  38.0560,    *,  1.036521,  4.86698976208759,-30.8756818,    9.8115,
 2026-Dec-11 21:32:00, , , 149.173407130,  13.425422675,  149.541897412,  13.295559840,    78.831877898,       8.911900419,         35.250,      -13.581, 111.069,  37.7756,    *,  1.036523,  4.86697738670172,-30.8347746,    9.8115,
 2026-Dec-11 21:33:00, , , 149.173336480,  13.425454371,  149.541827163,  13.295591591,    79.045015541,       9.035310431,         34.990,      -13.474, 111.059,  37.4949,    *,  1.036526,  4.86696502773232,-30.7938287,    9.8114,
 2026-Dec-11 21:34:00, , , 149.173265762,  13.425486091,  149.541756846,  13.295623365,    79.258173448,       9.158809368,         34.730,      -13.367, 111.049,  37.2140,    *,  1.036529,  4.86695268519484,-30.7528444,    9.8114,
 2026-Dec-11 21:35:00, , , 149.173194975,  13.425517834,  149.541686461,  13.295655164,    79.471353636,       9.282395531,         34.470,      -13.260, 111.039,  36.9329,    *,  1.036531,  4.86694035910468,-30.7118218,    9.8113,
 2026-Dec-11 21:36:00, , , 149.173124122,  13.425549601,  149.541616008,  13.295686986,    79.684558129,       9.406067219,         34.210,      -13.153, 111.029,  36.6516,    *,  1.036534,  4.86692804947712,-30.6707613,    9.8112,
 2026-Dec-11 21:37:00, , , 149.173053201,  13.425581391,  149.541545489,  13.295718831,    79.897788956,       9.529822728,         33.950,      -13.046, 111.019,  36.3700,    *,  1.036536,  4.86691575632730,-30.6296631,    9.8112,
 2026-Dec-11 21:38:00, , , 149.172982213,  13.425613204,  149.541474903,  13.295750700,    80.111048156,       9.653660355,         33.689,      -12.938, 111.008,  36.0883,    *,  1.036539,  4.86690347967031,-30.5885274,    9.8111,
 2026-Dec-11 21:39:00, , , 149.172911159,  13.425645040,  149.541404251,  13.295782591,    80.324337771,       9.777578397,         33.428,      -12.831, 110.997,  35.8063,    *,  1.036542,  4.86689121952111,-30.5473545,    9.8111,
 2026-Dec-11 21:40:00, , , 149.172840040,  13.425676898,  149.541333533,  13.295814506,    80.537659851,       9.901575149,         33.167,      -12.723, 110.986,  35.5240,    *,  1.036544,  4.86687897589455,-30.5061447,    9.8110,
 2026-Dec-11 21:41:00, , , 149.172768855,  13.425708779,  149.541262751,  13.295846444,    80.751016452,      10.025648902,         32.906,      -12.616, 110.975,  35.2416,    *,  1.036547,  4.86686674880542,-30.4648982,    9.8110,
 2026-Dec-11 21:42:00, , , 149.172697606,  13.425740682,  149.541191903,  13.295878403,    80.964409637,      10.149797951,         32.644,      -12.508, 110.964,  34.9589,    *,  1.036549,  4.86685453826837,-30.4236152,    9.8109,
 2026-Dec-11 21:43:00, , , 149.172626292,  13.425772607,  149.541120992,  13.295910386,    81.177841475,      10.274020585,         32.383,      -12.401, 110.953,  34.6761,    *,  1.036552,  4.86684234429796,-30.3822961,    9.8108,
 2026-Dec-11 21:44:00, , , 149.172554914,  13.425804554,  149.541050016,  13.295942390,    81.391314043,      10.398315096,         32.121,      -12.293, 110.941,  34.3930,    *,  1.036555,  4.86683016690865,-30.3409411,    9.8108,
 2026-Dec-11 21:45:00, , , 149.172483473,  13.425836523,  149.540978978,  13.295974416,    81.604829421,      10.522679771,         31.859,      -12.185, 110.929,  34.1097,    *,  1.036557,  4.86681800611478,-30.2995504,    9.8107,
 2026-Dec-11 21:46:00, , , 149.172411969,  13.425868513,  149.540907876,  13.296006464,    81.818389698,      10.647112898,         31.596,      -12.077, 110.917,  33.8261,    *,  1.036560,  4.86680586193060,-30.2581243,    9.8107,
 2026-Dec-11 21:47:00, , , 149.172340402,  13.425900524,  149.540836712,  13.296038534,    82.031996969,      10.771612763,         31.334,      -11.969, 110.905,  33.5424,    *,  1.036562,  4.86679373437024,-30.2166630,    9.8106,
 2026-Dec-11 21:48:00, , , 149.172268774,  13.425932556,  149.540765486,  13.296070625,    82.245653337,      10.896177651,         31.071,      -11.861, 110.893,  33.2585,    *,  1.036565,  4.86678162344780,-30.1751668,    9.8106,
 2026-Dec-11 21:49:00, , , 149.172197084,  13.425964610,  149.540694199,  13.296102737,    82.459360905,      11.020805843,         30.808,      -11.753, 110.880,  32.9744,    *,  1.036568,  4.86676952917718,-30.1336360,    9.8105,
 2026-Dec-11 21:50:00, , , 149.172125332,  13.425996684,  149.540622851,  13.296134871,    82.673121791,      11.145495622,         30.545,      -11.645, 110.868,  32.6900,    *,  1.036570,  4.86675745157223,-30.0920709,    9.8104,
 2026-Dec-11 21:51:00, , , 149.172053520,  13.426028779,  149.540551442,  13.296167025,    82.886938114,      11.270245269,         30.282,      -11.537, 110.854,  32.4055,    *,  1.036573,  4.86674539064668,-30.0504715,    9.8104,
 2026-Dec-11 21:52:00, , , 149.171981648,  13.426060893,  149.540479973,  13.296199199,    83.100811999,      11.395053061,         30.019,      -11.428, 110.841,  32.1208,    *,  1.036575,  4.86673334641415,-30.0088384,    9.8103,
 2026-Dec-11 21:53:00, , , 149.171909717,  13.426093029,  149.540408444,  13.296231394,    83.314745581,      11.519917275,         29.755,      -11.320, 110.828,  31.8358,    *,  1.036578,  4.86672131888817,-29.9671716,    9.8103,
 2026-Dec-11 21:54:00, , , 149.171837726,  13.426125184,  149.540336856,  13.296263610,    83.528740996,      11.644836186,         29.491,      -11.212, 110.814,  31.5507,    *,  1.036580,  4.86670930808219,-29.9254715,    9.8102,
 2026-Dec-11 21:55:00, , , 149.171765676,  13.426157358,  149.540265210,  13.296295845,    83.742800393,      11.769808069,         29.227,      -11.103, 110.800,  31.2654,    *,  1.036583,  4.86669731400951,-29.8837383,    9.8101,
 2026-Dec-11 21:56:00, , , 149.171693567,  13.426189553,  149.540193505,  13.296328101,    83.956925920,      11.894831193,         28.963,      -10.994, 110.786,  30.9799,    *,  1.036585,  4.86668533668336,-29.8419722,    9.8101,
 2026-Dec-11 21:57:00, , , 149.171621401,  13.426221767,  149.540121742,  13.296360375,    84.171119736,      12.019903829,         28.699,      -10.886, 110.771,  30.6942,    *,  1.036588,  4.86667337611683,-29.8001736,    9.8100,
 2026-Dec-11 21:58:00, , , 149.171549178,  13.426254000,  149.540049922,  13.296392670,    84.385384005,      12.145024245,         28.434,      -10.777, 110.756,  30.4083,    *,  1.036591,  4.86666143232294,-29.7583427,    9.8100,
 2026-Dec-11 21:59:00, , , 149.171476898,  13.426286252,  149.539978045,  13.296424984,    84.599720898,      12.270190708,         28.170,      -10.668, 110.741,  30.1222,    *,  1.036593,  4.86664950531460,-29.7164797,    9.8099,
 2026-Dec-11 22:00:00, , , 149.171404561,  13.426318523,  149.539906111,  13.296457316,    84.814132589,      12.395401480,         27.905,      -10.559, 110.726,  29.8359,    *,  1.036596,  4.86663759510457,-29.6745849,    9.8099,
 2026-Dec-11 22:01:00, , , 149.171332168,  13.426350812,  149.539834122,  13.296489668,    85.028621263,      12.520654824,         27.640,      -10.450, 110.710,  29.5495,    *,  1.036598,  4.86662570170560,-29.6326586,    9.8098,
 2026-Dec-11 22:02:00, , , 149.171259720,  13.426383120,  149.539762077,  13.296522039,    85.243189106,      12.645949001,         27.374,      -10.341, 110.694,  29.2628,    *,  1.036601,  4.86661382513026,-29.5907010,    9.8097,
 2026-Dec-11 22:03:00, , , 149.171187216,  13.426415446,  149.539689977,  13.296554427,    85.457838314,      12.771282267,         27.109,      -10.232, 110.678,  28.9760,    *,  1.036603,  4.86660196539103,-29.5487124,    9.8097,
 2026-Dec-11 22:04:00, , , 149.171114658,  13.426447790,  149.539617823,  13.296586835,    85.672571088,      12.896652879,         26.844,      -10.123, 110.661,  28.6891,    *,  1.036606,  4.86659012250029,-29.5066931,    9.8096,
 2026-Dec-11 22:05:00, , , 149.171042046,  13.426480153,  149.539545614,  13.296619260,    85.887389634,      13.022059091,         26.578,      -10.014, 110.644,  28.4019,    *,  1.036608,  4.86657829647032,-29.4646433,    9.8096,
 2026-Dec-11 22:06:00, , , 149.170969380,  13.426512532,  149.539473352,  13.296651704,    86.102296166,      13.147499153,         26.312,       -9.905, 110.627,  28.1146,    *,  1.036611,  4.86656648731327,-29.4225633,    9.8095,
 2026-Dec-11 22:07:00, , , 149.170896661,  13.426544930,  149.539401037,  13.296684165,    86.317292901,      13.272971315,         26.046,       -9.795, 110.609,  27.8271,    *,  1.036613,  4.86655469504125,-29.3804533,    9.8095,
 2026-Dec-11 22:08:00, , , 149.170823890,  13.426577344,  149.539328669,  13.296716643,    86.532382066,      13.398473823,         25.780,       -9.686, 110.591,  27.5394,    *,  1.036616,  4.86654291966619,-29.3383136,    9.8094,
 2026-Dec-11 22:09:00, , , 149.170751066,  13.426609776,  149.539256248,  13.296749139,    86.747565891,      13.524004921,         25.513,       -9.577, 110.573,  27.2515,    *,  1.036618,  4.86653116119995,-29.2961444,    9.8093,
 2026-Dec-11 22:10:00, , , 149.170678190,  13.426642224,  149.539183776,  13.296781653,    86.962846613,      13.649562852,         25.247,       -9.467, 110.554,  26.9635,    *,  1.036621,  4.86651941965429,-29.2539461,    9.8093,
 2026-Dec-11 22:11:00, , , 149.170605263,  13.426674690,  149.539111252,  13.296814183,    87.178226475,      13.775145854,         24.980,       -9.357, 110.535,  26.6753,    *,  1.036623,  4.86650769504084,-29.2117189,    9.8092,
 2026-Dec-11 22:12:00, , , 149.170532285,  13.426707172,  149.539038678,  13.296846730,    87.393707728,      13.900752166,         24.713,       -9.248, 110.515,  26.3870,    *,  1.036626,  4.86649598737112,-29.1694630,    9.8092,
 2026-Dec-11 22:13:00, , , 149.170459257,  13.426739670,  149.538966053,  13.296879294,    87.609292624,      14.026380020,         24.446,       -9.138, 110.495,  26.0985,    *,  1.036628,  4.86648429665660,-29.1271788,    9.8091,
 2026-Dec-11 22:14:00, , , 149.170386179,  13.426772184,  149.538893379,  13.296911874,    87.824983425,      14.152027648,         24.179,       -9.028, 110.475,  25.8098,    *,  1.036631,  4.86647262290861,-29.0848664,    9.8091,
 2026-Dec-11 22:15:00, , , 149.170313051,  13.426804714,  149.538820655,  13.296944470,    88.040782397,      14.277693279,         23.912,       -8.919, 110.454,  25.5210,    *,  1.036633,  4.86646096613835,-29.0425262,    9.8090,
 2026-Dec-11 22:16:00, , , 149.170239875,  13.426837260,  149.538747882,  13.296977082,    88.256691814,      14.403375140,         23.644,       -8.809, 110.432,  25.2321,    *,  1.036636,  4.86644932635694,-29.0001584,    9.8089,
 2026-Dec-11 22:17:00, , , 149.170166650,  13.426869822,  149.538675060,  13.297009710,    88.472713954,      14.529071453,         23.377,       -8.699, 110.410,  24.9429,    *,  1.036638,  4.86643770357539,-28.9577632,    9.8089,
 2026-Dec-11 22:18:00, , , 149.170093377,  13.426902399,  149.538602190,  13.297042354,    88.688851100,      14.654780440,         23.109,       -8.589, 110.388,  24.6537,    *,  1.036641,  4.86642609780460,-28.9153410,    9.8088,
 2026-Dec-11 22:19:00, , , 149.170020056,  13.426934991,  149.538529273,  13.297075013,    88.905105545,      14.780500317,         22.841,       -8.479, 110.365,  24.3642,    *,  1.036643,  4.86641450905535,-28.8728920,    9.8088,
 2026-Dec-11 22:20:00, , , 149.169946689,  13.426967598,  149.538456309,  13.297107688,    89.121479582,      14.906229300,         22.573,       -8.369, 110.341,  24.0747,    *,  1.036646,  4.86640293733837,-28.8304165,    9.8087,
 2026-Dec-11 22:21:00, , , 149.169873275,  13.427000220,  149.538383298,  13.297140377,    89.337975513,      15.031965599,         22.305,       -8.259, 110.317,  23.7849,    *,  1.036648,  4.86639138266423,-28.7879147,    9.8086,
 2026-Dec-11 22:22:00, , , 149.169799814,  13.427032857,  149.538310241,  13.297173082,    89.554595648,      15.157707424,         22.037,       -8.149, 110.292,  23.4951,    *,  1.036651,  4.86637984504339,-28.7453869,    9.8086,
 2026-Dec-11 22:23:00, , , 149.169726309,  13.427065508,  149.538237138,  13.297205801,    89.771342297,      15.283452979,         21.768,       -8.038, 110.267,  23.2051,    *,  1.036653,  4.86636832448624,-28.7028334,    9.8085,
 2026-Dec-11 22:24:00, , , 149.169652758,  13.427098173,  149.538163990,  13.297238534,    89.988217781,      15.409200468,         21.500,       -7.928, 110.241,  22.9149,    *,  1.036655,  4.86635682100304,-28.6602544,    9.8085,
 2026-Dec-11 22:25:00, , , 149.169579162,  13.427130852,  149.538090797,  13.297271282,    90.205224424,      15.534948090,         21.231,       -7.818, 110.214,  22.6247,    *,  1.036658,  4.86634533460391,-28.6176502,    9.8084,
 2026-Dec-11 22:26:00, , , 149.169505522,  13.427163545,  149.538017560,  13.297304044,    90.422364556,      15.660694039,         20.962,       -7.707, 110.187,  22.3342,    *,  1.036660,  4.86633386529895,-28.5750211,    9.8084,
 2026-Dec-11 22:27:00, , , 149.169431838,  13.427196252,  149.537944279,  13.297336820,    90.639640513,      15.786436509,         20.693,       -7.597, 110.159,  22.0437,    *,  1.036663,  4.86632241309810,-28.5323673,    9.8083,
 2026-Dec-11 22:28:00, , , 149.169358111,  13.427228972,  149.537870955,  13.297369609,    90.857054637,      15.912173689,         20.424,       -7.487, 110.130,  21.7530,    *,  1.036665,  4.86631097801117,-28.4896891,    9.8082,
 2026-Dec-11 22:29:00, , , 149.169284342,  13.427261705,  149.537797588,  13.297402412,    91.074609274,      16.037903764,         20.155,       -7.376, 110.100,  21.4622,    *,  1.036668,  4.86629956004790,-28.4469867,    9.8082,
 2026-Dec-11 22:30:00, , , 149.169210530,  13.427294452,  149.537724178,  13.297435229,    91.292306777,      16.163624916,         19.885,       -7.266, 110.070,  21.1713,    *,  1.036670,  4.86628815921792,-28.4042605,    9.8081,
 2026-Dec-11 22:31:00, , , 149.169136676,  13.427327211,  149.537650727,  13.297468058,    91.510149503,      16.289335324,         19.616,       -7.155, 110.039,  20.8802,    *,  1.036673,  4.86627677553073,-28.3615107,    9.8081,
 2026-Dec-11 22:32:00, , , 149.169062781,  13.427359983,  149.537577234,  13.297500900,    91.728139819,      16.415033164,         19.346,       -7.044, 110.007,  20.5890,    t,  1.036675,  4.86626540899571,-28.3187376,    9.8080,
 2026-Dec-11 22:33:00, , , 149.168988845,  13.427392767,  149.537503700,  13.297533755,    91.946280091,      16.540716607,         19.077,       -6.934, 109.973,  20.2977,    t,  1.036677,  4.86625405962222,-28.2759414,    9.8079,
 2026-Dec-11 22:34:00, , , 149.168914869,  13.427425564,  149.537430126,  13.297566623,    92.164572693,      16.666383819,         18.807,       -6.823, 109.939,  20.0063,    t,  1.036680,  4.86624272741943,-28.2331224,    9.8079,
 2026-Dec-11 22:35:00, , , 149.168840853,  13.427458373,  149.537356511,  13.297599503,    92.383020007,      16.792032966,         18.537,       -6.712, 109.904,  19.7147,    t,  1.036682,  4.86623141239640,-28.1902809,    9.8078,
 2026-Dec-11 22:36:00, , , 149.168766797,  13.427491194,  149.537282858,  13.297632395,    92.601624417,      16.917662207,         18.267,       -6.601, 109.868,  19.4231,    t,  1.036685,  4.86622011456213,-28.1474172,    9.8078,
 2026-Dec-11 22:37:00, , , 149.168692702,  13.427524026,  149.537209165,  13.297665299,    92.820388313,      17.043269699,         17.997,       -6.490, 109.831,  19.1313,    t,  1.036687,  4.86620883392548,-28.1045314,    9.8077,
 2026-Dec-11 22:38:00, , , 149.168618569,  13.427556870,  149.537135433,  13.297698215,    93.039314093,      17.168853594,         17.726,       -6.380, 109.793,  18.8394,    t,  1.036689,  4.86619757049518,-28.0616240,    9.8077,
 2026-Dec-11 22:39:00, , , 149.168544398,  13.427589725,  149.537061663,  13.297731142,    93.258404155,      17.294412039,         17.456,       -6.269, 109.753,  18.5474,    t,  1.036692,  4.86618632427994,-28.0186951,    9.8076,
 2026-Dec-11 22:40:00, , , 149.168470190,  13.427622592,  149.536987856,  13.297764081,    93.477660907,      17.419943181,         17.185,       -6.158, 109.712,  18.2553,    t,  1.036694,  4.86617509528827,-27.9757450,    9.8075,
 2026-Dec-11 22:41:00, , , 149.168395944,  13.427655469,  149.536914012,  13.297797031,    93.697086760,      17.545445158,         16.915,       -6.047, 109.670,  17.9631,    t,  1.036697,  4.86616388352861,-27.9327740,    9.8075,
 2026-Dec-11 22:42:00, , , 149.168321662,  13.427688357,  149.536840131,  13.297829992,    93.916684132,      17.670916107,         16.644,       -5.936, 109.627,  17.6708,    t,  1.036699,  4.86615268900929,-27.8897824,    9.8074,
 2026-Dec-11 22:43:00, , , 149.168247344,  13.427721255,  149.536766213,  13.297862964,    94.136455443,      17.796354160,         16.373,       -5.825, 109.582,  17.3784,    t,  1.036701,  4.86614151173853,-27.8467704,    9.8074,
 2026-Dec-11 22:44:00, , , 149.168172990,  13.427754164,  149.536692260,  13.297895946,    94.356403119,      17.921757444,         16.102,       -5.713, 109.535,  17.0859,    t,  1.036704,  4.86613035172443,-27.8037383,    9.8073,
 2026-Dec-11 22:45:00, , , 149.168098602,  13.427787083,  149.536618272,  13.297928939,    94.576529595,      18.047124083,         15.831,       -5.602, 109.487,  16.7933,    t,  1.036706,  4.86611920897498,-27.7606863,    9.8072,
 2026-Dec-11 22:46:00, , , 149.168024178,  13.427820012,  149.536544249,  13.297961942,    94.796837304,      18.172452195,         15.560,       -5.491, 109.437,  16.5006,    t,  1.036708,  4.86610808349811,-27.7176149,    9.8072,
 2026-Dec-11 22:47:00, , , 149.167949721,  13.427852951,  149.536470191,  13.297994954,    95.017328690,      18.297739895,         15.289,       -5.380, 109.385,  16.2078,    t,  1.036711,  4.86609697530158,-27.6745241,    9.8071,
 2026-Dec-11 22:48:00, , , 149.167875229,  13.427885900,  149.536396100,  13.298027977,    95.238006198,      18.422985294,         15.018,       -5.269, 109.332,  15.9149,    t,  1.036713,  4.86608588439308,-27.6314143,    9.8071,
 2026-Dec-11 22:49:00, , , 149.167800705,  13.427918857,  149.536321975,  13.298061009,    95.458872281,      18.548186495,         14.746,       -5.157, 109.276,  15.6220,    t,  1.036716,  4.86607481078017,-27.5882858,    9.8070,
 2026-Dec-11 22:50:00, , , 149.167726148,  13.427951824,  149.536247818,  13.298094051,    95.679929394,      18.673341602,         14.475,       -5.046, 109.218,  15.3290,    t,  1.036718,  4.86606375447031,-27.5451388,    9.8069,
 2026-Dec-11 22:51:00, , , 149.167651559,  13.427984800,  149.536173628,  13.298127102,    95.901179999,      18.798448709,         14.203,       -4.935, 109.158,  15.0358,    t,  1.036720,  4.86605271547082,-27.5019736,    9.8069,
 2026-Dec-11 22:52:00, , , 149.167576938,  13.428017785,  149.536099406,  13.298160162,    96.122626559,      18.923505907,         13.931,       -4.823, 109.096,  14.7426,    t,  1.036723,  4.86604169378899,-27.4587905,    9.8068,
 2026-Dec-11 22:53:00, , , 149.167502286,  13.428050778,  149.536025153,  13.298193231,    96.344271547,      19.048511285,         13.660,       -4.712, 109.031,  14.4494,    t,  1.036725,  4.86603068943193,-27.4155897,    9.8068,
 2026-Dec-11 22:54:00, , , 149.167427603,  13.428083780,  149.535950869,  13.298226308,    96.566117435,      19.173462924,         13.388,       -4.600, 108.964,  14.1560,    t,  1.036727,  4.86601970240666,-27.3723716,    9.8067,
 2026-Dec-11 22:55:00, , , 149.167352890,  13.428116789,  149.535876555,  13.298259394,    96.788166705,      19.298358900,         13.116,       -4.489, 108.893,  13.8626,    t,  1.036730,  4.86600873272009,-27.3291363,    9.8067,
 2026-Dec-11 22:56:00, , , 149.167278147,  13.428149807,  149.535802210,  13.298292488,    97.010421840,      19.423197286,         12.844,       -4.377, 108.820,  13.5692,    t,  1.036732,  4.86599778037902,-27.2858842,    9.8066,
 2026-Dec-11 22:57:00, , , 149.167203375,  13.428182833,  149.535727836,  13.298325590,    97.232885326,      19.547976149,         12.572,       -4.266, 108.743,  13.2756,    t,  1.036734,  4.86598684539016,-27.2426155,    9.8065,
 2026-Dec-11 22:58:00, , , 149.167128574,  13.428215866,  149.535653433,  13.298358700,    97.455559659,      19.672693551,         12.299,       -4.154, 108.663,  12.9820,    t,  1.036737,  4.86597592776006,-27.1993306,    9.8065,
 2026-Dec-11 22:59:00, , , 149.167053744,  13.428248907,  149.535579002,  13.298391818,    97.678447333,      19.797347548,         12.027,       -4.043, 108.579,  12.6884,    t,  1.036739,  4.86596502749524,-27.1560296,    9.8064,
 2026-Dec-11 23:00:00, , , 149.166978887,  13.428281955,  149.535504542,  13.298424943,    97.901550850,      19.921936194,         11.755,       -3.931, 108.491,  12.3947,    t,  1.036741,  4.86595414460204,-27.1127129,    9.8064,
 2026-Dec-11 23:01:00, , , 149.166904003,  13.428315010,  149.535430055,  13.298458075,    98.124872714,      20.046457533,         11.482,       -3.819, 108.399,  12.1010,    t,  1.036744,  4.86594327908673,-27.0693807,    9.8063,
 2026-Dec-11 23:02:00, , , 149.166829091,  13.428348072,  149.535355540,  13.298491214,    98.348415436,      20.170909608,         11.210,       -3.708, 108.302,  11.8072,    t,  1.036746,  4.86593243095544,-27.0260333,    9.8062,
 2026-Dec-11 23:03:00, , , 149.166754154,  13.428381140,  149.535281000,  13.298524361,    98.572181528,      20.295290454,         10.937,       -3.596, 108.200,  11.5133,    t,  1.036748,  4.86592160021422,-26.9826710,    9.8062,
 2026-Dec-11 23:04:00, , , 149.166679190,  13.428414215,  149.535206433,  13.298557514,    98.796173508,      20.419598102,         10.665,       -3.484, 108.093,  11.2195,    t,  1.036750,  4.86591078686896,-26.9392940,    9.8061,
 2026-Dec-11 23:05:00, , , 149.166604201,  13.428447296,  149.535131840,  13.298590673,    99.020393896,      20.543830577,         10.392,       -3.373, 107.980,  10.9256,    t,  1.036753,  4.86589999092554,-26.8959026,    9.8061,
 2026-Dec-11 23:06:00, , , 149.166529187,  13.428480383,  149.535057222,  13.298623839,    99.244845217,      20.667985898,         10.119,       -3.261, 107.861,  10.6317,    t,  1.036755,  4.86588921238962,-26.8524972,    9.8060,
 2026-Dec-11 23:07:00, , , 149.166454149,  13.428513476,  149.534982580,  13.298657010,    99.469530000,      20.792062080,          9.846,       -3.149, 107.736,  10.3378,    t,  1.036757,  4.86587845126682,-26.8090779,    9.8059,
 2026-Dec-11 23:08:00, , , 149.166379087,  13.428546575,  149.534907913,  13.298690188,    99.694450777,      20.916057131,          9.574,       -3.037, 107.602,  10.0438,    t,  1.036760,  4.86586770756261,-26.7656451,    9.8059,
 2026-Dec-11 23:09:00, , , 149.166304001,  13.428579679,  149.534833222,  13.298723371,    99.919610084,      21.039969053,          9.301,       -2.926, 107.461,   9.7499,    t,  1.036762,  4.86585698128237,-26.7221990,    9.8058,
 2026-Dec-11 23:10:00, , , 149.166228892,  13.428612789,  149.534758509,  13.298756560,   100.145010460,      21.163795843,          9.028,       -2.814, 107.311,   9.4559,    t,  1.036764,  4.86584627243138,-26.6787398,    9.8058,
 2026-Dec-11 23:11:00, , , 149.166153761,  13.428645903,  149.534683772,  13.298789754,   100.370654448,      21.287535493,          8.754,       -2.702, 107.152,   9.1620,    t,  1.036767,  4.86583558101476,-26.6352680,    9.8057,
 2026-Dec-11 23:12:00, , , 149.166078608,  13.428679023,  149.534609014,  13.298822954,   100.596544593,      21.411185988,          8.481,       -2.590, 106.981,   8.8681,    t,  1.036769,  4.86582490703760,-26.5917837,    9.8056,
 2026-Dec-11 23:13:00, , , 149.166003434,  13.428712147,  149.534534233,  13.298856158,   100.822683446,      21.534745308,          8.208,       -2.478, 106.800,   8.5742,    t,  1.036771,  4.86581425050481,-26.5482872,    9.8056,
 2026-Dec-11 23:14:00, , , 149.165928238,  13.428745275,  149.534459432,  13.298889367,   101.049073557,      21.658211425,          7.935,       -2.366, 106.605,   8.2803,    t,  1.036773,  4.86580361142123,-26.5047788,    9.8055,
 2026-Dec-11 23:15:00, , , 149.165853022,  13.428778408,  149.534384609,  13.298922580,   101.275717483,      21.781582308,          7.662,       -2.254, 106.396,   7.9865,    t,  1.036776,  4.86579298979157,-26.4612588,    9.8055,
 2026-Dec-11 23:16:00, , , 149.165777786,  13.428811545,  149.534309766,  13.298955797,   101.502617781,      21.904855917,          7.388,       -2.142, 106.171,   7.6928,    t,  1.036778,  4.86578238562042,-26.4177274,    9.8054,
 2026-Dec-11 23:17:00, , , 149.165702530,  13.428844686,  149.534234904,  13.298989019,   101.729777015,      22.028030209,          7.115,       -2.031, 105.928,   7.3991,    t,  1.036780,  4.86577179891227,-26.3741850,    9.8054,
 2026-Dec-11 23:18:00, , , 149.165627256,  13.428877830,  149.534160022,  13.299022245,   101.957197745,      22.151103131,          6.842,       -1.919, 105.665,   7.1055,    t,  1.036782,  4.86576122967153,-26.3306317,    9.8053,
 2026-Dec-11 23:19:00, , , 149.165551962,  13.428910979,  149.534085121,  13.299055474,   102.184882540,      22.274072627,          6.568,       -1.807, 105.379,   6.8121,    t,  1.036785,  4.86575067790247,-26.2870679,    9.8052,
 2026-Dec-11 23:20:00, , , 149.165476651,  13.428944130,  149.534010202,  13.299088707,   102.412833969,      22.396936633,          6.295,       -1.695, 105.068,   6.5188,    t,  1.036787,  4.86574014360923,-26.2434939,    9.8052,
 2026-Dec-11 23:21:00, , , 149.165401322,  13.428977284,  149.533935265,  13.299121943,   102.641054603,      22.519693080,          6.021,       -1.583, 104.727,   6.2257,    t,  1.036789,  4.86572962679588,-26.1999099,    9.8051,
 2026-Dec-11 23:22:00, , , 149.165325976,  13.429010442,  149.533860310,  13.299155183,   102.869547015,      22.642339891,          5.748,       -1.471, 104.353,   5.9327,    t,  1.036791,  4.86571912746634,-26.1563162,    9.8051,
 2026-Dec-11 23:23:00, , , 149.165250614,  13.429043602,  149.533785339,  13.299188425,   103.098313784,      22.764874985,          5.474,       -1.359, 103.940,   5.6400,    t,  1.036794,  4.86570864562444,-26.1127131,    9.8050,
 2026-Dec-11 23:24:00, , , 149.165175235,  13.429076765,  149.533710351,  13.299221670,   103.327357486,      22.887296271,          5.200,       -1.247, 103.481,   5.3476,    t,  1.036796,  4.86569818127392,-26.0691008,    9.8049,
 2026-Dec-11 23:25:00, , , 149.165099841,  13.429109930,  149.533635347,  13.299254918,   103.556680701,      23.009601653,          4.927,       -1.135, 102.970,   5.0556,    t,  1.036798,  4.86568773441839,-26.0254797,    9.8049,
 2026-Dec-11 23:26:00, , , 149.165024432,  13.429143097,  149.533560328,  13.299288168,   103.786286011,      23.131789030,          4.653,       -1.023, 102.396,   4.7640,    t,  1.036800,  4.86567730506132,-25.9818500,    9.8048,
 2026-Dec-11 23:27:00, , , 149.164949008,  13.429176266,  149.533485294,  13.299321420,   104.016176001,      23.253856293,          4.379,       -0.911, 101.747,   4.4728,    t,  1.036802,  4.86566689320611,-25.9382120,    9.8048,
 2026-Dec-11 23:28:00, , , 149.164873570,  13.429209437,  149.533410245,  13.299354674,   104.246353255,      23.375801326,          4.105,       -0.799, 101.008,   4.1823,    t,  1.036805,  4.86565649885603,-25.8945659,    9.8047,
 2026-Dec-11 23:29:00, , , 149.164798118,  13.429242609,  149.533335182,  13.299387930,   104.476820363,      23.497622006,          3.832,       -0.687, 100.158,   3.8926,    t,  1.036807,  4.86564612201424,-25.8509121,    9.8046,
 2026-Dec-11 23:30:00, , , 149.164722653,  13.429275783,  149.533260106,  13.299421187,   104.707579910,      23.619316204,          3.558,       -0.574,  99.173,   3.6039,    t,  1.036809,  4.86563576268378,-25.8072507,    9.8046,
 2026-Dec-11 23:31:00, , , 149.164647175,  13.429308958,  149.533185017,  13.299454446,   104.938634485,      23.740881784,          3.284,       -0.462,  98.015,   3.3163,    t,  1.036811,  4.86562542086763,-25.7635822,    9.8045,
 2026-Dec-11 23:32:00, , , 149.164571685,  13.429342134,  149.533109915,  13.299487705,   105.169986682,      23.862316603,          3.010,       -0.350,  96.639,   3.0304,    t,  1.036813,  4.86561509656860,-25.7199068,    9.8045,
 2026-Dec-11 23:33:00, , , 149.164496184,  13.429375310,  149.533034801,  13.299520966,   105.401639090,      23.983618511,          2.736,       -0.238,  94.978,   2.7465,    t,  1.036816,  4.86560478978940,-25.6762247,    9.8044,
 2026-Dec-11 23:34:00, , , 149.164420671,  13.429408488,  149.532959676,  13.299554228,   105.633594303,      24.104785350,          2.462,       -0.126,  92.936,   2.4655,    t,  1.036818,  4.86559450053263,-25.6325362,    9.8043,
 2026-Dec-11 23:35:00, , , 149.164345148,  13.429441665,  149.532884540,  13.299587490,   105.865854912,      24.225814957,          2.188,       -0.014,  90.372,   2.1884,    t,  1.036820,  4.86558422880081,-25.5888416,    9.8043,
 2026-Dec-11 23:36:00, , , 149.164269615,  13.429474843,  149.532809393,  13.299620753,   106.098423513,      24.346705160,          1.914,        0.098,  87.074,   1.9169,    t,  1.036822,  4.86557397459628,-25.5451412,    9.8042,
 2026-Dec-11 23:37:00, , , 149.164194071,  13.429508021,  149.532734235,  13.299654015,   106.331302698,      24.467453781,          1.640,        0.210,  82.708,   1.6538,    t,  1.036824,  4.86556373792137,-25.5014353,    9.8042,
 2026-Dec-11 23:38:00, , , 149.164118519,  13.429541198,  149.532659069,  13.299687278,   106.564495061,      24.588058634,          1.367,        0.322,  76.742,   1.4039,    t,  1.036827,  4.86555351877822,-25.4577241,    9.8041,
 2026-Dec-11 23:39:00, , , 149.164042958,  13.429574376,  149.532583893,  13.299720540,   106.798003198,      24.708517526,          1.093,        0.434,  68.334,   1.1756,    t,  1.036829,  4.86554331716886,-25.4140080,    9.8040,
 2026-Dec-11 23:40:00, , , 149.163967388,  13.429607552,  149.532508709,  13.299753803,   107.031829702,      24.828828256,          0.819,        0.546,  56.292,   0.9840,    t,  1.036831,  4.86553313309525,-25.3702871,    9.8040,
 2026-Dec-11 23:41:00, , , 149.163891811,  13.429640728,  149.532433516,  13.299787064,   107.265977166,      24.948988619,          0.545,        0.658,  39.606,   0.8542,    t,  1.036833,  4.86552296655921,-25.3265618,    9.8039,
 2026-Dec-11 23:42:00, , , 149.163816227,  13.429673903,  149.532358316,  13.299820325,   107.500448185,      25.068996397,          0.271,        0.770,  19.358,   0.8163,    t,  1.036835,  4.86551281756245,-25.2828323,    9.8039,
 2026-Dec-11 23:43:00, , , 149.163740636,  13.429707076,  149.532283109,  13.299853584,   107.735245351,      25.188849369,         -0.003,        0.882, 359.779,   0.8822,    t,  1.036837,  4.86550268610656,-25.2390990,    9.8038,
 2026-Dec-11 23:44:00, , , 149.163665039,  13.429740248,  149.532207894,  13.299886843,   107.970371256,      25.308545305,         -0.277,        0.994, 344.411,   1.0322,    t,  1.036840,  4.86549257219307,-25.1953621,    9.8037,
 2026-Dec-11 23:45:00, , , 149.163589435,  13.429773419,  149.532132674,  13.299920100,   108.205828489,      25.428081966,         -0.551,        1.106, 333.508,   1.2361,    t,  1.036842,  4.86548247582333,-25.1516219,    9.8037,
 2026-Dec-11 23:46:00, , , 149.163513827,  13.429806588,  149.532057448,  13.299953355,   108.441619644,      25.547457109,         -0.825,        1.218, 325.884,   1.4716,    t,  1.036844,  4.86547239699862,-25.1078786,    9.8036,
 2026-Dec-11 23:47:00, , , 149.163438214,  13.429839755,  149.531982217,  13.299986609,   108.677747305,      25.666668480,         -1.099,        1.330, 320.431,   1.7258,    t,  1.036846,  4.86546233572009,-25.0641326,    9.8036,
 2026-Dec-11 23:48:00, , , 149.163362596,  13.429872919,  149.531906982,  13.300019861,   108.914214062,      25.785713819,         -1.373,        1.442, 316.404,   1.9916,    t,  1.036848,  4.86545229198880,-25.0203841,    9.8035,
 2026-Dec-11 23:49:00, , , 149.163286975,  13.429906081,  149.531831742,  13.300053110,   109.151022500,      25.904590858,         -1.647,        1.554, 313.337,   2.2649,    t,  1.036850,  4.86544226580564,-24.9766334,    9.8034,
 2026-Dec-11 23:50:00, , , 149.163211351,  13.429939241,  149.531756498,  13.300086357,   109.388175201,      26.023297321,         -1.921,        1.666, 310.936,   2.5432,    t,  1.036852,  4.86543225717148,-24.9328807,    9.8034,
 2026-Dec-11 23:51:00, , , 149.163135723,  13.429972398,  149.531681251,  13.300119602,   109.625674747,      26.141830923,         -2.195,        1.778, 309.011,   2.8252,    t,  1.036855,  4.86542226608701,-24.8891265,    9.8033,
 2026-Dec-11 23:52:00, , , 149.163060094,  13.430005552,  149.531606001,  13.300152843,   109.863523716,      26.260189374,         -2.469,        1.890, 307.437,   3.1097,    t,  1.036857,  4.86541229255283,-24.8453709,    9.8033,
 2026-Dec-11 23:53:00, , , 149.162984462,  13.430038703,  149.531530749,  13.300186082,   110.101724685,      26.378370375,         -2.743,        2.002, 306.127,   3.3961,    t,  1.036859,  4.86540233656943,-24.8016141,    9.8032,
 2026-Dec-11 23:54:00, , , 149.162908829,  13.430071851,  149.531455495,  13.300219318,   110.340280227,      26.496371617,         -3.017,        2.114, 305.022,   3.6841,    t,  1.036861,  4.86539239813717,-24.7578566,    9.8031,
 2026-Dec-11 23:55:00, , , 149.162833196,  13.430104995,  149.531380240,  13.300252550,   110.579192914,      26.614190786,         -3.291,        2.226, 304.077,   3.9731,    t,  1.036863,  4.86538247725632,-24.7140986,    9.8031,
 2026-Dec-11 23:56:00, , , 149.162757562,  13.430138135,  149.531304985,  13.300285779,   110.818465312,      26.731825559,         -3.565,        2.338, 303.261,   4.2631,    t,  1.036865,  4.86537257392701,-24.6703403,    9.8030,
 2026-Dec-11 23:57:00, , , 149.162681928,  13.430171271,  149.531229728,  13.300319004,   111.058099984,      26.849273604,         -3.839,        2.450, 302.548,   4.5538,    t,  1.036867,  4.86536268814931,-24.6265821,    9.8030,
 2026-Dec-11 23:58:00, , , 149.162606295,  13.430204404,  149.531154472,  13.300352225,   111.298099493,      26.966532581,         -4.112,        2.562, 301.921,   4.8452,    t,  1.036869,  4.86535281992314,-24.5828241,    9.8029,
 2026-Dec-11 23:59:00, , , 149.162530663,  13.430237531,  149.531079217,  13.300385442,   111.538466394,      27.083600144,         -4.386,        2.674, 301.366,   5.1370,    t,  1.036871,  4.86534296924830,-24.5390668,    9.8028,
 2026-Dec-12 00:00:00, , , 149.162455033,  13.430270655,  149.531003963,  13.300418654,   111.779203239,      27.200473937,         -4.660,        2.786, 300.870,   5.4292,    t,  1.036874,  4.86533313612449,-24.4953103,    9.8028,
 2026-Dec-12 00:01:00, , , 149.162379404,  13.430303774,  149.530928711,  13.300451862,   112.020312576,      27.317151597,         -4.934,        2.897, 300.425,   5.7217,    t,  1.036876,  4.86532332055131,-24.4515550,    9.8027,
 2026-Dec-12 00:02:00, , , 149.162303779,  13.430336887,  149.530853460,  13.300485065,   112.261796949,      27.433630751,         -5.208,        3.009, 300.023,   6.0145,    t,  1.036878,  4.86531352252821,-24.4078011,    9.8027,
 2026-Dec-12 00:03:00, , , 149.162228156,  13.430369996,  149.530778213,  13.300518264,   112.503658897,      27.549909020,         -5.481,        3.121, 299.658,   6.3075,    t,  1.036880,  4.86530374205461,-24.3640489,    9.8026,
 2026-Dec-12 00:04:00, , , 149.162152538,  13.430403099,  149.530702968,  13.300551457,   112.745900952,      27.665984014,         -5.755,        3.233, 299.326,   6.6008,    t,  1.036882,  4.86529397912972,-24.3202987,    9.8025,
 2026-Dec-12 00:05:00, , , 149.162076923,  13.430436197,  149.530627728,  13.300584644,   112.988525642,      27.781853338,         -6.028,        3.345, 299.022,   6.8942,    t,  1.036884,  4.86528423375270,-24.2765508,    9.8025,
 2026-Dec-12 00:06:00, , , 149.162001313,  13.430469290,  149.530552491,  13.300617827,   113.231535491,      27.897514587,         -6.302,        3.456, 298.743,   7.1877,    t,  1.036886,  4.86527450592256,-24.2328054,    9.8024,
 2026-Dec-12 00:07:00, , , 149.161925708,  13.430502376,  149.530477259,  13.300651003,   113.474933013,      28.012965348,         -6.576,        3.568, 298.486,   7.4814,    t,  1.036888,  4.86526479563824,-24.1890628,    9.8024,
 2026-Dec-12 00:08:00, , , 149.161850108,  13.430535456,  149.530402032,  13.300684174,   113.718720721,      28.128203199,         -6.849,        3.680, 298.248,   7.7751,    t,  1.036890,  4.86525510289852,-24.1453234,    9.8023,
 2026-Dec-12 00:09:00, , , 149.161774515,  13.430568530,  149.530326810,  13.300717339,   113.962901117,      28.243225711,         -7.123,        3.792, 298.028,   8.0689,    t,  1.036892,  4.86524542770210,-24.1015873,    9.8022,
 2026-Dec-12 00:10:00, , , 149.161698928,  13.430601598,  149.530251595,  13.300750497,   114.207476698,      28.358030444,         -7.396,        3.903, 297.823,   8.3628,    t,  1.036894,  4.86523577004757,-24.0578549,    9.8022,
 2026-Dec-12 00:11:00, , , 149.161623349,  13.430634658,  149.530176386,  13.300783649,   114.452449954,      28.472614953,         -7.669,        4.015, 297.632,   8.6567,    t,  1.036896,  4.86522612993341,-24.0141265,    9.8021,
 2026-Dec-12 00:12:00, , , 149.161547777,  13.430667712,  149.530101184,  13.300816794,   114.697823370,      28.586976783,         -7.943,        4.126, 297.453,   8.9507,    t,  1.036898,  4.86521650735795,-23.9704023,    9.8021,
 2026-Dec-12 00:13:00, , , 149.161472213,  13.430700759,  149.530025990,  13.300849932,   114.943599417,      28.701113470,         -8.216,        4.238, 297.286,   9.2447,    t,  1.036900,  4.86520690231944,-23.9266825,    9.8020,
 2026-Dec-12 00:14:00, , , 149.161396657,  13.430733799,  149.529950804,  13.300883063,   115.189780566,      28.815022542,         -8.489,        4.350, 297.130,   9.5387,    t,  1.036903,  4.86519731481602,-23.8829676,    9.8019,
 2026-Dec-12 00:15:00, , , 149.161321111,  13.430766831,  149.529875626,  13.300916186,   115.436369274,      28.928701519,         -8.762,        4.461, 296.982,   9.8328,    t,  1.036905,  4.86518774484568,-23.8392577,    9.8019,
 2026-Dec-12 00:16:00, , , 149.161245574,  13.430799856,  149.529800458,  13.300949303,   115.683367991,      29.042147912,         -9.036,        4.573, 296.843,  10.1268,    t,  1.036907,  4.86517819240637,-23.7955532,    9.8018,
 2026-Dec-12 00:17:00, , , 149.161170048,  13.430832873,  149.529725298,  13.300982411,   115.930779158,      29.155359223,         -9.309,        4.684, 296.712,  10.4208,    t,  1.036909,  4.86516865749587,-23.7518543,    9.8018,
 2026-Dec-12 00:18:00, , , 149.161094531,  13.430865882,  149.529650149,  13.301015512,   116.178605209,      29.268332947,         -9.582,        4.796, 296.588,  10.7148,    t,  1.036911,  4.86515914011185,-23.7081613,    9.8017,
 2026-Dec-12 00:19:00, , , 149.161019026,  13.430898882,  149.529575011,  13.301048605,   116.426848567,      29.381066569,         -9.855,        4.907, 296.471,  11.0088,    t,  1.036913,  4.86514964025189,-23.6644745,    9.8016,
 2026-Dec-12 00:20:00, , , 149.160943533,  13.430931874,  149.529499883,  13.301081689,   116.675511643,      29.493557568,        -10.128,        5.018, 296.360,  11.3028,    t,  1.036915,  4.86514015791345,-23.6207942,    9.8016,
 2026-Dec-12 00:21:00, , , 149.160868051,  13.430964858,  149.529424767,  13.301114765,   116.924596841,      29.605803410,        -10.400,        5.130, 296.254,  11.5967,    t,  1.036917,  4.86513069309387,-23.5771206,    9.8015,
 2026-Dec-12 00:22:00, , , 149.160792582,  13.430997833,  149.529349663,  13.301147832,   117.174106553,      29.717801557,        -10.673,        5.241, 296.154,  11.8906,    t,  1.036919,  4.86512124579037,-23.5334540,    9.8015,
 2026-Dec-12 00:23:00, , , 149.160717126,  13.431030798,  149.529274571,  13.301180891,   117.424043160,      29.829549459,        -10.946,        5.352, 296.059,  12.1845,    t,  1.036921,  4.86511181600011,-23.4897948,    9.8014,
 2026-Dec-12 00:24:00, , , 149.160641684,  13.431063755,  149.529199492,  13.301213940,   117.674409031,      29.941044561,        -11.219,        5.464, 295.968,  12.4783,    t,  1.036923,  4.86510240372007,-23.4461431,    9.8013,
 2026-Dec-12 00:25:00, , , 149.160566255,  13.431096702,  149.529124427,  13.301246980,   117.925206527,      30.052284296,        -11.491,        5.575, 295.881,  12.7721,    t,  1.036925,  4.86509300894715,-23.4024993,    9.8013,
 2026-Dec-12 00:26:00, , , 149.160490841,  13.431129640,  149.529049376,  13.301280011,   118.176437992,      30.163266090,        -11.764,        5.686, 295.798,  13.0659,    t,  1.036927,  4.86508363167815,-23.3588636,    9.8012,
 2026-Dec-12 00:27:00, , , 149.160415442,  13.431162567,  149.528974339,  13.301313032,   118.428105762,      30.273987362,        -12.036,        5.797, 295.719,  13.3595,    t,  1.036929,  4.86507427190972,-23.3152363,    9.8012,
 2026-Dec-12 00:28:00, , , 149.160340058,  13.431195485,  149.528899317,  13.301346043,   118.680212159,      30.384445520,        -12.309,        5.908, 295.643,  13.6532,    t,  1.036931,  4.86506492963842,-23.2716178,    9.8011,
 2026-Dec-12 00:29:00, , , 149.160264691,  13.431228393,  149.528824310,  13.301379044,   118.932759489,      30.494637964,        -12.581,        6.020, 295.570,  13.9467,    t,  1.036933,  4.86505560486073,-23.2280082,    9.8010,
 2026-Dec-12 00:30:00, , , 149.160189340,  13.431261290,  149.528749319,  13.301412035,   119.185750048,      30.604562087,        -12.853,        6.131, 295.501,  14.2402,    t,  1.036935,  4.86504629757296,-23.1844079,    9.8010,
 2026-Dec-12 00:31:00, , , 149.160114006,  13.431294177,  149.528674345,  13.301445016,   119.439186118,      30.714215272,        -13.125,        6.242, 295.434,  14.5337,    t,  1.036937,  4.86503700777134,-23.1408171,    9.8009,
 2026-Dec-12 00:32:00, , , 149.160038689,  13.431327053,  149.528599387,  13.301477986,   119.693069965,      30.823594895,        -13.397,        6.353, 295.370,  14.8270,    t,  1.036939,  4.86502773545198,-23.0972362,    9.8009,
 2026-Dec-12 00:33:00, , , 149.159963390,  13.431359918,  149.528524447,  13.301510945,   119.947403840,      30.932698321,        -13.669,        6.464, 295.308,  15.1203,    t,  1.036941,  4.86501848061088,-23.0536653,    9.8008,
 2026-Dec-12 00:34:00, , , 149.159888110,  13.431392773,  149.528449525,  13.301543893,   120.202189983,      31.041522910,        -13.941,        6.574, 295.249,  15.4135,    t,  1.036943,  4.86500924324391,-23.0101049,    9.8007,
 2026-Dec-12 00:35:00, , , 149.159812849,  13.431425615,  149.528374621,  13.301576830,   120.457430614,      31.150066010,        -14.213,        6.685, 295.192,  15.7067,    t,  1.036945,  4.86500002334688,-22.9665551,    9.8007,
 2026-Dec-12 00:36:00, , , 149.159737607,  13.431458446,  149.528299736,  13.301609756,   120.713127939,      31.258324964,        -14.485,        6.796, 295.136,  15.9997,    t,  1.036947,  4.86499082091543,-22.9230162,    9.8006,
 2026-Dec-12 00:37:00, , , 149.159662385,  13.431491266,  149.528224870,  13.301642670,   120.969284146,      31.366297105,        -14.756,        6.907, 295.083,  16.2927,    t,  1.036948,  4.86498163594513,-22.8794886,    9.8005,
 2026-Dec-12 00:38:00, , , 149.159587183,  13.431524074,  149.528150024,  13.301675572,   121.225901410,      31.473979758,        -15.028,        7.018, 295.032,  16.5856,    t,  1.036950,  4.86497246843139,-22.8359724,    9.8005,
 2026-Dec-12 00:39:00, , , 149.159512003,  13.431556869,  149.528075198,  13.301708462,   121.482981885,      31.581370238,        -15.299,        7.128, 294.983,  16.8784,    t,  1.036952,  4.86496331836956,-22.7924681,    9.8004,
 2026-Dec-12 00:40:00, , , 149.159436844,  13.431589652,  149.528000393,  13.301741341,   121.740527710,      31.688465854,        -15.571,        7.239, 294.935,  17.1711,    t,  1.036954,  4.86495418575484,-22.7489758,    9.8004,
 2026-Dec-12 00:41:00, , , 149.159361706,  13.431622423,  149.527925609,  13.301774206,   121.998541005,      31.795263908,        -15.842,        7.350, 294.889,  17.4637,    t,  1.036956,  4.86494507058232,-22.7054958,    9.8003,
 2026-Dec-12 00:42:00, , , 149.159286591,  13.431655181,  149.527850848,  13.301807060,   122.257023870,      31.901761689,        -16.113,        7.460, 294.844,  17.7563,    t,  1.036958,  4.86493597284703,-22.6620285,    9.8002,
 2026-Dec-12 00:43:00, , , 149.159211499,  13.431687926,  149.527776108,  13.301839900,   122.515978389,      32.007956482,        -16.384,        7.571, 294.801,  18.0487,    t,  1.036960,  4.86492689254382,-22.6185740,    9.8002,
 2026-Dec-12 00:44:00, , , 149.159136431,  13.431720659,  149.527701391,  13.301872728,   122.775406623,      32.113845562,        -16.655,        7.681, 294.759,  18.3410,    t,  1.036962,  4.86491782966747,-22.5751327,    9.8001,
 2026-Dec-12 00:45:00, , , 149.159061386,  13.431753378,  149.527626697,  13.301905542,   123.035310617,      32.219426197,        -16.926,        7.792, 294.719,  18.6332,    t,  1.036964,  4.86490878421263,-22.5317049,    9.8001,
 2026-Dec-12 00:46:00, , , 149.158986366,  13.431786083,  149.527552028,  13.301938343,   123.295692392,      32.324695647,        -17.197,        7.902, 294.680,  18.9253,    t,  1.036966,  4.86489975617383,-22.4882908,    9.8000,
 2026-Dec-12 00:47:00, , , 149.158911370,  13.431818775,  149.527477382,  13.301971131,   123.556553953,      32.429651163,        -17.467,        8.012, 294.642,  19.2174,    t,  1.036968,  4.86489074554550,-22.4448907,    9.7999,
 2026-Dec-12 00:48:00, , , 149.158836400,  13.431851453,  149.527402761,  13.302003905,   123.817897277,      32.534289989,        -17.738,        8.123, 294.605,  19.5093,    t,  1.036970,  4.86488175232198,-22.4015049,    9.7999,
 2026-Dec-12 00:49:00, , , 149.158761456,  13.431884117,  149.527328165,  13.302036665,   124.079724324,      32.638609360,        -18.008,        8.233, 294.569,  19.8010,    t,  1.036972,  4.86487277649747,-22.3581337,    9.7998,
 2026-Dec-12 00:50:00, , , 149.158686538,  13.431916767,  149.527253595,  13.302069410,   124.342037032,      32.742606505,        -18.279,        8.343, 294.534,  20.0927,    t,  1.036974,  4.86486381806605,-22.3147774,    9.7998,
 2026-Dec-12 00:51:00, , , 149.158611647,  13.431949402,  149.527179051,  13.302102142,   124.604837313,      32.846278643,        -18.549,        8.453, 294.501,  20.3843,    t,  1.036976,  4.86485487702172,-22.2714361,    9.7997,
 2026-Dec-12 00:52:00, , , 149.158536783,  13.431982023,  149.527104534,  13.302134859,   124.868127058,      32.949622988,        -18.819,        8.563, 294.468,  20.6757,    t,  1.036977,  4.86484595335834,-22.2281103,    9.7996,
 2026-Dec-12 00:53:00, , , 149.158461947,  13.432014629,  149.527030044,  13.302167562,   125.131908132,      33.052636744,        -19.089,        8.673, 294.436,  20.9670,    *,  1.036979,  4.86483704706967,-22.1848002,    9.7996,
 2026-Dec-12 00:54:00, , , 149.158387139,  13.432047220,  149.526955581,  13.302200249,   125.396182381,      33.155317110,        -19.359,        8.783, 294.405,  21.2582,    *,  1.036981,  4.86482815814935,-22.1415060,    9.7995,
 2026-Dec-12 00:55:00, , , 149.158312360,  13.432079796,  149.526881147,  13.302232922,   125.660951620,      33.257661274,        -19.629,        8.893, 294.375,  21.5493,    *,  1.036983,  4.86481928659093,-22.0982281,    9.7995,
 2026-Dec-12 00:56:00, , , 149.158237610,  13.432112357,  149.526806741,  13.302265579,   125.926217640,      33.359666419,        -19.898,        9.003, 294.345,  21.8403,    *,  1.036985,  4.86481043238783,-22.0549666,    9.7994,
 2026-Dec-12 00:57:00, , , 149.158162891,  13.432144902,  149.526732364,  13.302298221,   126.191982210,      33.461329721,        -20.168,        9.113, 294.317,  22.1311,    *,  1.036987,  4.86480159553337,-22.0117220,    9.7993,
 2026-Dec-12 00:58:00, , , 149.158088201,  13.432177431,  149.526658017,  13.302330847,   126.458247068,      33.562648348,        -20.437,        9.223, 294.289,  22.4218,    *,  1.036989,  4.86479277602073,-21.9684945,    9.7993,
 2026-Dec-12 00:59:00, , , 149.158013542,  13.432209945,  149.526583700,  13.302363457,   126.725013926,      33.663619461,        -20.707,        9.332, 294.262,  22.7123,    *,  1.036991,  4.86478397384302,-21.9252843,    9.7992,
 2026-Dec-12 01:00:00, , , 149.157938915,  13.432242442,  149.526509414,  13.302396052,   126.992284472,      33.764240213,        -20.976,        9.442, 294.235,  23.0028,    *,  1.036993,  4.86477518899318,-21.8820918,    9.7992,
$$EOE
***************************************************************************************************************************************************************************************************************************************
Column meaning:
 
TIME

  Times PRIOR to 1962 are UT1, a mean-solar time closely related to the
prior but now-deprecated GMT. Times AFTER 1962 are in UTC, the current
civil or "wall-clock" time-scale. UTC is kept within 0.9 seconds of UT1
using integer leap-seconds for 1972 and later years.

  Conversion from the internal Barycentric Dynamical Time (TDB) of solar
system dynamics to the non-uniform civil UT time-scale requested for output
has not been determined for UTC times after the next July or January 1st.
Therefore, the last known leap-second is used as a constant over future
intervals.

  Time tags refer to the UT time-scale conversion from TDB on Earth
regardless of observer location within the solar system, although clock
rates may differ due to the local gravity field and no analog to "UT"
may be defined for that location.

  Any 'b' symbol in the 1st-column denotes a B.C. date. First-column blank
(" ") denotes an A.D. date.
 
CALENDAR SYSTEM

  Mixed calendar mode was active such that calendar dates after AD 1582-Oct-15
(if any) are in the modern Gregorian system. Dates prior to 1582-Oct-5 (if any)
are in the Julian calendar system, which is automatically extended for dates
prior to its adoption on 45-Jan-1 BC.  The Julian calendar is useful for
matching historical dates. The Gregorian calendar more accurately corresponds
to the Earth's orbital motion and seasons. A "Gregorian-only" calendar mode is
available if such physical events are the primary interest.

  NOTE: "n.a." in output means quantity "not available" at the print-time.
 
SOLAR PRESENCE (OBSERVING SITE)
  Time tag is followed by a blank, then a solar-presence condition code:

       '*'  Daylight (refracted solar upper-limb on or above apparent horizon)
       'C'  Civil twilight/dawn
       'N'  Nautical twilight/dawn
       'A'  Astronomical twilight/dawn
       ' '  Night OR geocentric ephemeris

LUNAR PRESENCE WITH TARGET RISE/TRANSIT/SET EVENT MARKER (OBSERVING SITE)
  The solar-presence code column is immediately followed by another marker:

       'm'  Refracted upper-limb of Moon on or above apparent horizon
       ' '  Refracted upper-limb of Moon below apparent horizon OR geocentric

  The lunar presence marker (an ongoing state) can be over-ridden by a target
  event marker if an event has occurred since the last output step:

       'r'  Rise          (target body on or went above cut-off RTS elevation)
       'e'  Elevation max (target body maximum elevation angle has occurred)
       't'  Transit       (target body at or passed through observer meridian)
       's'  Set           (target body on or went below cut-off RTS elevation)
 
RTS MARKERS (TVH)
  Rise and set are with respect to the reference ellipsoid true visual horizon
defined by the elevation cut-off angle. Horizon dip and yellow-light refraction
(Earth only) are considered. Accuracy is < or = to twice the requested search
step-size.
 
 'R.A.___(ICRF), DEC____(ICRF),' =
  Astrometric right ascension and declination of the target center with
respect to the observing site (coordinate origin) in the reference frame of
the planetary ephemeris (ICRF). Compensated for down-leg light-time delay
aberration.

  Units: RA  in decimal degrees,  ddd.fffff{ffff}
         DEC in decimal degrees,  sdd.fffff{ffff}
 
 'R.A.__(a-app), DEC___(a-app),' =
  Airless apparent right ascension and declination of the target center
with respect to an instantaneous reference frame defined by the Earth equator
of-date (z-axis) and meridian containing the Earth equinox of-date (x-axis,
EOP-corrected IAU76/80). Compensated for down-leg light-time delay,
gravitational deflection of light, stellar aberration, precession & nutation.
Note: equinox (RA origin) is offset -53 mas from the of-date frame defined by
the IAU06/00a P & N system.

  Units: RA  in decimal degrees, ddd.fffff{ffff}
         DEC in decimal degrees  sdd.fffff{ffff}

 
 'Azimuth_(a-app), Elevation_(a-app),' =
  Airless apparent azimuth and elevation of target center. Compensated
for light-time, the gravitational deflection of light, stellar aberration,
precession and nutation. Azimuth is measured clockwise from north:

  North(0) -> East(90) -> South(180) -> West(270) -> North (360)

Elevation angle is with respect to a plane perpendicular to the reference
surface local zenith direction. TOPOCENTRIC ONLY.  Units: DEGREES
 
 'X_(sat-prim), Y_(sat-prim), SatPANG,' =
   Satellite apparent differential coordinates in the plane-of-sky with
respect to the primary body along with the satellite position angle.
Differential coordinates are defined in RA as:

     X= ((RA_sat - RA_primary) * cosine(DEC_primary))

... and in DEC as:

     Y= (DEC_sat - DEC_primary)

Non-lunar satellites only. "SatPANG" is the counter-clockwise (CCW) position
angle from the reference-frame of-date north-pole to a line from the primary
center to the satellite center. Units: ARCSECONDS (X & Y), DEGREES (pos, angle)
 
 'ang-sep, vis.,' =
  The angular separation between the center of the target object and the center
of the (remote) primary body it revolves around, as seen by the observer, with
target visibility code.

  Visibility codes (refers to limb-to-limb):

    /t = Transiting primary body disk    /O = Occulted by primary body disk
    /p = Partial umbral eclipse          /P = Occulted partial umbral eclipse
    /u = Total umbral eclipse            /U = Occulted total umbral eclipse
    /- = Target is the primary body      /* = None of above ("free and clear")

  The radius of both primary and target body is taken to be the equatorial
value (maximum, given a triaxial shape). Atmospheric effects and oblateness
aspect are NOT currently considered.  Light-time is considered.

  Units: ARCSECONDS and visibility code
 
 'Ang-diam,' =
   The equatorial angular width of the target body full disk, if it were fully
illuminated and visible to the observer. If the target body diameter is unknown
"n.a." is output.

   Units: ARCSECONDS
 
 'delta,     deldot,' =
   Apparent range ("delta", light-time aberrated) and range-rate ("delta-dot")
of the target center relative to the observer. A positive "deldot" means the
target center is moving away from the observer, negative indicates movement
toward the observer.  Units: AU and KM/S
 
 'S-T-O,' =
   The Sun-Target-Observer angle; the interior vertex angle at target center
formed by a vector from the target to the apparent center of the Sun (at
reflection time on the target) and the apparent vector from target to the
observer at print-time. Slightly different from true PHASE ANGLE (requestable
separately) at the few arcsecond level in that it includes stellar aberration
on the down-leg from target to observer.  Units: DEGREES

Computations by ...

    Solar System Dynamics Group, Horizons On-Line Ephemeris System
    4800 Oak Grove Drive, Jet Propulsion Laboratory
    Pasadena, CA  91109   USA

    General site: https://ssd.jpl.nasa.gov/
    Mailing list: https://ssd.jpl.nasa.gov/email_list.html
    System news : https://ssd.jpl.nasa.gov/horizons/news.html
    User Guide  : https://ssd.jpl.nasa.gov/horizons/manual.html
    Connect     : browser        https://ssd.jpl.nasa.gov/horizons/app.html#/x
                  API            https://ssd-api.jpl.nasa.gov/doc/horizons.html
                  command-line   telnet ssd.jpl.nasa.gov 6775
                  e-mail/batch   https://ssd.jpl.nasa.gov/ftp/ssd/horizons_batch.txt
                  scripts        https://ssd.jpl.nasa.gov/ftp/ssd/SCRIPTS
    Inquiries   : Jon.D.Giorgini@jpl.nasa.gov

***************************************************************************************************************************************************************************************************************************************
