# JPL Horizons response, kept whole (#472)
# request-url: https://ssd.jpl.nasa.gov/api/horizons.api?format=text&COMMAND=%27504%27&MAKE_EPHEM=%27YES%27&EPHEM_TYPE=%27OBSERVER%27&CENTER=%27coord%40399%27&COORD_TYPE=%27GEODETIC%27&QUANTITIES=%271%2C2%2C4%2C6%2C12%2C13%2C20%2C24%27&EXTRA_PREC=%27YES%27&ANG_FORMAT=%27DEG%27&APPARENT=%27AIRLESS%27&CSV_FORMAT=%27YES%27&TIME_DIGITS=%27SECONDS%27&START_TIME=%272026-12-11%2018%3A00%27&STOP_TIME=%272026-12-12%2001%3A00%27&STEP_SIZE=%271%20m%27&SITE_COORD=%2710.75%2C59.91%2C0.0%27
# requested-utc: 2026-10-07T13:54:03Z
# body-sha256: e4d8481e7857300e27bbf6505d94c12982cf846b1e20b63930a6f9273be48a7f
# body-bytes: 109336
# complete: True
API VERSION: 1.2
API SOURCE: NASA/JPL Horizons API

*******************************************************************************
 Revised: Mar 12, 2021           Callisto / (Jupiter)                       504

 SATELLITE PHYSICAL PROPERTIES:
  Mean radius (km)      = 2410.3 +- 1.5       Density (g cm^-3)= 1.834 +- 0.004
  GM (km^3/s^2)         = 7179.2834 +- 0.0097 Geometric Albedo = 0.17  +- 0.02
                                              V(1,0)           = -1.05

 SATELLITE ORBIT (at J2000.0 epoch, 2000-Jan-1.5):
  Semi-major axis, a (km)~ 1,883,000          Orbital period   ~ 16.691    d
  Eccentricity, e        ~ 0.00744            Rotational period= Synchronous
  Inclination, i  (deg)  ~ 0.200 
*******************************************************************************


*******************************************************************************
Ephemeris / API_USER Wed Oct  7 06:54:04 2026 Pasadena, USA      / Horizons    
*******************************************************************************
Target body name: Callisto (504)                  {source: jup365_merged}
Center body name: Earth (399)                     {source: DE441}
Center-site name: (user defined site below)
*******************************************************************************
Start time      : A.D. 2026-Dec-11 18:00:00.0000 UT      
Stop  time      : A.D. 2026-Dec-12 01:00:00.0000 UT      
Step-size       : 1 minutes
*******************************************************************************
Target pole/equ : IAU_CALLISTO                    {West-longitude positive}
Target radii    : 2410.3, 2410.3, 2410.3 km       {Equator_a, b, pole_c}       
Center geodetic : 10.75, 59.91, 0.0               {E-lon(deg),Lat(deg),Alt(km)}
Center cylindric: 10.75, 3205.78431, 5495.4568    {E-lon(deg),Dxy(km),Dz(km)}
Center pole/equ : ITRF93                          {East-longitude positive}
Center radii    : 6378.137, 6378.137, 6356.752 km {Equator_a, b, pole_c}       
Target primary  : Jupiter
Vis. interferer : MOON (R_eq= 1737.400) km        {source: DE441}
Rel. light bend : Sun                             {source: jup365_merged}
Rel. lght bnd GM: 1.3271E+11 km^3/s^2                                          
Atmos refraction: NO (AIRLESS)
RA format       : DEG
Time format     : CAL 
Calendar mode   : Mixed Julian/Gregorian
RTS-only print  : NO       
EOP file        : eop.261006.p270102                                           
EOP coverage    : DATA-BASED 1962-JAN-20 TO 2026-OCT-06. PREDICTS-> 2027-JAN-01
Units conversion: 1 au= 149597870.700 km, c= 299792.458 km/s, 1 day= 86400.0 s 
Table cut-offs 1: Elevation (-90.0deg=NO ),Airmass (>38.000=NO), Daylight (NO )
Table cut-offs 2: Solar elongation (  0.0,180.0=NO ),Local Hour Angle( 0.0=NO )
Table cut-offs 3: RA/DEC angular rate (     0.0=NO )                           
Table format    : Comma Separated Values (spreadsheet)
***************************************************************************************************************************************************************************************************************************************
 Date__(UT)__HR:MN:SS, , , R.A.___(ICRF), DEC____(ICRF),  R.A.__(a-app), DEC___(a-app), Azimuth_(a-app), Elevation_(a-app),   X_(sat-prim), Y_(sat-prim), SatPANG,  ang-sep, vis.,  Ang-diam,             delta,     deldot,     S-T-O,
***************************************************************************************************************************************************************************************************************************************
$$SOE
 2026-Dec-11 18:00:00, , , 149.168627353,  13.427731344,  149.537065707,  13.297887463,    31.563560287,     -12.486346043,         21.624,       -3.716,  99.749,  21.9410,    *,  1.367819,  4.85928116131004,-25.5449980,    9.8418,
 2026-Dec-11 18:01:00, , , 149.168594918,  13.427747775,  149.537033533,  13.297903862,    31.804107811,     -12.420309063,         21.494,       -3.663,  99.671,  21.8040,    *,  1.367822,  4.85927091621777,-25.5435438,    9.8417,
 2026-Dec-11 18:02:00, , , 149.168562478,  13.427764207,  149.537001355,  13.297920263,    32.044464547,     -12.353823774,         21.364,       -3.611,  99.592,  21.6670,    *,  1.367825,  4.85926067170928,-25.5420873,    9.8417,
 2026-Dec-11 18:03:00, , , 149.168530033,  13.427780642,  149.536969173,  13.297936666,    32.284630003,     -12.286891701,         21.234,       -3.558,  99.512,  21.5301,    *,  1.367828,  4.85925042778550,-25.5406284,    9.8416,
 2026-Dec-11 18:04:00, , , 149.168497584,  13.427797078,  149.536936987,  13.297953070,    32.524603704,     -12.219514376,         21.104,       -3.505,  99.430,  21.3932,    *,  1.367831,  4.85924018444738,-25.5391672,    9.8416,
 2026-Dec-11 18:05:00, , , 149.168465130,  13.427813515,  149.536904797,  13.297969477,    32.764385196,     -12.151693337,         20.974,       -3.453,  99.348,  21.2564,    *,  1.367834,  4.85922994169588,-25.5377035,    9.8415,
 2026-Dec-11 18:06:00, , , 149.168432671,  13.427829954,  149.536872602,  13.297985884,    33.003974041,     -12.083430125,         20.844,       -3.400,  99.265,  21.1195,    *,  1.367837,  4.85921969953195,-25.5362375,    9.8415,
 2026-Dec-11 18:07:00, , , 149.168400207,  13.427846395,  149.536840404,  13.298002294,    33.243369820,     -12.014726290,         20.714,       -3.348,  99.180,  20.9828,    *,  1.367840,  4.85920945795654,-25.5347691,    9.8414,
 2026-Dec-11 18:08:00, , , 149.168367738,  13.427862837,  149.536808201,  13.298018705,    33.482572132,     -11.945583386,         20.584,       -3.295,  99.094,  20.8461,    t,  1.367843,  4.85919921697067,-25.5332982,    9.8413,
 2026-Dec-11 18:09:00, , , 149.168335264,  13.427879281,  149.536775995,  13.298035118,    33.721580595,     -11.876002973,         20.454,       -3.243,  99.008,  20.7094,    t,  1.367845,  4.85918897657528,-25.5318248,    9.8413,
 2026-Dec-11 18:10:00, , , 149.168302786,  13.427895726,  149.536743784,  13.298051533,    33.960394846,     -11.805986616,         20.324,       -3.190,  98.920,  20.5727,    t,  1.367848,  4.85917873677139,-25.5303490,    9.8412,
 2026-Dec-11 18:11:00, , , 149.168270303,  13.427912173,  149.536711569,  13.298067949,    34.199014539,     -11.735535886,         20.194,       -3.138,  98.831,  20.4362,    t,  1.367851,  4.85916849755996,-25.5288708,    9.8412,
 2026-Dec-11 18:12:00, , , 149.168237814,  13.427928622,  149.536679350,  13.298084368,    34.437439347,     -11.664652356,         20.064,       -3.085,  98.740,  20.2996,    t,  1.367854,  4.85915825894200,-25.5273900,    9.8411,
 2026-Dec-11 18:13:00, , , 149.168205321,  13.427945072,  149.536647127,  13.298100787,    34.675668962,     -11.593337609,         19.934,       -3.032,  98.649,  20.1631,    t,  1.367857,  4.85914802091849,-25.5259067,    9.8411,
 2026-Dec-11 18:14:00, , , 149.168172823,  13.427961524,  149.536614899,  13.298117209,    34.913703091,     -11.521593230,         19.804,       -2.980,  98.556,  20.0267,    t,  1.367860,  4.85913778349049,-25.5244209,    9.8410,
 2026-Dec-11 18:15:00, , , 149.168140320,  13.427977977,  149.536582667,  13.298133632,    35.151541463,     -11.449420810,         19.674,       -2.927,  98.462,  19.8903,    t,  1.367863,  4.85912754665900,-25.5229325,    9.8410,
 2026-Dec-11 18:16:00, , , 149.168107812,  13.427994432,  149.536550432,  13.298150057,    35.389183823,     -11.376821943,         19.544,       -2.875,  98.367,  19.7540,    t,  1.367866,  4.85911731042503,-25.5214416,    9.8409,
 2026-Dec-11 18:17:00, , , 149.168075299,  13.428010888,  149.536518191,  13.298166483,    35.626629935,     -11.303798229,         19.414,       -2.822,  98.270,  19.6177,    t,  1.367868,  4.85910707478961,-25.5199481,    9.8409,
 2026-Dec-11 18:18:00, , , 149.168042781,  13.428027346,  149.536485947,  13.298182912,    35.863879580,     -11.230351273,         19.284,       -2.770,  98.172,  19.4815,    t,  1.367871,  4.85909683975378,-25.5184520,    9.8408,
 2026-Dec-11 18:19:00, , , 149.168010258,  13.428043806,  149.536453698,  13.298199342,    36.100932559,     -11.156482685,         19.154,       -2.717,  98.073,  19.3453,    t,  1.367874,  4.85908660531858,-25.5169534,    9.8407,
 2026-Dec-11 18:20:00, , , 149.167977730,  13.428060267,  149.536421445,  13.298215773,    36.337788689,     -11.082194077,         19.023,       -2.664,  97.972,  19.2092,    t,  1.367877,  4.85907637148504,-25.5154521,    9.8407,
 2026-Dec-11 18:21:00, , , 149.167945197,  13.428076729,  149.536389187,  13.298232206,    36.574447805,     -11.007487068,         18.893,       -2.612,  97.870,  19.0731,    t,  1.367880,  4.85906613825426,-25.5139481,    9.8406,
 2026-Dec-11 18:22:00, , , 149.167912659,  13.428093193,  149.536356926,  13.298248641,    36.810909761,     -10.932363279,         18.763,       -2.559,  97.766,  18.9371,    t,  1.367883,  4.85905590562727,-25.5124415,    9.8406,
 2026-Dec-11 18:23:00, , , 149.167880116,  13.428109659,  149.536324659,  13.298265078,    37.047174428,     -10.856824337,         18.633,       -2.507,  97.661,  18.8012,    t,  1.367886,  4.85904567360513,-25.5109323,    9.8405,
 2026-Dec-11 18:24:00, , , 149.167847568,  13.428126126,  149.536292389,  13.298281516,    37.283241696,     -10.780871872,         18.503,       -2.454,  97.555,  18.6653,    t,  1.367889,  4.85903544218893,-25.5094203,    9.8405,
 2026-Dec-11 18:25:00, , , 149.167815014,  13.428142595,  149.536260114,  13.298297956,    37.519111471,     -10.704507518,         18.373,       -2.402,  97.446,  18.5295,    t,  1.367892,  4.85902521137973,-25.5079057,    9.8404,
 2026-Dec-11 18:26:00, , , 149.167782456,  13.428159065,  149.536227835,  13.298314397,    37.754783679,     -10.627732914,         18.243,       -2.349,  97.336,  18.3937,    t,  1.367894,  4.85901498117861,-25.5063884,    9.8404,
 2026-Dec-11 18:27:00, , , 149.167749892,  13.428175537,  149.536195551,  13.298330841,    37.990258260,     -10.550549701,         18.113,       -2.296,  97.225,  18.2581,    t,  1.367897,  4.85900475158668,-25.5048683,    9.8403,
 2026-Dec-11 18:28:00, , , 149.167717323,  13.428192010,  149.536163263,  13.298347285,    38.225535174,     -10.472959526,         17.983,       -2.244,  97.112,  18.1225,    t,  1.367900,  4.85899452260504,-25.5033455,    9.8402,
 2026-Dec-11 18:29:00, , , 149.167684750,  13.428208485,  149.536130970,  13.298363732,    38.460614399,     -10.394964036,         17.853,       -2.191,  96.997,  17.9869,    t,  1.367903,  4.85898429423477,-25.5018199,    9.8402,
 2026-Dec-11 18:30:00, , , 149.167652170,  13.428224961,  149.536098673,  13.298380180,    38.695495930,     -10.316564887,         17.723,       -2.139,  96.880,  17.8514,    t,  1.367906,  4.85897406647699,-25.5002916,    9.8401,
 2026-Dec-11 18:31:00, , , 149.167619586,  13.428241439,  149.536066371,  13.298396630,    38.930179778,     -10.237763732,         17.593,       -2.086,  96.762,  17.7161,    t,  1.367909,  4.85896383933281,-25.4987605,    9.8401,
 2026-Dec-11 18:32:00, , , 149.167586997,  13.428257918,  149.536034065,  13.298413081,    39.164665972,     -10.158562233,         17.463,       -2.034,  96.642,  17.5807,    t,  1.367912,  4.85895361280336,-25.4972266,    9.8400,
 2026-Dec-11 18:33:00, , , 149.167554402,  13.428274399,  149.536001754,  13.298429534,    39.398954561,     -10.078962053,         17.333,       -1.981,  96.520,  17.4455,    t,  1.367915,  4.85894338688972,-25.4956899,    9.8400,
 2026-Dec-11 18:34:00, , , 149.167521802,  13.428290881,  149.535969439,  13.298445989,    39.633045606,      -9.998964857,         17.203,       -1.928,  96.396,  17.3103,    t,  1.367917,  4.85893316159309,-25.4941503,    9.8399,
 2026-Dec-11 18:35:00, , , 149.167489197,  13.428307365,  149.535937119,  13.298462445,    39.866939190,      -9.918572315,         17.072,       -1.876,  96.270,  17.1752,    t,  1.367920,  4.85892293691456,-25.4926079,    9.8399,
 2026-Dec-11 18:36:00, , , 149.167456587,  13.428323850,  149.535904794,  13.298478903,    40.100635410,      -9.837786099,         16.942,       -1.823,  96.142,  17.0402,    t,  1.367923,  4.85891271285529,-25.4910627,    9.8398,
 2026-Dec-11 18:37:00, , , 149.167423971,  13.428340337,  149.535872465,  13.298495362,    40.334134381,      -9.756607885,         16.812,       -1.771,  96.012,  16.9053,    t,  1.367926,  4.85890248941643,-25.4895146,    9.8398,
 2026-Dec-11 18:38:00, , , 149.167391350,  13.428356825,  149.535840132,  13.298511823,    40.567436235,      -9.675039351,         16.682,       -1.718,  95.880,  16.7705,    t,  1.367929,  4.85889226659912,-25.4879636,    9.8397,
 2026-Dec-11 18:39:00, , , 149.167358724,  13.428373314,  149.535807793,  13.298528286,    40.800541122,      -9.593082178,         16.552,       -1.666,  95.745,  16.6357,    t,  1.367932,  4.85888204440451,-25.4864097,    9.8396,
 2026-Dec-11 18:40:00, , , 149.167326093,  13.428389806,  149.535775450,  13.298544750,    41.033449207,      -9.510738051,         16.422,       -1.613,  95.609,  16.5011,    t,  1.367935,  4.85887182283381,-25.4848528,    9.8396,
 2026-Dec-11 18:41:00, , , 149.167293456,  13.428406298,  149.535743103,  13.298561216,    41.266160671,      -9.428008654,         16.292,       -1.560,  95.470,  16.3665,    t,  1.367938,  4.85886160188815,-25.4832931,    9.8395,
 2026-Dec-11 18:42:00, , , 149.167260814,  13.428422792,  149.535710750,  13.298577683,    41.498675715,      -9.344895679,         16.162,       -1.508,  95.329,  16.2321,    t,  1.367940,  4.85885138156873,-25.4817304,    9.8395,
 2026-Dec-11 18:43:00, , , 149.167228166,  13.428439287,  149.535678393,  13.298594153,    41.730994555,      -9.261400815,         16.032,       -1.455,  95.186,  16.0977,    t,  1.367943,  4.85884116187673,-25.4801648,    9.8394,
 2026-Dec-11 18:44:00, , , 149.167195513,  13.428455784,  149.535646032,  13.298610623,    41.963117421,      -9.177525759,         15.902,       -1.403,  95.040,  15.9634,    t,  1.367946,  4.85883094281332,-25.4785962,    9.8394,
 2026-Dec-11 18:45:00, , , 149.167162855,  13.428472283,  149.535613665,  13.298627095,    42.195044563,      -9.093272205,         15.772,       -1.350,  94.892,  15.8293,    t,  1.367949,  4.85882072437972,-25.4770246,    9.8393,
 2026-Dec-11 18:46:00, , , 149.167130191,  13.428488782,  149.535581294,  13.298643569,    42.426776247,      -9.008641852,         15.642,       -1.297,  94.741,  15.6952,    t,  1.367952,  4.85881050657708,-25.4754500,    9.8393,
 2026-Dec-11 18:47:00, , , 149.167097522,  13.428505284,  149.535548918,  13.298660045,    42.658312753,      -8.923636402,         15.511,       -1.245,  94.588,  15.5613,    t,  1.367955,  4.85880028940667,-25.4738724,    9.8392,
 2026-Dec-11 18:48:00, , , 149.167064848,  13.428521786,  149.535516537,  13.298676522,    42.889654378,      -8.838257558,         15.381,       -1.192,  94.432,  15.4275,    t,  1.367958,  4.85879007286966,-25.4722918,    9.8391,
 2026-Dec-11 18:49:00, , , 149.167032168,  13.428538290,  149.535484152,  13.298693000,    43.120801437,      -8.752507025,         15.251,       -1.140,  94.273,  15.2937,    t,  1.367961,  4.85877985696728,-25.4707081,    9.8391,
 2026-Dec-11 18:50:00, , , 149.166999482,  13.428554796,  149.535451762,  13.298709480,    43.351754260,      -8.666386510,         15.121,       -1.087,  94.112,  15.1601,    t,  1.367963,  4.85876964170075,-25.4691214,    9.8390,
 2026-Dec-11 18:51:00, , , 149.166966792,  13.428571303,  149.535419366,  13.298725962,    43.582513191,      -8.579897722,         14.991,       -1.035,  93.947,  15.0267,    t,  1.367966,  4.85875942707129,-25.4675316,    9.8390,
 2026-Dec-11 18:52:00, , , 149.166934095,  13.428587811,  149.535386966,  13.298742445,    43.813078594,      -8.493042373,         14.861,       -0.982,  93.780,  14.8933,    t,  1.367969,  4.85874921308011,-25.4659388,    9.8389,
 2026-Dec-11 18:53:00, , , 149.166901393,  13.428604321,  149.535354562,  13.298758930,    44.043450844,      -8.405822175,         14.731,       -0.929,  93.610,  14.7601,    t,  1.367972,  4.85873899972849,-25.4643428,    9.8389,
 2026-Dec-11 18:54:00, , , 149.166868686,  13.428620832,  149.535322152,  13.298775416,    44.273630336,      -8.318238843,         14.601,       -0.877,  93.436,  14.6270,    t,  1.367975,  4.85872878701767,-25.4627438,    9.8388,
 2026-Dec-11 18:55:00, , , 149.166835973,  13.428637344,  149.535289737,  13.298791904,    44.503617479,      -8.230294094,         14.471,       -0.824,  93.260,  14.4940,    t,  1.367978,  4.85871857494887,-25.4611416,    9.8388,
 2026-Dec-11 18:56:00, , , 149.166803255,  13.428653858,  149.535257318,  13.298808393,    44.733412697,      -8.141989645,         14.340,       -0.772,  93.080,  14.3612,    t,  1.367981,  4.85870836352337,-25.4595363,    9.8387,
 2026-Dec-11 18:57:00, , , 149.166770531,  13.428670373,  149.535224893,  13.298824884,    44.963016430,      -8.053327215,         14.210,       -0.719,  92.896,  14.2285,    t,  1.367984,  4.85869815274240,-25.4579278,    9.8387,
 2026-Dec-11 18:58:00, , , 149.166737802,  13.428686890,  149.535192464,  13.298841377,    45.192429134,      -7.964308527,         14.080,       -0.666,  92.710,  14.0960,    t,  1.367986,  4.85868794260725,-25.4563162,    9.8386,
 2026-Dec-11 18:59:00, , , 149.166705067,  13.428703408,  149.535160030,  13.298857871,    45.421651280,      -7.874935302,         13.950,       -0.614,  92.519,  13.9636,    t,  1.367989,  4.85867773311916,-25.4547015,    9.8385,
 2026-Dec-11 19:00:00, , , 149.166672326,  13.428719927,  149.535127590,  13.298874366,    45.650683354,      -7.785209264,         13.820,       -0.561,  92.325,  13.8314,    t,  1.367992,  4.85866752427944,-25.4530835,    9.8385,
 2026-Dec-11 19:01:00, , , 149.166639580,  13.428736448,  149.535095146,  13.298890863,    45.879525856,      -7.695132139,         13.690,       -0.509,  92.128,  13.6993,    t,  1.367995,  4.85865731608935,-25.4514623,    9.8384,
 2026-Dec-11 19:02:00, , , 149.166606829,  13.428752970,  149.535062697,  13.298907362,    46.108179305,      -7.604705652,         13.560,       -0.456,  91.926,  13.5674,    t,  1.367998,  4.85864710855019,-25.4498380,    9.8384,
 2026-Dec-11 19:03:00, , , 149.166574071,  13.428769494,  149.535030243,  13.298923862,    46.336644230,      -7.513931532,         13.430,       -0.404,  91.721,  13.4357,    t,  1.368001,  4.85863690166323,-25.4482104,    9.8383,
 2026-Dec-11 19:04:00, , , 149.166541309,  13.428786019,  149.534997783,  13.298940364,    46.564921179,      -7.422811507,         13.299,       -0.351,  91.511,  13.3041,    t,  1.368004,  4.85862669542977,-25.4465795,    9.8383,
 2026-Dec-11 19:05:00, , , 149.166508540,  13.428802545,  149.534965319,  13.298956867,    46.793010713,      -7.331347307,         13.169,       -0.298,  91.298,  13.1727,    t,  1.368007,  4.85861648985110,-25.4449455,    9.8382,
 2026-Dec-11 19:06:00, , , 149.166475766,  13.428819072,  149.534932850,  13.298973371,    47.020913408,      -7.239540663,         13.039,       -0.246,  91.080,  13.0415,    t,  1.368009,  4.85860628492855,-25.4433081,    9.8382,
 2026-Dec-11 19:07:00, , , 149.166442986,  13.428835601,  149.534900375,  13.298989877,    47.248629855,      -7.147393307,         12.909,       -0.193,  90.857,  12.9105,    t,  1.368012,  4.85859608066343,-25.4416675,    9.8381,
 2026-Dec-11 19:08:00, , , 149.166410200,  13.428852132,  149.534867896,  13.299006385,    47.476160658,      -7.054906972,         12.779,       -0.141,  90.630,  12.7797,    t,  1.368015,  4.85858587705704,-25.4400236,    9.8380,
 2026-Dec-11 19:09:00, , , 149.166377409,  13.428868663,  149.534835411,  13.299022894,    47.703506439,      -6.962083390,         12.649,       -0.088,  90.399,  12.6491,    t,  1.368018,  4.85857567411071,-25.4383764,    9.8380,
 2026-Dec-11 19:10:00, , , 149.166344612,  13.428885196,  149.534802921,  13.299039405,    47.930667831,      -6.868924298,         12.519,       -0.035,  90.162,  12.5187,    t,  1.368021,  4.85856547182576,-25.4367259,    9.8379,
 2026-Dec-11 19:11:00, , , 149.166311810,  13.428901730,  149.534770426,  13.299055917,    48.157645482,      -6.775431429,         12.389,        0.017,  89.921,  12.3885,    t,  1.368024,  4.85855527020352,-25.4350721,    9.8379,
 2026-Dec-11 19:12:00, , , 149.166279001,  13.428918266,  149.534737926,  13.299072430,    48.384440058,      -6.681606520,         12.258,        0.070,  89.674,  12.2586,    t,  1.368027,  4.85854506924530,-25.4334149,    9.8378,
 2026-Dec-11 19:13:00, , , 149.166246187,  13.428934803,  149.534705421,  13.299088945,    48.611052233,      -6.587451309,         12.128,        0.122,  89.422,  12.1289,    t,  1.368030,  4.85853486895249,-25.4317544,    9.8378,
 2026-Dec-11 19:14:00, , , 149.166213368,  13.428951341,  149.534672911,  13.299105462,    48.837482700,      -6.492967531,         11.998,        0.175,  89.165,  11.9994,    t,  1.368032,  4.85852466932642,-25.4300905,    9.8377,
 2026-Dec-11 19:15:00, , , 149.166180542,  13.428967880,  149.534640395,  13.299121980,    49.063732163,      -6.398156924,         11.868,        0.227,  88.902,  11.8701,    t,  1.368035,  4.85851447036843,-25.4284233,    9.8377,
 2026-Dec-11 19:16:00, , , 149.166147711,  13.428984421,  149.534607875,  13.299138499,    49.289801342,      -6.303021228,         11.738,        0.280,  88.633,  11.7412,    t,  1.368038,  4.85850427207987,-25.4267526,    9.8376,
 2026-Dec-11 19:17:00, , , 149.166114874,  13.429000963,  149.534575349,  13.299155020,    49.515690970,      -6.207562182,         11.608,        0.333,  88.358,  11.6124,    t,  1.368041,  4.85849407446211,-25.4250786,    9.8375,
 2026-Dec-11 19:18:00, , , 149.166082031,  13.429017506,  149.534542818,  13.299171542,    49.741401795,      -6.111781523,         11.478,        0.385,  88.077,  11.4840,    t,  1.368044,  4.85848387751649,-25.4234012,    9.8375,
 2026-Dec-11 19:19:00, , , 149.166049182,  13.429034051,  149.534510281,  13.299188066,    49.966934576,      -6.015680992,         11.347,        0.438,  87.790,  11.3558,    t,  1.368047,  4.85847368124443,-25.4217203,    9.8374,
 2026-Dec-11 19:20:00, , , 149.166016328,  13.429050597,  149.534477739,  13.299204591,    50.192290086,      -5.919262329,         11.217,        0.490,  87.496,  11.2279,    t,  1.368050,  4.85846348564726,-25.4200360,    9.8374,
 2026-Dec-11 19:21:00, , , 149.165983467,  13.429067144,  149.534445193,  13.299221118,    50.417469115,      -5.822527275,         11.087,        0.543,  87.196,  11.1004,    t,  1.368053,  4.85845329072638,-25.4183483,    9.8373,
 2026-Dec-11 19:22:00, , , 149.165950601,  13.429083693,  149.534412640,  13.299237646,    50.642472464,      -5.725477570,         10.957,        0.596,  86.888,  10.9731,    t,  1.368055,  4.85844309648317,-25.4166571,    9.8373,
 2026-Dec-11 19:23:00, , , 149.165917729,  13.429100242,  149.534380083,  13.299254175,    50.867300946,      -5.628114955,         10.827,        0.648,  86.574,  10.8461,    t,  1.368058,  4.85843290291900,-25.4149625,    9.8372,
 2026-Dec-11 19:24:00, , , 149.165884852,  13.429116793,  149.534347520,  13.299270706,    51.091955389,      -5.530441170,         10.697,        0.701,  86.252,  10.7195,    t,  1.368061,  4.85842271003527,-25.4132644,    9.8372,
 2026-Dec-11 19:25:00, , , 149.165851968,  13.429133345,  149.534314952,  13.299287239,    51.316436634,      -5.432457957,         10.566,        0.753,  85.922,  10.5933,    t,  1.368064,  4.85841251783340,-25.4115627,    9.8371,
 2026-Dec-11 19:26:00, , , 149.165819079,  13.429149899,  149.534282378,  13.299303773,    51.540745536,      -5.334167058,         10.436,        0.806,  85.584,  10.4674,    t,  1.368067,  4.85840232631477,-25.4098576,    9.8371,
 2026-Dec-11 19:27:00, , , 149.165786183,  13.429166454,  149.534249799,  13.299320308,    51.764882959,      -5.235570214,         10.306,        0.858,  85.238,  10.3418,    t,  1.368070,  4.85839213548079,-25.4081490,    9.8370,
 2026-Dec-11 19:28:00, , , 149.165753282,  13.429183010,  149.534217215,  13.299336844,    51.988849786,      -5.136669166,         10.176,        0.911,  84.883,  10.2167,    t,  1.368073,  4.85838194533288,-25.4064368,    9.8369,
 2026-Dec-11 19:29:00, , , 149.165720375,  13.429199567,  149.534184626,  13.299353382,    52.212646908,      -5.037465655,         10.046,        0.964,  84.520,  10.0919,    t,  1.368076,  4.85837175587244,-25.4047212,    9.8369,
 2026-Dec-11 19:30:00, , , 149.165687462,  13.429216125,  149.534152031,  13.299369922,    52.436275230,      -4.937961423,          9.916,        1.016,  84.148,   9.9676,    t,  1.368078,  4.85836156710090,-25.4030019,    9.8368,
 2026-Dec-11 19:31:00, , , 149.165654543,  13.429232685,  149.534119430,  13.299386463,    52.659735673,      -4.838158211,          9.785,        1.069,  83.766,   9.8437,    t,  1.368081,  4.85835137901966,-25.4012791,    9.8368,
 2026-Dec-11 19:32:00, , , 149.165621618,  13.429249246,  149.534086825,  13.299403005,    52.883029164,      -4.738057761,          9.655,        1.121,  83.375,   9.7202,    t,  1.368084,  4.85834119163019,-25.3995528,    9.8367,
 2026-Dec-11 19:33:00, , , 149.165588687,  13.429265808,  149.534054213,  13.299419548,    53.106156648,      -4.637661813,          9.525,        1.174,  82.973,   9.5972,    t,  1.368087,  4.85833100493390,-25.3978229,    9.8367,
 2026-Dec-11 19:34:00, , , 149.165555750,  13.429282371,  149.534021597,  13.299436093,    53.329119081,      -4.536972108,          9.395,        1.227,  82.561,   9.4747,    t,  1.368090,  4.85832081893223,-25.3960893,    9.8366,
 2026-Dec-11 19:35:00, , , 149.165522807,  13.429298936,  149.533988974,  13.299452640,    53.551917430,      -4.435990387,          9.265,        1.279,  82.138,   9.3527,    t,  1.368093,  4.85831063362663,-25.3943522,    9.8366,
 2026-Dec-11 19:36:00, , , 149.165489858,  13.429315501,  149.533956347,  13.299469187,    53.774552676,      -4.334718391,          9.135,        1.332,  81.705,   9.2312,    t,  1.368096,  4.85830044901853,-25.3926115,    9.8365,
 2026-Dec-11 19:37:00, , , 149.165456904,  13.429332068,  149.533923714,  13.299485737,    53.997025812,      -4.233157859,          9.004,        1.384,  81.259,   9.1103,    t,  1.368098,  4.85829026510936,-25.3908671,    9.8364,
 2026-Dec-11 19:38:00, , , 149.165423943,  13.429348636,  149.533891075,  13.299502287,    54.219337841,      -4.131310532,          8.874,        1.437,  80.802,   8.9899,    t,  1.368101,  4.85828008190063,-25.3891191,    9.8364,
 2026-Dec-11 19:39:00, , , 149.165390976,  13.429365206,  149.533858431,  13.299518839,    54.441489780,      -4.029178148,          8.744,        1.490,  80.332,   8.8701,    t,  1.368104,  4.85826989939377,-25.3873675,    9.8363,
 2026-Dec-11 19:40:00, , , 149.165358003,  13.429381776,  149.533825781,  13.299535392,    54.663482659,      -3.926762449,          8.614,        1.542,  79.850,   8.7509,    t,  1.368107,  4.85825971759024,-25.3856122,    9.8363,
 2026-Dec-11 19:41:00, , , 149.165325025,  13.429398348,  149.533793126,  13.299551947,    54.885317516,      -3.824065171,          8.484,        1.595,  79.354,   8.6323,    t,  1.368110,  4.85824953649151,-25.3838533,    9.8362,
 2026-Dec-11 19:42:00, , , 149.165292040,  13.429414921,  149.533760465,  13.299568502,    55.106995405,      -3.721088055,          8.354,        1.647,  78.844,   8.5144,    t,  1.368113,  4.85823935609905,-25.3820907,    9.8362,
 2026-Dec-11 19:43:00, , , 149.165259049,  13.429431495,  149.533727799,  13.299585060,    55.328517389,      -3.617832837,          8.223,        1.700,  78.320,   8.3973,    t,  1.368116,  4.85822917641434,-25.3803244,    9.8361,
 2026-Dec-11 19:44:00, , , 149.165226052,  13.429448070,  149.533695127,  13.299601618,    55.549884545,      -3.514301255,          8.093,        1.753,  77.781,   8.2808,    t,  1.368119,  4.85821899743883,-25.3785544,    9.8361,
 2026-Dec-11 19:45:00, , , 149.165193049,  13.429464646,  149.533662450,  13.299618178,    55.771097957,      -3.410495048,          7.963,        1.805,  77.227,   8.1651,    t,  1.368121,  4.85820881917405,-25.3767807,    9.8360,
 2026-Dec-11 19:46:00, , , 149.165160040,  13.429481224,  149.533629767,  13.299634739,    55.992158727,      -3.306415951,          7.833,        1.858,  76.657,   8.0501,    t,  1.368124,  4.85819864162146,-25.3750033,    9.8359,
 2026-Dec-11 19:47:00, , , 149.165127025,  13.429497802,  149.533597078,  13.299651302,    56.213067962,      -3.202065701,          7.703,        1.910,  76.071,   7.9360,    t,  1.368127,  4.85818846478257,-25.3732222,    9.8359,
 2026-Dec-11 19:48:00, , , 149.165094004,  13.429514382,  149.533564384,  13.299667866,    56.433826785,      -3.097446033,          7.572,        1.963,  75.468,   7.8227,    t,  1.368130,  4.85817828865885,-25.3714373,    9.8358,
 2026-Dec-11 19:49:00, , , 149.165060977,  13.429530963,  149.533531684,  13.299684431,    56.654436328,      -2.992558683,          7.442,        2.015,  74.847,   7.7104,    t,  1.368133,  4.85816811325182,-25.3696487,    9.8358,
 2026-Dec-11 19:50:00, , , 149.165027943,  13.429547545,  149.533498979,  13.299700997,    56.874897735,      -2.887405385,          7.312,        2.068,  74.207,   7.5989,    t,  1.368136,  4.85815793856295,-25.3678563,    9.8357,
 2026-Dec-11 19:51:00, , , 149.164994904,  13.429564128,  149.533466267,  13.299717565,    57.095212161,      -2.781987872,          7.182,        2.121,  73.549,   7.4885,    t,  1.368139,  4.85814776459379,-25.3660602,    9.8357,
 2026-Dec-11 19:52:00, , , 149.164961858,  13.429580712,  149.533433550,  13.299734134,    57.315380771,      -2.676307880,          7.052,        2.173,  72.871,   7.3790,    t,  1.368141,  4.85813759134584,-25.3642603,    9.8356,
 2026-Dec-11 19:53:00, , , 149.164928806,  13.429597297,  149.533400828,  13.299750704,    57.535404741,      -2.570367140,          6.922,        2.226,  72.173,   7.2706,    t,  1.368144,  4.85812741882060,-25.3624567,    9.8356,
 2026-Dec-11 19:54:00, , , 149.164895749,  13.429613884,  149.533368100,  13.299767276,    57.755285261,      -2.464167384,          6.791,        2.278,  71.454,   7.1633,    t,  1.368147,  4.85811724701960,-25.3606492,    9.8355,
 2026-Dec-11 19:55:00, , , 149.164862685,  13.429630471,  149.533335366,  13.299783849,    57.975023528,      -2.357710344,          6.661,        2.331,  70.713,   7.0572,    t,  1.368150,  4.85810707594435,-25.3588379,    9.8354,
 2026-Dec-11 19:56:00, , , 149.164829614,  13.429647060,  149.533302626,  13.299800423,    58.194620750,      -2.250997751,          6.531,        2.384,  69.949,   6.9523,    t,  1.368153,  4.85809690559639,-25.3570228,    9.8354,
 2026-Dec-11 19:57:00, , , 149.164796538,  13.429663650,  149.533269881,  13.299816999,    58.414078149,      -2.144031335,          6.401,        2.436,  69.162,   6.8487,    t,  1.368156,  4.85808673597722,-25.3552040,    9.8353,
 2026-Dec-11 19:58:00, , , 149.164763456,  13.429680241,  149.533237129,  13.299833575,    58.633396955,      -2.036812825,          6.271,        2.489,  68.351,   6.7464,    t,  1.368159,  4.85807656708842,-25.3533812,    9.8353,
 2026-Dec-11 19:59:00, , , 149.164730367,  13.429696833,  149.533204373,  13.299850153,    58.852578408,      -1.929343951,          6.140,        2.541,  67.516,   6.6455,    t,  1.368162,  4.85806639893150,-25.3515547,    9.8352,
 2026-Dec-11 20:00:00, , , 149.164697272,  13.429713426,  149.533171610,  13.299866733,    59.071623758,      -1.821626440,          6.010,        2.594,  66.655,   6.5460,    t,  1.368164,  4.85805623150800,-25.3497243,    9.8352,
 2026-Dec-11 20:01:00, , , 149.164664171,  13.429730020,  149.533138842,  13.299883313,    59.290534270,      -1.713662020,          5.880,        2.647,  65.767,   6.4481,    t,  1.368167,  4.85804606481947,-25.3478900,    9.8351,
 2026-Dec-11 20:02:00, , , 149.164631064,  13.429746615,  149.533106067,  13.299899895,    59.509311214,      -1.605452417,          5.750,        2.699,  64.852,   6.3518,    t,  1.368170,  4.85803589886746,-25.3460519,    9.8351,
 2026-Dec-11 20:03:00, , , 149.164597951,  13.429763211,  149.533073287,  13.299916478,    59.727955873,      -1.496999357,          5.620,        2.752,  63.910,   6.2571,    t,  1.368173,  4.85802573365349,-25.3442099,    9.8350,
 2026-Dec-11 20:04:00, , , 149.164564831,  13.429779808,  149.533040502,  13.299933062,    59.946469539,      -1.388304566,          5.489,        2.804,  62.938,   6.1642,    t,  1.368176,  4.85801556917917,-25.3423640,    9.8349,
 2026-Dec-11 20:05:00, , , 149.164531705,  13.429796407,  149.533007710,  13.299949648,    60.164853515,      -1.279369768,          5.359,        2.857,  61.938,   6.0731,    t,  1.368179,  4.85800540544602,-25.3405143,    9.8349,
 2026-Dec-11 20:06:00, , , 149.164498573,  13.429813006,  149.532974912,  13.299966235,    60.383109112,      -1.170196685,          5.229,        2.910,  60.907,   5.9839,    t,  1.368182,  4.85799524245561,-25.3386606,    9.8348,
 2026-Dec-11 20:07:00, , , 149.164465435,  13.429829606,  149.532942109,  13.299982823,    60.601237655,      -1.060787043,          5.099,        2.962,  59.845,   5.8967,    t,  1.368184,  4.85798508020951,-25.3368031,    9.8348,
 2026-Dec-11 20:08:00, , , 149.164432290,  13.429846208,  149.532909300,  13.299999412,    60.819240476,      -0.951142561,          4.969,        3.015,  58.752,   5.8116,    t,  1.368187,  4.85797491870929,-25.3349416,    9.8347,
 2026-Dec-11 20:09:00, , , 149.164399139,  13.429862810,  149.532876485,  13.300016002,    61.037118916,      -0.841264962,          4.838,        3.067,  57.626,   5.7287,    t,  1.368190,  4.85796475795651,-25.3330762,    9.8347,
 2026-Dec-11 20:10:00, , , 149.164365982,  13.429879414,  149.532843664,  13.300032594,    61.254874328,      -0.731155965,          4.708,        3.120,  56.469,   5.6480,    t,  1.368193,  4.85795459795273,-25.3312068,    9.8346,
 2026-Dec-11 20:11:00, , , 149.164332819,  13.429896018,  149.532810837,  13.300049187,    61.472508073,      -0.620817292,          4.578,        3.173,  55.278,   5.5697,    t,  1.368196,  4.85794443869957,-25.3293336,    9.8346,
 2026-Dec-11 20:12:00, ,r, 149.164299649,  13.429912624,  149.532778005,  13.300065781,    61.690021524,      -0.510250660,          4.448,        3.225,  54.053,   5.4939,    t,  1.368199,  4.85793428019859,-25.3274564,    9.8345,
 2026-Dec-11 20:13:00, , , 149.164266473,  13.429929230,  149.532745166,  13.300082376,    61.907416061,      -0.399457789,          4.317,        3.278,  52.795,   5.4207,    t,  1.368202,  4.85792412245138,-25.3255752,    9.8344,
 2026-Dec-11 20:14:00, , , 149.164233291,  13.429945838,  149.532712322,  13.300098972,    62.124693074,      -0.288440394,          4.187,        3.330,  51.503,   5.3501,    t,  1.368204,  4.85791396545952,-25.3236900,    9.8344,
 2026-Dec-11 20:15:00, , , 149.164200103,  13.429962446,  149.532679471,  13.300115570,    62.341853965,      -0.177200193,          4.057,        3.383,  50.177,   5.2824,    t,  1.368207,  4.85790380922461,-25.3218009,    9.8343,
 2026-Dec-11 20:16:00, , , 149.164166908,  13.429979056,  149.532646615,  13.300132169,    62.558900142,      -0.065738901,          3.927,        3.435,  48.818,   5.2175,    t,  1.368210,  4.85789365374821,-25.3199078,    9.8343,
 2026-Dec-11 20:17:00, , , 149.164133707,  13.429995666,  149.532613753,  13.300148769,    62.775833025,       0.045941767,          3.797,        3.488,  47.425,   5.1557,    t,  1.368213,  4.85788349903198,-25.3180108,    9.8342,
 2026-Dec-11 20:18:00, , , 149.164100500,  13.430012278,  149.532580885,  13.300165370,    62.992654040,       0.157840097,          3.666,        3.541,  45.999,   5.0969,    t,  1.368216,  4.85787334507747,-25.3161097,    9.8342,
 2026-Dec-11 20:19:00, , , 149.164067286,  13.430028890,  149.532548011,  13.300181972,    63.209364626,       0.269954374,          3.536,        3.593,  44.541,   5.0414,    t,  1.368219,  4.85786319188631,-25.3142046,    9.8341,
 2026-Dec-11 20:20:00, , , 149.164034066,  13.430045503,  149.532515131,  13.300198576,    63.425966230,       0.382282888,          3.406,        3.646,  43.052,   4.9892,    t,  1.368222,  4.85785303946010,-25.3122955,    9.8341,
 2026-Dec-11 20:21:00, , , 149.164000840,  13.430062118,  149.532482244,  13.300215180,    63.642460306,       0.494823925,          3.276,        3.698,  41.531,   4.9405,    t,  1.368224,  4.85784288780045,-25.3103824,    9.8340,
 2026-Dec-11 20:22:00, , , 149.163967607,  13.430078733,  149.532449352,  13.300231786,    63.858848320,       0.607575776,          3.146,        3.751,  39.982,   4.8953,    t,  1.368227,  4.85783273690896,-25.3084653,    9.8339,
 2026-Dec-11 20:23:00, , , 149.163934368,  13.430095349,  149.532416454,  13.300248393,    64.075131746,       0.720536729,          3.015,        3.804,  38.405,   4.8538,    t,  1.368230,  4.85782258678724,-25.3065442,    9.8339,
 2026-Dec-11 20:24:00, , , 149.163901123,  13.430111967,  149.532383550,  13.300265001,    64.291312066,       0.833705077,          2.885,        3.856,  36.802,   4.8160,    t,  1.368233,  4.85781243743694,-25.3046190,    9.8338,
 2026-Dec-11 20:25:00, , , 149.163867871,  13.430128585,  149.532350640,  13.300281610,    64.507390770,       0.947079109,          2.755,        3.909,  35.175,   4.7820,    t,  1.368236,  4.85780228885966,-25.3026897,    9.8338,
 2026-Dec-11 20:26:00, , , 149.163834613,  13.430145204,  149.532317724,  13.300298220,    64.723369362,       1.060657118,          2.625,        3.961,  33.526,   4.7520,    t,  1.368239,  4.85779214105703,-25.3007564,    9.8337,
 2026-Dec-11 20:27:00, , , 149.163801349,  13.430161824,  149.532284802,  13.300314832,    64.939249349,       1.174437398,          2.494,        4.014,  31.858,   4.7259,    t,  1.368242,  4.85778199403068,-25.2988191,    9.8337,
 2026-Dec-11 20:28:00, , , 149.163768078,  13.430178445,  149.532251874,  13.300331444,    65.155032248,       1.288418241,          2.364,        4.067,  30.172,   4.7039,    t,  1.368244,  4.85777184778223,-25.2968777,    9.8336,
 2026-Dec-11 20:29:00, , , 149.163734801,  13.430195067,  149.532218939,  13.300348058,    65.370719589,       1.402597943,          2.234,        4.119,  28.472,   4.6859,    t,  1.368247,  4.85776170231330,-25.2949322,    9.8336,
 2026-Dec-11 20:30:00, , , 149.163701517,  13.430211689,  149.532185999,  13.300364673,    65.586312904,       1.516974798,          2.104,        4.172,  26.761,   4.6722,    t,  1.368250,  4.85775155762556,-25.2929826,    9.8335,
 2026-Dec-11 20:31:00, , , 149.163668227,  13.430228313,  149.532153053,  13.300381288,    65.801813738,       1.631547102,          1.973,        4.224,  25.041,   4.6626,    t,  1.368253,  4.85774141372062,-25.2910290,    9.8334,
 2026-Dec-11 20:32:00, , , 149.163634931,  13.430244938,  149.532120100,  13.300397905,    66.017223644,       1.746313153,          1.843,        4.277,  23.315,   4.6572,    t,  1.368256,  4.85773127060014,-25.2890712,    9.8334,
 2026-Dec-11 20:33:00, , , 149.163601628,  13.430261563,  149.532087142,  13.300414523,    66.232544183,       1.861271246,          1.713,        4.330,  21.587,   4.6561,    t,  1.368259,  4.85772112826575,-25.2871094,    9.8333,
 2026-Dec-11 20:34:00, , , 149.163568319,  13.430278190,  149.532054177,  13.300431143,    66.447776923,       1.976419681,          1.583,        4.382,  19.859,   4.6592,    t,  1.368262,  4.85771098671910,-25.2851434,    9.8333,
 2026-Dec-11 20:35:00, , , 149.163535004,  13.430294817,  149.532021206,  13.300447763,    66.662923443,       2.091756756,          1.453,        4.435,  18.136,   4.6665,    t,  1.368264,  4.85770084596183,-25.2831733,    9.8332,
 2026-Dec-11 20:36:00, , , 149.163501682,  13.430311445,  149.531988229,  13.300464384,    66.877985330,       2.207280771,          1.322,        4.487,  16.419,   4.6781,    t,  1.368267,  4.85769070599558,-25.2811992,    9.8332,
 2026-Dec-11 20:37:00, , , 149.163468353,  13.430328074,  149.531955246,  13.300481007,    67.092964175,       2.322990025,          1.192,        4.540,  14.713,   4.6938,    t,  1.368270,  4.85768056682204,-25.2792208,    9.8331,
 2026-Dec-11 20:38:00, , , 149.163435019,  13.430344704,  149.531922257,  13.300497630,    67.307861584,       2.438882820,          1.062,        4.592,  13.019,   4.7137,    t,  1.368273,  4.85767042844285,-25.2772384,    9.8331,
 2026-Dec-11 20:39:00, , , 149.163401677,  13.430361335,  149.531889262,  13.300514254,    67.522679167,       2.554957457,          0.932,        4.645,  11.341,   4.7376,    t,  1.368276,  4.85766029085965,-25.2752518,    9.8330,
 2026-Dec-11 20:40:00, , , 149.163368330,  13.430377966,  149.531856260,  13.300530880,    67.737418541,       2.671212237,          0.801,        4.698,   9.681,   4.7655,    t,  1.368279,  4.85765015407413,-25.2732611,    9.8329,
 2026-Dec-11 20:41:00, , , 149.163334976,  13.430394599,  149.531823253,  13.300547507,    67.952081337,       2.787645464,          0.671,        4.750,   8.042,   4.7974,    t,  1.368282,  4.85764001808792,-25.2712662,    9.8329,
 2026-Dec-11 20:42:00, , , 149.163301615,  13.430411232,  149.531790239,  13.300564134,    68.166669187,       2.904255440,          0.541,        4.803,   6.426,   4.8332,    t,  1.368284,  4.85762988290269,-25.2692672,    9.8328,
 2026-Dec-11 20:43:00, , , 149.163268248,  13.430427866,  149.531757219,  13.300580763,    68.381183735,       3.021040470,          0.411,        4.855,   4.835,   4.8728,    t,  1.368287,  4.85761974852013,-25.2672640,    9.8328,
 2026-Dec-11 20:44:00, , , 149.163234875,  13.430444501,  149.531724193,  13.300597393,    68.595626633,       3.137998857,          0.280,        4.908,   3.271,   4.9160,    t,  1.368290,  4.85760961494190,-25.2652567,    9.8327,
 2026-Dec-11 20:45:00, , , 149.163201495,  13.430461137,  149.531691161,  13.300614023,    68.809999541,       3.255128908,          0.150,        4.961,   1.735,   4.9629,    t,  1.368293,  4.85759948216967,-25.2632452,    9.8327,
 2026-Dec-11 20:46:00, , , 149.163168109,  13.430477773,  149.531658122,  13.300630655,    69.024304123,       3.372428926,          0.020,        5.013,   0.229,   5.0133,    t,  1.368296,  4.85758935020512,-25.2612295,    9.8326,
 2026-Dec-11 20:47:00, , , 149.163134716,  13.430494411,  149.531625078,  13.300647288,    69.238542057,       3.489897219,         -0.110,        5.066, 358.753,   5.0670,    t,  1.368299,  4.85757921904991,-25.2592096,    9.8325,
 2026-Dec-11 20:48:00, , , 149.163101317,  13.430511049,  149.531592027,  13.300663922,    69.452715025,       3.607532092,         -0.240,        5.118, 357.310,   5.1240,    t,  1.368302,  4.85756908870572,-25.2571855,    9.8325,
 2026-Dec-11 20:49:00, , , 149.163067912,  13.430527688,  149.531558970,  13.300680556,    69.666824718,       3.725331853,         -0.371,        5.171, 355.899,   5.1843,    t,  1.368304,  4.85755895917425,-25.2551573,    9.8324,
 2026-Dec-11 20:50:00, , , 149.163034500,  13.430544328,  149.531525906,  13.300697192,    69.880872833,       3.843294809,         -0.501,        5.224, 354.522,   5.2475,    t,  1.368307,  4.85754883045716,-25.2531248,    9.8324,
 2026-Dec-11 20:51:00, , , 149.163001081,  13.430560969,  149.531492837,  13.300713829,    70.094861077,       3.961419268,         -0.631,        5.276, 353.178,   5.3138,    t,  1.368310,  4.85753870255616,-25.2510882,    9.8323,
 2026-Dec-11 20:52:00, , , 149.162967656,  13.430577610,  149.531459761,  13.300730467,    70.308791164,       4.079703538,         -0.761,        5.329, 351.868,   5.3829,    t,  1.368313,  4.85752857547292,-25.2490473,    9.8323,
 2026-Dec-11 20:53:00, , , 149.162934225,  13.430594252,  149.531426679,  13.300747106,    70.522664815,       4.198145928,         -0.892,        5.381, 350.592,   5.4547,    t,  1.368316,  4.85751844920912,-25.2470022,    9.8322,
 2026-Dec-11 20:54:00, , , 149.162900787,  13.430610895,  149.531393591,  13.300763745,    70.736483760,       4.316744746,         -1.022,        5.434, 349.349,   5.5292,    t,  1.368319,  4.85750832376647,-25.2449529,    9.8322,
 2026-Dec-11 20:55:00, , , 149.162867342,  13.430627539,  149.531360496,  13.300780386,    70.950249734,       4.435498303,         -1.152,        5.487, 348.140,   5.6062,    t,  1.368322,  4.85749819914663,-25.2428994,    9.8321,
 2026-Dec-11 20:56:00, , , 149.162833891,  13.430644184,  149.531327396,  13.300797028,    71.163964483,       4.554404908,         -1.282,        5.539, 346.965,   5.6856,    t,  1.368324,  4.85748807535133,-25.2408417,    9.8320,
 2026-Dec-11 20:57:00, , , 149.162800434,  13.430660829,  149.531294289,  13.300813670,    71.377629757,       4.673462870,         -1.413,        5.592, 345.822,   5.7674,    t,  1.368327,  4.85747795238226,-25.2387797,    9.8320,
 2026-Dec-11 20:58:00, , , 149.162766970,  13.430677475,  149.531261175,  13.300830314,    71.591247316,       4.792670501,         -1.543,        5.644, 344.711,   5.8514,    t,  1.368330,  4.85746783024111,-25.2367135,    9.8319,
 2026-Dec-11 20:59:00, , , 149.162733500,  13.430694122,  149.531228056,  13.300846959,    71.804818928,       4.912026111,         -1.673,        5.697, 343.633,   5.9375,    t,  1.368333,  4.85745770892958,-25.2346430,    9.8319,
 2026-Dec-11 21:00:00, , , 149.162700023,  13.430710769,  149.531194930,  13.300863604,    72.018346364,       5.031528011,         -1.803,        5.749, 342.585,   6.0256,    t,  1.368336,  4.85744758844937,-25.2325683,    9.8318,
 2026-Dec-11 21:01:00, , , 149.162666539,  13.430727418,  149.531161798,  13.300880250,    72.231831407,       5.151174511,         -1.934,        5.802, 341.568,   6.1158,    t,  1.368339,  4.85743746880217,-25.2304894,    9.8318,
 2026-Dec-11 21:02:00, , , 149.162633049,  13.430744067,  149.531128659,  13.300896898,    72.445275846,       5.270963924,         -2.064,        5.855, 340.581,   6.2078,    t,  1.368342,  4.85742734998971,-25.2284062,    9.8317,
 2026-Dec-11 21:03:00, , , 149.162599553,  13.430760716,  149.531095514,  13.300913546,    72.658681477,       5.390894560,         -2.194,        5.907, 339.623,   6.3015,    t,  1.368344,  4.85741723201370,-25.2263188,    9.8317,
 2026-Dec-11 21:04:00, , , 149.162566050,  13.430777367,  149.531062363,  13.300930195,    72.872050102,       5.510964730,         -2.324,        5.960, 338.694,   6.3970,    t,  1.368347,  4.85740711487582,-25.2242270,    9.8316,
 2026-Dec-11 21:05:00, , , 149.162532541,  13.430794018,  149.531029206,  13.300946846,    73.085383533,       5.631172748,         -2.455,        6.012, 337.792,   6.4942,    t,  1.368350,  4.85739699857780,-25.2221311,    9.8315,
 2026-Dec-11 21:06:00, , , 149.162499025,  13.430810670,  149.530996042,  13.300963497,    73.298683588,       5.751516924,         -2.585,        6.065, 336.917,   6.5928,    t,  1.368353,  4.85738688312134,-25.2200308,    9.8315,
 2026-Dec-11 21:07:00, , , 149.162465503,  13.430827322,  149.530962872,  13.300980149,    73.511952091,       5.871995569,         -2.715,        6.118, 336.067,   6.6930,    t,  1.368356,  4.85737676850817,-25.2179263,    9.8314,
 2026-Dec-11 21:08:00, , , 149.162431974,  13.430843976,  149.530929696,  13.300996801,    73.725190875,       5.992606997,         -2.845,        6.170, 335.243,   6.7946,    t,  1.368359,  4.85736665473996,-25.2158175,    9.8314,
 2026-Dec-11 21:09:00, , , 149.162398438,  13.430860630,  149.530896513,  13.301013455,    73.938401778,       6.113349519,         -2.976,        6.223, 334.444,   6.8976,    t,  1.368361,  4.85735654181848,-25.2137044,    9.8313,
 2026-Dec-11 21:10:00, , , 149.162364896,  13.430877284,  149.530863324,  13.301030110,    74.151586648,       6.234221446,         -3.106,        6.275, 333.668,   7.0019,    t,  1.368364,  4.85734642974542,-25.2115871,    9.8313,
 2026-Dec-11 21:11:00, , , 149.162331348,  13.430893940,  149.530830128,  13.301046765,    74.364747337,       6.355221091,         -3.236,        6.328, 332.915,   7.1074,    t,  1.368367,  4.85733631852251,-25.2094654,    9.8312,
 2026-Dec-11 21:12:00, , , 149.162297793,  13.430910596,  149.530796927,  13.301063422,    74.577885706,       6.476346764,         -3.366,        6.380, 332.184,   7.2141,    t,  1.368370,  4.85732620815146,-25.2073395,    9.8311,
 2026-Dec-11 21:13:00, , , 149.162264231,  13.430927252,  149.530763718,  13.301080079,    74.791003625,       6.597596779,         -3.497,        6.433, 331.474,   7.3219,    t,  1.368373,  4.85731609863399,-25.2052093,    9.8311,
 2026-Dec-11 21:14:00, , , 149.162230663,  13.430943910,  149.530730504,  13.301096737,    75.004102966,       6.718969445,         -3.627,        6.486, 330.786,   7.4309,    t,  1.368376,  4.85730598997181,-25.2030748,    9.8310,
 2026-Dec-11 21:15:00, , , 149.162197089,  13.430960568,  149.530697283,  13.301113396,    75.217185610,       6.840463074,         -3.757,        6.538, 330.117,   7.5409,    t,  1.368379,  4.85729588216668,-25.2009359,    9.8310,
 2026-Dec-11 21:16:00, , , 149.162163508,  13.430977226,  149.530664056,  13.301130056,    75.430253447,       6.962075978,         -3.887,        6.591, 329.467,   7.6518,    t,  1.368381,  4.85728577522030,-25.1987928,    9.8309,
 2026-Dec-11 21:17:00, , , 149.162129920,  13.430993885,  149.530630822,  13.301146717,    75.643308373,       7.083806466,         -4.018,        6.643, 328.837,   7.7638,    t,  1.368384,  4.85727566913440,-25.1966454,    9.8309,
 2026-Dec-11 21:18:00, , , 149.162096326,  13.431010545,  149.530597582,  13.301163378,    75.856352289,       7.205652850,         -4.148,        6.696, 328.224,   7.8766,    t,  1.368387,  4.85726556391072,-25.1944937,    9.8308,
 2026-Dec-11 21:19:00, , , 149.162062725,  13.431027206,  149.530564336,  13.301180041,    76.069387106,       7.327613439,         -4.278,        6.749, 327.628,   7.9904,    t,  1.368390,  4.85725545955096,-25.1923376,    9.8308,
 2026-Dec-11 21:20:00, , , 149.162029118,  13.431043867,  149.530531083,  13.301196704,    76.282414739,       7.449686544,         -4.408,        6.801, 327.050,   8.1049,    t,  1.368393,  4.85724535605688,-25.1901773,    9.8307,
 2026-Dec-11 21:21:00, , , 149.161995505,  13.431060529,  149.530497824,  13.301213368,    76.495437111,       7.571870474,         -4.539,        6.854, 326.487,   8.2203,    t,  1.368396,  4.85723525343017,-25.1880126,    9.8306,
 2026-Dec-11 21:22:00, , , 149.161961884,  13.431077191,  149.530464558,  13.301230033,    76.708456152,       7.694163538,         -4.669,        6.906, 325.940,   8.3364,    t,  1.368398,  4.85722515167261,-25.1858436,    9.8306,
 2026-Dec-11 21:23:00, , , 149.161928258,  13.431093854,  149.530431286,  13.301246699,    76.921473798,       7.816564045,         -4.799,        6.959, 325.408,   8.4533,    t,  1.368401,  4.85721505078590,-25.1836703,    9.8305,
 2026-Dec-11 21:24:00, , , 149.161894624,  13.431110518,  149.530398007,  13.301263365,    77.134491994,       7.939070302,         -4.929,        7.011, 324.891,   8.5709,    t,  1.368404,  4.85720495077179,-25.1814926,    9.8305,
 2026-Dec-11 21:25:00, , , 149.161860985,  13.431127182,  149.530364723,  13.301280032,    77.347512690,       8.061680618,         -5.060,        7.064, 324.388,   8.6892,    t,  1.368407,  4.85719485163201,-25.1793107,    9.8304,
 2026-Dec-11 21:26:00, , , 149.161827338,  13.431143847,  149.530331431,  13.301296700,    77.560537841,       8.184393300,         -5.190,        7.117, 323.898,   8.8081,    t,  1.368410,  4.85718475336830,-25.1771244,    9.8304,
 2026-Dec-11 21:27:00, , , 149.161793685,  13.431160512,  149.530298134,  13.301313369,    77.773569413,       8.307206654,         -5.320,        7.169, 323.422,   8.9276,    t,  1.368413,  4.85717465598236,-25.1749338,    9.8303,
 2026-Dec-11 21:28:00, , , 149.161760026,  13.431177178,  149.530264829,  13.301330039,    77.986609375,       8.430118986,         -5.450,        7.222, 322.958,   9.0478,    t,  1.368416,  4.85716455947598,-25.1727388,    9.8303,
 2026-Dec-11 21:29:00, , , 149.161726360,  13.431193845,  149.530231519,  13.301346709,    78.199659704,       8.553128601,         -5.581,        7.274, 322.506,   9.1685,    t,  1.368418,  4.85715446385087,-25.1705395,    9.8302,
 2026-Dec-11 21:30:00, , , 149.161692688,  13.431210512,  149.530198202,  13.301363381,    78.412722385,       8.676233805,         -5.711,        7.327, 322.066,   9.2898,    t,  1.368421,  4.85714436910878,-25.1683359,    9.8301,
 2026-Dec-11 21:31:00, , , 149.161659009,  13.431227180,  149.530164878,  13.301380053,    78.625799406,       8.799432900,         -5.841,        7.380, 321.637,   9.4116,    t,  1.368424,  4.85713427525144,-25.1661279,    9.8301,
 2026-Dec-11 21:32:00, , , 149.161625323,  13.431243848,  149.530131548,  13.301396725,    78.838892766,       8.922724190,         -5.971,        7.432, 321.220,   9.5339,    t,  1.368427,  4.85712418228059,-25.1639156,    9.8300,
 2026-Dec-11 21:33:00, , , 149.161591631,  13.431260517,  149.530098212,  13.301413399,    79.052004468,       9.046105977,         -6.102,        7.485, 320.813,   9.6567,    t,  1.368430,  4.85711409019797,-25.1616990,    9.8300,
 2026-Dec-11 21:34:00, , , 149.161557933,  13.431277186,  149.530064869,  13.301430073,    79.265136522,       9.169576563,         -6.232,        7.537, 320.416,   9.7800,    t,  1.368433,  4.85710399900531,-25.1594780,    9.8299,
 2026-Dec-11 21:35:00, , , 149.161524228,  13.431293856,  149.530031520,  13.301446748,    79.478290945,       9.293134248,         -6.362,        7.590, 320.029,   9.9037,    t,  1.368435,  4.85709390870438,-25.1572527,    9.8299,
 2026-Dec-11 21:36:00, , , 149.161490516,  13.431310526,  149.529998164,  13.301463424,    79.691469760,       9.416777332,         -6.493,        7.642, 319.651,  10.0279,    t,  1.368438,  4.85708381929691,-25.1550230,    9.8298,
 2026-Dec-11 21:37:00, , , 149.161456798,  13.431327197,  149.529964802,  13.301480101,    79.904674997,       9.540504114,         -6.623,        7.695, 319.283,  10.1525,    t,  1.368441,  4.85707373078464,-25.1527890,    9.8297,
 2026-Dec-11 21:38:00, , , 149.161423074,  13.431343869,  149.529931434,  13.301496778,    80.117908693,       9.664312890,         -6.753,        7.748, 318.924,  10.2776,    t,  1.368444,  4.85706364316932,-25.1505506,    9.8297,
 2026-Dec-11 21:39:00, , , 149.161389342,  13.431360541,  149.529898059,  13.301513456,    80.331172889,       9.788201959,         -6.883,        7.800, 318.574,  10.4030,    t,  1.368447,  4.85705355645268,-25.1483079,    9.8296,
 2026-Dec-11 21:40:00, , , 149.161355605,  13.431377213,  149.529864677,  13.301530134,    80.544469636,       9.912169616,         -7.014,        7.853, 318.231,  10.5288,    t,  1.368450,  4.85704347063646,-25.1460609,    9.8296,
 2026-Dec-11 21:41:00, , , 149.161321861,  13.431393886,  149.529831289,  13.301546814,    80.757800989,      10.036214154,         -7.144,        7.905, 317.897,  10.6549,    t,  1.368453,  4.85703338572244,-25.1438095,    9.8295,
 2026-Dec-11 21:42:00, , , 149.161288110,  13.431410559,  149.529797895,  13.301563494,    80.971169010,      10.160333867,         -7.274,        7.958, 317.571,  10.7815,    t,  1.368455,  4.85702330171233,-25.1415537,    9.8295,
 2026-Dec-11 21:43:00, , , 149.161254353,  13.431427233,  149.529764494,  13.301580175,    81.184575768,      10.284527048,         -7.404,        8.011, 317.252,  10.9083,    t,  1.368458,  4.85701321860790,-25.1392936,    9.8294,
 2026-Dec-11 21:44:00, , , 149.161220589,  13.431443908,  149.529731086,  13.301596856,    81.398023339,      10.408791987,         -7.535,        8.063, 316.941,  11.0355,    t,  1.368461,  4.85700313641088,-25.1370291,    9.8294,
 2026-Dec-11 21:45:00, , , 149.161186819,  13.431460583,  149.529697673,  13.301613538,    81.611513804,      10.533126974,         -7.665,        8.116, 316.637,  11.1630,    t,  1.368464,  4.85699305512301,-25.1347603,    9.8293,
 2026-Dec-11 21:46:00, , , 149.161153042,  13.431477258,  149.529664252,  13.301630221,    81.825049249,      10.657530296,         -7.795,        8.168, 316.339,  11.2908,    t,  1.368467,  4.85698297474606,-25.1324871,    9.8292,
 2026-Dec-11 21:47:00, , , 149.161119259,  13.431493934,  149.529630825,  13.301646905,    82.038631771,      10.782000242,         -7.925,        8.221, 316.049,  11.4189,    t,  1.368470,  4.85697289528173,-25.1302096,    9.8292,
 2026-Dec-11 21:48:00, , , 149.161085469,  13.431510610,  149.529597392,  13.301663589,    82.252263470,      10.906535097,         -8.056,        8.273, 315.764,  11.5473,    t,  1.368472,  4.85696281673182,-25.1279277,    9.8291,
 2026-Dec-11 21:49:00, , , 149.161051673,  13.431527287,  149.529563952,  13.301680274,    82.465946451,      11.031133143,         -8.186,        8.326, 315.486,  11.6760,    t,  1.368475,  4.85695273909806,-25.1256414,    9.8291,
 2026-Dec-11 21:50:00, , , 149.161017870,  13.431543964,  149.529530506,  13.301696959,    82.679682829,      11.155792665,         -8.316,        8.379, 315.215,  11.8050,    t,  1.368478,  4.85694266238219,-25.1233509,    9.8290,
 2026-Dec-11 21:51:00, , , 149.160984061,  13.431560642,  149.529497053,  13.301713645,    82.893474723,      11.280511942,         -8.446,        8.431, 314.949,  11.9342,    t,  1.368481,  4.85693258658596,-25.1210559,    9.8290,
 2026-Dec-11 21:52:00, , , 149.160950245,  13.431577320,  149.529463594,  13.301730332,    83.107324259,      11.405289254,         -8.577,        8.484, 314.688,  12.0636,    t,  1.368484,  4.85692251171111,-25.1187566,    9.8289,
 2026-Dec-11 21:53:00, , , 149.160916423,  13.431593999,  149.529430128,  13.301747020,    83.321233570,      11.530122880,         -8.707,        8.536, 314.433,  12.1933,    t,  1.368487,  4.85691243775938,-25.1164529,    9.8288,
 2026-Dec-11 21:54:00, , , 149.160882594,  13.431610678,  149.529396656,  13.301763708,    83.535204792,      11.655011094,         -8.837,        8.589, 314.184,  12.3233,    t,  1.368489,  4.85690236473254,-25.1141449,    9.8288,
 2026-Dec-11 21:55:00, , , 149.160848759,  13.431627357,  149.529363177,  13.301780396,    83.749240073,      11.779952172,         -8.967,        8.641, 313.940,  12.4534,    t,  1.368492,  4.85689229263233,-25.1118325,    9.8287,
 2026-Dec-11 21:56:00, , , 149.160814917,  13.431644037,  149.529329692,  13.301797086,    83.963341561,      11.904944386,         -9.098,        8.694, 313.701,  12.5838,    t,  1.368495,  4.85688222146049,-25.1095158,    9.8287,
 2026-Dec-11 21:57:00, , , 149.160781069,  13.431660717,  149.529296200,  13.301813776,    84.177511414,      12.029986005,         -9.228,        8.747, 313.466,  12.7144,    t,  1.368498,  4.85687215121877,-25.1071947,    9.8286,
 2026-Dec-11 21:58:00, , , 149.160747215,  13.431677398,  149.529262702,  13.301830466,    84.391751796,      12.155075301,         -9.358,        8.799, 313.237,  12.8452,    t,  1.368501,  4.85686208190892,-25.1048693,    9.8286,
 2026-Dec-11 21:59:00, , , 149.160713353,  13.431694079,  149.529229197,  13.301847157,    84.606064876,      12.280210539,         -9.488,        8.852, 313.012,  12.9762,    t,  1.368504,  4.85685201353267,-25.1025395,    9.8285,
 2026-Dec-11 22:00:00, , , 149.160679486,  13.431710760,  149.529195686,  13.301863849,    84.820452829,      12.405389985,         -9.619,        8.904, 312.791,  13.1074,    t,  1.368506,  4.85684194609177,-25.1002054,    9.8284,
 2026-Dec-11 22:01:00, , , 149.160645612,  13.431727442,  149.529162168,  13.301880542,    85.034917838,      12.530611900,         -9.749,        8.957, 312.575,  13.2388,    t,  1.368509,  4.85683187958798,-25.0978669,    9.8284,
 2026-Dec-11 22:02:00, , , 149.160611731,  13.431744124,  149.529128644,  13.301897235,    85.249462090,      12.655874547,         -9.879,        9.009, 312.364,  13.3704,    t,  1.368512,  4.85682181402304,-25.0955240,    9.8283,
 2026-Dec-11 22:03:00, , , 149.160577844,  13.431760807,  149.529095113,  13.301913928,    85.464087779,      12.781176185,        -10.010,        9.062, 312.156,  13.5021,    t,  1.368515,  4.85681174939869,-25.0931768,    9.8283,
 2026-Dec-11 22:04:00, , , 149.160543951,  13.431777490,  149.529061576,  13.301930622,    85.678797105,      12.906515069,        -10.140,        9.115, 311.952,  13.6341,    t,  1.368518,  4.85680168571668,-25.0908253,    9.8282,
 2026-Dec-11 22:05:00, , , 149.160510051,  13.431794173,  149.529028032,  13.301947317,    85.893592275,      13.031889455,        -10.270,        9.167, 311.753,  13.7662,    t,  1.368521,  4.85679162297875,-25.0884694,    9.8282,
 2026-Dec-11 22:06:00, , , 149.160476144,  13.431810857,  149.528994482,  13.301964012,    86.108475502,      13.157297594,        -10.400,        9.220, 311.557,  13.8984,    t,  1.368523,  4.85678156118663,-25.0861092,    9.8281,
 2026-Dec-11 22:07:00, , , 149.160442232,  13.431827541,  149.528960925,  13.301980708,    86.323449002,      13.282737737,        -10.531,        9.272, 311.365,  14.0309,    t,  1.368526,  4.85677150034209,-25.0837446,    9.8281,
 2026-Dec-11 22:08:00, , , 149.160408312,  13.431844225,  149.528927362,  13.301997404,    86.538515001,      13.408208131,        -10.661,        9.325, 311.176,  14.1634,    t,  1.368529,  4.85676144044686,-25.0813757,    9.8280,
 2026-Dec-11 22:09:00, , , 149.160374387,  13.431860910,  149.528893792,  13.302014101,    86.753675728,      13.533707021,        -10.791,        9.377, 310.991,  14.2962,    t,  1.368532,  4.85675138150269,-25.0790024,    9.8279,
 2026-Dec-11 22:10:00, , , 149.160340454,  13.431877595,  149.528860216,  13.302030799,    86.968933420,      13.659232651,        -10.921,        9.430, 310.809,  14.4290,    t,  1.368535,  4.85674132351131,-25.0766248,    9.8279,
 2026-Dec-11 22:11:00, , , 149.160306516,  13.431894280,  149.528826634,  13.302047497,    87.184290321,      13.784783260,        -11.052,        9.482, 310.631,  14.5621,    t,  1.368538,  4.85673126647446,-25.0742428,    9.8278,
 2026-Dec-11 22:12:00, , , 149.160272571,  13.431910966,  149.528793044,  13.302064195,    87.399748678,      13.910357086,        -11.182,        9.535, 310.456,  14.6952,    t,  1.368540,  4.85672121039387,-25.0718565,    9.8278,
 2026-Dec-11 22:13:00, , , 149.160238619,  13.431927652,  149.528759449,  13.302080894,    87.615310744,      14.035952365,        -11.312,        9.588, 310.284,  14.8285,    t,  1.368543,  4.85671115527131,-25.0694659,    9.8277,
 2026-Dec-11 22:14:00, , , 149.160204662,  13.431944338,  149.528725846,  13.302097594,    87.830978781,      14.161567329,        -11.442,        9.640, 310.115,  14.9619,    t,  1.368546,  4.85670110110850,-25.0670709,    9.8277,
 2026-Dec-11 22:15:00, , , 149.160170697,  13.431961024,  149.528692238,  13.302114294,    88.046755054,      14.287200207,        -11.573,        9.693, 309.949,  15.0955,    t,  1.368549,  4.85669104790719,-25.0646716,    9.8276,
 2026-Dec-11 22:16:00, , , 149.160136727,  13.431977711,  149.528658623,  13.302130994,    88.262641835,      14.412849227,        -11.703,        9.745, 309.786,  15.2291,    t,  1.368552,  4.85668099566911,-25.0622680,    9.8275,
 2026-Dec-11 22:17:00, , , 149.160102749,  13.431994398,  149.528625001,  13.302147695,    88.478641403,      14.538512614,        -11.833,        9.798, 309.625,  15.3629,    t,  1.368555,  4.85667094439599,-25.0598601,    9.8275,
 2026-Dec-11 22:18:00, , , 149.160068766,  13.432011086,  149.528591373,  13.302164397,    88.694756040,      14.664188587,        -11.963,        9.850, 309.468,  15.4968,    t,  1.368557,  4.85666089408957,-25.0574478,    9.8274,
 2026-Dec-11 22:19:00, , , 149.160034776,  13.432027774,  149.528557738,  13.302181099,    88.910988037,      14.789875367,        -12.094,        9.903, 309.313,  15.6308,    t,  1.368560,  4.85665084475157,-25.0550312,    9.8274,
 2026-Dec-11 22:20:00, , , 149.160000780,  13.432044462,  149.528524097,  13.302197801,    89.127339687,      14.915571169,        -12.224,        9.956, 309.161,  15.7650,    t,  1.368563,  4.85664079638376,-25.0526102,    9.8273,
 2026-Dec-11 22:21:00, , , 149.159966777,  13.432061150,  149.528490449,  13.302214504,    89.343813292,      15.041274204,        -12.354,       10.008, 309.012,  15.8992,    t,  1.368566,  4.85663074898785,-25.0501850,    9.8273,
 2026-Dec-11 22:22:00, , , 149.159932768,  13.432077838,  149.528456795,  13.302231208,    89.560411161,      15.166982683,        -12.484,       10.061, 308.864,  16.0336,    t,  1.368569,  4.85662070256557,-25.0477554,    9.8272,
 2026-Dec-11 22:23:00, , , 149.159898753,  13.432094527,  149.528423134,  13.302247912,    89.777135603,      15.292694812,        -12.615,       10.113, 308.720,  16.1680,    t,  1.368572,  4.85661065711867,-25.0453216,    9.8271,
 2026-Dec-11 22:24:00, , , 149.159864731,  13.432111216,  149.528389467,  13.302264616,    89.993988938,      15.418408794,        -12.745,       10.166, 308.578,  16.3026,    t,  1.368574,  4.85660061264886,-25.0428834,    9.8271,
 2026-Dec-11 22:25:00, , , 149.159830703,  13.432127906,  149.528355794,  13.302281321,    90.210973491,      15.544122830,        -12.875,       10.218, 308.438,  16.4372,    t,  1.368577,  4.85659056915785,-25.0404409,    9.8270,
 2026-Dec-11 22:26:00, , , 149.159796668,  13.432144595,  149.528322114,  13.302298026,    90.428091589,      15.669835116,        -13.005,       10.271, 308.300,  16.5720,    t,  1.368580,  4.85658052664742,-25.0379941,    9.8270,
 2026-Dec-11 22:27:00, , , 149.159762627,  13.432161285,  149.528288427,  13.302314732,    90.645345568,      15.795543845,        -13.136,       10.323, 308.165,  16.7068,    t,  1.368583,  4.85657048511926,-25.0355430,    9.8269,
 2026-Dec-11 22:28:00, , , 149.159728580,  13.432177975,  149.528254734,  13.302331438,    90.862737769,      15.921247208,        -13.266,       10.376, 308.032,  16.8417,    t,  1.368586,  4.85656044457511,-25.0330875,    9.8269,
 2026-Dec-11 22:29:00, , , 149.159694527,  13.432194665,  149.528221034,  13.302348145,    91.080270538,      16.046943390,        -13.396,       10.429, 307.900,  16.9768,    t,  1.368589,  4.85655040501669,-25.0306278,    9.8268,
 2026-Dec-11 22:30:00, , , 149.159660467,  13.432211355,  149.528187328,  13.302364852,    91.297946227,      16.172630576,        -13.526,       10.481, 307.771,  17.1119,    t,  1.368591,  4.85654036644571,-25.0281638,    9.8268,
 2026-Dec-11 22:31:00, , , 149.159626401,  13.432228046,  149.528153616,  13.302381559,    91.515767193,      16.298306945,        -13.657,       10.534, 307.644,  17.2471,    t,  1.368594,  4.85653032886391,-25.0256955,    9.8267,
 2026-Dec-11 22:32:00, , , 149.159592328,  13.432244737,  149.528119897,  13.302398267,    91.733735800,      16.423970673,        -13.787,       10.586, 307.519,  17.3823,    t,  1.368597,  4.85652029227299,-25.0232230,    9.8266,
 2026-Dec-11 22:33:00, , , 149.159558249,  13.432261428,  149.528086172,  13.302414975,    91.951854416,      16.549619932,        -13.917,       10.639, 307.396,  17.5177,    t,  1.368600,  4.85651025667470,-25.0207461,    9.8266,
 2026-Dec-11 22:34:00, , , 149.159524164,  13.432278119,  149.528052440,  13.302431684,    92.170125413,      16.675252891,        -14.047,       10.691, 307.275,  17.6531,    t,  1.368603,  4.85650022207074,-25.0182649,    9.8265,
 2026-Dec-11 22:35:00, , , 149.159490072,  13.432294811,  149.528018701,  13.302448393,    92.388551171,      16.800867714,        -14.178,       10.744, 307.156,  17.7886,    t,  1.368606,  4.85649018846283,-25.0157795,    9.8265,
 2026-Dec-11 22:36:00, , , 149.159455975,  13.432311502,  149.527984957,  13.302465102,    92.607134075,      16.926462563,        -14.308,       10.796, 307.038,  17.9242,    t,  1.368608,  4.85648015585268,-25.0132898,    9.8264,
 2026-Dec-11 22:37:00, , , 149.159421871,  13.432328194,  149.527951205,  13.302481812,    92.825876514,      17.052035595,        -14.438,       10.849, 306.922,  18.0599,    t,  1.368611,  4.85647012424200,-25.0107958,    9.8264,
 2026-Dec-11 22:38:00, , , 149.159387760,  13.432344886,  149.527917448,  13.302498522,    93.044780884,      17.177584964,        -14.568,       10.902, 306.808,  18.1956,    t,  1.368614,  4.85646009363249,-25.0082976,    9.8263,
 2026-Dec-11 22:39:00, , , 149.159353644,  13.432361578,  149.527883683,  13.302515232,    93.263849584,      17.303108818,        -14.699,       10.954, 306.696,  18.3314,    t,  1.368617,  4.85645006402590,-25.0057951,    9.8262,
 2026-Dec-11 22:40:00, , , 149.159319521,  13.432378270,  149.527849913,  13.302531943,    93.483085020,      17.428605303,        -14.829,       11.007, 306.585,  18.4673,    t,  1.368620,  4.85644003542392,-25.0032884,    9.8262,
 2026-Dec-11 22:41:00, , , 149.159285392,  13.432394963,  149.527816136,  13.302548654,    93.702489602,      17.554072559,        -14.959,       11.059, 306.476,  18.6033,    t,  1.368623,  4.85643000782824,-25.0007773,    9.8261,
 2026-Dec-11 22:42:00, , , 149.159251256,  13.432411655,  149.527782352,  13.302565366,    93.922065747,      17.679508726,        -15.089,       11.112, 306.368,  18.7393,    t,  1.368625,  4.85641998124059,-24.9982621,    9.8261,
 2026-Dec-11 22:43:00, , , 149.159217115,  13.432428348,  149.527748562,  13.302582078,    94.141815876,      17.804911933,        -15.220,       11.164, 306.262,  18.8753,    t,  1.368628,  4.85640995566266,-24.9957426,    9.8260,
 2026-Dec-11 22:44:00, , , 149.159182967,  13.432445041,  149.527714766,  13.302598790,    94.361742413,      17.930280311,        -15.350,       11.217, 306.158,  19.0115,    t,  1.368631,  4.85639993109615,-24.9932188,    9.8260,
 2026-Dec-11 22:45:00, , , 149.159148813,  13.432461734,  149.527680963,  13.302615503,    94.581847791,      18.055611984,        -15.480,       11.269, 306.055,  19.1477,    t,  1.368634,  4.85638990754275,-24.9906908,    9.8259,
 2026-Dec-11 22:46:00, , , 149.159114652,  13.432478427,  149.527647154,  13.302632216,    94.802134444,      18.180905071,        -15.610,       11.322, 305.953,  19.2839,    t,  1.368637,  4.85637988500419,-24.9881586,    9.8258,
 2026-Dec-11 22:47:00, , , 149.159080486,  13.432495120,  149.527613338,  13.302648929,    95.022604815,      18.306157689,        -15.741,       11.374, 305.853,  19.4202,    t,  1.368639,  4.85636986348216,-24.9856222,    9.8258,
 2026-Dec-11 22:48:00, , , 149.159046313,  13.432511813,  149.527579516,  13.302665642,    95.243261348,      18.431367947,        -15.871,       11.427, 305.754,  19.5566,    t,  1.368642,  4.85635984297834,-24.9830815,    9.8257,
 2026-Dec-11 22:49:00, , , 149.159012134,  13.432528506,  149.527545688,  13.302682356,    95.464106494,      18.556533953,        -16.001,       11.480, 305.657,  19.6930,    t,  1.368645,  4.85634982349442,-24.9805366,    9.8257,
 2026-Dec-11 22:50:00, , , 149.158977949,  13.432545200,  149.527511853,  13.302699070,    95.685142709,      18.681653808,        -16.131,       11.532, 305.561,  19.8295,    t,  1.368648,  4.85633980503211,-24.9779875,    9.8256,
 2026-Dec-11 22:51:00, , , 149.158943757,  13.432561894,  149.527478012,  13.302715785,    95.906372452,      18.806725609,        -16.262,       11.585, 305.466,  19.9660,    t,  1.368651,  4.85632978759307,-24.9754342,    9.8256,
 2026-Dec-11 22:52:00, , , 149.158909560,  13.432578587,  149.527444164,  13.302732500,    96.127798187,      18.931747449,        -16.392,       11.637, 305.373,  20.1026,    t,  1.368654,  4.85631977117902,-24.9728767,    9.8255,
 2026-Dec-11 22:53:00, , , 149.158875356,  13.432595281,  149.527410310,  13.302749215,    96.349422385,      19.056717416,        -16.522,       11.690, 305.281,  20.2393,    t,  1.368656,  4.85630975579164,-24.9703149,    9.8254,
 2026-Dec-11 22:54:00, , , 149.158841146,  13.432611975,  149.527376450,  13.302765930,    96.571247519,      19.181633592,        -16.652,       11.742, 305.190,  20.3760,    t,  1.368659,  4.85629974143260,-24.9677490,    9.8254,
 2026-Dec-11 22:55:00, , , 149.158806930,  13.432628669,  149.527342583,  13.302782645,    96.793276068,      19.306494055,        -16.783,       11.795, 305.100,  20.5127,    t,  1.368662,  4.85628972810359,-24.9651789,    9.8253,
 2026-Dec-11 22:56:00, , , 149.158772708,  13.432645363,  149.527308709,  13.302799361,    97.015510515,      19.431296879,        -16.913,       11.847, 305.012,  20.6495,    t,  1.368665,  4.85627971580629,-24.9626046,    9.8253,
 2026-Dec-11 22:57:00, , , 149.158738479,  13.432662057,  149.527274830,  13.302816077,    97.237953345,      19.556040131,        -17.043,       11.900, 304.924,  20.7864,    t,  1.368668,  4.85626970454236,-24.9600262,    9.8252,
 2026-Dec-11 22:58:00, , , 149.158704245,  13.432678751,  149.527240944,  13.302832794,    97.460607053,      19.680721875,        -17.173,       11.952, 304.838,  20.9232,    t,  1.368671,  4.85625969431348,-24.9574435,    9.8252,
 2026-Dec-11 22:59:00, , , 149.158670004,  13.432695445,  149.527207051,  13.302849510,    97.683474132,      19.805340168,        -17.304,       12.005, 304.753,  21.0602,    *,  1.368673,  4.85624968512135,-24.9548567,    9.8251,
 2026-Dec-11 23:00:00, , , 149.158635758,  13.432712139,  149.527173153,  13.302866227,    97.906557084,      19.929893064,        -17.434,       12.058, 304.669,  21.1971,    *,  1.368676,  4.85623967696761,-24.9522657,    9.8250,
 2026-Dec-11 23:01:00, , , 149.158601505,  13.432728833,  149.527139248,  13.302882944,    98.129858412,      20.054378609,        -17.564,       12.110, 304.586,  21.3342,    *,  1.368679,  4.85622966985395,-24.9496706,    9.8250,
 2026-Dec-11 23:02:00, , , 149.158567246,  13.432745528,  149.527105336,  13.302899661,    98.353380624,      20.178794845,        -17.694,       12.163, 304.504,  21.4712,    *,  1.368682,  4.85621966378202,-24.9470713,    9.8249,
 2026-Dec-11 23:03:00, , , 149.158532981,  13.432762222,  149.527071418,  13.302916379,    98.577126234,      20.303139811,        -17.825,       12.215, 304.424,  21.6083,    *,  1.368685,  4.85620965875349,-24.9444679,    9.8249,
 2026-Dec-11 23:04:00, , , 149.158498710,  13.432778916,  149.527037494,  13.302933097,    98.801097757,      20.427411536,        -17.955,       12.268, 304.344,  21.7455,    *,  1.368687,  4.85619965477000,-24.9418603,    9.8248,
 2026-Dec-11 23:05:00, , , 149.158464433,  13.432795610,  149.527003564,  13.302949815,    99.025297713,      20.551608048,        -18.085,       12.320, 304.265,  21.8827,    *,  1.368690,  4.85618965183325,-24.9392487,    9.8248,
 2026-Dec-11 23:06:00, , , 149.158430150,  13.432812305,  149.526969627,  13.302966533,    99.249728627,      20.675727367,        -18.215,       12.373, 304.187,  22.0199,    *,  1.368693,  4.85617964994488,-24.9366328,    9.8247,
 2026-Dec-11 23:07:00, , , 149.158395860,  13.432828999,  149.526935684,  13.302983251,    99.474393025,      20.799767507,        -18.346,       12.425, 304.110,  22.1572,    *,  1.368696,  4.85616964910653,-24.9340129,    9.8246,
 2026-Dec-11 23:08:00, , , 149.158361565,  13.432845693,  149.526901734,  13.302999970,    99.699293440,      20.923726479,        -18.476,       12.478, 304.034,  22.2945,    *,  1.368699,  4.85615964931987,-24.9313888,    9.8246,
 2026-Dec-11 23:09:00, , , 149.158327264,  13.432862388,  149.526867779,  13.303016688,    99.924432406,      21.047602285,        -18.606,       12.530, 303.959,  22.4318,    *,  1.368702,  4.85614965058653,-24.9287607,    9.8245,
 2026-Dec-11 23:10:00, , , 149.158292957,  13.432879082,  149.526833817,  13.303033407,   100.149812461,      21.171392924,        -18.736,       12.583, 303.885,  22.5692,    *,  1.368704,  4.85613965290818,-24.9261284,    9.8245,
 2026-Dec-11 23:11:00, , , 149.158258643,  13.432895776,  149.526799848,  13.303050126,   100.375436147,      21.295096388,        -18.866,       12.635, 303.812,  22.7066,    *,  1.368707,  4.85612965628642,-24.9234920,    9.8244,
 2026-Dec-11 23:12:00, , , 149.158224324,  13.432912471,  149.526765874,  13.303066846,   100.601306010,      21.418710662,        -18.997,       12.688, 303.740,  22.8441,    *,  1.368710,  4.85611966072295,-24.9208516,    9.8244,
 2026-Dec-11 23:13:00, , , 149.158189999,  13.432929165,  149.526731893,  13.303083565,   100.827424597,      21.542233729,        -19.127,       12.740, 303.669,  22.9816,    *,  1.368713,  4.85610966621937,-24.9182070,    9.8243,
 2026-Dec-11 23:14:00, , , 149.158155667,  13.432945859,  149.526697905,  13.303100285,   101.053794459,      21.665663561,        -19.257,       12.793, 303.598,  23.1191,    *,  1.368716,  4.85609967277734,-24.9155584,    9.8243,
 2026-Dec-11 23:15:00, , , 149.158121330,  13.432962553,  149.526663912,  13.303117004,   101.280418151,      21.788998128,        -19.387,       12.846, 303.528,  23.2567,    *,  1.368718,  4.85608968039847,-24.9129057,    9.8242,
 2026-Dec-11 23:16:00, , , 149.158086987,  13.432979247,  149.526629912,  13.303133724,   101.507298231,      21.912235392,        -19.518,       12.898, 303.459,  23.3942,    *,  1.368721,  4.85607968908441,-24.9102490,    9.8241,
 2026-Dec-11 23:17:00, , , 149.158052638,  13.432995941,  149.526595906,  13.303150444,   101.734437259,      22.035373309,        -19.648,       12.951, 303.391,  23.5319,    *,  1.368724,  4.85606969883675,-24.9075882,    9.8241,
 2026-Dec-11 23:18:00, , , 149.158018282,  13.433012635,  149.526561894,  13.303167165,   101.961837797,      22.158409829,        -19.778,       13.003, 303.324,  23.6695,    *,  1.368727,  4.85605970965717,-24.9049233,    9.8240,
 2026-Dec-11 23:19:00, , , 149.157983921,  13.433029329,  149.526527875,  13.303183885,   102.189502412,      22.281342896,        -19.908,       13.056, 303.257,  23.8072,    *,  1.368730,  4.85604972154726,-24.9022545,    9.8240,
 2026-Dec-11 23:20:00, , , 149.157949554,  13.433046023,  149.526493850,  13.303200605,   102.417433670,      22.404170447,        -20.038,       13.108, 303.192,  23.9449,    *,  1.368733,  4.85603973450865,-24.8995815,    9.8239,
 2026-Dec-11 23:21:00, , , 149.157915182,  13.433062717,  149.526459819,  13.303217326,   102.645634143,      22.526890414,        -20.169,       13.161, 303.126,  24.0827,    *,  1.368735,  4.85602974854295,-24.8969046,    9.8239,
 2026-Dec-11 23:22:00, , , 149.157880803,  13.433079410,  149.526425782,  13.303234046,   102.874106405,      22.649500722,        -20.299,       13.213, 303.062,  24.2204,    *,  1.368738,  4.85601976365178,-24.8942236,    9.8238,
 2026-Dec-11 23:23:00, , , 149.157846418,  13.433096104,  149.526391739,  13.303250767,   103.102853030,      22.771999289,        -20.429,       13.266, 302.999,  24.3583,    *,  1.368741,  4.85600977983672,-24.8915386,    9.8237,
 2026-Dec-11 23:24:00, , , 149.157812028,  13.433112797,  149.526357689,  13.303267488,   103.331876594,      22.894384026,        -20.559,       13.318, 302.936,  24.4961,    *,  1.368744,  4.85599979709943,-24.8888496,    9.8237,
 2026-Dec-11 23:25:00, , , 149.157777631,  13.433129491,  149.526323633,  13.303284209,   103.561179678,      23.016652839,        -20.690,       13.371, 302.874,  24.6339,    *,  1.368747,  4.85598981544149,-24.8861567,    9.8236,
 2026-Dec-11 23:26:00, , , 149.157743229,  13.433146184,  149.526289571,  13.303300930,   103.790764862,      23.138803627,        -20.820,       13.423, 302.812,  24.7718,    *,  1.368749,  4.85597983486449,-24.8834597,    9.8236,
 2026-Dec-11 23:27:00, , , 149.157708821,  13.433162877,  149.526255503,  13.303317651,   104.020634729,      23.260834281,        -20.950,       13.476, 302.751,  24.9098,    *,  1.368752,  4.85596985537004,-24.8807587,    9.8235,
 2026-Dec-11 23:28:00, , , 149.157674407,  13.433179570,  149.526221428,  13.303334372,   104.250791864,      23.382742687,        -21.080,       13.528, 302.691,  25.0477,    *,  1.368755,  4.85595987695974,-24.8780538,    9.8235,
 2026-Dec-11 23:29:00, , , 149.157639987,  13.433196263,  149.526187348,  13.303351094,   104.481238853,      23.504526725,        -21.210,       13.581, 302.632,  25.1857,    *,  1.368758,  4.85594989963518,-24.8753449,    9.8234,
 2026-Dec-11 23:30:00, , , 149.157605562,  13.433212956,  149.526153261,  13.303367815,   104.711978283,      23.626184264,        -21.341,       13.633, 302.573,  25.3237,    *,  1.368761,  4.85593992339792,-24.8726320,    9.8233,
 2026-Dec-11 23:31:00, , , 149.157571130,  13.433229649,  149.526119168,  13.303384536,   104.943012741,      23.747713171,        -21.471,       13.686, 302.515,  25.4617,    *,  1.368763,  4.85592994824959,-24.8699152,    9.8233,
 2026-Dec-11 23:32:00, , , 149.157536693,  13.433246341,  149.526085069,  13.303401258,   105.174344818,      23.869111302,        -21.601,       13.738, 302.457,  25.5997,    *,  1.368766,  4.85591997419176,-24.8671945,    9.8232,
 2026-Dec-11 23:33:00, , , 149.157502250,  13.433263034,  149.526050963,  13.303417979,   105.405977105,      23.990376509,        -21.731,       13.791, 302.401,  25.7378,    *,  1.368769,  4.85591000122600,-24.8644698,    9.8232,
 2026-Dec-11 23:34:00, , , 149.157467802,  13.433279726,  149.526016852,  13.303434701,   105.637912193,      24.111506637,        -21.862,       13.843, 302.344,  25.8759,    *,  1.368772,  4.85590002935389,-24.8617412,    9.8231,
 2026-Dec-11 23:35:00, , , 149.157433347,  13.433296418,  149.525982735,  13.303451422,   105.870152673,      24.232499521,        -21.992,       13.896, 302.288,  26.0140,    *,  1.368775,  4.85589005857701,-24.8590087,    9.8231,
 2026-Dec-11 23:36:00, , , 149.157398887,  13.433313110,  149.525948611,  13.303468144,   106.102701139,      24.353352991,        -22.122,       13.948, 302.233,  26.1521,    *,  1.368778,  4.85588008889689,-24.8562722,    9.8230,
 2026-Dec-11 23:37:00, , , 149.157364421,  13.433329802,  149.525914481,  13.303484866,   106.335560183,      24.474064871,        -22.252,       14.001, 302.179,  26.2903,    *,  1.368780,  4.85587012031516,-24.8535319,    9.8229,
 2026-Dec-11 23:38:00, , , 149.157329950,  13.433346494,  149.525880345,  13.303501587,   106.568732398,      24.594632974,        -22.382,       14.053, 302.125,  26.4285,    *,  1.368783,  4.85586015283335,-24.8507877,    9.8229,
 2026-Dec-11 23:39:00, , , 149.157295472,  13.433363185,  149.525846203,  13.303518309,   106.802220378,      24.715055111,        -22.513,       14.106, 302.071,  26.5667,    *,  1.368786,  4.85585018645301,-24.8480396,    9.8228,
 2026-Dec-11 23:40:00, , , 149.157260990,  13.433379876,  149.525812055,  13.303535030,   107.036026714,      24.835329080,        -22.643,       14.159, 302.019,  26.7049,    *,  1.368789,  4.85584022117572,-24.8452876,    9.8228,
 2026-Dec-11 23:41:00, , , 149.157226501,  13.433396567,  149.525777901,  13.303551752,   107.270154000,      24.955452676,        -22.773,       14.211, 301.966,  26.8432,    *,  1.368792,  4.85583025700301,-24.8425317,    9.8227,
 2026-Dec-11 23:42:00, , , 149.157192007,  13.433413258,  149.525743741,  13.303568474,   107.504604829,      25.075423685,        -22.903,       14.264, 301.914,  26.9814,    *,  1.368794,  4.85582029393644,-24.8397720,    9.8227,
 2026-Dec-11 23:43:00, , , 149.157157507,  13.433429949,  149.525709575,  13.303585195,   107.739381793,      25.195239886,        -23.033,       14.316, 301.863,  27.1197,    *,  1.368797,  4.85581033197754,-24.8370085,    9.8226,
 2026-Dec-11 23:44:00, , , 149.157123001,  13.433446640,  149.525675403,  13.303601917,   107.974487481,      25.314899048,        -23.164,       14.369, 301.813,  27.2580,    *,  1.368800,  4.85580037112788,-24.8342411,    9.8225,
 2026-Dec-11 23:45:00, , , 149.157088490,  13.433463330,  149.525641224,  13.303618639,   108.209924483,      25.434398935,        -23.294,       14.421, 301.762,  27.3964,    *,  1.368803,  4.85579041138898,-24.8314698,    9.8225,
 2026-Dec-11 23:46:00, , , 149.157053973,  13.433480020,  149.525607040,  13.303635360,   108.445695390,      25.553737305,        -23.424,       14.474, 301.713,  27.5347,    *,  1.368806,  4.85578045276238,-24.8286948,    9.8224,
 2026-Dec-11 23:47:00, , , 149.157019451,  13.433496710,  149.525572850,  13.303652082,   108.681802786,      25.672911904,        -23.554,       14.526, 301.663,  27.6731,    *,  1.368808,  4.85577049524961,-24.8259159,    9.8224,
 2026-Dec-11 23:48:00, , , 149.156984923,  13.433513399,  149.525538653,  13.303668803,   108.918249260,      25.791920474,        -23.684,       14.579, 301.615,  27.8115,    *,  1.368811,  4.85576053885219,-24.8231333,    9.8223,
 2026-Dec-11 23:49:00, , , 149.156950389,  13.433530089,  149.525504451,  13.303685525,   109.155037395,      25.910760748,        -23.815,       14.631, 301.566,  27.9499,    *,  1.368814,  4.85575058357164,-24.8203468,    9.8223,
 2026-Dec-11 23:50:00, , , 149.156915850,  13.433546778,  149.525470243,  13.303702246,   109.392169773,      26.029430450,        -23.945,       14.684, 301.519,  28.0883,    *,  1.368817,  4.85574062940949,-24.8175565,    9.8222,
 2026-Dec-11 23:51:00, , , 149.156881305,  13.433563467,  149.525436028,  13.303718968,   109.629648973,      26.147927298,        -24.075,       14.736, 301.471,  28.2268,    *,  1.368820,  4.85573067636727,-24.8147625,    9.8221,
 2026-Dec-11 23:52:00, , , 149.156846755,  13.433580156,  149.525401808,  13.303735689,   109.867477575,      26.266249001,        -24.205,       14.789, 301.424,  28.3652,    *,  1.368822,  4.85572072444647,-24.8119648,    9.8221,
 2026-Dec-11 23:53:00, , , 149.156812199,  13.433596844,  149.525367582,  13.303752410,   110.105658152,      26.384393262,        -24.335,       14.841, 301.378,  28.5037,    *,  1.368825,  4.85571077364861,-24.8091632,    9.8220,
 2026-Dec-11 23:54:00, , , 149.156777638,  13.433613532,  149.525333349,  13.303769131,   110.344193278,      26.502357774,        -24.466,       14.894, 301.332,  28.6422,    *,  1.368828,  4.85570082397518,-24.8063579,    9.8220,
 2026-Dec-11 23:55:00, , , 149.156743071,  13.433630220,  149.525299111,  13.303785852,   110.583085522,      26.620140222,        -24.596,       14.946, 301.287,  28.7807,    *,  1.368831,  4.85569087542769,-24.8035489,    9.8219,
 2026-Dec-11 23:56:00, , , 149.156708499,  13.433646908,  149.525264867,  13.303802573,   110.822337451,      26.737738286,        -24.726,       14.999, 301.242,  28.9192,    *,  1.368834,  4.85568092800762,-24.8007362,    9.8218,
 2026-Dec-11 23:57:00, , , 149.156673921,  13.433663595,  149.525230617,  13.303819294,   111.061951625,      26.855149633,        -24.856,       15.051, 301.197,  29.0578,    *,  1.368836,  4.85567098171649,-24.7979197,    9.8218,
 2026-Dec-11 23:58:00, , , 149.156639338,  13.433680283,  149.525196361,  13.303836015,   111.301930606,      26.972371927,        -24.986,       15.104, 301.153,  29.1963,    *,  1.368839,  4.85566103655579,-24.7950995,    9.8217,
 2026-Dec-11 23:59:00, , , 149.156604750,  13.433696969,  149.525162100,  13.303852736,   111.542276949,      27.089402820,        -25.117,       15.156, 301.109,  29.3349,    *,  1.368842,  4.85565109252698,-24.7922757,    9.8217,
 2026-Dec-12 00:00:00, , , 149.156570156,  13.433713656,  149.525127832,  13.303869456,   111.782993204,      27.206239959,        -25.247,       15.209, 301.066,  29.4735,    *,  1.368845,  4.85564114963155,-24.7894481,    9.8216,
 2026-Dec-12 00:01:00, , , 149.156535556,  13.433730342,  149.525093558,  13.303886177,   112.024081919,      27.322880981,        -25.377,       15.261, 301.023,  29.6121,    *,  1.368848,  4.85563120787098,-24.7866169,    9.8216,
 2026-Dec-12 00:02:00, , , 149.156500951,  13.433747028,  149.525059279,  13.303902897,   112.265545636,      27.439323515,        -25.507,       15.314, 300.980,  29.7507,    *,  1.368850,  4.85562126724672,-24.7837820,    9.8215,
 2026-Dec-12 00:03:00, , , 149.156466341,  13.433763714,  149.525024994,  13.303919617,   112.507386893,      27.555565183,        -25.637,       15.366, 300.938,  29.8894,    *,  1.368853,  4.85561132776027,-24.7809435,    9.8214,
 2026-Dec-12 00:04:00, , , 149.156431726,  13.433780399,  149.524990702,  13.303936337,   112.749608219,      27.671603596,        -25.768,       15.418, 300.896,  30.0280,    *,  1.368856,  4.85560138941309,-24.7781013,    9.8214,
 2026-Dec-12 00:05:00, , , 149.156397105,  13.433797084,  149.524956406,  13.303953057,   112.992212145,      27.787436360,        -25.898,       15.471, 300.855,  30.1667,    *,  1.368859,  4.85559145220663,-24.7752554,    9.8213,
 2026-Dec-12 00:06:00, , , 149.156362478,  13.433813769,  149.524922103,  13.303969777,   113.235201189,      27.903061071,        -26.028,       15.523, 300.814,  30.3054,    *,  1.368862,  4.85558151614234,-24.7724060,    9.8213,
 2026-Dec-12 00:07:00, , , 149.156327847,  13.433830454,  149.524887794,  13.303986497,   113.478577869,      28.018475316,        -26.158,       15.576, 300.773,  30.4441,    *,  1.368864,  4.85557158122169,-24.7695529,    9.8212,
 2026-Dec-12 00:08:00, , , 149.156293210,  13.433847138,  149.524853480,  13.304003216,   113.722344692,      28.133676676,        -26.288,       15.628, 300.733,  30.5828,    *,  1.368867,  4.85556164744610,-24.7666963,    9.8212,
 2026-Dec-12 00:09:00, , , 149.156258568,  13.433863822,  149.524819160,  13.304019936,   113.966504163,      28.248662722,        -26.418,       15.681, 300.693,  30.7215,    *,  1.368870,  4.85555171481702,-24.7638360,    9.8211,
 2026-Dec-12 00:10:00, , , 149.156223920,  13.433880505,  149.524784834,  13.304036655,   114.211058774,      28.363431016,        -26.549,       15.733, 300.653,  30.8602,    *,  1.368873,  4.85554178333591,-24.7609722,    9.8210,
 2026-Dec-12 00:11:00, , , 149.156189268,  13.433897188,  149.524750502,  13.304053374,   114.456011017,      28.477979113,        -26.679,       15.786, 300.614,  30.9990,    *,  1.368876,  4.85553185300419,-24.7581048,    9.8210,
 2026-Dec-12 00:12:00, , , 149.156154610,  13.433913871,  149.524716165,  13.304070093,   114.701363374,      28.592304560,        -26.809,       15.838, 300.575,  31.1377,    *,  1.368878,  4.85552192382328,-24.7552338,    9.8209,
 2026-Dec-12 00:13:00, , , 149.156119947,  13.433930553,  149.524681821,  13.304086812,   114.947118316,      28.706404892,        -26.939,       15.891, 300.537,  31.2765,    *,  1.368881,  4.85551199579463,-24.7523593,    9.8209,
 2026-Dec-12 00:14:00, , , 149.156085278,  13.433947235,  149.524647472,  13.304103530,   115.193278311,      28.820277642,        -27.069,       15.943, 300.498,  31.4153,    *,  1.368884,  4.85550206891963,-24.7494812,    9.8208,
 2026-Dec-12 00:15:00, , , 149.156050605,  13.433963917,  149.524613118,  13.304120248,   115.439845817,      28.933920328,        -27.199,       15.996, 300.461,  31.5541,    *,  1.368887,  4.85549214319970,-24.7465997,    9.8208,
 2026-Dec-12 00:16:00, , , 149.156015926,  13.433980598,  149.524578758,  13.304136967,   115.686823281,      29.047330463,        -27.330,       16.048, 300.423,  31.6929,    *,  1.368890,  4.85548221863628,-24.7437146,    9.8207,
 2026-Dec-12 00:17:00, , , 149.155981242,  13.433997279,  149.524544392,  13.304153684,   115.934213145,      29.160505551,        -27.460,       16.101, 300.386,  31.8317,    *,  1.368892,  4.85547229523076,-24.7408260,    9.8206,
 2026-Dec-12 00:18:00, , , 149.155946553,  13.434013960,  149.524510020,  13.304170402,   116.182017841,      29.273443087,        -27.590,       16.153, 300.349,  31.9706,    *,  1.368895,  4.85546237298455,-24.7379339,    9.8206,
 2026-Dec-12 00:19:00, , , 149.155911858,  13.434030640,  149.524475642,  13.304187120,   116.430239789,      29.386140558,        -27.720,       16.206, 300.313,  32.1094,    *,  1.368898,  4.85545245189903,-24.7350383,    9.8205,
 2026-Dec-12 00:20:00, , , 149.155877159,  13.434047320,  149.524441259,  13.304203837,   116.678881401,      29.498595442,        -27.850,       16.258, 300.276,  32.2483,    *,  1.368901,  4.85544253197561,-24.7321393,    9.8205,
 2026-Dec-12 00:21:00, , , 149.155842454,  13.434063999,  149.524406871,  13.304220554,   116.927945079,      29.610805209,        -27.980,       16.311, 300.240,  32.3871,    *,  1.368904,  4.85543261321567,-24.7292368,    9.8204,
 2026-Dec-12 00:22:00, , , 149.155807745,  13.434080678,  149.524372476,  13.304237271,   117.177433214,      29.722767320,        -28.111,       16.363, 300.205,  32.5260,    *,  1.368906,  4.85542269562058,-24.7263309,    9.8204,
 2026-Dec-12 00:23:00, , , 149.155773030,  13.434097357,  149.524338077,  13.304253987,   117.427348185,      29.834479229,        -28.241,       16.416, 300.170,  32.6649,    *,  1.368909,  4.85541277919176,-24.7234215,    9.8203,
 2026-Dec-12 00:24:00, , , 149.155738310,  13.434114035,  149.524303671,  13.304270704,   117.677692362,      29.945938378,        -28.371,       16.468, 300.135,  32.8038,    *,  1.368912,  4.85540286393056,-24.7205087,    9.8202,
 2026-Dec-12 00:25:00, , , 149.155703585,  13.434130713,  149.524269260,  13.304287420,   117.928468103,      30.057142204,        -28.501,       16.521, 300.100,  32.9427,    *,  1.368915,  4.85539294983835,-24.7175925,    9.8202,
 2026-Dec-12 00:26:00, , , 149.155668856,  13.434147390,  149.524234843,  13.304304136,   118.179677751,      30.168088134,        -28.631,       16.573, 300.065,  33.0816,    *,  1.368918,  4.85538303691650,-24.7146729,    9.8201,
 2026-Dec-12 00:27:00, , , 149.155634121,  13.434164067,  149.524200421,  13.304320851,   118.431323641,      30.278773587,        -28.761,       16.626, 300.031,  33.2206,    *,  1.368920,  4.85537312516636,-24.7117499,    9.8201,
 2026-Dec-12 00:28:00, , , 149.155599381,  13.434180744,  149.524165993,  13.304337567,   118.683408094,      30.389195974,        -28.891,       16.678, 299.997,  33.3595,    *,  1.368923,  4.85536321458928,-24.7088235,    9.8200,
 2026-Dec-12 00:29:00, , , 149.155564636,  13.434197420,  149.524131560,  13.304354282,   118.935933415,      30.499352694,        -29.022,       16.730, 299.964,  33.4985,    *,  1.368926,  4.85535330518664,-24.7058938,    9.8200,
 2026-Dec-12 00:30:00, , , 149.155529886,  13.434214096,  149.524097121,  13.304370996,   119.188901899,      30.609241142,        -29.152,       16.783, 299.931,  33.6374,    *,  1.368929,  4.85534339695977,-24.7029607,    9.8199,
 2026-Dec-12 00:31:00, , , 149.155495131,  13.434230771,  149.524062677,  13.304387711,   119.442315826,      30.718858703,        -29.282,       16.835, 299.898,  33.7764,    *,  1.368932,  4.85533348991001,-24.7000243,    9.8198,
 2026-Dec-12 00:32:00, , , 149.155460372,  13.434247446,  149.524028227,  13.304404425,   119.696177461,      30.828202753,        -29.412,       16.888, 299.865,  33.9154,    *,  1.368934,  4.85532358403870,-24.6970846,    9.8198,
 2026-Dec-12 00:33:00, , , 149.155425607,  13.434264120,  149.523993771,  13.304421139,   119.950489055,      30.937270659,        -29.542,       16.940, 299.832,  34.0543,    *,  1.368937,  4.85531367934717,-24.6941415,    9.8197,
 2026-Dec-12 00:34:00, , , 149.155390838,  13.434280794,  149.523959311,  13.304437853,   120.205252846,      31.046059781,        -29.672,       16.993, 299.800,  34.1933,    *,  1.368940,  4.85530377583672,-24.6911952,    9.8197,
 2026-Dec-12 00:35:00, , , 149.155356063,  13.434297467,  149.523924844,  13.304454566,   120.460471052,      31.154567471,        -29.802,       17.045, 299.768,  34.3324,    *,  1.368943,  4.85529387350872,-24.6882456,    9.8196,
 2026-Dec-12 00:36:00, , , 149.155321284,  13.434314140,  149.523890373,  13.304471279,   120.716145879,      31.262791070,        -29.933,       17.098, 299.736,  34.4714,    *,  1.368946,  4.85528397236446,-24.6852926,    9.8195,
 2026-Dec-12 00:37:00, , , 149.155286500,  13.434330813,  149.523855896,  13.304487992,   120.972279514,      31.370727913,        -30.063,       17.150, 299.705,  34.6104,    *,  1.368948,  4.85527407240525,-24.6823365,    9.8195,
 2026-Dec-12 00:38:00, , , 149.155251711,  13.434347485,  149.523821413,  13.304504704,   121.228874130,      31.478375326,        -30.193,       17.203, 299.674,  34.7494,    *,  1.368951,  4.85526417363240,-24.6793770,    9.8194,
 2026-Dec-12 00:39:00, , , 149.155216917,  13.434364157,  149.523786925,  13.304521416,   121.485931881,      31.585730627,        -30.323,       17.255, 299.643,  34.8885,    *,  1.368954,  4.85525427604721,-24.6764144,    9.8194,
 2026-Dec-12 00:40:00, , , 149.155182119,  13.434380828,  149.523752432,  13.304538128,   121.743454903,      31.692791125,        -30.453,       17.308, 299.612,  35.0275,    *,  1.368957,  4.85524437965098,-24.6734485,    9.8193,
 2026-Dec-12 00:41:00, , , 149.155147315,  13.434397498,  149.523717933,  13.304554840,   122.001445317,      31.799554122,        -30.583,       17.360, 299.582,  35.1666,    *,  1.368960,  4.85523448444498,-24.6704794,    9.8193,
 2026-Dec-12 00:42:00, , , 149.155112507,  13.434414168,  149.523683429,  13.304571551,   122.259905220,      31.906016911,        -30.713,       17.412, 299.552,  35.3056,    *,  1.368962,  4.85522459043052,-24.6675071,    9.8192,
 2026-Dec-12 00:43:00, , , 149.155077694,  13.434430838,  149.523648919,  13.304588262,   122.518836696,      32.012176775,        -30.844,       17.465, 299.522,  35.4447,    *,  1.368965,  4.85521469760888,-24.6645316,    9.8191,
 2026-Dec-12 00:44:00, , , 149.155042877,  13.434447507,  149.523614405,  13.304604972,   122.778241805,      32.118030993,        -30.974,       17.517, 299.492,  35.5838,    *,  1.368968,  4.85520480598133,-24.6615530,    9.8191,
 2026-Dec-12 00:45:00, , , 149.155008054,  13.434464176,  149.523579885,  13.304621682,   123.038122590,      32.223576833,        -31.104,       17.570, 299.462,  35.7229,    *,  1.368971,  4.85519491554913,-24.6585711,    9.8190,
 2026-Dec-12 00:46:00, , , 149.154973227,  13.434480844,  149.523545359,  13.304638392,   123.298481072,      32.328811556,        -31.234,       17.622, 299.433,  35.8620,    *,  1.368973,  4.85518502631356,-24.6555862,    9.8190,
 2026-Dec-12 00:47:00, , , 149.154938396,  13.434497511,  149.523510829,  13.304655101,   123.559319254,      32.433732414,        -31.364,       17.675, 299.404,  36.0011,    *,  1.368976,  4.85517513827585,-24.6525981,    9.8189,
 2026-Dec-12 00:48:00, , , 149.154903559,  13.434514178,  149.523476293,  13.304671810,   123.820639112,      32.538336653,        -31.494,       17.727, 299.375,  36.1402,    *,  1.368979,  4.85516525143729,-24.6496069,    9.8189,
 2026-Dec-12 00:49:00, , , 149.154868718,  13.434530845,  149.523441752,  13.304688519,   124.082442606,      32.642621509,        -31.624,       17.780, 299.347,  36.2793,    *,  1.368982,  4.85515536579912,-24.6466125,    9.8188,
 2026-Dec-12 00:50:00, , , 149.154833873,  13.434547511,  149.523407205,  13.304705227,   124.344731670,      32.746584212,        -31.754,       17.832, 299.318,  36.4184,    *,  1.368985,  4.85514548136257,-24.6436151,    9.8187,
 2026-Dec-12 00:51:00, , , 149.154799022,  13.434564176,  149.523372653,  13.304721935,   124.607508218,      32.850221982,        -31.885,       17.884, 299.290,  36.5576,    *,  1.368987,  4.85513559812889,-24.6406146,    9.8187,
 2026-Dec-12 00:52:00, , , 149.154764168,  13.434580841,  149.523338097,  13.304738642,   124.870774139,      32.953532035,        -32.015,       17.937, 299.262,  36.6967,    *,  1.368990,  4.85512571609931,-24.6376111,    9.8186,
 2026-Dec-12 00:53:00, , , 149.154729308,  13.434597506,  149.523303535,  13.304755349,   125.134531298,      33.056511576,        -32.145,       17.989, 299.234,  36.8358,    *,  1.368993,  4.85511583527505,-24.6346045,    9.8186,
 2026-Dec-12 00:54:00, , , 149.154694444,  13.434614170,  149.523268967,  13.304772056,   125.398781537,      33.159157804,        -32.275,       18.042, 299.207,  36.9750,    *,  1.368996,  4.85510595565732,-24.6315948,    9.8185,
 2026-Dec-12 00:55:00, , , 149.154659576,  13.434630833,  149.523234395,  13.304788762,   125.663526671,      33.261467911,        -32.405,       18.094, 299.179,  37.1142,    *,  1.368999,  4.85509607724736,-24.6285821,    9.8185,
 2026-Dec-12 00:56:00, , , 149.154624703,  13.434647496,  149.523199817,  13.304805468,   125.928768493,      33.363439079,        -32.535,       18.147, 299.152,  37.2533,    *,  1.369001,  4.85508620004638,-24.6255664,    9.8184,
 2026-Dec-12 00:57:00, , , 149.154589825,  13.434664158,  149.523165235,  13.304822174,   126.194508766,      33.465068485,        -32.665,       18.199, 299.125,  37.3925,    *,  1.369004,  4.85507632405558,-24.6225477,    9.8183,
 2026-Dec-12 00:58:00, , , 149.154554943,  13.434680820,  149.523130647,  13.304838879,   126.460749230,      33.566353300,        -32.795,       18.252, 299.099,  37.5317,    *,  1.369007,  4.85506644927616,-24.6195261,    9.8183,
 2026-Dec-12 00:59:00, , , 149.154520057,  13.434697481,  149.523096054,  13.304855583,   126.727491597,      33.667290684,        -32.925,       18.304, 299.072,  37.6708,    *,  1.369010,  4.85505657570930,-24.6165014,    9.8182,
 2026-Dec-12 01:00:00, , , 149.154485166,  13.434714141,  149.523061456,  13.304872288,   126.994737551,      33.767877794,        -33.055,       18.356, 299.046,  37.8100,    *,  1.369012,  4.85504670335619,-24.6134738,    9.8182,
$$EOE
***************************************************************************************************************************************************************************************************************************************
Column meaning:
 
TIME

  Times PRIOR to 1962 are UT1, a mean-solar time closely related to the
prior but now-deprecated GMT. Times AFTER 1962 are in UTC, the current
civil or "wall-clock" time-scale. UTC is kept within 0.9 seconds of UT1
using integer leap-seconds for 1972 and later years.

  Conversion from the internal Barycentric Dynamical Time (TDB) of solar
system dynamics to the non-uniform civil UT time-scale requested for output
has not been determined for UTC times after the next July or January 1st.
Therefore, the last known leap-second is used as a constant over future
intervals.

  Time tags refer to the UT time-scale conversion from TDB on Earth
regardless of observer location within the solar system, although clock
rates may differ due to the local gravity field and no analog to "UT"
may be defined for that location.

  Any 'b' symbol in the 1st-column denotes a B.C. date. First-column blank
(" ") denotes an A.D. date.
 
CALENDAR SYSTEM

  Mixed calendar mode was active such that calendar dates after AD 1582-Oct-15
(if any) are in the modern Gregorian system. Dates prior to 1582-Oct-5 (if any)
are in the Julian calendar system, which is automatically extended for dates
prior to its adoption on 45-Jan-1 BC.  The Julian calendar is useful for
matching historical dates. The Gregorian calendar more accurately corresponds
to the Earth's orbital motion and seasons. A "Gregorian-only" calendar mode is
available if such physical events are the primary interest.

  NOTE: "n.a." in output means quantity "not available" at the print-time.
 
SOLAR PRESENCE (OBSERVING SITE)
  Time tag is followed by a blank, then a solar-presence condition code:

       '*'  Daylight (refracted solar upper-limb on or above apparent horizon)
       'C'  Civil twilight/dawn
       'N'  Nautical twilight/dawn
       'A'  Astronomical twilight/dawn
       ' '  Night OR geocentric ephemeris

LUNAR PRESENCE WITH TARGET RISE/TRANSIT/SET EVENT MARKER (OBSERVING SITE)
  The solar-presence code column is immediately followed by another marker:

       'm'  Refracted upper-limb of Moon on or above apparent horizon
       ' '  Refracted upper-limb of Moon below apparent horizon OR geocentric

  The lunar presence marker (an ongoing state) can be over-ridden by a target
  event marker if an event has occurred since the last output step:

       'r'  Rise          (target body on or went above cut-off RTS elevation)
       'e'  Elevation max (target body maximum elevation angle has occurred)
       't'  Transit       (target body at or passed through observer meridian)
       's'  Set           (target body on or went below cut-off RTS elevation)
 
RTS MARKERS (TVH)
  Rise and set are with respect to the reference ellipsoid true visual horizon
defined by the elevation cut-off angle. Horizon dip and yellow-light refraction
(Earth only) are considered. Accuracy is < or = to twice the requested search
step-size.
 
 'R.A.___(ICRF), DEC____(ICRF),' =
  Astrometric right ascension and declination of the target center with
respect to the observing site (coordinate origin) in the reference frame of
the planetary ephemeris (ICRF). Compensated for down-leg light-time delay
aberration.

  Units: RA  in decimal degrees,  ddd.fffff{ffff}
         DEC in decimal degrees,  sdd.fffff{ffff}
 
 'R.A.__(a-app), DEC___(a-app),' =
  Airless apparent right ascension and declination of the target center
with respect to an instantaneous reference frame defined by the Earth equator
of-date (z-axis) and meridian containing the Earth equinox of-date (x-axis,
EOP-corrected IAU76/80). Compensated for down-leg light-time delay,
gravitational deflection of light, stellar aberration, precession & nutation.
Note: equinox (RA origin) is offset -53 mas from the of-date frame defined by
the IAU06/00a P & N system.

  Units: RA  in decimal degrees, ddd.fffff{ffff}
         DEC in decimal degrees  sdd.fffff{ffff}

 
 'Azimuth_(a-app), Elevation_(a-app),' =
  Airless apparent azimuth and elevation of target center. Compensated
for light-time, the gravitational deflection of light, stellar aberration,
precession and nutation. Azimuth is measured clockwise from north:

  North(0) -> East(90) -> South(180) -> West(270) -> North (360)

Elevation angle is with respect to a plane perpendicular to the reference
surface local zenith direction. TOPOCENTRIC ONLY.  Units: DEGREES
 
 'X_(sat-prim), Y_(sat-prim), SatPANG,' =
   Satellite apparent differential coordinates in the plane-of-sky with
respect to the primary body along with the satellite position angle.
Differential coordinates are defined in RA as:

     X= ((RA_sat - RA_primary) * cosine(DEC_primary))

... and in DEC as:

     Y= (DEC_sat - DEC_primary)

Non-lunar satellites only. "SatPANG" is the counter-clockwise (CCW) position
angle from the reference-frame of-date north-pole to a line from the primary
center to the satellite center. Units: ARCSECONDS (X & Y), DEGREES (pos, angle)
 
 'ang-sep, vis.,' =
  The angular separation between the center of the target object and the center
of the (remote) primary body it revolves around, as seen by the observer, with
target visibility code.

  Visibility codes (refers to limb-to-limb):

    /t = Transiting primary body disk    /O = Occulted by primary body disk
    /p = Partial umbral eclipse          /P = Occulted partial umbral eclipse
    /u = Total umbral eclipse            /U = Occulted total umbral eclipse
    /- = Target is the primary body      /* = None of above ("free and clear")

  The radius of both primary and target body is taken to be the equatorial
value (maximum, given a triaxial shape). Atmospheric effects and oblateness
aspect are NOT currently considered.  Light-time is considered.

  Units: ARCSECONDS and visibility code
 
 'Ang-diam,' =
   The equatorial angular width of the target body full disk, if it were fully
illuminated and visible to the observer. If the target body diameter is unknown
"n.a." is output.

   Units: ARCSECONDS
 
 'delta,     deldot,' =
   Apparent range ("delta", light-time aberrated) and range-rate ("delta-dot")
of the target center relative to the observer. A positive "deldot" means the
target center is moving away from the observer, negative indicates movement
toward the observer.  Units: AU and KM/S
 
 'S-T-O,' =
   The Sun-Target-Observer angle; the interior vertex angle at target center
formed by a vector from the target to the apparent center of the Sun (at
reflection time on the target) and the apparent vector from target to the
observer at print-time. Slightly different from true PHASE ANGLE (requestable
separately) at the few arcsecond level in that it includes stellar aberration
on the down-leg from target to observer.  Units: DEGREES

Computations by ...

    Solar System Dynamics Group, Horizons On-Line Ephemeris System
    4800 Oak Grove Drive, Jet Propulsion Laboratory
    Pasadena, CA  91109   USA

    General site: https://ssd.jpl.nasa.gov/
    Mailing list: https://ssd.jpl.nasa.gov/email_list.html
    System news : https://ssd.jpl.nasa.gov/horizons/news.html
    User Guide  : https://ssd.jpl.nasa.gov/horizons/manual.html
    Connect     : browser        https://ssd.jpl.nasa.gov/horizons/app.html#/x
                  API            https://ssd-api.jpl.nasa.gov/doc/horizons.html
                  command-line   telnet ssd.jpl.nasa.gov 6775
                  e-mail/batch   https://ssd.jpl.nasa.gov/ftp/ssd/horizons_batch.txt
                  scripts        https://ssd.jpl.nasa.gov/ftp/ssd/SCRIPTS
    Inquiries   : Jon.D.Giorgini@jpl.nasa.gov

***************************************************************************************************************************************************************************************************************************************
