# JPL Horizons response, kept whole (#472)
# request-url: https://ssd.jpl.nasa.gov/api/horizons.api?format=text&COMMAND=%27502%27&MAKE_EPHEM=%27YES%27&EPHEM_TYPE=%27OBSERVER%27&CENTER=%27coord%40399%27&COORD_TYPE=%27GEODETIC%27&QUANTITIES=%271%2C2%2C4%2C6%2C12%2C13%2C20%2C24%27&EXTRA_PREC=%27YES%27&ANG_FORMAT=%27DEG%27&APPARENT=%27AIRLESS%27&CSV_FORMAT=%27YES%27&TIME_DIGITS=%27SECONDS%27&START_TIME=%272026-12-11%2018%3A00%27&STOP_TIME=%272026-12-12%2001%3A00%27&STEP_SIZE=%271%20m%27&SITE_COORD=%2710.75%2C59.91%2C0.0%27
# requested-utc: 2026-10-07T13:53:23Z
# body-sha256: 586876cba43c3aa269f9964ac4e5dff57eb00b48e1f61dcfa59eea23125229ec
# body-bytes: 109333
# complete: True
API VERSION: 1.2
API SOURCE: NASA/JPL Horizons API

*******************************************************************************
 Revised: Mar 12, 2021           Europa / (Jupiter)                         502

 SATELLITE PHYSICAL PROPERTIES:
  Mean radius (km)       = 1560.8   +- 0.3    Density (g cm^-3)= 3.013 +- 0.005
  GM   (km^3/s^2)        = 3202.7121+- 0.0054 Geometric Albedo = 0.67 +/- 0.03  
                                              V(1,0)           = -1.41

 SATELLITE ORBIT (at J2000.0 epoch, 2000-Jan-1.5):
  Semi-major axis, a (km) ~ 671,000           Orbital period   ~ 3.55 d
  Eccentricity, e         ~ 0.00981        Rotational period   = Synchronous
  Inclination, i  (deg)   ~ 0.462
*******************************************************************************


*******************************************************************************
Ephemeris / API_USER Wed Oct  7 06:53:24 2026 Pasadena, USA      / Horizons    
*******************************************************************************
Target body name: Europa (502)                    {source: jup365_merged}
Center body name: Earth (399)                     {source: DE441}
Center-site name: (user defined site below)
*******************************************************************************
Start time      : A.D. 2026-Dec-11 18:00:00.0000 UT      
Stop  time      : A.D. 2026-Dec-12 01:00:00.0000 UT      
Step-size       : 1 minutes
*******************************************************************************
Target pole/equ : IAU_EUROPA                      {West-longitude positive}
Target radii    : 1562.6, 1560.3, 1559.5 km       {Equator_a, b, pole_c}       
Center geodetic : 10.75, 59.91, 0.0               {E-lon(deg),Lat(deg),Alt(km)}
Center cylindric: 10.75, 3205.78431, 5495.4568    {E-lon(deg),Dxy(km),Dz(km)}
Center pole/equ : ITRF93                          {East-longitude positive}
Center radii    : 6378.137, 6378.137, 6356.752 km {Equator_a, b, pole_c}       
Target primary  : Jupiter
Vis. interferer : MOON (R_eq= 1737.400) km        {source: DE441}
Rel. light bend : Sun                             {source: jup365_merged}
Rel. lght bnd GM: 1.3271E+11 km^3/s^2                                          
Atmos refraction: NO (AIRLESS)
RA format       : DEG
Time format     : CAL 
Calendar mode   : Mixed Julian/Gregorian
RTS-only print  : NO       
EOP file        : eop.261006.p270102                                           
EOP coverage    : DATA-BASED 1962-JAN-20 TO 2026-OCT-06. PREDICTS-> 2027-JAN-01
Units conversion: 1 au= 149597870.700 km, c= 299792.458 km/s, 1 day= 86400.0 s 
Table cut-offs 1: Elevation (-90.0deg=NO ),Airmass (>38.000=NO), Daylight (NO )
Table cut-offs 2: Solar elongation (  0.0,180.0=NO ),Local Hour Angle( 0.0=NO )
Table cut-offs 3: RA/DEC angular rate (     0.0=NO )                           
Table format    : Comma Separated Values (spreadsheet)
***************************************************************************************************************************************************************************************************************************************
 Date__(UT)__HR:MN:SS, , , R.A.___(ICRF), DEC____(ICRF),  R.A.__(a-app), DEC___(a-app), Azimuth_(a-app), Elevation_(a-app),   X_(sat-prim), Y_(sat-prim), SatPANG,  ang-sep, vis.,  Ang-diam,             delta,     deldot,     S-T-O,
***************************************************************************************************************************************************************************************************************************************
$$SOE
 2026-Dec-11 18:00:00, , , 149.181886294,  13.421899320,  149.550307764,  13.292037695,    31.552464960,     -12.495453794,         68.017,      -24.775, 110.011,  72.3896,    *,  0.885242,  4.86760474265478,-30.4546482,    9.8269,
 2026-Dec-11 18:01:00, , , 149.181834502,  13.421923852,  149.550256257,  13.292062221,    31.793049445,     -12.429424580,         67.819,      -24.693, 110.004,  72.1758,    *,  0.885245,  4.86759253089138,-30.4399694,    9.8268,
 2026-Dec-11 18:02:00, , , 149.181782676,  13.421948396,  149.550204717,  13.292086760,    32.033443092,     -12.362946887,         67.621,      -24.611, 109.997,  71.9618,    *,  0.885247,  4.86758032501791,-30.4252809,    9.8268,
 2026-Dec-11 18:03:00, , , 149.181730818,  13.421972952,  149.550153146,  13.292111310,    32.273645405,     -12.296022241,         67.424,      -24.529, 109.989,  71.7478,    *,  0.885249,  4.86756812503826,-30.4105826,    9.8267,
 2026-Dec-11 18:04:00, , , 149.181678927,  13.421997519,  149.550101542,  13.292135872,    32.513655911,     -12.228652173,         67.226,      -24.447, 109.982,  71.5337,    *,  0.885251,  4.86755593095635,-30.3958746,    9.8267,
 2026-Dec-11 18:05:00, , , 149.181627004,  13.422022098,  149.550049907,  13.292160445,    32.753474152,     -12.160838221,         67.027,      -24.365, 109.974,  71.3195,    *,  0.885254,  4.86754374277608,-30.3811569,    9.8266,
 2026-Dec-11 18:06:00, , , 149.181575047,  13.422046688,  149.549998239,  13.292185031,    32.993099689,     -12.092581928,         66.829,      -24.283, 109.967,  71.1051,    *,  0.885256,  4.86753156050133,-30.3664295,    9.8266,
 2026-Dec-11 18:07:00, , , 149.181523058,  13.422071290,  149.549946540,  13.292209627,    33.232532104,     -12.023884842,         66.631,      -24.201, 109.959,  70.8907,    *,  0.885258,  4.86751938413599,-30.3516923,    9.8265,
 2026-Dec-11 18:08:00, , , 149.181471036,  13.422095903,  149.549894808,  13.292234236,    33.471770994,     -11.954748520,         66.432,      -24.119, 109.952,  70.6761,    *,  0.885260,  4.86750721368399,-30.3369455,    9.8265,
 2026-Dec-11 18:09:00, , , 149.181418982,  13.422120528,  149.549843045,  13.292258856,    33.710815975,     -11.885174519,         66.234,      -24.037, 109.944,  70.4615,    *,  0.885262,  4.86749504914921,-30.3221890,    9.8264,
 2026-Dec-11 18:10:00, , , 149.181366895,  13.422145164,  149.549791250,  13.292283488,    33.949666684,     -11.815164407,         66.035,      -23.955, 109.936,  70.2467,    *,  0.885265,  4.86748289053552,-30.3074227,    9.8264,
 2026-Dec-11 18:11:00, , , 149.181314776,  13.422169811,  149.549739424,  13.292308131,    34.188322773,     -11.744719753,         65.836,      -23.873, 109.929,  70.0319,    *,  0.885267,  4.86747073784682,-30.2926468,    9.8263,
 2026-Dec-11 18:12:00, , , 149.181262624,  13.422194470,  149.549687566,  13.292332785,    34.426783915,     -11.673842134,         65.638,      -23.791, 109.921,  69.8169,    *,  0.885269,  4.86745859108698,-30.2778612,    9.8263,
 2026-Dec-11 18:13:00, , , 149.181210440,  13.422219140,  149.549635676,  13.292357451,    34.665049799,     -11.602533129,         65.439,      -23.708, 109.913,  69.6018,    *,  0.885271,  4.86744645025986,-30.2630660,    9.8262,
 2026-Dec-11 18:14:00, , , 149.181158224,  13.422243821,  149.549583755,  13.292382128,    34.903120133,     -11.530794326,         65.240,      -23.626, 109.905,  69.3867,    *,  0.885273,  4.86743431536939,-30.2482610,    9.8261,
 2026-Dec-11 18:15:00, , , 149.181105976,  13.422268513,  149.549531802,  13.292406817,    35.140994645,     -11.458627315,         65.040,      -23.544, 109.897,  69.1714,    *,  0.885276,  4.86742218641941,-30.2334465,    9.8261,
 2026-Dec-11 18:16:00, , , 149.181053696,  13.422293217,  149.549479819,  13.292431517,    35.378673077,     -11.386033691,         64.841,      -23.461, 109.889,  68.9560,    *,  0.885278,  4.86741006341380,-30.2186222,    9.8260,
 2026-Dec-11 18:17:00, , , 149.181001383,  13.422317931,  149.549427803,  13.292456228,    35.616155194,     -11.313015055,         64.642,      -23.379, 109.881,  68.7406,    *,  0.885280,  4.86739794635643,-30.2037884,    9.8260,
 2026-Dec-11 18:18:00, , , 149.180949039,  13.422342657,  149.549375757,  13.292480951,    35.853440776,     -11.239573011,         64.442,      -23.297, 109.873,  68.5250,    *,  0.885282,  4.86738583525116,-30.1889449,    9.8259,
 2026-Dec-11 18:19:00, , , 149.180896663,  13.422367394,  149.549323680,  13.292505684,    36.090529621,     -11.165709169,         64.243,      -23.214, 109.865,  68.3093,    *,  0.885284,  4.86737373010186,-30.1740917,    9.8259,
 2026-Dec-11 18:20:00, , , 149.180844255,  13.422392141,  149.549271571,  13.292530429,    36.327421547,     -11.091425143,         64.043,      -23.132, 109.857,  68.0936,    *,  0.885287,  4.86736163091235,-30.1592290,    9.8258,
 2026-Dec-11 18:21:00, , , 149.180791815,  13.422416900,  149.549219432,  13.292555185,    36.564116388,     -11.016722552,         63.844,      -23.049, 109.848,  67.8777,    *,  0.885289,  4.86734953768655,-30.1443566,    9.8258,
 2026-Dec-11 18:22:00, , , 149.180739344,  13.422441670,  149.549167261,  13.292579952,    36.800613996,     -10.941603016,         63.644,      -22.967, 109.840,  67.6617,    *,  0.885291,  4.86733745042830,-30.1294746,    9.8257,
 2026-Dec-11 18:23:00, , , 149.180686841,  13.422466450,  149.549115060,  13.292604730,    37.036914242,     -10.866068164,         63.444,      -22.884, 109.832,  67.4456,    *,  0.885293,  4.86732536914142,-30.1145830,    9.8257,
 2026-Dec-11 18:24:00, , , 149.180634306,  13.422491241,  149.549062828,  13.292629519,    37.273017014,     -10.790119626,         63.244,      -22.801, 109.823,  67.2295,    *,  0.885295,  4.86731329382979,-30.0996818,    9.8256,
 2026-Dec-11 18:25:00, , , 149.180581740,  13.422516044,  149.549010565,  13.292654320,    37.508922218,     -10.713759036,         63.044,      -22.719, 109.815,  67.0132,    *,  0.885298,  4.86730122449724,-30.0847711,    9.8256,
 2026-Dec-11 18:26:00, , , 149.180529143,  13.422540856,  149.548958271,  13.292679131,    37.744629778,     -10.636988032,         62.844,      -22.636, 109.806,  66.7968,    *,  0.885300,  4.86728916114758,-30.0698508,    9.8255,
 2026-Dec-11 18:27:00, , , 149.180476514,  13.422565680,  149.548905947,  13.292703953,    37.980139635,     -10.559808258,         62.643,      -22.553, 109.798,  66.5804,    *,  0.885302,  4.86727710378472,-30.0549208,    9.8254,
 2026-Dec-11 18:28:00, , , 149.180423854,  13.422590514,  149.548853592,  13.292728785,    38.215451747,     -10.482221360,         62.443,      -22.470, 109.789,  66.3638,    *,  0.885304,  4.86726505241246,-30.0399814,    9.8254,
 2026-Dec-11 18:29:00, , , 149.180371162,  13.422615360,  149.548801207,  13.292753629,    38.450566092,     -10.404228987,         62.243,      -22.388, 109.781,  66.1471,    *,  0.885306,  4.86725300703463,-30.0250324,    9.8253,
 2026-Dec-11 18:30:00, , , 149.180318440,  13.422640215,  149.548748791,  13.292778484,    38.685482662,     -10.325832792,         62.042,      -22.305, 109.772,  65.9304,    *,  0.885309,  4.86724096765507,-30.0100738,    9.8253,
 2026-Dec-11 18:31:00, , , 149.180265686,  13.422665082,  149.548696345,  13.292803349,    38.920201469,     -10.247034432,         61.841,      -22.222, 109.763,  65.7135,    *,  0.885311,  4.86722893427759,-29.9951057,    9.8252,
 2026-Dec-11 18:32:00, , , 149.180212902,  13.422689958,  149.548643869,  13.292828225,    39.154722542,     -10.167835567,         61.641,      -22.139, 109.754,  65.4966,    *,  0.885313,  4.86721690690603,-29.9801280,    9.8252,
 2026-Dec-11 18:33:00, , , 149.180160086,  13.422714846,  149.548591362,  13.292853112,    39.389045927,     -10.088237861,         61.440,      -22.056, 109.745,  65.2795,    *,  0.885315,  4.86720488554419,-29.9651409,    9.8251,
 2026-Dec-11 18:34:00, , , 149.180107240,  13.422739744,  149.548538826,  13.292878009,    39.623171685,     -10.008242980,         61.239,      -21.973, 109.736,  65.0624,    *,  0.885317,  4.86719287019592,-29.9501442,    9.8251,
 2026-Dec-11 18:35:00, , , 149.180054363,  13.422764652,  149.548486259,  13.292902917,    39.857099899,      -9.927852595,         61.038,      -21.890, 109.727,  64.8451,    *,  0.885320,  4.86718086086502,-29.9351380,    9.8250,
 2026-Dec-11 18:36:00, , , 149.180001455,  13.422789571,  149.548433662,  13.292927835,    40.090830664,      -9.847068377,         60.837,      -21.807, 109.718,  64.6278,    *,  0.885322,  4.86716885755531,-29.9201223,    9.8250,
 2026-Dec-11 18:37:00, , , 149.179948517,  13.422814500,  149.548381035,  13.292952765,    40.324364095,      -9.765892003,         60.636,      -21.724, 109.709,  64.4104,    *,  0.885324,  4.86715686027057,-29.9050971,    9.8249,
 2026-Dec-11 18:38:00, , , 149.179895547,  13.422839439,  149.548328378,  13.292977704,    40.557700324,      -9.684325152,         60.434,      -21.641, 109.700,  64.1929,    *,  0.885326,  4.86714486901463,-29.8900625,    9.8248,
 2026-Dec-11 18:39:00, , , 149.179842548,  13.422864389,  149.548275692,  13.293002654,    40.790839499,      -9.602369504,         60.233,      -21.558, 109.690,  63.9752,    *,  0.885328,  4.86713288379127,-29.8750183,    9.8248,
 2026-Dec-11 18:40:00, , , 149.179789518,  13.422889349,  149.548222975,  13.293027615,    41.023781784,      -9.520026745,         60.031,      -21.475, 109.681,  63.7575,    *,  0.885330,  4.86712090460431,-29.8599647,    9.8247,
 2026-Dec-11 18:41:00, , , 149.179736457,  13.422914319,  149.548170229,  13.293052586,    41.256527362,      -9.437298562,         59.830,      -21.391, 109.672,  63.5397,    *,  0.885333,  4.86710893145754,-29.8449017,    9.8247,
 2026-Dec-11 18:42:00, , , 149.179683366,  13.422939299,  149.548117454,  13.293077567,    41.489076430,      -9.354186644,         59.628,      -21.308, 109.662,  63.3218,    *,  0.885335,  4.86709696435476,-29.8298292,    9.8246,
 2026-Dec-11 18:43:00, , , 149.179630245,  13.422964290,  149.548064648,  13.293102559,    41.721429204,      -9.270692682,         59.427,      -21.225, 109.653,  63.1038,    *,  0.885337,  4.86708500329973,-29.8147472,    9.8246,
 2026-Dec-11 18:44:00, , , 149.179577094,  13.422989291,  149.548011814,  13.293127560,    41.953585915,      -9.186818373,         59.225,      -21.142, 109.643,  62.8858,    *,  0.885339,  4.86707304829626,-29.7996558,    9.8245,
 2026-Dec-11 18:45:00, , , 149.179523913,  13.423014301,  149.547958949,  13.293152573,    42.185546811,      -9.102565411,         59.023,      -21.058, 109.633,  62.6676,    *,  0.885341,  4.86706109934811,-29.7845550,    9.8245,
 2026-Dec-11 18:46:00, , , 149.179470701,  13.423039322,  149.547906056,  13.293177595,    42.417312158,      -9.017935498,         58.821,      -20.975, 109.624,  62.4493,    *,  0.885344,  4.86704915645905,-29.7694448,    9.8244,
 2026-Dec-11 18:47:00, , , 149.179417460,  13.423064353,  149.547853133,  13.293202627,    42.648882235,      -8.932930334,         58.619,      -20.892, 109.614,  62.2310,    *,  0.885346,  4.86703721963290,-29.7543252,    9.8244,
 2026-Dec-11 18:48:00, , , 149.179364189,  13.423089394,  149.547800181,  13.293227670,    42.880257338,      -8.847551623,         58.417,      -20.808, 109.604,  62.0125,    *,  0.885348,  4.86702528887340,-29.7391962,    9.8243,
 2026-Dec-11 18:49:00, , , 149.179310887,  13.423114444,  149.547747199,  13.293252723,    43.111437782,      -8.761801070,         58.214,      -20.725, 109.594,  61.7940,    *,  0.885350,  4.86701336418432,-29.7240578,    9.8242,
 2026-Dec-11 18:50:00, , , 149.179257557,  13.423139505,  149.547694189,  13.293277786,    43.342423896,      -8.675680384,         58.012,      -20.641, 109.584,  61.5754,    *,  0.885352,  4.86700144556942,-29.7089100,    9.8242,
 2026-Dec-11 18:51:00, , , 149.179204196,  13.423164575,  149.547641150,  13.293302859,    43.573216025,      -8.589191274,         57.809,      -20.558, 109.574,  61.3566,    *,  0.885354,  4.86698953303246,-29.6937528,    9.8241,
 2026-Dec-11 18:52:00, , , 149.179150806,  13.423189656,  149.547588081,  13.293327941,    43.803814530,      -8.502335451,         57.607,      -20.474, 109.564,  61.1378,    *,  0.885357,  4.86697762657718,-29.6785863,    9.8241,
 2026-Dec-11 18:53:00, , , 149.179097386,  13.423214746,  149.547534984,  13.293353034,    44.034219787,      -8.415114630,         57.404,      -20.391, 109.553,  60.9189,    *,  0.885359,  4.86696572620737,-29.6634104,    9.8240,
 2026-Dec-11 18:54:00, , , 149.179043937,  13.423239845,  149.547481858,  13.293378137,    44.264432190,      -8.327530525,         57.202,      -20.307, 109.543,  60.6999,    *,  0.885361,  4.86695383192676,-29.6482252,    9.8240,
 2026-Dec-11 18:55:00, , , 149.178990458,  13.423264955,  149.547428703,  13.293403250,    44.494452147,      -8.239584853,         56.999,      -20.223, 109.533,  60.4809,    *,  0.885363,  4.86694194373910,-29.6330307,    9.8239,
 2026-Dec-11 18:56:00, , , 149.178936950,  13.423290074,  149.547375519,  13.293428372,    44.724280082,      -8.151279332,         56.796,      -20.140, 109.522,  60.2617,    *,  0.885365,  4.86693006164812,-29.6178268,    9.8239,
 2026-Dec-11 18:57:00, , , 149.178883413,  13.423315203,  149.547322307,  13.293453504,    44.953916434,      -8.062615684,         56.593,      -20.056, 109.512,  60.0425,    *,  0.885367,  4.86691818565756,-29.6026136,    9.8238,
 2026-Dec-11 18:58:00, , , 149.178829846,  13.423340341,  149.547269066,  13.293478646,    45.183361660,      -7.973595628,         56.390,      -19.972, 109.501,  59.8231,    *,  0.885369,  4.86690631577116,-29.5873911,    9.8238,
 2026-Dec-11 18:59:00, , , 149.178776251,  13.423365489,  149.547215797,  13.293503798,    45.412616228,      -7.884220888,         56.187,      -19.889, 109.490,  59.6037,    *,  0.885372,  4.86689445199262,-29.5721593,    9.8237,
 2026-Dec-11 19:00:00, , , 149.178722626,  13.423390646,  149.547162500,  13.293528960,    45.641680626,      -7.794493189,         55.984,      -19.805, 109.480,  59.3842,    *,  0.885374,  4.86688259432571,-29.5569182,    9.8236,
 2026-Dec-11 19:01:00, , , 149.178668972,  13.423415813,  149.547109173,  13.293554131,    45.870555353,      -7.704414256,         55.780,      -19.721, 109.469,  59.1646,    *,  0.885376,  4.86687074277414,-29.5416679,    9.8236,
 2026-Dec-11 19:02:00, , , 149.178615290,  13.423440989,  149.547055819,  13.293579312,    46.099240925,      -7.613985816,         55.577,      -19.637, 109.458,  58.9449,    *,  0.885378,  4.86685889734162,-29.5264083,    9.8235,
 2026-Dec-11 19:03:00, , , 149.178561578,  13.423466175,  149.547002437,  13.293604502,    46.327737874,      -7.523209598,         55.374,      -19.553, 109.447,  58.7251,    *,  0.885380,  4.86684705803186,-29.5111394,    9.8235,
 2026-Dec-11 19:04:00, , , 149.178507838,  13.423491370,  149.546949026,  13.293629702,    46.556046746,      -7.432087330,         55.170,      -19.469, 109.436,  58.5053,    *,  0.885382,  4.86683522484858,-29.4958613,    9.8234,
 2026-Dec-11 19:05:00, , , 149.178454069,  13.423516574,  149.546895587,  13.293654911,    46.784168102,      -7.340620743,         54.967,      -19.385, 109.425,  58.2853,    *,  0.885385,  4.86682339779546,-29.4805739,    9.8234,
 2026-Dec-11 19:06:00, , , 149.178400272,  13.423541788,  149.546842120,  13.293680130,    47.012102516,      -7.248811569,         54.763,      -19.301, 109.413,  58.0653,    *,  0.885387,  4.86681157687624,-29.4652774,    9.8233,
 2026-Dec-11 19:07:00, , , 149.178346445,  13.423567011,  149.546788625,  13.293705358,    47.239850580,      -7.156661540,         54.559,      -19.218, 109.402,  57.8452,    *,  0.885389,  4.86679976209461,-29.4499716,    9.8233,
 2026-Dec-11 19:08:00, , , 149.178292591,  13.423592243,  149.546735103,  13.293730596,    47.467412899,      -7.064172388,         54.355,      -19.133, 109.391,  57.6250,    *,  0.885391,  4.86678795345425,-29.4346566,    9.8232,
 2026-Dec-11 19:09:00, , , 149.178238708,  13.423617484,  149.546681552,  13.293755843,    47.694790092,      -6.971345850,         54.151,      -19.049, 109.379,  57.4047,    *,  0.885393,  4.86677615095886,-29.4193324,    9.8232,
 2026-Dec-11 19:10:00, , , 149.178184796,  13.423642735,  149.546627974,  13.293781099,    47.921982793,      -6.878183658,         53.947,      -18.965, 109.367,  57.1844,    *,  0.885395,  4.86676435461212,-29.4039990,    9.8231,
 2026-Dec-11 19:11:00, , , 149.178130857,  13.423667994,  149.546574368,  13.293806365,    48.148991650,      -6.784687550,         53.743,      -18.881, 109.356,  56.9639,    *,  0.885397,  4.86675256441771,-29.3886564,    9.8230,
 2026-Dec-11 19:12:00, , , 149.178076889,  13.423693263,  149.546520735,  13.293831640,    48.375817327,      -6.690859262,         53.539,      -18.797, 109.344,  56.7434,    *,  0.885400,  4.86674078037929,-29.3733047,    9.8230,
 2026-Dec-11 19:13:00, , , 149.178022893,  13.423718540,  149.546467074,  13.293856924,    48.602460498,      -6.596700531,         53.335,      -18.713, 109.332,  56.5228,    *,  0.885402,  4.86672900250057,-29.3579438,    9.8229,
 2026-Dec-11 19:14:00, , , 149.177968869,  13.423743827,  149.546413385,  13.293882217,    48.828921858,      -6.502213094,         53.130,      -18.629, 109.320,  56.3021,    *,  0.885404,  4.86671723078521,-29.3425738,    9.8229,
 2026-Dec-11 19:15:00, , , 149.177914817,  13.423769122,  149.546359669,  13.293907520,    49.055202108,      -6.407398691,         52.926,      -18.545, 109.308,  56.0813,    *,  0.885406,  4.86670546523686,-29.3271946,    9.8228,
 2026-Dec-11 19:16:00, , , 149.177860737,  13.423794426,  149.546305926,  13.293932831,    49.281301969,      -6.312259060,         52.721,      -18.460, 109.296,  55.8605,    *,  0.885408,  4.86669370585919,-29.3118064,    9.8228,
 2026-Dec-11 19:17:00, , , 149.177806629,  13.423819740,  149.546252156,  13.293958152,    49.507222174,      -6.216795941,         52.517,      -18.376, 109.283,  55.6396,    *,  0.885410,  4.86668195265585,-29.2964090,    9.8227,
 2026-Dec-11 19:18:00, , , 149.177752494,  13.423845062,  149.546198358,  13.293983481,    49.732963469,      -6.121011073,         52.312,      -18.292, 109.271,  55.4186,    *,  0.885412,  4.86667020563047,-29.2810025,    9.8227,
 2026-Dec-11 19:19:00, , , 149.177698330,  13.423870393,  149.546144533,  13.294008820,    49.958526614,      -6.024906196,         52.107,      -18.207, 109.259,  55.1975,    *,  0.885415,  4.86665846478675,-29.2655869,    9.8226,
 2026-Dec-11 19:20:00, , , 149.177644139,  13.423895732,  149.546090681,  13.294034167,    50.183912383,      -5.928483053,         51.903,      -18.123, 109.246,  54.9763,    *,  0.885417,  4.86664673012830,-29.2501623,    9.8225,
 2026-Dec-11 19:21:00, , , 149.177589921,  13.423921081,  149.546036803,  13.294059524,    50.409121563,      -5.831743382,         51.698,      -18.039, 109.233,  54.7550,    *,  0.885419,  4.86663500165877,-29.2347285,    9.8225,
 2026-Dec-11 19:22:00, , , 149.177535675,  13.423946438,  149.545982897,  13.294084889,    50.634154956,      -5.734688926,         51.493,      -17.954, 109.221,  54.5337,    *,  0.885421,  4.86662327938178,-29.2192858,    9.8224,
 2026-Dec-11 19:23:00, , , 149.177481402,  13.423971803,  149.545928964,  13.294110263,    50.859013374,      -5.637321426,         51.288,      -17.870, 109.208,  54.3123,    *,  0.885423,  4.86661156330097,-29.2038339,    9.8224,
 2026-Dec-11 19:24:00, , , 149.177427101,  13.423997177,  149.545875005,  13.294135646,    51.083697648,      -5.539642623,         51.083,      -17.785, 109.195,  54.0908,    *,  0.885425,  4.86659985341993,-29.1883731,    9.8223,
 2026-Dec-11 19:25:00, , , 149.177372773,  13.424022560,  149.545821019,  13.294161038,    51.308208615,      -5.441654259,         50.877,      -17.701, 109.182,  53.8692,    *,  0.885427,  4.86658814974234,-29.1729032,    9.8223,
 2026-Dec-11 19:26:00, , , 149.177318418,  13.424047951,  149.545767006,  13.294186438,    51.532547130,      -5.343358077,         50.672,      -17.616, 109.168,  53.6476,    *,  0.885429,  4.86657645227179,-29.1574243,    9.8222,
 2026-Dec-11 19:27:00, , , 149.177264036,  13.424073351,  149.545712967,  13.294211847,    51.756714059,      -5.244755818,         50.467,      -17.532, 109.155,  53.4259,    *,  0.885432,  4.86656476101188,-29.1419364,    9.8222,
 2026-Dec-11 19:28:00, , , 149.177209627,  13.424098759,  149.545658901,  13.294237265,    51.980710284,      -5.145849223,         50.261,      -17.447, 109.142,  53.2041,    *,  0.885434,  4.86655307596623,-29.1264396,    9.8221,
 2026-Dec-11 19:29:00, , , 149.177155190,  13.424124176,  149.545604809,  13.294262691,    52.204536696,      -5.046640035,         50.056,      -17.363, 109.128,  52.9822,    *,  0.885436,  4.86654139713843,-29.1109337,    9.8221,
 2026-Dec-11 19:30:00, , , 149.177100727,  13.424149601,  149.545550691,  13.294288126,    52.428194198,      -4.947129997,         49.850,      -17.278, 109.115,  52.7603,    *,  0.885438,  4.86652972453209,-29.0954189,    9.8220,
 2026-Dec-11 19:31:00, , , 149.177046237,  13.424175034,  149.545496546,  13.294313569,    52.651683713,      -4.847320849,         49.645,      -17.194, 109.101,  52.5382,    *,  0.885440,  4.86651805815077,-29.0798952,    9.8219,
 2026-Dec-11 19:32:00, , , 149.176991721,  13.424200476,  149.545442375,  13.294339021,    52.875006167,      -4.747214333,         49.439,      -17.109, 109.087,  52.3161,    *,  0.885442,  4.86650639799810,-29.0643625,    9.8219,
 2026-Dec-11 19:33:00, , , 149.176937177,  13.424225926,  149.545388178,  13.294364481,    53.098162505,      -4.646812192,         49.233,      -17.024, 109.073,  52.0939,    *,  0.885444,  4.86649474407765,-29.0488208,    9.8218,
 2026-Dec-11 19:34:00, , , 149.176882607,  13.424251384,  149.545333955,  13.294389950,    53.321153682,      -4.546116167,         49.027,      -16.939, 109.059,  51.8717,    *,  0.885446,  4.86648309639299,-29.0332703,    9.8218,
 2026-Dec-11 19:35:00, , , 149.176828011,  13.424276850,  149.545279705,  13.294415427,    53.543980666,      -4.445127998,         48.821,      -16.855, 109.045,  51.6494,    *,  0.885449,  4.86647145494770,-29.0177108,    9.8217,
 2026-Dec-11 19:36:00, , , 149.176773388,  13.424302324,  149.545225430,  13.294440913,    53.766644438,      -4.343849427,         48.615,      -16.770, 109.030,  51.4270,    *,  0.885451,  4.86645981974535,-29.0021425,    9.8217,
 2026-Dec-11 19:37:00, , , 149.176718739,  13.424327807,  149.545171129,  13.294466406,    53.989145990,      -4.242282194,         48.409,      -16.685, 109.016,  51.2045,    *,  0.885453,  4.86644819078946,-28.9865653,    9.8216,
 2026-Dec-11 19:38:00, , , 149.176664063,  13.424353297,  149.545116803,  13.294491908,    54.211486325,      -4.140428041,         48.203,      -16.600, 109.001,  50.9820,    *,  0.885455,  4.86643656808366,-28.9709792,    9.8216,
 2026-Dec-11 19:39:00, , , 149.176609362,  13.424378796,  149.545062450,  13.294517418,    54.433666461,      -4.038288708,         47.997,      -16.516, 108.986,  50.7593,    *,  0.885457,  4.86642495163146,-28.9553842,    9.8215,
 2026-Dec-11 19:40:00, , , 149.176554634,  13.424404302,  149.545008072,  13.294542937,    54.655687425,      -3.935865934,         47.791,      -16.431, 108.972,  50.5366,    *,  0.885459,  4.86641334143642,-28.9397805,    9.8214,
 2026-Dec-11 19:41:00, , , 149.176499880,  13.424429817,  149.544953669,  13.294568463,    54.877550259,      -3.833161458,         47.584,      -16.346, 108.957,  50.3139,    *,  0.885461,  4.86640173750208,-28.9241679,    9.8214,
 2026-Dec-11 19:42:00, , , 149.176445100,  13.424455339,  149.544899240,  13.294593998,    55.099256015,      -3.730177020,         47.378,      -16.261, 108.941,  50.0910,    *,  0.885463,  4.86639013983198,-28.9085464,    9.8213,
 2026-Dec-11 19:43:00, , , 149.176390294,  13.424480869,  149.544844785,  13.294619541,    55.320805755,      -3.626914359,         47.171,      -16.176, 108.926,  49.8681,    *,  0.885466,  4.86637854842966,-28.8929162,    9.8213,
 2026-Dec-11 19:44:00, , , 149.176335462,  13.424506408,  149.544790305,  13.294645091,    55.542200556,      -3.523375212,         46.965,      -16.091, 108.911,  49.6452,    *,  0.885468,  4.86636696329860,-28.8772772,    9.8212,
 2026-Dec-11 19:45:00, , , 149.176280604,  13.424531953,  149.544735800,  13.294670650,    55.763441505,      -3.419561318,         46.758,      -16.006, 108.895,  49.4221,    *,  0.885470,  4.86635538444240,-28.8616294,    9.8212,
 2026-Dec-11 19:46:00, , , 149.176225721,  13.424557507,  149.544681270,  13.294696217,    55.984529699,      -3.315474413,         46.551,      -15.921, 108.879,  49.1990,    *,  0.885472,  4.86634381186453,-28.8459728,    9.8211,
 2026-Dec-11 19:47:00, , , 149.176170812,  13.424583068,  149.544626714,  13.294721791,    56.205466250,      -3.211116236,         46.345,      -15.836, 108.864,  48.9758,    *,  0.885474,  4.86633224556851,-28.8303075,    9.8211,
 2026-Dec-11 19:48:00, , , 149.176115878,  13.424608637,  149.544572134,  13.294747373,    56.426252278,      -3.106488521,         46.138,      -15.751, 108.848,  48.7526,    *,  0.885476,  4.86632068555785,-28.8146334,    9.8210,
 2026-Dec-11 19:49:00, , , 149.176060918,  13.424634214,  149.544517528,  13.294772964,    56.646888915,      -3.001593005,         45.931,      -15.666, 108.832,  48.5292,    *,  0.885478,  4.86630913183606,-28.7989507,    9.8209,
 2026-Dec-11 19:50:00, , , 149.176005933,  13.424659798,  149.544462898,  13.294798562,    56.867377306,      -2.896431422,         45.724,      -15.581, 108.815,  48.3058,    *,  0.885480,  4.86629758440660,-28.7832592,    9.8209,
 2026-Dec-11 19:51:00, , , 149.175950923,  13.424685389,  149.544408243,  13.294824168,    57.087718605,      -2.791005508,         45.517,      -15.496, 108.799,  48.0824,    *,  0.885482,  4.86628604327300,-28.7675590,    9.8208,
 2026-Dec-11 19:52:00, , , 149.175895887,  13.424710989,  149.544353563,  13.294849781,    57.307913978,      -2.685316996,         45.310,      -15.410, 108.782,  47.8588,    *,  0.885484,  4.86627450843874,-28.7518501,    9.8208,
 2026-Dec-11 19:53:00, , , 149.175840826,  13.424736595,  149.544298858,  13.294875402,    57.527964601,      -2.579367620,         45.102,      -15.325, 108.766,  47.6352,    *,  0.885487,  4.86626297990730,-28.7361326,    9.8207,
 2026-Dec-11 19:54:00, , , 149.175785740,  13.424762210,  149.544244128,  13.294901031,    57.747871663,      -2.473159113,         44.895,      -15.240, 108.749,  47.4116,    *,  0.885489,  4.86625145768215,-28.7204063,    9.8207,
 2026-Dec-11 19:55:00, , , 149.175730629,  13.424787831,  149.544189375,  13.294926668,    57.967636361,      -2.366693206,         44.688,      -15.155, 108.732,  47.1878,    *,  0.885491,  4.86623994176675,-28.7046715,    9.8206,
 2026-Dec-11 19:56:00, , , 149.175675493,  13.424813460,  149.544134596,  13.294952312,    58.187259905,      -2.259971631,         44.480,      -15.070, 108.714,  46.9640,    *,  0.885493,  4.86622843216458,-28.6889280,    9.8206,
 2026-Dec-11 19:57:00, , , 149.175620332,  13.424839096,  149.544079793,  13.294977963,    58.406743515,      -2.152996118,         44.273,      -14.984, 108.697,  46.7402,    *,  0.885495,  4.86621692887906,-28.6731759,    9.8205,
 2026-Dec-11 19:58:00, , , 149.175565146,  13.424864740,  149.544024966,  13.295003622,    58.626088421,      -2.045768399,         44.065,      -14.899, 108.679,  46.5163,    *,  0.885497,  4.86620543191370,-28.6574152,    9.8204,
 2026-Dec-11 19:59:00, , , 149.175509936,  13.424890390,  149.543970115,  13.295029288,    58.845295865,      -1.938290201,         43.858,      -14.814, 108.662,  46.2923,    *,  0.885499,  4.86619394127192,-28.6416459,    9.8204,
 2026-Dec-11 20:00:00, , , 149.175454701,  13.424916048,  149.543915239,  13.295054962,    59.064367095,      -1.830563255,         43.650,      -14.728, 108.644,  46.0682,    *,  0.885501,  4.86618245695716,-28.6258681,    9.8203,
 2026-Dec-11 20:01:00, , , 149.175399442,  13.424941713,  149.543860340,  13.295080644,    59.283303377,      -1.722589287,         43.442,      -14.643, 108.626,  45.8441,    *,  0.885503,  4.86617097897287,-28.6100816,    9.8203,
 2026-Dec-11 20:02:00, , , 149.175344158,  13.424967385,  149.543805416,  13.295106332,    59.502105982,      -1.614370025,         43.234,      -14.558, 108.608,  45.6199,    *,  0.885505,  4.86615950732246,-28.5942867,    9.8202,
 2026-Dec-11 20:03:00, , , 149.175288850,  13.424993065,  149.543750468,  13.295132028,    59.720776191,      -1.505907196,         43.027,      -14.472, 108.589,  45.3956,    *,  0.885507,  4.86614804200934,-28.5784831,    9.8202,
 2026-Dec-11 20:04:00, , , 149.175233517,  13.425018751,  149.543695497,  13.295157731,    59.939315297,      -1.397202525,         42.819,      -14.387, 108.571,  45.1713,    *,  0.885510,  4.86613658303697,-28.5626711,    9.8201,
 2026-Dec-11 20:05:00, , , 149.175178160,  13.425044444,  149.543640502,  13.295183441,    60.157724603,      -1.288257737,         42.611,      -14.301, 108.552,  44.9469,    *,  0.885512,  4.86612513040875,-28.5468506,    9.8201,
 2026-Dec-11 20:06:00, , , 149.175122779,  13.425070144,  149.543585482,  13.295209159,    60.376005422,      -1.179074556,         42.403,      -14.216, 108.533,  44.7225,    *,  0.885514,  4.86611368412808,-28.5310216,    9.8200,
 2026-Dec-11 20:07:00, , , 149.175067374,  13.425095852,  149.543530440,  13.295234883,    60.594159076,      -1.069654706,         42.194,      -14.130, 108.514,  44.4980,    *,  0.885516,  4.86610224419836,-28.5151841,    9.8199,
 2026-Dec-11 20:08:00, , , 149.175011945,  13.425121566,  149.543475373,  13.295260615,    60.812186898,      -0.959999910,         41.986,      -14.045, 108.494,  44.2734,    *,  0.885518,  4.86609081062299,-28.4993381,    9.8199,
 2026-Dec-11 20:09:00, , , 149.174956492,  13.425147287,  149.543420284,  13.295286354,    61.030090230,      -0.850111888,         41.778,      -13.959, 108.475,  44.0488,    *,  0.885520,  4.86607938340536,-28.4834837,    9.8198,
 2026-Dec-11 20:10:00, , , 149.174901015,  13.425173014,  149.543365170,  13.295312100,    61.247870425,      -0.739992363,         41.570,      -13.874, 108.455,  43.8241,    *,  0.885522,  4.86606796254882,-28.4676209,    9.8198,
 2026-Dec-11 20:11:00, , , 149.174845514,  13.425198749,  149.543310034,  13.295337852,    61.465528844,      -0.629643055,         41.361,      -13.788, 108.435,  43.5994,    *,  0.885524,  4.86605654805681,-28.4517497,    9.8197,
 2026-Dec-11 20:12:00, ,r, 149.174789990,  13.425224490,  149.543254874,  13.295363612,    61.683066859,      -0.519065682,         41.153,      -13.703, 108.415,  43.3746,    *,  0.885526,  4.86604513993267,-28.4358700,    9.8197,
 2026-Dec-11 20:13:00, , , 149.174734442,  13.425250238,  149.543199691,  13.295389379,    61.900485852,      -0.408261964,         40.944,      -13.617, 108.394,  43.1497,    *,  0.885528,  4.86603373817976,-28.4199820,    9.8196,
 2026-Dec-11 20:14:00, , , 149.174678871,  13.425275992,  149.543144484,  13.295415152,    62.117787213,      -0.297233619,         40.736,      -13.531, 108.374,  42.9248,    *,  0.885530,  4.86602234280145,-28.4040856,    9.8196,
 2026-Dec-11 20:15:00, , , 149.174623276,  13.425301754,  149.543089255,  13.295440933,    62.334972342,      -0.185982364,         40.527,      -13.446, 108.353,  42.6998,    *,  0.885532,  4.86601095380109,-28.3881809,    9.8195,
 2026-Dec-11 20:16:00, , , 149.174567657,  13.425327521,  149.543034003,  13.295466720,    62.552042648,      -0.074509914,         40.319,      -13.360, 108.332,  42.4748,    *,  0.885534,  4.86599957118199,-28.3722678,    9.8194,
 2026-Dec-11 20:17:00, , , 149.174512016,  13.425353296,  149.542978727,  13.295492513,    62.768999553,       0.037182014,         40.110,      -13.274, 108.311,  42.2497,    *,  0.885537,  4.86598819494756,-28.3563464,    9.8194,
 2026-Dec-11 20:18:00, , , 149.174456351,  13.425379076,  149.542923429,  13.295518314,    62.985844482,       0.149091706,         39.901,      -13.189, 108.289,  42.0245,    *,  0.885539,  4.86597682510110,-28.3404167,    9.8193,
 2026-Dec-11 20:19:00, , , 149.174400663,  13.425404864,  149.542868108,  13.295544121,    63.202578873,       0.261217448,         39.692,      -13.103, 108.267,  41.7993,    *,  0.885541,  4.86596546164594,-28.3244786,    9.8193,
 2026-Dec-11 20:20:00, , , 149.174344952,  13.425430657,  149.542812765,  13.295569935,    63.419204174,       0.373557527,         39.483,      -13.017, 108.245,  41.5740,    *,  0.885543,  4.86595410458540,-28.3085324,    9.8192,
 2026-Dec-11 20:21:00, , , 149.174289218,  13.425456457,  149.542757399,  13.295595755,    63.635721841,       0.486110230,         39.274,      -12.931, 108.223,  41.3487,    *,  0.885545,  4.86594275392279,-28.2925778,    9.8192,
 2026-Dec-11 20:22:00, , , 149.174233461,  13.425482263,  149.542702010,  13.295621582,    63.852133336,       0.598873846,         39.065,      -12.846, 108.201,  41.1233,    *,  0.885547,  4.86593140966144,-28.2766150,    9.8191,
 2026-Dec-11 20:23:00, , , 149.174177682,  13.425508076,  149.542646599,  13.295647416,    64.068440138,       0.711846665,         38.856,      -12.760, 108.178,  40.8979,    *,  0.885549,  4.86592007180461,-28.2606440,    9.8191,
 2026-Dec-11 20:24:00, , , 149.174121879,  13.425533895,  149.542591165,  13.295673256,    64.284643726,       0.825026977,         38.647,      -12.674, 108.155,  40.6724,    *,  0.885551,  4.86590874035565,-28.2446648,    9.8190,
 2026-Dec-11 20:25:00, , , 149.174066054,  13.425559720,  149.542535710,  13.295699102,    64.500745592,       0.938413071,         38.438,      -12.588, 108.132,  40.4469,    *,  0.885553,  4.86589741531783,-28.2286773,    9.8189,
 2026-Dec-11 20:26:00, , , 149.174010206,  13.425585551,  149.542480231,  13.295724955,    64.716747237,       1.052003240,         38.229,      -12.502, 108.109,  40.2213,    *,  0.885555,  4.86588609669443,-28.2126817,    9.8189,
 2026-Dec-11 20:27:00, , , 149.173954336,  13.425611389,  149.542424731,  13.295750814,    64.932650173,       1.165795777,         38.019,      -12.416, 108.085,  39.9956,    *,  0.885557,  4.86587478448873,-28.1966779,    9.8188,
 2026-Dec-11 20:28:00, , , 149.173898444,  13.425637232,  149.542369209,  13.295776679,    65.148455914,       1.279788974,         37.810,      -12.331, 108.061,  39.7699,    *,  0.885559,  4.86586347870399,-28.1806660,    9.8188,
 2026-Dec-11 20:29:00, , , 149.173842529,  13.425663082,  149.542313665,  13.295802551,    65.364165990,       1.393981126,         37.600,      -12.245, 108.037,  39.5441,    *,  0.885561,  4.86585217934347,-28.1646459,    9.8187,
 2026-Dec-11 20:30:00, , , 149.173786592,  13.425688937,  149.542258098,  13.295828429,    65.579781935,       1.508370526,         37.391,      -12.159, 108.012,  39.3183,    *,  0.885563,  4.86584088641047,-28.1486178,    9.8187,
 2026-Dec-11 20:31:00, , , 149.173730632,  13.425714799,  149.542202510,  13.295854313,    65.795305293,       1.622955471,         37.181,      -12.073, 107.987,  39.0925,    *,  0.885565,  4.86582959990820,-28.1325815,    9.8186,
 2026-Dec-11 20:32:00, , , 149.173674651,  13.425740666,  149.542146901,  13.295880203,    66.010737618,       1.737734256,         36.972,      -11.987, 107.962,  38.8666,    *,  0.885567,  4.86581831983992,-28.1165371,    9.8185,
 2026-Dec-11 20:33:00, , , 149.173618647,  13.425766540,  149.542091269,  13.295906099,    66.226080470,       1.852705178,         36.762,      -11.901, 107.937,  38.6406,    *,  0.885570,  4.86580704620887,-28.1004847,    9.8185,
 2026-Dec-11 20:34:00, , , 149.173562622,  13.425792419,  149.542035616,  13.295932002,    66.441335419,       1.967866535,         36.552,      -11.815, 107.911,  38.4146,    *,  0.885572,  4.86579577901827,-28.0844242,    9.8184,
 2026-Dec-11 20:35:00, , , 149.173506575,  13.425818304,  149.541979941,  13.295957910,    66.656504043,       2.083216625,         36.343,      -11.729, 107.885,  38.1885,    *,  0.885574,  4.86578451827135,-28.0683557,    9.8184,
 2026-Dec-11 20:36:00, , , 149.173450506,  13.425844195,  149.541924245,  13.295983825,    66.871587928,       2.198753747,         36.133,      -11.643, 107.859,  37.9624,    *,  0.885576,  4.86577326397131,-28.0522792,    9.8183,
 2026-Dec-11 20:37:00, , , 149.173394415,  13.425870091,  149.541868528,  13.296009745,    67.086588669,       2.314476199,         35.923,      -11.557, 107.832,  37.7362,    *,  0.885578,  4.86576201612140,-28.0361947,    9.8183,
 2026-Dec-11 20:38:00, , , 149.173338302,  13.425895993,  149.541812789,  13.296035672,    67.301507869,       2.430382284,         35.713,      -11.471, 107.805,  37.5100,    *,  0.885580,  4.86575077472479,-28.0201022,    9.8182,
 2026-Dec-11 20:39:00, , , 149.173282169,  13.425921901,  149.541757029,  13.296061604,    67.516347139,       2.546470301,         35.503,      -11.384, 107.778,  37.2838,    *,  0.885582,  4.86573953978469,-28.0040018,    9.8182,
 2026-Dec-11 20:40:00, , , 149.173226013,  13.425947815,  149.541701248,  13.296087542,    67.731108098,       2.662738551,         35.293,      -11.298, 107.750,  37.0575,    *,  0.885584,  4.86572831130430,-27.9878934,    9.8181,
 2026-Dec-11 20:41:00, , , 149.173169837,  13.425973734,  149.541645445,  13.296113486,    67.945792374,       2.779185338,         35.083,      -11.212, 107.722,  36.8311,    *,  0.885586,  4.86571708928678,-27.9717770,    9.8180,
 2026-Dec-11 20:42:00, , , 149.173113639,  13.425999659,  149.541589622,  13.296139435,    68.160401602,       2.895808964,         34.873,      -11.126, 107.694,  36.6047,    *,  0.885588,  4.86570587373529,-27.9556528,    9.8180,
 2026-Dec-11 20:43:00, , , 149.173057420,  13.426025589,  149.541533778,  13.296165391,    68.374937425,       3.012607731,         34.662,      -11.040, 107.665,  36.3783,    *,  0.885590,  4.86569466465306,-27.9395207,    9.8179,
 2026-Dec-11 20:44:00, , , 149.173001179,  13.426051524,  149.541477913,  13.296191351,    68.589401496,       3.129579944,         34.452,      -10.954, 107.636,  36.1518,    *,  0.885592,  4.86568346204321,-27.9233806,    9.8179,
 2026-Dec-11 20:45:00, , , 149.172944918,  13.426077465,  149.541422027,  13.296217318,    68.803795475,       3.246723907,         34.242,      -10.868, 107.607,  35.9253,    *,  0.885594,  4.86567226590889,-27.9072328,    9.8178,
 2026-Dec-11 20:46:00, , , 149.172888636,  13.426103412,  149.541366120,  13.296243290,    69.018121026,       3.364037925,         34.032,      -10.781, 107.577,  35.6987,    *,  0.885596,  4.86566107625327,-27.8910771,    9.8178,
 2026-Dec-11 20:47:00, , , 149.172832333,  13.426129363,  149.541310193,  13.296269268,    69.232379827,       3.481520304,         33.821,      -10.695, 107.547,  35.4721,    *,  0.885598,  4.86564989307948,-27.8749135,    9.8177,
 2026-Dec-11 20:48:00, , , 149.172776009,  13.426155320,  149.541254246,  13.296295251,    69.446573562,       3.599169349,         33.611,      -10.609, 107.517,  35.2454,    *,  0.885600,  4.86563871639063,-27.8587422,    9.8176,
 2026-Dec-11 20:49:00, , , 149.172719664,  13.426181283,  149.541198278,  13.296321240,    69.660703919,       3.716983367,         33.400,      -10.523, 107.486,  35.0187,    *,  0.885602,  4.86562754618988,-27.8425631,    9.8176,
 2026-Dec-11 20:50:00, , , 149.172663299,  13.426207250,  149.541142289,  13.296347234,    69.874772599,       3.834960665,         33.190,      -10.436, 107.454,  34.7919,    *,  0.885604,  4.86561638248035,-27.8263762,    9.8175,
 2026-Dec-11 20:51:00, , , 149.172606913,  13.426233223,  149.541086281,  13.296373234,    70.088781307,       3.953099550,         32.979,      -10.350, 107.423,  34.5651,    *,  0.885606,  4.86560522526513,-27.8101816,    9.8175,
 2026-Dec-11 20:52:00, , , 149.172550507,  13.426259201,  149.541030252,  13.296399239,    70.302731758,       4.071398330,         32.768,      -10.264, 107.390,  34.3383,    *,  0.885608,  4.86559407454733,-27.7939792,    9.8174,
 2026-Dec-11 20:53:00, , , 149.172494080,  13.426285184,  149.540974203,  13.296425249,    70.516625674,       4.189855312,         32.558,      -10.177, 107.358,  34.1114,    *,  0.885610,  4.86558293033005,-27.7777691,    9.8174,
 2026-Dec-11 20:54:00, , , 149.172437633,  13.426311172,  149.540918134,  13.296451265,    70.730464783,       4.308468807,         32.347,      -10.091, 107.325,  33.8845,    *,  0.885612,  4.86557179261637,-27.7615513,    9.8173,
 2026-Dec-11 20:55:00, , , 149.172381166,  13.426337165,  149.540862045,  13.296477286,    70.944250824,       4.427237121,         32.136,      -10.005, 107.291,  33.6576,    *,  0.885614,  4.86556066140936,-27.7453259,    9.8173,
 2026-Dec-11 20:56:00, , , 149.172324679,  13.426363163,  149.540805936,  13.296503312,    71.157985540,       4.546158566,         31.925,       -9.918, 107.257,  33.4306,    *,  0.885616,  4.86554953671214,-27.7290928,    9.8172,
 2026-Dec-11 20:57:00, , , 149.172268171,  13.426389166,  149.540749807,  13.296529343,    71.371670682,       4.665231449,         31.714,       -9.832, 107.223,  33.2035,    *,  0.885618,  4.86553841852775,-27.7128520,    9.8171,
 2026-Dec-11 20:58:00, , , 149.172211644,  13.426415173,  149.540693658,  13.296555379,    71.585308011,       4.784454081,         31.503,       -9.745, 107.188,  32.9765,    *,  0.885620,  4.86552730685924,-27.6966036,    9.8171,
 2026-Dec-11 20:59:00, , , 149.172155097,  13.426441186,  149.540637490,  13.296581421,    71.798899295,       4.903824773,         31.292,       -9.659, 107.153,  32.7494,    *,  0.885622,  4.86551620170968,-27.6803477,    9.8170,
 2026-Dec-11 21:00:00, , , 149.172098530,  13.426467204,  149.540581303,  13.296607467,    72.012446306,       5.023341834,         31.081,       -9.573, 107.117,  32.5222,    *,  0.885624,  4.86550510308210,-27.6640841,    9.8170,
 2026-Dec-11 21:01:00, , , 149.172041943,  13.426493226,  149.540525095,  13.296633519,    72.225950827,       5.143003574,         30.870,       -9.486, 107.081,  32.2950,    *,  0.885626,  4.86549401097952,-27.6478130,    9.8169,
 2026-Dec-11 21:02:00, , , 149.171985337,  13.426519253,  149.540468869,  13.296659575,    72.439414647,       5.262808305,         30.659,       -9.400, 107.044,  32.0678,    *,  0.885629,  4.86548292540500,-27.6315344,    9.8169,
 2026-Dec-11 21:03:00, , , 149.171928711,  13.426545285,  149.540412623,  13.296685636,    72.652839562,       5.382754338,         30.448,       -9.313, 107.006,  31.8406,    *,  0.885631,  4.86547184636156,-27.6152482,    9.8168,
 2026-Dec-11 21:04:00, , , 149.171872066,  13.426571321,  149.540356358,  13.296711702,    72.866227375,       5.502839984,         30.237,       -9.227, 106.969,  31.6133,    *,  0.885633,  4.86546077385220,-27.5989545,    9.8167,
 2026-Dec-11 21:05:00, , , 149.171815401,  13.426597362,  149.540300073,  13.296737773,    73.079579899,       5.623063553,         30.025,       -9.140, 106.930,  31.3860,    *,  0.885635,  4.86544970787993,-27.5826533,    9.8167,
 2026-Dec-11 21:06:00, , , 149.171758717,  13.426623408,  149.540243770,  13.296763849,    73.292898951,       5.743423357,         29.814,       -9.054, 106.891,  31.1586,    *,  0.885637,  4.86543864844775,-27.5663447,    9.8166,
 2026-Dec-11 21:07:00, , , 149.171702014,  13.426649458,  149.540187447,  13.296789930,    73.506186354,       5.863917707,         29.603,       -8.967, 106.851,  30.9313,    *,  0.885639,  4.86542759555864,-27.5500286,    9.8166,
 2026-Dec-11 21:08:00, , , 149.171645292,  13.426675512,  149.540131106,  13.296816015,    73.719443945,       5.984544915,         29.391,       -8.881, 106.811,  30.7038,    *,  0.885641,  4.86541654921556,-27.5337051,    9.8165,
 2026-Dec-11 21:09:00, , , 149.171588550,  13.426701571,  149.540074746,  13.296842105,    73.932673561,       6.105303292,         29.180,       -8.794, 106.771,  30.4764,    *,  0.885643,  4.86540550942154,-27.5173742,    9.8165,
 2026-Dec-11 21:10:00, , , 149.171531790,  13.426727635,  149.540018367,  13.296868200,    74.145877048,       6.226191149,         28.968,       -8.708, 106.729,  30.2489,    *,  0.885645,  4.86539447617951,-27.5010359,    9.8164,
 2026-Dec-11 21:11:00, , , 149.171475011,  13.426753703,  149.539961969,  13.296894299,    74.359056262,       6.347206797,         28.757,       -8.621, 106.687,  30.0214,    *,  0.885647,  4.86538344949244,-27.4846903,    9.8163,
 2026-Dec-11 21:12:00, , , 149.171418213,  13.426779775,  149.539905553,  13.296920403,    74.572213062,       6.468348548,         28.545,       -8.534, 106.644,  29.7939,    *,  0.885649,  4.86537242936327,-27.4683373,    9.8163,
 2026-Dec-11 21:13:00, , , 149.171361396,  13.426805852,  149.539849118,  13.296946511,    74.785349318,       6.589614713,         28.334,       -8.448, 106.601,  29.5663,    *,  0.885651,  4.86536141579495,-27.4519769,    9.8162,
 2026-Dec-11 21:14:00, , , 149.171304561,  13.426831932,  149.539792664,  13.296972624,    74.998466904,       6.711003603,         28.122,       -8.361, 106.557,  29.3387,    *,  0.885653,  4.86535040879039,-27.4356093,    9.8162,
 2026-Dec-11 21:15:00, , , 149.171247708,  13.426858017,  149.539736193,  13.296998741,    75.211567701,       6.832513528,         27.910,       -8.275, 106.512,  29.1111,    *,  0.885655,  4.86533940835255,-27.4192344,    9.8161,
 2026-Dec-11 21:16:00, , , 149.171190835,  13.426884107,  149.539679703,  13.297024863,    75.424653599,       6.954142798,         27.699,       -8.188, 106.467,  28.8835,    *,  0.885657,  4.86532841448433,-27.4028522,    9.8161,
 2026-Dec-11 21:17:00, , , 149.171133945,  13.426910200,  149.539623195,  13.297050989,    75.637726495,       7.075889725,         27.487,       -8.101, 106.421,  28.6558,    *,  0.885659,  4.86531742718865,-27.3864627,    9.8160,
 2026-Dec-11 21:18:00, , , 149.171077036,  13.426936297,  149.539566669,  13.297077119,    75.850788289,       7.197752618,         27.275,       -8.015, 106.374,  28.4281,    *,  0.885661,  4.86530644646840,-27.3700661,    9.8159,
 2026-Dec-11 21:19:00, , , 149.171020109,  13.426962399,  149.539510124,  13.297103254,    76.063840893,       7.319729787,         27.063,       -7.928, 106.326,  28.2004,    *,  0.885663,  4.86529547232648,-27.3536622,    9.8159,
 2026-Dec-11 21:20:00, , , 149.170963164,  13.426988504,  149.539453562,  13.297129393,    76.276886223,       7.441819542,         26.851,       -7.841, 106.278,  27.9727,    *,  0.885665,  4.86528450476577,-27.3372512,    9.8158,
 2026-Dec-11 21:21:00, , , 149.170906201,  13.427014614,  149.539396982,  13.297155536,    76.489926201,       7.564020190,         26.639,       -7.754, 106.229,  27.7449,    *,  0.885667,  4.86527354378912,-27.3208330,    9.8158,
 2026-Dec-11 21:22:00, , , 149.170849220,  13.427040727,  149.539340384,  13.297181683,    76.702962759,       7.686330042,         26.427,       -7.668, 106.179,  27.5171,    *,  0.885669,  4.86526258939944,-27.3044076,    9.8157,
 2026-Dec-11 21:23:00, , , 149.170792221,  13.427066844,  149.539283768,  13.297207834,    76.915997834,       7.808747404,         26.215,       -7.581, 106.128,  27.2893,    *,  0.885671,  4.86525164159958,-27.2879751,    9.8157,
 2026-Dec-11 21:24:00, , , 149.170735205,  13.427092966,  149.539227135,  13.297233989,    77.129033369,       7.931270585,         26.003,       -7.494, 106.076,  27.0615,    *,  0.885673,  4.86524070039238,-27.2715356,    9.8156,
 2026-Dec-11 21:25:00, , , 149.170678170,  13.427119091,  149.539170485,  13.297260149,    77.342071314,       8.053897893,         25.791,       -7.408, 106.024,  26.8337,    *,  0.885675,  4.86522976578069,-27.2550889,    9.8156,
 2026-Dec-11 21:26:00, , , 149.170621119,  13.427145219,  149.539113816,  13.297286312,    77.555113628,       8.176627633,         25.579,       -7.321, 105.970,  26.6058,    *,  0.885677,  4.86521883776734,-27.2386352,    9.8155,
 2026-Dec-11 21:27:00, , , 149.170564049,  13.427171352,  149.539057131,  13.297312480,    77.768162274,       8.299458111,         25.367,       -7.234, 105.916,  26.3780,    *,  0.885679,  4.86520791635513,-27.2221745,    9.8154,
 2026-Dec-11 21:28:00, , , 149.170506963,  13.427197488,  149.539000428,  13.297338651,    77.981219223,       8.422387634,         25.154,       -7.147, 105.861,  26.1501,    *,  0.885681,  4.86519700154692,-27.2057067,    9.8154,
 2026-Dec-11 21:29:00, , , 149.170449859,  13.427223628,  149.538943708,  13.297364826,    78.194286452,       8.545414505,         24.942,       -7.060, 105.804,  25.9222,    *,  0.885683,  4.86518609334550,-27.1892320,    9.8153,
 2026-Dec-11 21:30:00, , , 149.170392737,  13.427249771,  149.538886971,  13.297391005,    78.407365946,       8.668537030,         24.730,       -6.974, 105.747,  25.6943,    *,  0.885685,  4.86517519175367,-27.1727503,    9.8153,
 2026-Dec-11 21:31:00, , , 149.170335599,  13.427275918,  149.538830216,  13.297417188,    78.620459696,       8.791753512,         24.517,       -6.887, 105.689,  25.4663,    *,  0.885687,  4.86516429677423,-27.1562616,    9.8152,
 2026-Dec-11 21:32:00, , , 149.170278443,  13.427302069,  149.538773445,  13.297443375,    78.833569697,       8.915062252,         24.305,       -6.800, 105.629,  25.2384,    *,  0.885688,  4.86515340840994,-27.1397660,    9.8152,
 2026-Dec-11 21:33:00, , , 149.170221271,  13.427328223,  149.538716657,  13.297469565,    79.046697955,       9.038461553,         24.093,       -6.713, 105.569,  25.0105,    *,  0.885690,  4.86514252666359,-27.1232635,    9.8151,
 2026-Dec-11 21:34:00, , , 149.170164082,  13.427354380,  149.538659852,  13.297495759,    79.259846481,       9.161949716,         23.880,       -6.626, 105.507,  24.7825,    *,  0.885692,  4.86513165153792,-27.1067541,    9.8150,
 2026-Dec-11 21:35:00, , , 149.170106876,  13.427380541,  149.538603031,  13.297521956,    79.473017291,       9.285525042,         23.668,       -6.539, 105.445,  24.5545,    *,  0.885694,  4.86512078303572,-27.0902379,    9.8150,
 2026-Dec-11 21:36:00, , , 149.170049653,  13.427406706,  149.538546193,  13.297548158,    79.686212408,       9.409185828,         23.455,       -6.452, 105.381,  24.3265,    *,  0.885696,  4.86510992115973,-27.0737148,    9.8149,
 2026-Dec-11 21:37:00, , , 149.169992414,  13.427432873,  149.538489338,  13.297574362,    79.899433864,       9.532930374,         23.243,       -6.366, 105.316,  24.0986,    *,  0.885698,  4.86509906591267,-27.0571849,    9.8149,
 2026-Dec-11 21:38:00, , , 149.169935158,  13.427459044,  149.538432467,  13.297600571,    80.112683695,       9.656756977,         23.030,       -6.279, 105.249,  23.8706,    *,  0.885700,  4.86508821729728,-27.0406482,    9.8148,
 2026-Dec-11 21:39:00, , , 149.169877885,  13.427485218,  149.538375579,  13.297626782,    80.325963944,       9.780663932,         22.817,       -6.192, 105.182,  23.6426,    *,  0.885702,  4.86507737531629,-27.0241048,    9.8148,
 2026-Dec-11 21:40:00, , , 149.169820597,  13.427511396,  149.538318675,  13.297652997,    80.539276662,       9.904649536,         22.605,       -6.105, 105.113,  23.4146,    *,  0.885704,  4.86506653997237,-27.0075546,    9.8147,
 2026-Dec-11 21:41:00, , , 149.169763292,  13.427537576,  149.538261755,  13.297679216,    80.752623903,      10.028712082,         22.392,       -6.018, 105.042,  23.1866,    *,  0.885706,  4.86505571126827,-26.9909976,    9.8146,
 2026-Dec-11 21:42:00, , , 149.169705970,  13.427563760,  149.538204819,  13.297705438,    80.966007731,      10.152849863,         22.179,       -5.931, 104.971,  22.9586,    *,  0.885708,  4.86504488920667,-26.9744340,    9.8146,
 2026-Dec-11 21:43:00, , , 149.169648633,  13.427589947,  149.538147867,  13.297731663,    81.179430214,      10.277061170,         21.966,       -5.844, 104.898,  22.7306,    *,  0.885710,  4.86503407379025,-26.9578637,    9.8145,
 2026-Dec-11 21:44:00, , , 149.169591280,  13.427616136,  149.538090899,  13.297757892,    81.392893430,      10.401344295,         21.754,       -5.757, 104.823,  22.5026,    *,  0.885712,  4.86502326502168,-26.9412867,    9.8145,
 2026-Dec-11 21:45:00, , , 149.169533911,  13.427642329,  149.538033915,  13.297784123,    81.606399459,      10.525697526,         21.541,       -5.670, 104.747,  22.2747,    *,  0.885714,  4.86501246290363,-26.9247031,    9.8144,
 2026-Dec-11 21:46:00, , , 149.169476526,  13.427668525,  149.537976915,  13.297810358,    81.819950388,      10.650119150,         21.328,       -5.583, 104.669,  22.0467,    *,  0.885716,  4.86500166743875,-26.9081128,    9.8144,
 2026-Dec-11 21:47:00, , , 149.169419125,  13.427694724,  149.537919899,  13.297836596,    82.033548316,      10.774607456,         21.115,       -5.496, 104.590,  21.8187,    *,  0.885718,  4.86499087862967,-26.8915160,    9.8143,
 2026-Dec-11 21:48:00, , , 149.169361709,  13.427720925,  149.537862868,  13.297862837,    82.247195340,      10.899160727,         20.902,       -5.409, 104.509,  21.5908,    *,  0.885720,  4.86498009647908,-26.8749126,    9.8142,
 2026-Dec-11 21:49:00, , , 149.169304277,  13.427747130,  149.537805822,  13.297889082,    82.460893568,      11.023777246,         20.689,       -5.322, 104.426,  21.3628,    *,  0.885722,  4.86496932098957,-26.8583027,    9.8142,
 2026-Dec-11 21:50:00, , , 149.169246829,  13.427773337,  149.537748759,  13.297915329,    82.674645115,      11.148455297,         20.476,       -5.235, 104.341,  21.1349,    *,  0.885724,  4.86495855216377,-26.8416862,    9.8141,
 2026-Dec-11 21:51:00, , , 149.169189367,  13.427799547,  149.537691682,  13.297941579,    82.888452101,      11.273193159,         20.263,       -5.148, 104.255,  20.9070,    *,  0.885726,  4.86494779000429,-26.8250633,    9.8141,
 2026-Dec-11 21:52:00, , , 149.169131889,  13.427825760,  149.537634589,  13.297967832,    83.102316651,      11.397989112,         20.050,       -5.061, 104.167,  20.6791,    t,  0.885728,  4.86493703451372,-26.8084339,    9.8140,
 2026-Dec-11 21:53:00, , , 149.169074395,  13.427851976,  149.537577481,  13.297994089,    83.316240899,      11.522841433,         19.837,       -4.974, 104.077,  20.4512,    t,  0.885730,  4.86492628569464,-26.7917980,    9.8139,
 2026-Dec-11 21:54:00, , , 149.169016887,  13.427878194,  149.537520358,  13.298020348,    83.530226982,      11.647748397,         19.624,       -4.887, 103.984,  20.2233,    t,  0.885732,  4.86491554354967,-26.7751557,    9.8139,
 2026-Dec-11 21:55:00, , , 149.168959364,  13.427904414,  149.537463220,  13.298046609,    83.744277048,      11.772708279,         19.411,       -4.800, 103.890,  19.9955,    t,  0.885734,  4.86490480808136,-26.7585070,    9.8138,
 2026-Dec-11 21:56:00, , , 149.168901826,  13.427930638,  149.537406068,  13.298072874,    83.958393246,      11.897719351,         19.198,       -4.713, 103.793,  19.7677,    t,  0.885736,  4.86489407929228,-26.7418519,    9.8138,
 2026-Dec-11 21:57:00, , , 149.168844272,  13.427956863,  149.537348900,  13.298099141,    84.172577733,      12.022779881,         18.984,       -4.626, 103.694,  19.5399,    t,  0.885738,  4.86488335718497,-26.7251905,    9.8137,
 2026-Dec-11 21:58:00, , , 149.168786705,  13.427983092,  149.537291717,  13.298125411,    84.386832675,      12.147888141,         18.771,       -4.539, 103.593,  19.3121,    t,  0.885740,  4.86487264176199,-26.7085227,    9.8137,
 2026-Dec-11 21:59:00, , , 149.168729122,  13.428009322,  149.537234520,  13.298151684,    84.601160240,      12.273042395,         18.558,       -4.452, 103.490,  19.0844,    t,  0.885742,  4.86486193302585,-26.6918486,    9.8136,
 2026-Dec-11 22:00:00, , , 149.168671525,  13.428035556,  149.537177308,  13.298177959,    84.815562605,      12.398240908,         18.345,       -4.365, 103.384,  18.8567,    t,  0.885743,  4.86485123097907,-26.6751683,    9.8135,
 2026-Dec-11 22:01:00, , , 149.168613913,  13.428061791,  149.537120082,  13.298204237,    85.030041952,      12.523481944,         18.131,       -4.278, 103.275,  18.6291,    t,  0.885745,  4.86484053562421,-26.6584817,    9.8135,
 2026-Dec-11 22:02:00, , , 149.168556287,  13.428088029,  149.537062841,  13.298230518,    85.244600470,      12.648763762,         17.918,       -4.191, 103.164,  18.4015,    t,  0.885747,  4.86482984696373,-26.6417888,    9.8134,
 2026-Dec-11 22:03:00, , , 149.168498647,  13.428114269,  149.537005586,  13.298256801,    85.459240352,      12.774084620,         17.704,       -4.104, 103.049,  18.1739,    t,  0.885749,  4.86481916500015,-26.6250898,    9.8134,
 2026-Dec-11 22:04:00, , , 149.168440993,  13.428140511,  149.536948317,  13.298283086,    85.673963800,      12.899442776,         17.491,       -4.017, 102.932,  17.9464,    t,  0.885751,  4.86480848973594,-26.6083845,    9.8133,
 2026-Dec-11 22:05:00, , , 149.168383324,  13.428166756,  149.536891034,  13.298309374,    85.888773020,      13.024836484,         17.278,       -3.930, 102.812,  17.7189,    t,  0.885753,  4.86479782117358,-26.5916731,    9.8133,
 2026-Dec-11 22:06:00, , , 149.168325642,  13.428193003,  149.536833736,  13.298335664,    86.103670226,      13.150263994,         17.064,       -3.842, 102.689,  17.4915,    t,  0.885755,  4.86478715931551,-26.5749556,    9.8132,
 2026-Dec-11 22:07:00, , , 149.168267945,  13.428219252,  149.536776425,  13.298361957,    86.318657635,      13.275723557,         16.851,       -3.755, 102.563,  17.2641,    t,  0.885757,  4.86477650416424,-26.5582320,    9.8131,
 2026-Dec-11 22:08:00, , , 149.168210235,  13.428245503,  149.536719100,  13.298388252,    86.533737472,      13.401213420,         16.637,       -3.668, 102.433,  17.0368,    t,  0.885759,  4.86476585572217,-26.5415022,    9.8131,
 2026-Dec-11 22:09:00, , , 149.168152511,  13.428271756,  149.536661761,  13.298414549,    86.748911969,      13.526731828,         16.424,       -3.581, 102.300,  16.8096,    t,  0.885761,  4.86475521399176,-26.5247664,    9.8130,
 2026-Dec-11 22:10:00, , , 149.168094773,  13.428298010,  149.536604408,  13.298440848,    86.964183361,      13.652277022,         16.210,       -3.494, 102.163,  16.5824,    t,  0.885763,  4.86474457897542,-26.5080246,    9.8130,
 2026-Dec-11 22:11:00, , , 149.168037022,  13.428324267,  149.536547041,  13.298467150,    87.179553893,      13.777847244,         15.997,       -3.407, 102.022,  16.3553,    t,  0.885765,  4.86473395067557,-26.4912768,    9.8129,
 2026-Dec-11 22:12:00, , , 149.167979257,  13.428350526,  149.536489661,  13.298493453,    87.395025813,      13.903440730,         15.783,       -3.320, 101.877,  16.1283,    t,  0.885767,  4.86472332909459,-26.4745230,    9.8129,
 2026-Dec-11 22:13:00, , , 149.167921479,  13.428376787,  149.536432268,  13.298519759,    87.610601376,      14.029055715,         15.569,       -3.232, 101.729,  15.9013,    t,  0.885769,  4.86471271423492,-26.4577632,    9.8128,
 2026-Dec-11 22:14:00, , , 149.167863687,  13.428403050,  149.536374861,  13.298546067,    87.826282841,      14.154690431,         15.356,       -3.145, 101.575,  15.6745,    t,  0.885771,  4.86470210609892,-26.4409975,    9.8127,
 2026-Dec-11 22:15:00, , , 149.167805883,  13.428429314,  149.536317441,  13.298572377,    88.042072476,      14.280343108,         15.142,       -3.058, 101.418,  15.4477,    t,  0.885773,  4.86469150468897,-26.4242259,    9.8127,
 2026-Dec-11 22:16:00, , , 149.167748065,  13.428455580,  149.536260008,  13.298598688,    88.257972553,      14.406011972,         14.928,       -2.971, 101.255,  15.2210,    t,  0.885775,  4.86468091000743,-26.4074483,    9.8126,
 2026-Dec-11 22:17:00, , , 149.167690234,  13.428481848,  149.536202562,  13.298625002,    88.473985350,      14.531695247,         14.715,       -2.884, 101.088,  14.9945,    t,  0.885776,  4.86467032205666,-26.3906650,    9.8126,
 2026-Dec-11 22:18:00, , , 149.167632390,  13.428508117,  149.536145102,  13.298651318,    88.690113152,      14.657391154,         14.501,       -2.797, 100.916,  14.7680,    t,  0.885778,  4.86465974083899,-26.3738758,    9.8125,
 2026-Dec-11 22:19:00, , , 149.167574534,  13.428534389,  149.536087630,  13.298677635,    88.906358249,      14.783097911,         14.287,       -2.709, 100.738,  14.5417,    t,  0.885780,  4.86464916635674,-26.3570808,    9.8125,
 2026-Dec-11 22:20:00, , , 149.167516665,  13.428560661,  149.536030145,  13.298703955,    89.122722935,      14.908813734,         14.073,       -2.622, 100.555,  14.3154,    t,  0.885782,  4.86463859861228,-26.3402800,    9.8124,
 2026-Dec-11 22:21:00, , , 149.167458783,  13.428586936,  149.535972647,  13.298730276,    89.339209513,      15.034536834,         13.859,       -2.535, 100.365,  14.0893,    t,  0.885784,  4.86462803760790,-26.3234735,    9.8123,
 2026-Dec-11 22:22:00, , , 149.167400888,  13.428613211,  149.535915137,  13.298756598,    89.555820290,      15.160265422,         13.646,       -2.448, 100.170,  13.8634,    t,  0.885786,  4.86461748334589,-26.3066612,    9.8123,
 2026-Dec-11 22:23:00, , , 149.167342981,  13.428639489,  149.535857614,  13.298782923,    89.772557578,      15.285997701,         13.432,       -2.361,  99.968,  13.6376,    t,  0.885788,  4.86460693582856,-26.2898432,    9.8122,
 2026-Dec-11 22:24:00, , , 149.167285062,  13.428665768,  149.535800078,  13.298809249,    89.989423697,      15.411731876,         13.218,       -2.274,  99.759,  13.4119,    t,  0.885790,  4.86459639505817,-26.2730196,    9.8122,
 2026-Dec-11 22:25:00, , , 149.167227131,  13.428692048,  149.535742530,  13.298835577,    90.206420972,      15.537466147,         13.004,       -2.186,  99.543,  13.1864,    t,  0.885792,  4.86458586103698,-26.2561903,    9.8121,
 2026-Dec-11 22:26:00, , , 149.167169187,  13.428718329,  149.535684970,  13.298861906,    90.423551730,      15.663198709,         12.790,       -2.099,  99.320,  12.9611,    t,  0.885794,  4.86457533376730,-26.2393554,    9.8120,
 2026-Dec-11 22:27:00, , , 149.167111231,  13.428744612,  149.535627398,  13.298888237,    90.640818310,      15.788927756,         12.576,       -2.012,  99.089,  12.7360,    t,  0.885796,  4.86456481325135,-26.2225149,    9.8120,
 2026-Dec-11 22:28:00, , , 149.167053263,  13.428770896,  149.535569813,  13.298914569,    90.858223050,      15.914651476,         12.362,       -1.925,  98.849,  12.5110,    t,  0.885798,  4.86455429949136,-26.2056688,    9.8119,
 2026-Dec-11 22:29:00, , , 149.166995283,  13.428797181,  149.535512216,  13.298940903,    91.075768300,      16.040368058,         12.148,       -1.837,  98.601,  12.2863,    t,  0.885799,  4.86454379248957,-26.1888172,    9.8119,
 2026-Dec-11 22:30:00, , , 149.166937292,  13.428823468,  149.535454608,  13.298967238,    91.293456410,      16.166075682,         11.934,       -1.750,  98.343,  12.0618,    t,  0.885801,  4.86453329224820,-26.1719601,    9.8118,
 2026-Dec-11 22:31:00, , , 149.166879289,  13.428849756,  149.535396988,  13.298993575,    91.511289738,      16.291772528,         11.720,       -1.663,  98.076,  11.8375,    t,  0.885803,  4.86452279876944,-26.1550974,    9.8118,
 2026-Dec-11 22:32:00, , , 149.166821274,  13.428876044,  149.535339355,  13.299019913,    91.729270649,      16.417456774,         11.506,       -1.576,  97.798,  11.6135,    t,  0.885805,  4.86451231205548,-26.1382293,    9.8117,
 2026-Dec-11 22:33:00, , , 149.166763247,  13.428902334,  149.535281712,  13.299046252,    91.947401511,      16.543126589,         11.292,       -1.489,  97.510,  11.3897,    t,  0.885807,  4.86450183210854,-26.1213558,    9.8116,
 2026-Dec-11 22:34:00, , , 149.166705210,  13.428928625,  149.535224056,  13.299072592,    92.165684697,      16.668780141,         11.078,       -1.401,  97.209,  11.1663,    t,  0.885809,  4.86449135893077,-26.1044769,    9.8116,
 2026-Dec-11 22:35:00, , , 149.166647160,  13.428954917,  149.535166389,  13.299098934,    92.384122587,      16.794415597,         10.864,       -1.314,  96.897,  10.9431,    t,  0.885811,  4.86448089252434,-26.0875926,    9.8115,
 2026-Dec-11 22:36:00, , , 149.166589100,  13.428981210,  149.535108711,  13.299125276,    92.602717568,      16.920031116,         10.650,       -1.227,  96.572,  10.7202,    t,  0.885813,  4.86447043289140,-26.0707029,    9.8115,
 2026-Dec-11 22:37:00, , , 149.166531028,  13.429007503,  149.535051022,  13.299151620,    92.821472027,      17.045624855,         10.436,       -1.140,  96.232,  10.4977,    t,  0.885815,  4.86445998003409,-26.0538079,    9.8114,
 2026-Dec-11 22:38:00, , , 149.166472946,  13.429033798,  149.534993321,  13.299177965,    93.040388363,      17.171194968,         10.222,       -1.052,  95.878,  10.2756,    t,  0.885817,  4.86444953395453,-26.0369076,    9.8114,
 2026-Dec-11 22:39:00, , , 149.166414852,  13.429060093,  149.534935609,  13.299204311,    93.259468974,      17.296739602,         10.007,       -0.965,  95.509,  10.0538,    t,  0.885819,  4.86443909465486,-26.0200020,    9.8113,
 2026-Dec-11 22:40:00, , , 149.166356748,  13.429086390,  149.534877886,  13.299230658,    93.478716267,      17.422256904,          9.793,       -0.878,  95.123,   9.8325,    t,  0.885820,  4.86442866213717,-26.0030912,    9.8112,
 2026-Dec-11 22:41:00, , , 149.166298633,  13.429112687,  149.534820152,  13.299257006,    93.698132653,      17.547745013,          9.579,       -0.791,  94.719,   9.6116,    t,  0.885822,  4.86441823640358,-25.9861752,    9.8112,
 2026-Dec-11 22:42:00, , , 149.166240507,  13.429138984,  149.534762407,  13.299283355,    93.917720549,      17.673202066,          9.365,       -0.703,  94.296,   9.3912,    t,  0.885824,  4.86440781745615,-25.9692540,    9.8111,
 2026-Dec-11 22:43:00, , , 149.166182370,  13.429165283,  149.534704651,  13.299309705,    94.137482376,      17.798626197,          9.151,       -0.616,  93.852,   9.1713,    t,  0.885826,  4.86439740529697,-25.9523276,    9.8111,
 2026-Dec-11 22:44:00, , , 149.166124223,  13.429191582,  149.534646885,  13.299336056,    94.357420560,      17.924015532,          8.936,       -0.529,  93.387,   8.9520,    t,  0.885828,  4.86438699992810,-25.9353961,    9.8110,
 2026-Dec-11 22:45:00, , , 149.166066066,  13.429217881,  149.534589108,  13.299362407,    94.577537533,      18.049368196,          8.722,       -0.442,  92.899,   8.7333,    t,  0.885830,  4.86437660135157,-25.9184595,    9.8109,
 2026-Dec-11 22:46:00, , , 149.166007898,  13.429244181,  149.534531321,  13.299388759,    94.797835731,      18.174682309,          8.508,       -0.354,  92.386,   8.5153,    t,  0.885832,  4.86436620956946,-25.9015178,    9.8109,
 2026-Dec-11 22:47:00, , , 149.165949720,  13.429270482,  149.534473523,  13.299415112,    95.018317596,      18.299955985,          8.294,       -0.267,  91.845,   8.2979,    t,  0.885834,  4.86435582458379,-25.8845710,    9.8108,
 2026-Dec-11 22:48:00, , , 149.165891532,  13.429296783,  149.534415715,  13.299441465,    95.238985574,      18.425187335,          8.079,       -0.180,  91.276,   8.0814,    t,  0.885836,  4.86434544639657,-25.8676193,    9.8108,
 2026-Dec-11 22:49:00, , , 149.165833334,  13.429323084,  149.534357897,  13.299467820,    95.459842115,      18.550374465,          7.865,       -0.093,  90.675,   7.8656,    t,  0.885837,  4.86433507500980,-25.8506625,    9.8107,
 2026-Dec-11 22:50:00, , , 149.165775126,  13.429349386,  149.534300069,  13.299494174,    95.680889676,      18.675515476,          7.651,       -0.005,  90.041,   7.6508,    t,  0.885839,  4.86432471042549,-25.8337008,    9.8107,
 2026-Dec-11 22:51:00, , , 149.165716909,  13.429375689,  149.534242230,  13.299520530,    95.902130719,      18.800608467,          7.436,        0.082,  89.370,   7.4369,    t,  0.885841,  4.86431435264560,-25.8167342,    9.8106,
 2026-Dec-11 22:52:00, , , 149.165658681,  13.429401991,  149.534184382,  13.299546886,    96.123567705,      18.925651527,          7.222,        0.169,  88.659,   7.2241,    t,  0.885843,  4.86430400167214,-25.7997626,    9.8105,
 2026-Dec-11 22:53:00, , , 149.165600444,  13.429428294,  149.534126524,  13.299573242,    96.345203108,      19.050642745,          7.008,        0.256,  87.906,   7.0124,    t,  0.885845,  4.86429365750705,-25.7827862,    9.8105,
 2026-Dec-11 22:54:00, , , 149.165542197,  13.429454597,  149.534068656,  13.299599599,    96.567039400,      19.175580203,          6.793,        0.344,  87.105,   6.8021,    t,  0.885847,  4.86428332015228,-25.7658049,    9.8104,
 2026-Dec-11 22:55:00, , , 149.165483941,  13.429480900,  149.534010778,  13.299625956,    96.789079062,      19.300461979,          6.579,        0.431,  86.254,   6.5931,    t,  0.885849,  4.86427298960978,-25.7488188,    9.8104,
 2026-Dec-11 22:56:00, , , 149.165425676,  13.429507203,  149.533952891,  13.299652313,    97.011324576,      19.425286146,          6.365,        0.518,  85.347,   6.3857,    t,  0.885851,  4.86426266588146,-25.7318279,    9.8103,
 2026-Dec-11 22:57:00, , , 149.165367401,  13.429533507,  149.533894994,  13.299678671,    97.233778429,      19.550050770,          6.150,        0.605,  84.379,   6.1800,    t,  0.885853,  4.86425234896925,-25.7148322,    9.8102,
 2026-Dec-11 22:58:00, , , 149.165309117,  13.429559810,  149.533837088,  13.299705029,    97.456443115,      19.674753916,          5.936,        0.693,  83.346,   5.9762,    t,  0.885854,  4.86424203887502,-25.6978318,    9.8102,
 2026-Dec-11 22:59:00, , , 149.165250825,  13.429586114,  149.533779173,  13.299731387,    97.679321130,      19.799393640,          5.721,        0.780,  82.239,   5.7744,    t,  0.885856,  4.86423173560070,-25.6808267,    9.8101,
 2026-Dec-11 23:00:00, , , 149.165192523,  13.429612418,  149.533721248,  13.299757746,    97.902414974,      19.923967995,          5.507,        0.867,  81.053,   5.5749,    t,  0.885858,  4.86422143914818,-25.6638169,    9.8101,
 2026-Dec-11 23:01:00, , , 149.165134212,  13.429638721,  149.533663314,  13.299784104,    98.125727152,      20.048475027,          5.293,        0.954,  79.779,   5.3780,    t,  0.885860,  4.86421114951929,-25.6468025,    9.8100,
 2026-Dec-11 23:02:00, , , 149.165075893,  13.429665024,  149.533605371,  13.299810463,    98.349260173,      20.172912779,          5.078,        1.041,  78.410,   5.1839,    t,  0.885862,  4.86420086671591,-25.6297835,    9.8100,
 2026-Dec-11 23:03:00, , , 149.165017564,  13.429691328,  149.533547420,  13.299836822,    98.573016550,      20.297279287,          4.864,        1.129,  76.934,   4.9930,    t,  0.885864,  4.86419059073988,-25.6127599,    9.8099,
 2026-Dec-11 23:04:00, , , 149.164959228,  13.429717631,  149.533489459,  13.299863181,    98.796998800,      20.421572583,          4.649,        1.216,  75.343,   4.8057,    t,  0.885866,  4.86418032159300,-25.5957317,    9.8098,
 2026-Dec-11 23:05:00, , , 149.164900883,  13.429743934,  149.533431490,  13.299889539,    99.021209443,      20.545790691,          4.435,        1.303,  73.624,   4.6224,    t,  0.885868,  4.86417005927716,-25.5786990,    9.8098,
 2026-Dec-11 23:06:00, , , 149.164842529,  13.429770236,  149.533373512,  13.299915898,    99.245651004,      20.669931633,          4.220,        1.390,  71.765,   4.4436,    t,  0.885869,  4.86415980379412,-25.5616618,    9.8097,
 2026-Dec-11 23:07:00, , , 149.164784167,  13.429796538,  149.533315525,  13.299942257,    99.470326012,      20.793993422,          4.006,        1.478,  69.752,   4.2698,    t,  0.885871,  4.86414955514569,-25.5446201,    9.8097,
 2026-Dec-11 23:08:00, , , 149.164725797,  13.429822840,  149.533257530,  13.299968615,    99.695236997,      20.917974068,          3.791,        1.565,  67.571,   4.1017,    t,  0.885873,  4.86413931333366,-25.5275740,    9.8096,
 2026-Dec-11 23:09:00, , , 149.164667419,  13.429849142,  149.533199527,  13.299994974,    99.920386496,      21.041871574,          3.577,        1.652,  65.208,   3.9401,    t,  0.885875,  4.86412907835979,-25.5105235,    9.8095,
 2026-Dec-11 23:10:00, , , 149.164609033,  13.429875443,  149.533141516,  13.300021332,   100.145777048,      21.165683937,          3.363,        1.739,  62.647,   3.7858,    t,  0.885877,  4.86411885022585,-25.4934686,    9.8095,
 2026-Dec-11 23:11:00, , , 149.164550639,  13.429901744,  149.533083496,  13.300047690,   100.371411194,      21.289409150,          3.148,        1.827,  59.875,   3.6396,    t,  0.885879,  4.86410862893357,-25.4764093,    9.8094,
 2026-Dec-11 23:12:00, , , 149.164492237,  13.429928044,  149.533025468,  13.300074047,   100.597291481,      21.413045198,          2.934,        1.914,  56.879,   3.5026,    t,  0.885881,  4.86409841448473,-25.4593458,    9.8094,
 2026-Dec-11 23:13:00, , , 149.164433828,  13.429954344,  149.532967432,  13.300100404,   100.823420457,      21.536590062,          2.719,        2.001,  53.648,   3.3760,    t,  0.885882,  4.86408820688102,-25.4422779,    9.8093,
 2026-Dec-11 23:14:00, , , 149.164375411,  13.429980643,  149.532909388,  13.300126761,   101.049800674,      21.660041714,          2.504,        2.088,  50.177,   3.2609,    t,  0.885884,  4.86407800612417,-25.4252058,    9.8092,
 2026-Dec-11 23:15:00, , , 149.164316986,  13.430006941,  149.532851337,  13.300153117,   101.276434687,      21.783398124,          2.290,        2.176,  46.468,   3.1586,    t,  0.885886,  4.86406781221587,-25.4081295,    9.8092,
 2026-Dec-11 23:16:00, , , 149.164258554,  13.430033239,  149.532793277,  13.300179473,   101.503325055,      21.906657253,          2.075,        2.263,  42.528,   3.0704,    t,  0.885888,  4.86405762515782,-25.3910489,    9.8091,
 2026-Dec-11 23:17:00, , , 149.164200115,  13.430059536,  149.532735211,  13.300205829,   101.730474339,      22.029817058,          1.861,        2.350,  38.375,   2.9976,    t,  0.885890,  4.86404744495167,-25.3739642,    9.8091,
 2026-Dec-11 23:18:00, , , 149.164141668,  13.430085832,  149.532677136,  13.300232184,   101.957885100,      22.152875488,          1.646,        2.437,  34.040,   2.9412,    t,  0.885892,  4.86403727159911,-25.3568754,    9.8090,
 2026-Dec-11 23:19:00, , , 149.164083215,  13.430112128,  149.532619054,  13.300258538,   102.185559907,      22.275830486,          1.432,        2.524,  29.562,   2.9022,    t,  0.885894,  4.86402710510179,-25.3397825,    9.8090,
 2026-Dec-11 23:20:00, , , 149.164024754,  13.430138423,  149.532560965,  13.300284892,   102.413501327,      22.398679990,          1.217,        2.612,  24.991,   2.8814,    t,  0.885895,  4.86401694546135,-25.3226855,    9.8089,
 2026-Dec-11 23:21:00, , , 149.163966287,  13.430164717,  149.532502869,  13.300311245,   102.641711931,      22.521421930,          1.003,        2.699,  20.384,   2.8791,    t,  0.885897,  4.86400679267940,-25.3055844,    9.8088,
 2026-Dec-11 23:22:00, , , 149.163907812,  13.430191010,  149.532444765,  13.300337597,   102.870194295,      22.644054231,          0.788,        2.786,  15.798,   2.8954,    t,  0.885899,  4.86399664675757,-25.2884793,    9.8088,
 2026-Dec-11 23:23:00, , , 149.163849331,  13.430217302,  149.532386654,  13.300363949,   103.098950993,      22.766574811,          0.574,        2.873,  11.292,   2.9299,    t,  0.885901,  4.86398650769743,-25.2713703,    9.8087,
 2026-Dec-11 23:24:00, , , 149.163790843,  13.430243593,  149.532328537,  13.300390299,   103.327984603,      22.888981581,          0.359,        2.960,   6.918,   2.9821,    t,  0.885903,  4.86397637550062,-25.2542573,    9.8087,
 2026-Dec-11 23:25:00, , , 149.163732349,  13.430269883,  149.532270412,  13.300416649,   103.557297705,      23.011272446,          0.145,        3.048,   2.717,   3.0510,    t,  0.885905,  4.86396625016869,-25.2371404,    9.8086,
 2026-Dec-11 23:26:00, , , 149.163673849,  13.430296172,  149.532212281,  13.300442998,   103.786892880,      23.133445305,         -0.070,        3.135, 358.722,   3.1355,    t,  0.885906,  4.86395613170321,-25.2200196,    9.8085,
 2026-Dec-11 23:27:00, , , 149.163615342,  13.430322460,  149.532154143,  13.300469347,   104.016772713,      23.255498049,         -0.284,        3.222, 354.954,   3.2345,    t,  0.885908,  4.86394602010574,-25.2028949,    9.8085,
 2026-Dec-11 23:28:00, , , 149.163556829,  13.430348746,  149.532095999,  13.300495694,   104.246939787,      23.377428562,         -0.499,        3.309, 351.424,   3.3465,    t,  0.885910,  4.86393591537779,-25.1857664,    9.8084,
 2026-Dec-11 23:29:00, , , 149.163498309,  13.430375032,  149.532037848,  13.300522040,   104.477396691,      23.499234725,         -0.714,        3.396, 348.135,   3.4704,    t,  0.885912,  4.86392581752092,-25.1686342,    9.8084,
 2026-Dec-11 23:30:00, , , 149.163439784,  13.430401316,  149.531979690,  13.300548385,   104.708146012,      23.620914407,         -0.928,        3.483, 345.081,   3.6049,    t,  0.885914,  4.86391572653660,-25.1514981,    9.8083,
 2026-Dec-11 23:31:00, , , 149.163381253,  13.430427599,  149.531921527,  13.300574729,   104.939190337,      23.742465472,         -1.143,        3.571, 342.254,   3.7490,    t,  0.885916,  4.86390564242639,-25.1343584,    9.8083,
 2026-Dec-11 23:32:00, , , 149.163322716,  13.430453881,  149.531863357,  13.300601072,   105.170532260,      23.863885780,         -1.357,        3.658, 339.643,   3.9014,    t,  0.885918,  4.86389556519175,-25.1172149,    9.8082,
 2026-Dec-11 23:33:00, , , 149.163264173,  13.430480162,  149.531805181,  13.300627414,   105.402174370,      23.985173179,         -1.572,        3.745, 337.232,   4.0613,    t,  0.885919,  4.86388549483415,-25.1000678,    9.8081,
 2026-Dec-11 23:34:00, , , 149.163205624,  13.430506441,  149.531746999,  13.300653755,   105.634119259,      24.106325514,         -1.786,        3.832, 335.008,   4.2279,    t,  0.885921,  4.86387543135506,-25.0829170,    9.8081,
 2026-Dec-11 23:35:00, , , 149.163147071,  13.430532718,  149.531688811,  13.300680094,   105.866369520,      24.227340621,         -2.001,        3.919, 332.955,   4.4004,    t,  0.885923,  4.86386537475593,-25.0657626,    9.8080,
 2026-Dec-11 23:36:00, , , 149.163088511,  13.430558995,  149.531630618,  13.300706433,   106.098927748,      24.348216330,         -2.215,        4.006, 331.059,   4.5780,    t,  0.885925,  4.86385532503817,-25.0486047,    9.8080,
 2026-Dec-11 23:37:00, , , 149.163029946,  13.430585269,  149.531572418,  13.300732769,   106.331796533,      24.468950462,         -2.430,        4.093, 329.306,   4.7603,    t,  0.885927,  4.86384528220326,-25.0314432,    9.8079,
 2026-Dec-11 23:38:00, , , 149.162971377,  13.430611543,  149.531514213,  13.300759105,   106.564978471,      24.589540833,         -2.644,        4.181, 327.684,   4.9467,    t,  0.885929,  4.86383524625258,-25.0142782,    9.8078,
 2026-Dec-11 23:39:00, , , 149.162912801,  13.430637814,  149.531456003,  13.300785439,   106.798476156,      24.709985250,         -2.859,        4.268, 326.181,   5.1368,    t,  0.885930,  4.86382521718754,-24.9971098,    9.8078,
 2026-Dec-11 23:40:00, , , 149.162854221,  13.430664084,  149.531397787,  13.300811772,   107.032292181,      24.830281514,         -3.074,        4.355, 324.787,   5.3301,    t,  0.885932,  4.86381519500951,-24.9799379,    9.8077,
 2026-Dec-11 23:41:00, , , 149.162795636,  13.430690352,  149.531339565,  13.300838103,   107.266429139,      24.950427417,         -3.288,        4.442, 323.490,   5.5264,    t,  0.885934,  4.86380517971987,-24.9627626,    9.8077,
 2026-Dec-11 23:42:00, , , 149.162737047,  13.430716619,  149.531281339,  13.300864433,   107.500889625,      25.070420746,         -3.503,        4.529, 322.283,   5.7253,    t,  0.885936,  4.86379517131998,-24.9455839,    9.8076,
 2026-Dec-11 23:43:00, , , 149.162678452,  13.430742884,  149.531223107,  13.300890761,   107.735676230,      25.190259279,         -3.717,        4.616, 321.158,   5.9266,    t,  0.885938,  4.86378516981117,-24.9284019,    9.8075,
 2026-Dec-11 23:44:00, , , 149.162619853,  13.430769147,  149.531164871,  13.300917087,   107.970791545,      25.309940785,         -3.932,        4.703, 320.106,   6.1300,    t,  0.885939,  4.86377517519482,-24.9112166,    9.8075,
 2026-Dec-11 23:45:00, , , 149.162561249,  13.430795408,  149.531106629,  13.300943412,   108.206238160,      25.429463028,         -4.146,        4.790, 319.123,   6.3353,    t,  0.885941,  4.86376518747221,-24.8940279,    9.8074,
 2026-Dec-11 23:46:00, , , 149.162502641,  13.430821668,  149.531048383,  13.300969735,   108.442018668,      25.548823764,         -4.361,        4.877, 318.202,   6.5424,    t,  0.885943,  4.86375520664466,-24.8768361,    9.8074,
 2026-Dec-11 23:47:00, , , 149.162444028,  13.430847925,  149.530990131,  13.300996057,   108.678135653,      25.668020741,         -4.575,        4.964, 317.337,   6.7510,    t,  0.885945,  4.86374523271347,-24.8596410,    9.8073,
 2026-Dec-11 23:48:00, , , 149.162385412,  13.430874181,  149.530931876,  13.301022377,   108.914591704,      25.787051698,         -4.790,        5.051, 316.524,   6.9611,    t,  0.885947,  4.86373526567991,-24.8424428,    9.8072,
 2026-Dec-11 23:49:00, , , 149.162326791,  13.430900434,  149.530873615,  13.301048695,   109.151389406,      25.905914369,         -5.004,        5.138, 315.759,   7.1725,    t,  0.885949,  4.86372530554524,-24.8252414,    9.8072,
 2026-Dec-11 23:50:00, , , 149.162268166,  13.430926686,  149.530815350,  13.301075011,   109.388531341,      26.024606478,         -5.219,        5.226, 315.038,   7.3850,    t,  0.885950,  4.86371535231074,-24.8080369,    9.8071,
 2026-Dec-11 23:51:00, , , 149.162209537,  13.430952935,  149.530757081,  13.301101325,   109.626020090,      26.143125742,         -5.433,        5.313, 314.358,   7.5987,    t,  0.885952,  4.86370540597764,-24.7908293,    9.8071,
 2026-Dec-11 23:52:00, , , 149.162150905,  13.430979183,  149.530698808,  13.301127637,   109.863858231,      26.261469870,         -5.647,        5.400, 313.715,   7.8134,    t,  0.885954,  4.86369546654717,-24.7736186,    9.8070,
 2026-Dec-11 23:53:00, , , 149.162092268,  13.431005428,  149.530640530,  13.301153948,   110.102048341,      26.379636564,         -5.862,        5.487, 313.106,   8.0290,    t,  0.885956,  4.86368553402054,-24.7564050,    9.8070,
 2026-Dec-11 23:54:00, , , 149.162033628,  13.431031671,  149.530582248,  13.301180256,   110.340592992,      26.497623516,         -6.076,        5.574, 312.529,   8.2454,    t,  0.885958,  4.86367560839895,-24.7391883,    9.8069,
 2026-Dec-11 23:55:00, , , 149.161974985,  13.431057912,  149.530523962,  13.301206562,   110.579494756,      26.615428413,         -6.291,        5.661, 311.982,   8.4627,    t,  0.885959,  4.86366568968360,-24.7219688,    9.8068,
 2026-Dec-11 23:56:00, , , 149.161916338,  13.431084151,  149.530465673,  13.301232867,   110.818756199,      26.733048932,         -6.505,        5.748, 311.462,   8.6806,    t,  0.885961,  4.86365577787563,-24.7047463,    9.8068,
 2026-Dec-11 23:57:00, , , 149.161857688,  13.431110387,  149.530407380,  13.301259169,   111.058379883,      26.850482741,         -6.720,        5.835, 310.968,   8.8992,    t,  0.885963,  4.86364587297625,-24.6875209,    9.8067,
 2026-Dec-11 23:58:00, , , 149.161799034,  13.431136621,  149.530349083,  13.301285469,   111.298368371,      26.967727502,         -6.934,        5.922, 310.497,   9.1185,    t,  0.885965,  4.86363597498659,-24.6702927,    9.8067,
 2026-Dec-11 23:59:00, , , 149.161740378,  13.431162853,  149.530290782,  13.301311767,   111.538724217,      27.084780870,         -7.149,        6.009, 310.048,   9.3383,    t,  0.885967,  4.86362608390777,-24.6530616,    9.8066,
 2026-Dec-12 00:00:00, , , 149.161681718,  13.431189082,  149.530232478,  13.301338062,   111.779449974,      27.201640488,         -7.363,        6.096, 309.621,   9.5586,    t,  0.885968,  4.86361619974092,-24.6358278,    9.8065,
 2026-Dec-12 00:01:00, , , 149.161623056,  13.431215309,  149.530174170,  13.301364355,   112.020548189,      27.318303993,         -7.577,        6.182, 309.212,   9.7795,    t,  0.885970,  4.86360632248715,-24.6185912,    9.8065,
 2026-Dec-12 00:02:00, , , 149.161564391,  13.431241533,  149.530115860,  13.301390646,   112.262021406,      27.434769016,         -7.792,        6.269, 308.822,  10.0008,    t,  0.885972,  4.86359645214753,-24.6013520,    9.8064,
 2026-Dec-12 00:03:00, , , 149.161505723,  13.431267755,  149.530057546,  13.301416935,   112.503872162,      27.551033177,         -8.006,        6.356, 308.448,  10.2225,    t,  0.885974,  4.86358658872318,-24.5841100,    9.8064,
 2026-Dec-12 00:04:00, , , 149.161447052,  13.431293974,  149.529999229,  13.301443221,   112.746102990,      27.667094086,         -8.220,        6.443, 308.090,  10.4446,    t,  0.885976,  4.86357673221514,-24.5668654,    9.8063,
 2026-Dec-12 00:05:00, , , 149.161388379,  13.431320190,  149.529940909,  13.301469505,   112.988716418,      27.782949350,         -8.435,        6.530, 307.748,  10.6671,    t,  0.885977,  4.86356688262448,-24.5496182,    9.8062,
 2026-Dec-12 00:06:00, , , 149.161329704,  13.431346404,  149.529882586,  13.301495786,   113.231714969,      27.898596563,         -8.649,        6.617, 307.419,  10.8900,    t,  0.885979,  4.86355703995222,-24.5323685,    9.8062,
 2026-Dec-12 00:07:00, , , 149.161271026,  13.431372615,  149.529824260,  13.301522065,   113.475101158,      28.014033313,         -8.863,        6.704, 307.103,  11.1132,    t,  0.885981,  4.86354720419939,-24.5151161,    9.8061,
 2026-Dec-12 00:08:00, , , 149.161212346,  13.431398824,  149.529765932,  13.301548341,   113.718877495,      28.129257180,         -9.078,        6.791, 306.800,  11.3367,    t,  0.885983,  4.86353737536701,-24.4978613,    9.8061,
 2026-Dec-12 00:09:00, , , 149.161153664,  13.431425029,  149.529707601,  13.301574614,   113.963046484,      28.244265734,         -9.292,        6.878, 306.509,  11.5605,    t,  0.885985,  4.86352755345605,-24.4806040,    9.8060,
 2026-Dec-12 00:10:00, , , 149.161094980,  13.431451232,  149.529649268,  13.301600885,   114.207610620,      28.359056537,         -9.506,        6.965, 306.228,  11.7845,    t,  0.885986,  4.86351773846754,-24.4633443,    9.8059,
 2026-Dec-12 00:11:00, , , 149.161036294,  13.431477432,  149.529590932,  13.301627154,   114.452572396,      28.473627144,         -9.721,        7.052, 305.958,  12.0088,    t,  0.885988,  4.86350793040242,-24.4460821,    9.8059,
 2026-Dec-12 00:12:00, , , 149.160977606,  13.431503630,  149.529532594,  13.301653419,   114.697934292,      28.587975101,         -9.935,        7.138, 305.698,  12.2334,    t,  0.885990,  4.86349812926165,-24.4288176,    9.8058,
 2026-Dec-12 00:13:00, , , 149.160918917,  13.431529824,  149.529474253,  13.301679682,   114.943698782,      28.702097944,        -10.149,        7.225, 305.448,  12.4582,    t,  0.885992,  4.86348833504618,-24.4115508,    9.8058,
 2026-Dec-12 00:14:00, , , 149.160860226,  13.431556015,  149.529415911,  13.301705942,   115.189868335,      28.815993203,        -10.363,        7.312, 305.206,  12.6831,    t,  0.885993,  4.86347854775692,-24.3942817,    9.8057,
 2026-Dec-12 00:15:00, , , 149.160801533,  13.431582203,  149.529357567,  13.301732199,   115.436445409,      28.929658397,        -10.577,        7.399, 304.973,  12.9083,    t,  0.885995,  4.86346876739479,-24.3770103,    9.8056,
 2026-Dec-12 00:16:00, , , 149.160742840,  13.431608389,  149.529299220,  13.301758453,   115.683432453,      29.043091039,        -10.792,        7.486, 304.748,  13.1337,    t,  0.885997,  4.86345899396071,-24.3597366,    9.8056,
 2026-Dec-12 00:17:00, , , 149.160684144,  13.431634571,  149.529240872,  13.301784705,   115.930831908,      29.156288631,        -11.006,        7.572, 304.530,  13.3593,    t,  0.885999,  4.86344922745555,-24.3424608,    9.8055,
 2026-Dec-12 00:18:00, , , 149.160625448,  13.431660750,  149.529182522,  13.301810953,   116.178646207,      29.269248669,        -11.220,        7.659, 304.319,  13.5850,    t,  0.886001,  4.86343946788019,-24.3251828,    9.8055,
 2026-Dec-12 00:19:00, , , 149.160566751,  13.431686925,  149.529124171,  13.301837198,   116.426877773,      29.381968639,        -11.434,        7.746, 304.116,  13.8109,    t,  0.886002,  4.86342971523548,-24.3079027,    9.8054,
 2026-Dec-12 00:20:00, , , 149.160508053,  13.431713098,  149.529065818,  13.301863441,   116.675529017,      29.494446019,        -11.648,        7.833, 303.919,  14.0369,    t,  0.886004,  4.86341996952227,-24.2906205,    9.8053,
 2026-Dec-12 00:21:00, , , 149.160449353,  13.431739268,  149.529007464,  13.301889680,   116.924602343,      29.606678278,        -11.862,        7.920, 303.728,  14.2631,    t,  0.886006,  4.86341023074139,-24.2733362,    9.8053,
 2026-Dec-12 00:22:00, , , 149.160390653,  13.431765434,  149.528949108,  13.301915916,   117.174100142,      29.718662877,        -12.077,        8.006, 303.543,  14.4894,    t,  0.886008,  4.86340049889363,-24.2560500,    9.8052,
 2026-Dec-12 00:23:00, , , 149.160331953,  13.431791596,  149.528890751,  13.301942149,   117.424024795,      29.830397268,        -12.291,        8.093, 303.364,  14.7158,    t,  0.886009,  4.86339077397984,-24.2387617,    9.8052,
 2026-Dec-12 00:24:00, , , 149.160273252,  13.431817756,  149.528832394,  13.301968379,   117.674378671,      29.941878895,        -12.505,        8.180, 303.190,  14.9424,    t,  0.886011,  4.86338105600078,-24.2214715,    9.8051,
 2026-Dec-12 00:25:00, , , 149.160214550,  13.431843912,  149.528774035,  13.301994605,   117.925164131,      30.053105193,        -12.719,        8.266, 303.022,  15.1690,    t,  0.886013,  4.86337134495722,-24.2041794,    9.8050,
 2026-Dec-12 00:26:00, , , 149.160155848,  13.431870064,  149.528715675,  13.302020828,   118.176383517,      30.164073589,        -12.933,        8.353, 302.858,  15.3958,    t,  0.886015,  4.86336164084994,-24.1868854,    9.8050,
 2026-Dec-12 00:27:00, , , 149.160097146,  13.431896214,  149.528657314,  13.302047048,   118.428039167,      30.274781501,        -13.147,        8.440, 302.700,  15.6227,    t,  0.886017,  4.86335194367966,-24.1695896,    9.8049,
 2026-Dec-12 00:28:00, , , 149.160038444,  13.431922359,  149.528598953,  13.302073265,   118.680133401,      30.385226339,        -13.361,        8.526, 302.545,  15.8496,    t,  0.886018,  4.86334225344710,-24.1522919,    9.8049,
 2026-Dec-12 00:29:00, , , 149.159979741,  13.431948501,  149.528540591,  13.302099478,   118.932668526,      30.495405503,        -13.575,        8.613, 302.395,  16.0767,    t,  0.886020,  4.86333257015303,-24.1349925,    9.8048,
 2026-Dec-12 00:30:00, , , 149.159921039,  13.431974640,  149.528482229,  13.302125688,   119.185646837,      30.605316388,        -13.789,        8.700, 302.250,  16.3038,    t,  0.886022,  4.86332289379811,-24.1176914,    9.8048,
 2026-Dec-12 00:31:00, , , 149.159862337,  13.432000774,  149.528423866,  13.302151894,   119.439070615,      30.714956376,        -14.003,        8.786, 302.108,  16.5310,    t,  0.886024,  4.86331322438304,-24.1003885,    9.8047,
 2026-Dec-12 00:32:00, , , 149.159803635,  13.432026906,  149.528365503,  13.302178097,   119.692942127,      30.824322844,        -14.217,        8.873, 301.970,  16.7583,    t,  0.886025,  4.86330356190848,-24.0830840,    9.8046,
 2026-Dec-12 00:33:00, , , 149.159744934,  13.432053033,  149.528307140,  13.302204296,   119.947263625,      30.933413158,        -14.431,        8.960, 301.836,  16.9857,    t,  0.886027,  4.86329390637511,-24.0657779,    9.8046,
 2026-Dec-12 00:34:00, , , 149.159686233,  13.432079157,  149.528248777,  13.302230491,   120.202037346,      31.042224679,        -14.644,        9.046, 301.705,  17.2131,    t,  0.886029,  4.86328425778354,-24.0484702,    9.8045,
 2026-Dec-12 00:35:00, , , 149.159627533,  13.432105277,  149.528190413,  13.302256683,   120.457265511,      31.150754757,        -14.858,        9.133, 301.578,  17.4406,    t,  0.886031,  4.86327461613445,-24.0311609,    9.8045,
 2026-Dec-12 00:36:00, , , 149.159568833,  13.432131393,  149.528132050,  13.302282872,   120.712950325,      31.259000733,        -15.072,        9.219, 301.454,  17.6682,    t,  0.886032,  4.86326498142842,-24.0138501,    9.8044,
 2026-Dec-12 00:37:00, , , 149.159510134,  13.432157505,  149.528073687,  13.302309056,   120.969093978,      31.366959941,        -15.286,        9.306, 301.333,  17.8958,    t,  0.886034,  4.86325535366607,-23.9965378,    9.8043,
 2026-Dec-12 00:38:00, , , 149.159451436,  13.432183613,  149.528015324,  13.302335237,   121.225698644,      31.474629707,        -15.500,        9.393, 301.216,  18.1234,    t,  0.886036,  4.86324573284798,-23.9792241,    9.8043,
 2026-Dec-12 00:39:00, , , 149.159392739,  13.432209717,  149.527956962,  13.302361414,   121.482766474,      31.582007349,        -15.714,        9.479, 301.101,  18.3511,    t,  0.886038,  4.86323611897471,-23.9619089,    9.8042,
 2026-Dec-12 00:40:00, , , 149.159334043,  13.432235818,  149.527898600,  13.302387587,   121.740299610,      31.689090174,        -15.927,        9.566, 300.989,  18.5789,    t,  0.886039,  4.86322651204682,-23.9445924,    9.8042,
 2026-Dec-12 00:41:00, , , 149.159275349,  13.432261914,  149.527840239,  13.302413756,   121.998300171,      31.795875485,        -16.141,        9.652, 300.879,  18.8067,    t,  0.886041,  4.86321691206485,-23.9272746,    9.8041,
 2026-Dec-12 00:42:00, , , 149.159216655,  13.432288006,  149.527781879,  13.302439922,   122.256770257,      31.902360573,        -16.355,        9.739, 300.773,  19.0345,    t,  0.886043,  4.86320731902935,-23.9099554,    9.8040,
 2026-Dec-12 00:43:00, , , 149.159157963,  13.432314094,  149.527723519,  13.302466083,   122.515711950,      32.008542723,        -16.568,        9.825, 300.669,  19.2624,    t,  0.886045,  4.86319773294083,-23.8926350,    9.8040,
 2026-Dec-12 00:44:00, , , 149.159099273,  13.432340178,  149.527665161,  13.302492240,   122.775127314,      32.114419211,        -16.782,        9.911, 300.567,  19.4903,    t,  0.886046,  4.86318815379976,-23.8753134,    9.8039,
 2026-Dec-12 00:45:00, , , 149.159040584,  13.432366258,  149.527606803,  13.302518394,   123.035018391,      32.219987305,        -16.996,        9.998, 300.467,  19.7182,    t,  0.886048,  4.86317858160666,-23.8579905,    9.8039,
 2026-Dec-12 00:46:00, , , 149.158981897,  13.432392334,  149.527548447,  13.302544543,   123.295387203,      32.325244265,        -17.209,       10.084, 300.370,  19.9462,    t,  0.886050,  4.86316901636198,-23.8406666,    9.8038,
 2026-Dec-12 00:47:00, , , 149.158923212,  13.432418405,  149.527490091,  13.302570688,   123.556235755,      32.430187344,        -17.423,       10.171, 300.275,  20.1742,    t,  0.886052,  4.86315945806615,-23.8233415,    9.8037,
 2026-Dec-12 00:48:00, , , 149.158864529,  13.432444472,  149.527431737,  13.302596829,   123.817566024,      32.534813786,        -17.636,       10.257, 300.183,  20.4022,    t,  0.886053,  4.86314990671966,-23.8060153,    9.8037,
 2026-Dec-12 00:49:00, , , 149.158805848,  13.432470535,  149.527373385,  13.302622966,   124.079379969,      32.639120828,        -17.850,       10.344, 300.092,  20.6303,    t,  0.886055,  4.86314036232291,-23.7886881,    9.8036,
 2026-Dec-12 00:50:00, , , 149.158747169,  13.432496593,  149.527315034,  13.302649099,   124.341679528,      32.743105698,        -18.064,       10.430, 300.003,  20.8584,    *,  0.886057,  4.86313082487632,-23.7713598,    9.8036,
 2026-Dec-12 00:51:00, , , 149.158688492,  13.432522647,  149.527256684,  13.302675227,   124.604466614,      32.846765617,        -18.277,       10.516, 299.916,  21.0864,    *,  0.886059,  4.86312129438027,-23.7540306,    9.8035,
 2026-Dec-12 00:52:00, , , 149.158629818,  13.432548697,  149.527198337,  13.302701351,   124.867743117,      32.950097798,        -18.490,       10.603, 299.831,  21.3145,    *,  0.886060,  4.86311177083515,-23.7367005,    9.8034,
 2026-Dec-12 00:53:00, , , 149.158571146,  13.432574742,  149.527139991,  13.302727471,   125.131510903,      33.053099448,        -18.704,       10.689, 299.748,  21.5427,    *,  0.886062,  4.86310225424132,-23.7193695,    9.8034,
 2026-Dec-12 00:54:00, , , 149.158512477,  13.432600782,  149.527081647,  13.302753586,   125.395771816,      33.155767764,        -18.917,       10.775, 299.667,  21.7708,    *,  0.886064,  4.86309274459912,-23.7020376,    9.8033,
 2026-Dec-12 00:55:00, , , 149.158453810,  13.432626818,  149.527023305,  13.302779697,   125.660527672,      33.258099937,        -19.131,       10.862, 299.587,  21.9989,    *,  0.886066,  4.86308324190892,-23.6847049,    9.8033,
 2026-Dec-12 00:56:00, , , 149.158395146,  13.432652850,  149.526964966,  13.302805803,   125.925780263,      33.360093150,        -19.344,       10.948, 299.509,  22.2271,    *,  0.886067,  4.86307374617102,-23.6673714,    9.8032,
 2026-Dec-12 00:57:00, , , 149.158336486,  13.432678876,  149.526906628,  13.302831905,   126.191531355,      33.461744579,        -19.557,       11.034, 299.432,  22.4553,    *,  0.886069,  4.86306425738573,-23.6500371,    9.8031,
 2026-Dec-12 00:58:00, , , 149.158277828,  13.432704898,  149.526848293,  13.302858002,   126.457782689,      33.563051393,        -19.771,       11.120, 299.357,  22.6834,    *,  0.886071,  4.86305477555333,-23.6327022,    9.8031,
 2026-Dec-12 00:59:00, , , 149.158219173,  13.432730915,  149.526789961,  13.302884095,   126.724535975,      33.664010753,        -19.984,       11.207, 299.284,  22.9116,    *,  0.886072,  4.86304530067411,-23.6153666,    9.8030,
 2026-Dec-12 01:00:00, , , 149.158160521,  13.432756928,  149.526731631,  13.302910183,   126.991792903,      33.764619815,        -20.197,       11.293, 299.212,  23.1398,    *,  0.886074,  4.86303583274830,-23.5980303,    9.8030,
$$EOE
***************************************************************************************************************************************************************************************************************************************
Column meaning:
 
TIME

  Times PRIOR to 1962 are UT1, a mean-solar time closely related to the
prior but now-deprecated GMT. Times AFTER 1962 are in UTC, the current
civil or "wall-clock" time-scale. UTC is kept within 0.9 seconds of UT1
using integer leap-seconds for 1972 and later years.

  Conversion from the internal Barycentric Dynamical Time (TDB) of solar
system dynamics to the non-uniform civil UT time-scale requested for output
has not been determined for UTC times after the next July or January 1st.
Therefore, the last known leap-second is used as a constant over future
intervals.

  Time tags refer to the UT time-scale conversion from TDB on Earth
regardless of observer location within the solar system, although clock
rates may differ due to the local gravity field and no analog to "UT"
may be defined for that location.

  Any 'b' symbol in the 1st-column denotes a B.C. date. First-column blank
(" ") denotes an A.D. date.
 
CALENDAR SYSTEM

  Mixed calendar mode was active such that calendar dates after AD 1582-Oct-15
(if any) are in the modern Gregorian system. Dates prior to 1582-Oct-5 (if any)
are in the Julian calendar system, which is automatically extended for dates
prior to its adoption on 45-Jan-1 BC.  The Julian calendar is useful for
matching historical dates. The Gregorian calendar more accurately corresponds
to the Earth's orbital motion and seasons. A "Gregorian-only" calendar mode is
available if such physical events are the primary interest.

  NOTE: "n.a." in output means quantity "not available" at the print-time.
 
SOLAR PRESENCE (OBSERVING SITE)
  Time tag is followed by a blank, then a solar-presence condition code:

       '*'  Daylight (refracted solar upper-limb on or above apparent horizon)
       'C'  Civil twilight/dawn
       'N'  Nautical twilight/dawn
       'A'  Astronomical twilight/dawn
       ' '  Night OR geocentric ephemeris

LUNAR PRESENCE WITH TARGET RISE/TRANSIT/SET EVENT MARKER (OBSERVING SITE)
  The solar-presence code column is immediately followed by another marker:

       'm'  Refracted upper-limb of Moon on or above apparent horizon
       ' '  Refracted upper-limb of Moon below apparent horizon OR geocentric

  The lunar presence marker (an ongoing state) can be over-ridden by a target
  event marker if an event has occurred since the last output step:

       'r'  Rise          (target body on or went above cut-off RTS elevation)
       'e'  Elevation max (target body maximum elevation angle has occurred)
       't'  Transit       (target body at or passed through observer meridian)
       's'  Set           (target body on or went below cut-off RTS elevation)
 
RTS MARKERS (TVH)
  Rise and set are with respect to the reference ellipsoid true visual horizon
defined by the elevation cut-off angle. Horizon dip and yellow-light refraction
(Earth only) are considered. Accuracy is < or = to twice the requested search
step-size.
 
 'R.A.___(ICRF), DEC____(ICRF),' =
  Astrometric right ascension and declination of the target center with
respect to the observing site (coordinate origin) in the reference frame of
the planetary ephemeris (ICRF). Compensated for down-leg light-time delay
aberration.

  Units: RA  in decimal degrees,  ddd.fffff{ffff}
         DEC in decimal degrees,  sdd.fffff{ffff}
 
 'R.A.__(a-app), DEC___(a-app),' =
  Airless apparent right ascension and declination of the target center
with respect to an instantaneous reference frame defined by the Earth equator
of-date (z-axis) and meridian containing the Earth equinox of-date (x-axis,
EOP-corrected IAU76/80). Compensated for down-leg light-time delay,
gravitational deflection of light, stellar aberration, precession & nutation.
Note: equinox (RA origin) is offset -53 mas from the of-date frame defined by
the IAU06/00a P & N system.

  Units: RA  in decimal degrees, ddd.fffff{ffff}
         DEC in decimal degrees  sdd.fffff{ffff}

 
 'Azimuth_(a-app), Elevation_(a-app),' =
  Airless apparent azimuth and elevation of target center. Compensated
for light-time, the gravitational deflection of light, stellar aberration,
precession and nutation. Azimuth is measured clockwise from north:

  North(0) -> East(90) -> South(180) -> West(270) -> North (360)

Elevation angle is with respect to a plane perpendicular to the reference
surface local zenith direction. TOPOCENTRIC ONLY.  Units: DEGREES
 
 'X_(sat-prim), Y_(sat-prim), SatPANG,' =
   Satellite apparent differential coordinates in the plane-of-sky with
respect to the primary body along with the satellite position angle.
Differential coordinates are defined in RA as:

     X= ((RA_sat - RA_primary) * cosine(DEC_primary))

... and in DEC as:

     Y= (DEC_sat - DEC_primary)

Non-lunar satellites only. "SatPANG" is the counter-clockwise (CCW) position
angle from the reference-frame of-date north-pole to a line from the primary
center to the satellite center. Units: ARCSECONDS (X & Y), DEGREES (pos, angle)
 
 'ang-sep, vis.,' =
  The angular separation between the center of the target object and the center
of the (remote) primary body it revolves around, as seen by the observer, with
target visibility code.

  Visibility codes (refers to limb-to-limb):

    /t = Transiting primary body disk    /O = Occulted by primary body disk
    /p = Partial umbral eclipse          /P = Occulted partial umbral eclipse
    /u = Total umbral eclipse            /U = Occulted total umbral eclipse
    /- = Target is the primary body      /* = None of above ("free and clear")

  The radius of both primary and target body is taken to be the equatorial
value (maximum, given a triaxial shape). Atmospheric effects and oblateness
aspect are NOT currently considered.  Light-time is considered.

  Units: ARCSECONDS and visibility code
 
 'Ang-diam,' =
   The equatorial angular width of the target body full disk, if it were fully
illuminated and visible to the observer. If the target body diameter is unknown
"n.a." is output.

   Units: ARCSECONDS
 
 'delta,     deldot,' =
   Apparent range ("delta", light-time aberrated) and range-rate ("delta-dot")
of the target center relative to the observer. A positive "deldot" means the
target center is moving away from the observer, negative indicates movement
toward the observer.  Units: AU and KM/S
 
 'S-T-O,' =
   The Sun-Target-Observer angle; the interior vertex angle at target center
formed by a vector from the target to the apparent center of the Sun (at
reflection time on the target) and the apparent vector from target to the
observer at print-time. Slightly different from true PHASE ANGLE (requestable
separately) at the few arcsecond level in that it includes stellar aberration
on the down-leg from target to observer.  Units: DEGREES

Computations by ...

    Solar System Dynamics Group, Horizons On-Line Ephemeris System
    4800 Oak Grove Drive, Jet Propulsion Laboratory
    Pasadena, CA  91109   USA

    General site: https://ssd.jpl.nasa.gov/
    Mailing list: https://ssd.jpl.nasa.gov/email_list.html
    System news : https://ssd.jpl.nasa.gov/horizons/news.html
    User Guide  : https://ssd.jpl.nasa.gov/horizons/manual.html
    Connect     : browser        https://ssd.jpl.nasa.gov/horizons/app.html#/x
                  API            https://ssd-api.jpl.nasa.gov/doc/horizons.html
                  command-line   telnet ssd.jpl.nasa.gov 6775
                  e-mail/batch   https://ssd.jpl.nasa.gov/ftp/ssd/horizons_batch.txt
                  scripts        https://ssd.jpl.nasa.gov/ftp/ssd/SCRIPTS
    Inquiries   : Jon.D.Giorgini@jpl.nasa.gov

***************************************************************************************************************************************************************************************************************************************
