tyc,name,bayer,flamsteed,constellation
TYC 2-1154-1,,,,Psc
TYC 3-1464-1,,,44,Psc
TYC 6-1362-1,,,,Psc
TYC 16-1423-1,,,51,Psc
TYC 17-1353-1,,,60,Psc
TYC 17-1398-1,,,,
TYC 17-1413-1,,,62,Psc
TYC 18-40-1,,,,Psc
TYC 19-1406-1,,,29,Cet
TYC 19-1437-1,,,26,Cet
TYC 20-1166-1,,,33,Cet
TYC 20-1220-1,,,35,Cet
TYC 22-1278-1,,,77,Psc
TYC 23-1341-1,,f,89,Psc
TYC 25-1372-1,,,73,Psc
TYC 25-1379-1,,e,80,Psc
TYC 26-1202-1,,,88,Psc
TYC 33-1213-1,,ξ,111,Psc
TYC 34-1287-1,,μ,98,Psc
TYC 35-435-1,,ν,106,Psc
TYC 37-1318-1,,,60,Cet
TYC 39-1275-1,,,69,Cet
TYC 40-1162-1,,,,Cet
TYC 40-1337-1,,,112,Psc
TYC 40-1338-1,Alrescha,α,113,Psc
TYC 46-1631-1,,,,
TYC 46-1633-1,,δ,82,Cet
TYC 50-1721-1,Kaffaljidhma,γ,86,Cet
TYC 51-704-1,,,,Cet
TYC 52-1490-1,,,,Cet
TYC 52-1681-1,,ν,78,Cet
TYC 52-1686-1,,,,
TYC 58-607-1,,,93,Cet
TYC 58-1618-1,Menkar,α,92,Cet
TYC 59-1947-1,,κ,96,Cet
TYC 60-1705-1,,,97,Cet
TYC 61-127-1,Althiba,,,
TYC 62-1579-1,,,,Cet
TYC 64-1568-1,,,,Tau
TYC 64-1569-1,,,10,Tau
TYC 66-1108-1,,,,Tau
TYC 67-1753-1,,,12,Tau
TYC 71-1224-1,,u,29,Tau
TYC 72-1226-1,,,31,Tau
TYC 75-2835-1,,,44,Eri
TYC 79-826-1,,,40,Tau
TYC 79-1585-1,,ν,38,Tau
TYC 80-204-1,,,,Tau
TYC 80-874-1,,,,Tau
TYC 80-1093-1,,,45,Tau
TYC 81-1820-1,,,,Tau
TYC 82-1777-1,,,49,Eri
TYC 85-2362-1,,π6,10,Ori
TYC 89-2557-1,,,5,Ori
TYC 89-2558-1,,π5,8,Ori
TYC 92-2345-1,,π4,3,Ori
TYC 95-98-1,,,,Tau
TYC 96-1462-1,Tabit,π3,1,Ori
TYC 98-619-1,,,,Ori
TYC 99-503-1,,,,Ori
TYC 101-2568-1,,,25,Ori
TYC 103-2863-1,,ρ,17,Ori
TYC 104-3169-1,,,21,Ori
TYC 105-2799-1,,m,23,Ori
TYC 105-2800-1,,m,23,Ori
TYC 105-2801-1,,ψ,30,Ori
TYC 109-326-1,,,,Ori
TYC 113-1856-1,Bellatrix,γ,24,Ori
TYC 115-2299-1,,b,51,Ori
TYC 116-1329-1,,,56,Ori
TYC 117-1338-1,,,59,Ori
TYC 117-1471-1,,,60,Ori
TYC 118-2925-1,,n1,33,Ori
TYC 122-1238-1,,,,Ori
TYC 122-2409-1,,n2,38,Ori
TYC 123-2200-1,,ω,47,Ori
TYC 126-1899-1,,,32,Ori
TYC 128-1551-1,,,52,Ori
TYC 129-1873-1,Betelgeuse,α,58,Ori
TYC 133-2047-1,,,77,Ori
TYC 138-135-1,,,63,Ori
TYC 138-963-1,,,66,Ori
TYC 140-1840-1,,,,
TYC 141-2451-1,,ε,8,Mon
TYC 141-2452-1,,ε,8,Mon
TYC 143-1867-1,,,,
TYC 145-875-1,,,,Mon
TYC 147-2018-1,,,,Mon
TYC 148-2853-1,,,,Mon
TYC 152-2580-1,,,18,Mon
TYC 154-2464-1,,,12,Mon
TYC 158-1594-1,Plaskett's Star,,,Mon
TYC 158-2278-1,,,,Mon
TYC 158-3394-1,,,13,Mon
TYC 177-2986-1,,η,5,CMi
TYC 180-2565-1,,ζ,13,CMi
TYC 182-1866-1,,δ3,9,CMi
TYC 182-2739-1,,δ1,7,CMi
TYC 182-2740-1,,δ2,8,CMi
TYC 183-2428-1,,,,CMi
TYC 184-1774-1,,,,CMi
TYC 185-2499-1,,,14,CMi
TYC 187-2184-1,Procyon,α,10,CMi
TYC 189-657-1,,,,CMi
TYC 193-205-1,,,,CMi
TYC 198-2137-1,,G,,CMi
TYC 215-2021-1,,η,7,Hya
TYC 215-2022-1,Minchir,σ,5,Hya
TYC 222-1709-1,,,,
TYC 223-1795-1,Minazal,δ,4,Hya
TYC 224-141-1,,,10,Hya
TYC 224-1333-1,Ashlesha,ε,11,Hya
TYC 224-1334-1,,ρ,13,Hya
TYC 225-1116-1,,ζ,16,Hya
TYC 227-2544-1,,θ,22,Hya
TYC 227-2546-1,,,,
TYC 228-332-1,,,,Hya
TYC 232-2195-1,,ω,18,Hya
TYC 237-1877-1,,,7,Sex
TYC 238-2476-1,,,2,Sex
TYC 240-1746-1,,,9,Sex
TYC 240-1806-1,,,4,Sex
TYC 240-2257-1,,,12,Sex
TYC 241-2399-1,,,10,Leo
TYC 244-1723-1,,,,Sex
TYC 246-1238-1,,,23,Sex
TYC 247-1719-1,,,13,Sex
TYC 248-1789-1,,,19,Sex
TYC 249-1535-1,,,,Sex
TYC 250-1419-1,,,14,Sex
TYC 252-334-1,,,43,Leo
TYC 253-162-1,,,31,Sex
TYC 254-756-1,,,36,Sex
TYC 255-1197-1,,,55,Leo
TYC 257-1133-1,,,34,Sex
TYC 257-1275-1,,,35,Sex
TYC 259-1552-1,,,48,Leo
TYC 260-343-1,,,37,Sex
TYC 261-384-1,,,56,Leo
TYC 262-1188-1,,p4,65,Leo
TYC 263-1171-1,,,75,Leo
TYC 263-1172-1,,,76,Leo
TYC 264-1157-1,,,79,Leo
TYC 265-1270-1,,d,58,Leo
TYC 267-1190-1,,,80,Leo
TYC 267-1191-1,,,83,Leo
TYC 267-1193-1,,τ,84,Leo
TYC 268-1064-1,,c,59,Leo
TYC 268-1067-1,,χ,63,Leo
TYC 270-1148-1,,σ,77,Leo
TYC 273-621-1,,,,Vir
TYC 273-924-1,Zavijava,β,5,Vir
TYC 274-1078-1,,,89,Leo
TYC 276-1189-1,,b,7,Vir
TYC 278-925-1,,ν,3,Vir
TYC 280-445-1,,,10,Vir
TYC 285-1247-1,,c,16,Vir
TYC 286-1022-1,,π,8,Vir
TYC 287-1009-1,,,11,Vir
TYC 288-1147-1,,,17,Vir
TYC 289-1219-1,,,,Vir
TYC 293-819-1,,,35,Vir
TYC 294-1032-1,Minelauva,δ,43,Vir
TYC 294-1033-1,,,37,Vir
TYC 296-905-1,,,,Vir
TYC 296-1051-1,,d1,31,Vir
TYC 300-1266-1,,,,Vir
TYC 304-969-1,,,,
TYC 305-948-1,,σ,60,Vir
TYC 306-269-1,,,64,Vir
TYC 309-1396-1,,,92,Vir
TYC 310-1430-1,,o,78,Vir
TYC 311-1612-1,,,84,Vir
TYC 316-1271-1,,τ,93,Vir
TYC 317-1590-1,,,,Vir
TYC 318-438-1,,,,
TYC 320-1576-1,,,,Vir
TYC 321-280-1,,,,Vir
TYC 326-1426-1,,,109,Vir
TYC 326-1427-1,,,108,Vir
TYC 336-1027-1,,,5,Ser
TYC 336-1028-1,,,6,Ser
TYC 336-1029-1,,,4,Ser
TYC 337-843-1,,,10,Ser
TYC 338-1145-1,,,110,Vir
TYC 344-1146-1,,,3,Ser
TYC 355-1288-1,,ψ,23,Ser
TYC 356-1276-1,,ω,34,Ser
TYC 360-1226-1,,ε,37,Ser
TYC 363-1135-1,Unukalhai,α,24,Ser
TYC 364-1224-1,,λ,27,Ser
TYC 368-1592-1,,σ,50,Ser
TYC 374-1423-1,,,43,Ser
TYC 375-1614-1,,,9,Her
TYC 381-1598-1,,o,21,Her
TYC 383-1787-1,,,14,Oph
TYC 384-2284-1,,,21,Oph
TYC 384-2285-1,,,16,Oph
TYC 386-86-1,Rosalíadecastro,,,
TYC 386-2062-1,Marfik,λ,10,Oph
TYC 388-497-1,,,19,Oph
TYC 390-2239-1,,n,28,Her
TYC 391-2824-1,,,37,Her
TYC 391-2825-1,,,36,Her
TYC 392-2704-1,,l,45,Her
TYC 395-2558-1,,,41,Her
TYC 396-2346-1,,k,47,Her
TYC 398-1908-1,,,,Oph
TYC 400-1862-1,,,38,Oph
TYC 404-360-1,,,,Oph
TYC 404-2156-1,,,,Oph
TYC 409-1922-1,,σ,49,Oph
TYC 412-1246-1,,,,Oph
TYC 417-2592-1,,,,Oph
TYC 419-1909-1,,,,
TYC 419-2147-1,,,61,Oph
TYC 420-1962-1,Muliphen,γ,62,Oph
TYC 423-1724-1,Cebalrai,β,60,Oph
TYC 430-3748-1,,,68,Oph
TYC 430-3749-1,,,,Oph
TYC 432-1027-1,,,,Oph
TYC 433-595-1,,d,59,Ser
TYC 434-5198-1,,,67,Oph
TYC 434-5201-1,,,,Oph
TYC 434-5213-1,,p,70,Oph
TYC 436-3049-1,,,,Oph
TYC 436-3545-1,,,74,Oph
TYC 438-1374-1,,,,
TYC 438-2741-1,,,66,Oph
TYC 439-1445-1,,,73,Oph
TYC 440-3824-1,,,,Ser
TYC 442-1788-1,,,,Oph
TYC 450-1371-1,,,,Ser
TYC 451-1386-1,,,4,Aql
TYC 453-352-1,,,64,Ser
TYC 454-1578-1,,,,Ser
TYC 457-687-1,Alya,θ1,63,Ser
TYC 457-688-1,,θ2,63,Ser
TYC 461-769-1,,,62,Ser
TYC 464-3033-1,,,24,Aql
TYC 464-3404-1,,,23,Aql
TYC 465-2618-1,,ν,32,Aql
TYC 467-4986-1,,,21,Aql
TYC 469-6227-1,Almizan,δ,30,Aql
TYC 469-6229-1,,c,35,Aql
TYC 472-3465-1,,,22,Aql
TYC 475-1667-1,,,19,Aql
TYC 480-3027-1,Tarazed,η,55,Aql
TYC 481-3392-1,,,58,Aql
TYC 482-3754-1,,,,Aql
TYC 486-4746-1,,,,Aql
TYC 486-5129-1,,,,Aql
TYC 487-3422-1,,σ,44,Aql
TYC 490-5566-1,,μ,38,Aql
TYC 493-3355-1,Alshain,β,60,Aql
TYC 504-2358-1,Chechia,,,
TYC 506-2497-1,,τ,63,Aql
TYC 511-1136-1,,,1,Aqr
TYC 521-2814-1,,ε,1,Equ
TYC 524-2807-1,,,13,Del
TYC 534-2623-1,,,3,Equ
TYC 536-2354-1,Kitalpha,α,8,Equ
TYC 538-2797-1,,,4,Equ
TYC 538-2807-1,,λ,2,Equ
TYC 540-2121-1,,,9,Equ
TYC 541-1932-1,,β,10,Equ
TYC 542-105-1,,,,Aqr
TYC 543-450-1,,,26,Aqr
TYC 547-1047-1,,d,25,Aqr
TYC 548-896-1,,,11,Peg
TYC 555-1661-1,,,3,Peg
TYC 555-1662-1,,,4,Peg
TYC 555-1663-1,,,7,Peg
TYC 558-2755-1,,,28,Aqr
TYC 560-1818-1,Seat,π,52,Aqr
TYC 563-782-1,,,37,Peg
TYC 563-833-1,,,34,Peg
TYC 563-1818-1,,,35,Peg
TYC 564-1847-1,,,18,Peg
TYC 564-2591-1,Fum al Faras,ν,22,Peg
TYC 565-1999-1,Biham,θ,26,Peg
TYC 566-1004-1,,,30,Peg
TYC 569-1947-1,,,1,Psc
TYC 569-1948-1,,,2,Psc
TYC 576-1918-1,,A,5,Psc
TYC 576-1919-1,,,3,Psc
TYC 578-1403-1,,,9,Psc
TYC 578-1415-1,,κ,8,Psc
TYC 579-1834-1,Fumalsamakah,β,4,Psc
TYC 580-1884-1,,γ,6,Psc
TYC 583-1722-1,,,,Psc
TYC 584-1515-1,,θ,10,Psc
TYC 584-1516-1,,b,7,Psc
TYC 585-450-1,,,15,Psc
TYC 585-1200-1,,,16,Psc
TYC 586-1293-1,,,21,Psc
TYC 586-1458-1,,λ,18,Psc
TYC 587-1273-1,,,25,Psc
TYC 587-1283-1,,,,Psc
TYC 589-1671-1,,,19,Psc
TYC 590-329-1,,,22,Psc
TYC 591-1744-1,,ι,17,Psc
TYC 593-398-1,,,26,Psc
TYC 593-1697-1,,ω,28,Psc
TYC 594-374-1,,c,32,Psc
TYC 594-999-1,,,31,Psc
TYC 595-579-1,,,35,Psc
TYC 595-1027-1,,,36,Psc
TYC 595-1040-3,,,38,Psc
TYC 596-1293-1,,d,41,Psc
TYC 596-1294-1,,,45,Psc
TYC 597-1668-1,,,34,Psc
TYC 600-1506-1,,,86,Peg
TYC 602-1388-1,,,42,Psc
TYC 604-1301-1,Kuton,δ,63,Psc
TYC 607-1499-1,,,58,Psc
TYC 612-1446-1,,ε,71,Psc
TYC 613-1248-1,,ζ,86,Psc
TYC 613-1249-1,Revati,ζ,86,Psc
TYC 618-1485-1,,,72,Psc
TYC 618-1486-1,,,75,Psc
TYC 621-853-1,,,,Psc
TYC 622-574-1,Torcular,ο,110,Psc
TYC 622-1219-1,,,,Psc
TYC 624-1324-1,,π,102,Psc
TYC 625-1392-1,,,54,Cet
TYC 627-535-1,,,101,Psc
TYC 627-607-1,,,104,Psc
TYC 630-858-1,,,,Psc
TYC 630-1238-1,,,64,Cet
TYC 631-1493-1,Al Kaff al Jidhmah,ξ1,65,Cet
TYC 632-1491-1,,ξ2,73,Cet
TYC 635-692-1,,ξ,24,Ari
TYC 635-817-1,,,25,Ari
TYC 635-906-1,,,,Ari
TYC 641-24-1,,,,Cet
TYC 641-985-1,Menkar,λ,91,Cet
TYC 642-47-1,,,31,Ari
TYC 642-412-1,,,85,Cet
TYC 643-936-1,,,38,Ari
TYC 643-937-1,,μ,87,Cet
TYC 650-1469-1,,ξ,2,Tau
TYC 650-1470-1,,t,6,Tau
TYC 650-1471-1,,ο,1,Tau
TYC 653-1366-1,,s,4,Tau
TYC 656-1725-1,,f,5,Tau
TYC 661-1403-1,,e,30,Tau
TYC 662-1546-1,,λ,35,Tau
TYC 664-811-1,,,,Tau
TYC 667-495-1,,,46,Tau
TYC 667-839-1,,μ,49,Tau
TYC 667-840-1,,,47,Tau
TYC 668-201-1,,,,Tau
TYC 672-1284-1,,r,66,Tau
TYC 673-777-1,,,,Tau
TYC 673-1488-1,,d,88,Tau
TYC 677-1116-1,,b,79,Tau
TYC 679-750-1,,h,57,Tau
TYC 680-993-1,,π,73,Tau
TYC 680-995-1,,,60,Tau
TYC 681-1151-1,,ρ,86,Tau
TYC 681-1152-1,,,76,Tau
TYC 681-1153-1,,,83,Tau
TYC 683-1217-1,Al Taj,π2,2,Ori
TYC 688-1867-1,,π1,7,Ori
TYC 690-1547-1,,c1,90,Tau
TYC 690-1548-1,,,93,Tau
TYC 692-1664-1,Manica,g,6,Ori
TYC 696-1788-1,Al Kumm,ο1,4,Ori
TYC 696-1790-1,,ο2,9,Ori
TYC 698-2328-1,,i,14,Ori
TYC 701-2047-1,,φ2,40,Ori
TYC 702-2789-1,,h,16,Ori
TYC 702-2790-1,,,13,Ori
TYC 705-2400-1,Meissa,λ,39,Ori
TYC 705-2401-1,Heka,φ1,37,Ori
TYC 707-1840-1,,,18,Ori
TYC 708-525-1,,,,
TYC 713-1669-1,,,35,Ori
TYC 721-2468-1,,μ,61,Ori
TYC 723-1241-1,,,134,Tau
TYC 727-1683-1,,,131,Tau
TYC 727-1684-1,,,135,Tau
TYC 727-1686-1,,,133,Tau
TYC 728-3138-1,,,137,Tau
TYC 728-3142-1,,,,
TYC 729-1980-1,,ν,67,Ori
TYC 733-263-1,,,14,Mon
TYC 734-2214-1,,,,Ori
TYC 735-3442-1,,l,75,Ori
TYC 739-2616-1,,,73,Ori
TYC 739-2617-1,,k,74,Ori
TYC 742-2472-1,,ξ,70,Ori
TYC 747-2462-1,,,16,Mon
TYC 747-2464-1,,,17,Mon
TYC 750-1880-1,,,15,Mon
TYC 754-273-1,,,32,Gem
TYC 754-2356-1,Alzirr,ξ,31,Gem
TYC 758-2357-1,,,30,Gem
TYC 759-2861-1,,,35,Gem
TYC 760-2586-1,,e,38,Gem
TYC 764-2771-1,,ε,2,CMi
TYC 764-2772-1,,γ,4,CMi
TYC 764-2774-1,Gomeisa,β,3,CMi
TYC 769-501-1,,,,CMi
TYC 772-1775-1,,,6,CMi
TYC 772-1776-1,,,1,CMi
TYC 782-542-1,,,11,CMi
TYC 789-1806-1,,,8,Cnc
TYC 790-1430-1,,,,Gem
TYC 793-1380-1,,,12,Cnc
TYC 794-1622-1,Tarf,β,17,Cnc
TYC 799-1738-1,,,21,Cnc
TYC 800-938-1,,,34,Cnc
TYC 801-886-1,,,37,Cnc
TYC 801-1428-1,,c,36,Cnc
TYC 804-1492-1,,,27,Cnc
TYC 808-1546-1,,,29,Cnc
TYC 813-1445-1,,A2,50,Cnc
TYC 813-1657-1,,,,Cnc
TYC 813-2941-1,,b,49,Cnc
TYC 814-2519-1,,,60,Cnc
TYC 814-3029-1,Acubens,α,65,Cnc
TYC 815-2146-1,,κ,76,Cnc
TYC 816-2496-1,,,,Cnc
TYC 816-2818-1,,A1,45,Cnc
TYC 820-1635-1,,ω,2,Leo
TYC 820-1636-1,,,3,Leo
TYC 821-2130-1,Subra,ο,14,Leo
TYC 821-2131-1,,h,6,Leo
TYC 824-1978-1,,ξ,5,Leo
TYC 825-1543-1,,,81,Cnc
TYC 825-1545-1,,π,82,Cnc
TYC 827-839-1,,,11,Leo
TYC 827-1691-1,,,7,Leo
TYC 829-1744-1,,π,29,Leo
TYC 830-1496-1,,A,31,Leo
TYC 831-343-1,,,18,Leo
TYC 831-841-1,,,19,Leo
TYC 832-1658-1,,ν,27,Leo
TYC 833-1381-1,Regulus,α,32,Leo
TYC 834-269-1,,,23,Leo
TYC 834-1466-1,,ψ,16,Leo
TYC 836-1522-1,,,34,Leo
TYC 838-273-1,,,45,Leo
TYC 838-1485-1,,ρ,47,Leo
TYC 838-1486-1,,,44,Leo
TYC 839-1566-1,,,49,Leo
TYC 843-1501-1,,,37,Leo
TYC 843-1502-1,,,42,Leo
TYC 844-1428-1,,,46,Leo
TYC 849-1444-1,,l,53,Leo
TYC 852-1409-1,,k,52,Leo
TYC 857-983-1,,ω,1,Vir
TYC 858-1221-1,,ι,78,Leo
TYC 861-1283-1,,n,73,Leo
TYC 862-1208-1,,,88,Leo
TYC 864-1209-1,,ξ,2,Vir
TYC 864-1210-1,,A1,4,Vir
TYC 865-1308-1,,A2,6,Vir
TYC 866-1180-1,,ο,9,Vir
TYC 869-1162-1,,,12,Vir
TYC 870-988-1,Denebola,β,94,Leo
TYC 875-998-1,,d2,32,Vir
TYC 877-959-1,,,20,Vir
TYC 878-1101-1,,,27,Vir
TYC 878-1102-1,,ρ,30,Vir
TYC 879-919-1,,,6,Com
TYC 882-1106-1,,,33,Vir
TYC 885-1204-1,,,41,Vir
TYC 885-1205-1,,,34,Vir
TYC 886-1326-1,Vindemiatrix,ε,47,Vir
TYC 887-364-1,,,,Vir
TYC 888-1121-1,,,29,Com
TYC 888-1122-1,,,28,Com
TYC 891-624-1,,e,59,Vir
TYC 892-430-1,,,,Vir
TYC 895-494-1,,,71,Vir
TYC 898-1042-1,,,70,Vir
TYC 900-517-1,,,,Boo
TYC 904-1278-1,,,,
TYC 905-1418-1,,,15,Boo
TYC 908-1283-1,,,14,Boo
TYC 911-1708-1,,,31,Boo
TYC 914-1741-1,,,32,Boo
TYC 915-1442-1,,,18,Boo
TYC 917-1471-1,,ζ,30,Boo
TYC 923-1176-1,,,,Boo
TYC 931-356-1,,,,Ser
TYC 933-1238-1,Nasak Yamani,δ,13,Ser
TYC 933-1240-1,,,16,Ser
TYC 935-33-1,,,7,Ser
TYC 937-1118-1,,χ,20,Ser
TYC 942-1184-1,,υ,31,Ser
TYC 943-1136-1,,,40,Ser
TYC 945-1376-1,,,,Ser
TYC 945-1487-1,,,47,Ser
TYC 949-891-1,,,46,Ser
TYC 949-1437-1,,,45,Ser
TYC 955-1148-1,,,39,Ser
TYC 955-1149-1,,φ,,Ser
TYC 958-1468-1,,,49,Ser
TYC 962-2225-1,,i,43,Her
TYC 963-470-1,,,,Her
TYC 968-1712-1,,h,29,Her
TYC 971-1433-1,Cujam,ω,24,Her
TYC 979-2198-1,,κ,27,Oph
TYC 979-2199-1,,ι,25,Oph
TYC 981-2008-1,,,37,Oph
TYC 982-2322-1,,e,,Oph
TYC 984-2436-1,,,60,Her
TYC 987-110-1,,,49,Her
TYC 987-1894-1,,,,Her
TYC 988-180-1,,,,Her
TYC 988-1951-1,,,32,Oph
TYC 990-2133-1,Rasalgethi,α1,64,Her
TYC 991-1161-1,,,,Oph
TYC 996-317-1,,f,53,Oph
TYC 1000-2508-1,Rasalhague,α,55,Oph
TYC 1004-1321-1,,,,Her
TYC 1005-2131-1,,,,Her
TYC 1008-1945-1,,,71,Oph
TYC 1011-7-1,,,,Oph
TYC 1012-1661-1,,,72,Oph
TYC 1024-2578-1,,,,Oph
TYC 1038-442-1,,,,Her
TYC 1044-844-1,,,,Aql
TYC 1044-1453-1,,,18,Aql
TYC 1050-593-1,,ω1,25,Aql
TYC 1050-597-1,,ω2,29,Aql
TYC 1050-675-1,,A,28,Aql
TYC 1051-1778-1,,,10,Aql
TYC 1051-2478-1,,,11,Aql
TYC 1052-3027-1,Okab,ζ,17,Aql
TYC 1057-2440-1,,υ,49,Aql
TYC 1058-252-1,,,,Aql
TYC 1058-3399-1,Altair,α,53,Aql
TYC 1058-3400-1,Libertas,ξ,59,Aql
TYC 1061-2577-1,Tarazed,γ,50,Aql
TYC 1062-2701-1,,ο,54,Aql
TYC 1062-2702-1,,,,Aql
TYC 1063-519-1,,b,31,Aql
TYC 1065-3060-1,,,46,Aql
TYC 1065-3144-1,,χ,47,Aql
TYC 1066-3553-2,,π,52,Aql
TYC 1066-3555-1,,,,
TYC 1069-3884-1,,,,Aql
TYC 1069-3885-1,,ψ,48,Aql
TYC 1079-3514-1,,φ,61,Aql
TYC 1090-3254-1,,,14,Del
TYC 1091-1875-1,,,1,Del
TYC 1092-1776-1,,κ,7,Del
TYC 1096-1682-1,,η,3,Del
TYC 1096-1683-1,,ι,5,Del
TYC 1096-1684-1,Aldulfin,ε,2,Del
TYC 1098-1201-1,,,16,Del
TYC 1098-1301-1,,,15,Del
TYC 1100-1719-1,,ζ,4,Del
TYC 1100-1720-1,Rotanev,β,6,Del
TYC 1100-1721-1,,θ,8,Del
TYC 1101-2785-1,,,10,Del
TYC 1102-2546-1,,,17,Del
TYC 1107-2709-1,Musica,,18,Del
TYC 1108-2583-1,,γ,5,Equ
TYC 1108-2584-1,,,6,Equ
TYC 1109-2583-1,,δ,7,Equ
TYC 1118-1680-1,,,,Peg
TYC 1120-161-1,,,,Peg
TYC 1125-2186-1,Enif,ε,8,Peg
TYC 1130-1972-1,,,17,Peg
TYC 1133-1258-1,,,,Peg
TYC 1135-877-1,,,19,Peg
TYC 1143-506-1,,,21,Peg
TYC 1143-1614-1,,,20,Peg
TYC 1146-1242-1,,,31,Peg
TYC 1151-735-1,,,36,Peg
TYC 1153-1558-1,,σ,49,Peg
TYC 1153-1559-1,,ρ,50,Peg
TYC 1155-2186-1,Suudalnujum,ξ,46,Peg
TYC 1155-2187-1,Homam,ζ,42,Peg
TYC 1160-1745-1,,,55,Peg
TYC 1161-1161-1,,,,Peg
TYC 1161-1794-1,,,58,Peg
TYC 1161-1795-1,,,59,Peg
TYC 1163-2022-1,,,52,Peg
TYC 1165-1549-1,,,66,Peg
TYC 1168-1611-1,,,70,Peg
TYC 1171-1694-1,,,80,Peg
TYC 1173-1740-1,,,77,Peg
TYC 1174-1713-1,,,82,Peg
TYC 1179-827-1,,,40,Psc
TYC 1179-1775-1,Algenib,γ,88,Peg
TYC 1180-1762-1,,,48,Psc
TYC 1181-1782-1,,,87,Peg
TYC 1183-1804-1,,,46,Psc
TYC 1183-1805-1,,,47,Psc
TYC 1185-810-1,,,,Psc
TYC 1185-2319-1,,χ,89,Peg
TYC 1187-1876-1,,,53,Psc
TYC 1188-1686-1,,,64,Psc
TYC 1188-1687-1,,,57,Psc
TYC 1191-1928-1,,,59,Psc
TYC 1192-1830-1,,,66,Psc
TYC 1193-2067-1,,,55,Psc
TYC 1193-2069-1,,,52,Psc
TYC 1193-2072-1,,,54,Psc
TYC 1194-176-1,,,61,Psc
TYC 1196-1650-1,,,87,Psc
TYC 1198-1597-1,Alpherg,η,99,Psc
TYC 1199-1947-1,,ψ3,81,Psc
TYC 1201-1724-1,,,94,Psc
TYC 1201-1725-1,,ρ,93,Psc
TYC 1201-1727-1,,,97,Psc
TYC 1202-2124-1,,ψ1,74,Psc
TYC 1202-2125-1,,ψ1,74,Psc
TYC 1202-2126-1,,χ,84,Psc
TYC 1202-2127-1,,ψ2,79,Psc
TYC 1205-1654-1,,,105,Psc
TYC 1205-1655-1,,,3,Psc
TYC 1206-1792-1,,,4,Ari
TYC 1209-1835-1,Mesarthim,γ1,5,Ari
TYC 1210-1641-1,,ι,8,Ari
TYC 1211-1730-1,,,109,Psc
TYC 1211-1733-1,,,107,Psc
TYC 1212-830-1,,,,Ari
TYC 1212-1934-1,,,1,Ari
TYC 1212-1935-1,Sheratan,β,6,Ari
TYC 1214-1511-1,,,19,Ari
TYC 1216-1511-1,,,29,Ari
TYC 1217-1559-1,,θ,22,Ari
TYC 1217-1560-1,,,15,Ari
TYC 1219-1986-1,,,26,Ari
TYC 1219-1987-1,,,27,Ari
TYC 1220-1929-1,,η,17,Ari
TYC 1222-2067-1,,ν,32,Ari
TYC 1223-1646-1,,ο,37,Ari
TYC 1223-1987-1,Al Butain,π,42,Ari
TYC 1224-1521-1,,σ,43,Ari
TYC 1226-2016-1,,,40,Ari
TYC 1226-2017-1,,,36,Ari
TYC 1227-1400-1,,,45,Ari
TYC 1227-1401-1,,ρ,46,Ari
TYC 1228-696-1,,,54,Ari
TYC 1228-703-1,,,53,Ari
TYC 1228-2019-1,Botein,δ,57,Ari
TYC 1229-1969-1,Koleon,μ,34,Ari
TYC 1230-1424-1,,ε,48,Ari
TYC 1230-1425-1,,,47,Ari
TYC 1243-280-1,,,14,Tau
TYC 1243-946-1,,,13,Tau
TYC 1244-1190-1,,ζ,58,Ari
TYC 1245-387-1,,,65,Ari
TYC 1245-1184-1,,τ,61,Ari
TYC 1245-1185-1,,,63,Ari
TYC 1249-1065-1,,,,
TYC 1251-128-1,,,48,Tau
TYC 1259-984-1,,,43,Tau
TYC 1261-1718-1,,,32,Tau
TYC 1262-1645-1,,A1,37,Tau
TYC 1262-1646-1,,A2,39,Tau
TYC 1263-1276-1,,,,Tau
TYC 1264-348-1,,,55,Tau
TYC 1264-1008-1,,,63,Tau
TYC 1264-1009-1,Prima Hyadum,γ,54,Tau
TYC 1264-1010-1,,,58,Tau
TYC 1265-1168-1,,,75,Tau
TYC 1265-1169-1,,,,
TYC 1265-1170-1,,θ1,77,Tau
TYC 1265-1171-1,,,70,Tau
TYC 1265-1172-1,Chamukuy,θ2,78,Tau
TYC 1265-1173-1,,,85,Tau
TYC 1265-1174-1,,,81,Tau
TYC 1265-1175-1,,,80,Tau
TYC 1265-1176-1,,,71,Tau
TYC 1265-1177-1,,,84,Tau
TYC 1266-1416-1,Aldebaran,α,87,Tau
TYC 1266-1417-1,,,89,Tau
TYC 1266-1418-1,,σ2,92,Tau
TYC 1266-1419-1,,σ1,91,Tau
TYC 1268-1267-1,Secunda Hyadum,δ,61,Tau
TYC 1269-1244-1,,,64,Tau
TYC 1269-1246-1,,,68,Tau
TYC 1270-424-1,,,,Tau
TYC 1272-1126-1,,ω,50,Tau
TYC 1273-1104-1,Ain,ε,74,Tau
TYC 1276-1621-1,,,56,Tau
TYC 1276-1622-1,,,51,Tau
TYC 1276-1623-1,,,53,Tau
TYC 1276-1624-1,,,,Tau
TYC 1277-1626-1,,κ,65,Tau
TYC 1277-1627-1,,,67,Tau
TYC 1278-2001-1,,,,Tau
TYC 1280-1436-1,,,96,Tau
TYC 1281-792-1,,,101,Tau
TYC 1282-2291-1,,,15,Ori
TYC 1282-2292-1,,,11,Ori
TYC 1286-403-1,,m,104,Tau
TYC 1288-1706-1,,i,97,Tau
TYC 1290-1638-1,,l,106,Tau
TYC 1291-292-1,,,,Tau
TYC 1293-2747-1,,ι,102,Tau
TYC 1294-2526-1,,,105,Tau
TYC 1295-1611-1,,,108,Tau
TYC 1295-1998-1,,n,109,Tau
TYC 1296-357-1,,,110,Tau
TYC 1296-389-1,,,113,Tau
TYC 1296-2340-1,,,116,Tau
TYC 1298-373-1,,,126,Tau
TYC 1299-1090-1,,,129,Tau
TYC 1300-2224-1,,,115,Tau
TYC 1300-2225-1,,,111,Tau
TYC 1301-707-1,The Ruby Star,,119,Tau
TYC 1301-818-1,,,120,Tau
TYC 1301-1940-1,,,117,Tau
TYC 1302-362-1,,,122,Tau
TYC 1303-16-1,,,130,Tau
TYC 1304-1144-1,,,,Tau
TYC 1308-2240-1,,o,114,Tau
TYC 1310-2697-1,Tianguan,ζ,123,Tau
TYC 1311-3045-1,,,,Tau
TYC 1313-1343-1,,,,
TYC 1314-1953-1,,f2,72,Ori
TYC 1314-1954-1,,f1,69,Ori
TYC 1319-2252-1,,,,Ori
TYC 1320-1695-1,,,57,Ori
TYC 1320-2118-1,,χ1,54,Ori
TYC 1321-1515-1,,χ2,62,Ori
TYC 1321-1516-1,,,64,Ori
TYC 1322-1495-1,,,68,Ori
TYC 1322-1496-1,,,71,Ori
TYC 1325-1905-1,,,141,Tau
TYC 1328-708-1,,,19,Gem
TYC 1329-646-1,,,23,Gem
TYC 1329-1746-1,Alhena,γ,24,Gem
TYC 1331-1127-1,,,33,Gem
TYC 1333-1679-1,,,20,Gem
TYC 1334-2419-1,,,26,Gem
TYC 1336-16-1,,,,Gem
TYC 1336-263-1,,,16,Gem
TYC 1336-1812-1,Nucatai,ν,18,Gem
TYC 1340-2544-1,,,15,Gem
TYC 1343-2919-1,,d,36,Gem
TYC 1344-969-1,,,41,Gem
TYC 1345-1965-1,,,45,Gem
TYC 1346-1396-1,,λ,54,Gem
TYC 1346-1397-1,,,51,Gem
TYC 1347-553-1,,,,Gem
TYC 1348-40-1,,,,Gem
TYC 1353-1550-1,Mekbuda,ζ,43,Gem
TYC 1355-489-1,,,61,Gem
TYC 1355-1288-1,,,56,Gem
TYC 1359-2672-1,Wasat,δ,55,Gem
TYC 1359-2673-1,,,63,Gem
TYC 1360-2332-1,,,68,Gem
TYC 1363-2476-1,,,1,Cnc
TYC 1365-2231-1,,,,Gem
TYC 1365-2474-1,,f,74,Gem
TYC 1366-2455-1,,g,81,Gem
TYC 1370-1271-1,,,79,Gem
TYC 1371-2373-1,,,85,Gem
TYC 1376-394-1,,,5,Cnc
TYC 1380-1830-1,,,3,Cnc
TYC 1381-1638-1,Tegmine,ζ1,16,Cnc
TYC 1382-86-1,,d1,20,Cnc
TYC 1383-84-1,,d2,25,Cnc
TYC 1383-1642-1,,θ,31,Cnc
TYC 1388-1791-1,,μ,10,Cnc
TYC 1393-1968-1,,,54,Cnc
TYC 1394-1851-1,,,,Cnc
TYC 1394-2121-1,,ο2,63,Cnc
TYC 1394-2122-1,,ο1,62,Cnc
TYC 1395-806-1,,,40,Cnc
TYC 1395-2327-1,,,35,Cnc
TYC 1395-2544-1,,,38,Cnc
TYC 1395-2552-1,,,,Cnc
TYC 1395-2605-1,,,42,Cnc
TYC 1395-2733-1,Meleph,ε,41,Cnc
TYC 1396-2758-1,Asellus Australis,δ,47,Cnc
TYC 1397-943-1,,,,Cnc
TYC 1398-27-1,,,39,Cnc
TYC 1398-3161-1,,η,33,Cnc
TYC 1399-2905-1,Asellus Borealis,γ,43,Cnc
TYC 1404-1801-1,,,80,Cnc
TYC 1405-943-1,,,83,Cnc
TYC 1407-809-1,,,79,Cnc
TYC 1407-1989-1,Nahn,ξ,77,Cnc
TYC 1410-784-1,,,8,Leo
TYC 1412-1695-1,Al Jabhah,η,30,Leo
TYC 1417-1531-1,,,20,Leo
TYC 1423-1349-1,Algieba,γ1,41,Leo
TYC 1423-1351-1,,,40,Leo
TYC 1425-1567-1,,,,
TYC 1431-1368-1,,m,51,Leo
TYC 1436-1306-1,,b,60,Leo
TYC 1437-2846-1,,,81,Leo
TYC 1437-2847-1,Chertan,θ,70,Leo
TYC 1438-2838-1,,,86,Leo
TYC 1438-2840-1,,,90,Leo
TYC 1438-2841-1,,,85,Leo
TYC 1439-2479-1,Zosma,δ,68,Leo
TYC 1440-2596-1,,,92,Leo
TYC 1440-2597-1,Formosa,,,
TYC 1441-2498-1,,o,95,Leo
TYC 1442-1900-1,,,3,Com
TYC 1443-2662-1,,,93,Leo
TYC 1444-1593-1,,,1,Com
TYC 1444-2450-1,,,,Com
TYC 1444-2568-1,,,2,Com
TYC 1444-2570-1,,,5,Com
TYC 1445-2560-1,,,11,Com
TYC 1446-2468-1,,,24,Com
TYC 1446-2469-1,,,24,Com
TYC 1446-2470-1,,,25,Com
TYC 1446-2471-1,,,27,Com
TYC 1447-2842-1,,,20,Com
TYC 1448-3273-1,,,26,Com
TYC 1449-991-1,,,32,Com
TYC 1450-1132-1,,,38,Com
TYC 1450-1133-1,,,36,Com
TYC 1451-1151-1,,,,
TYC 1454-1134-1,Diadem,α,42,Com
TYC 1455-1412-1,,,35,Com
TYC 1456-522-1,,,,Com
TYC 1456-847-1,,,39,Com
TYC 1460-132-1,,τ,4,Boo
TYC 1460-1180-1,,υ,5,Boo
TYC 1462-202-1,,,1,Boo
TYC 1465-1157-1,,,2,Boo
TYC 1466-1082-1,,e,6,Boo
TYC 1468-1330-1,,,,Boo
TYC 1469-1455-1,,,20,Boo
TYC 1469-1456-1,,,101,Boo
TYC 1470-940-1,,,7,Boo
TYC 1470-1157-1,Muphrid,η,8,Boo
TYC 1472-1436-1,Arcturus,α,16,Boo
TYC 1473-1074-1,,,10,Boo
TYC 1477-189-1,,ο,35,Boo
TYC 1477-1336-1,,π1,29,Boo
TYC 1478-509-1,,,,Boo
TYC 1479-1217-1,,f,22,Boo
TYC 1480-657-1,,,,
TYC 1481-485-1,Arcalís,,,
TYC 1481-694-1,,,,Boo
TYC 1481-722-1,,ξ,37,Boo
TYC 1482-1131-1,,,26,Boo
TYC 1487-1430-1,,τ1,9,Ser
TYC 1489-1252-1,,,,
TYC 1489-1253-1,,,,Ser
TYC 1494-616-1,,τ4,17,Ser
TYC 1494-1862-1,,τ5,18,Ser
TYC 1494-1863-1,,τ2,12,Ser
TYC 1495-371-1,,τ8,26,Ser
TYC 1495-1993-1,,τ6,19,Ser
TYC 1495-1994-1,Nasak Shamiya,β,28,Ser
TYC 1496-2119-1,,γ,41,Ser
TYC 1497-1708-1,,τ3,15,Ser
TYC 1498-1787-1,,ι,21,Ser
TYC 1498-1788-1,,τ7,22,Ser
TYC 1498-1789-1,Gudja,κ,35,Ser
TYC 1502-1782-1,,ρ,38,Ser
TYC 1502-1783-1,,,,Ser
TYC 1504-133-1,,q,,Her
TYC 1507-1114-1,,r,5,Her
TYC 1508-937-1,,,8,Her
TYC 1508-1272-1,,κ,7,Her
TYC 1508-1273-1,Marsic,κ,7,Her
TYC 1510-51-1,,,,
TYC 1512-668-1,,,16,Her
TYC 1513-1261-1,,γ,20,Her
TYC 1514-1249-1,,s,,Her
TYC 1518-1442-1,Kornephoros,β,27,Her
TYC 1519-815-1,,,,Her
TYC 1525-1264-1,,,54,Her
TYC 1541-2807-1,,,,Her
TYC 1541-2808-1,,,,Her
TYC 1554-2021-1,,,93,Her
TYC 1566-3673-1,,,98,Her
TYC 1566-3674-1,,,95,Her
TYC 1566-3676-1,,,96,Her
TYC 1575-1960-1,,,101,Her
TYC 1579-1852-1,,,102,Her
TYC 1580-2157-1,,,106,Her
TYC 1580-2158-1,,,109,Her
TYC 1585-2531-1,Deneb al Okab Borealis,ε,13,Aql
TYC 1586-4530-1,,,,
TYC 1587-2067-1,,,111,Her
TYC 1589-1842-1,,,,Her
TYC 1589-2551-1,,,,Aql
TYC 1591-1918-1,,,110,Her
TYC 1595-923-1,,,,Her
TYC 1596-2751-1,,,112,Her
TYC 1597-1520-1,,,,Vul
TYC 1599-546-1,,,,Sge
TYC 1602-1582-1,,,,Sge
TYC 1602-1782-1,,ε,4,Sge
TYC 1604-1456-1,,,3,Sge
TYC 1604-1460-1,,,2,Sge
TYC 1606-2341-1,Sham,α,5,Sge
TYC 1606-2342-1,,β,6,Sge
TYC 1607-913-1,,,,Sge
TYC 1608-1200-1,,,5,Vul
TYC 1608-1202-1,,,4,Vul
TYC 1609-1475-1,,,7,Vul
TYC 1609-2082-1,,,9,Vul
TYC 1611-606-1,,,,Vul
TYC 1611-2043-1,,,1,Vul
TYC 1611-2044-1,,,1,Sge
TYC 1616-837-1,,,10,Sge
TYC 1616-1861-1,,,11,Sge
TYC 1617-764-1,,,14,Sge
TYC 1617-2050-1,,,,Aql
TYC 1618-1174-1,,,,Sge
TYC 1618-2331-1,,ρ,67,Aql
TYC 1619-749-1,,,,Sge
TYC 1619-3542-1,,δ,7,Sge
TYC 1620-3737-1,,,9,Sge
TYC 1621-1499-1,,,15,Sge
TYC 1621-2189-1,,,13,Sge
TYC 1623-2647-1,,ζ,8,Sge
TYC 1624-3414-1,,γ,12,Sge
TYC 1625-1053-1,,η,16,Sge
TYC 1630-481-1,,θ,17,Sge
TYC 1633-2442-1,Sualocin,α,9,Del
TYC 1634-3055-1,Al Ukud,δ,11,Del
TYC 1634-3056-1,Al Salib,γ2,12,Del
TYC 1634-3057-1,,γ1,12,Del
TYC 1637-2033-1,,,,Del
TYC 1638-1025-1,,,,Del
TYC 1638-2504-1,,,,Del
TYC 1642-835-1,,,,
TYC 1643-2603-1,,,18,Sge
TYC 1645-2169-1,,,29,Vul
TYC 1660-1962-1,,,33,Vul
TYC 1661-2185-1,,,,Vul
TYC 1670-650-1,,,,Peg
TYC 1670-918-1,,,9,Peg
TYC 1670-919-1,,,13,Peg
TYC 1671-710-1,,,,Peg
TYC 1671-986-1,,,1,Peg
TYC 1672-1200-1,,,,Peg
TYC 1673-929-1,,,,Peg
TYC 1673-930-1,,,5,Peg
TYC 1676-1905-1,,,,Peg
TYC 1684-514-1,,,,Peg
TYC 1689-1986-1,,,,
TYC 1692-2205-1,,,25,Peg
TYC 1693-558-1,,,28,Peg
TYC 1694-1747-1,,,33,Peg
TYC 1698-1389-1,,,,Peg
TYC 1702-780-1,,,,Peg
TYC 1704-29-1,,,41,Peg
TYC 1704-805-1,,,39,Peg
TYC 1704-1449-1,,,40,Peg
TYC 1705-1602-1,,,45,Peg
TYC 1711-2475-1,Markab,α,54,Peg
TYC 1717-2193-1,Helvetios,,51,Peg
TYC 1718-2350-1,,,,Peg
TYC 1719-2320-1,,,65,Peg
TYC 1720-1813-1,,,74,Peg
TYC 1721-1813-1,,,76,Peg
TYC 1722-804-1,,,,Peg
TYC 1723-2166-1,,,75,Peg
TYC 1725-2097-1,,φ,81,Peg
TYC 1726-2507-1,,,71,Peg
TYC 1732-2731-1,,,85,Peg
TYC 1735-927-1,,,,And
TYC 1735-3180-1,Alpheratz,α,21,And
TYC 1737-2790-1,,,28,And
TYC 1739-2317-1,,ζ,34,And
TYC 1739-2318-1,,,36,And
TYC 1740-2109-1,,η,38,And
TYC 1741-427-1,,,,And
TYC 1743-857-1,,k,67,Psc
TYC 1744-2936-1,,ε,30,And
TYC 1745-2183-1,,i,65,Psc
TYC 1746-1870-1,,h,68,Psc
TYC 1747-2263-1,,φ,85,Psc
TYC 1750-2134-1,,,,Psc
TYC 1751-2178-1,,υ,90,Psc
TYC 1753-2053-1,,,,Psc
TYC 1754-192-1,Bélénos,,,
TYC 1754-2321-1,,l,91,Psc
TYC 1757-1964-1,,λ,9,Ari
TYC 1757-1965-1,,,7,Ari
TYC 1758-2416-1,Hamal,α,13,Ari
TYC 1758-2417-1,,κ,12,Ari
TYC 1761-2536-1,,,14,Ari
TYC 1761-2537-1,,,16,Ari
TYC 1761-2538-1,,,10,Ari
TYC 1761-2540-1,,,11,Ari
TYC 1763-3028-1,Mothallah,α,2,Tri
TYC 1765-1371-1,,,,Ari
TYC 1769-1308-1,,,20,Ari
TYC 1769-1309-1,,,21,Ari
TYC 1771-1398-1,,,30,Ari
TYC 1776-1395-1,,,35,Ari
TYC 1776-1396-1,Barani,,33,Ari
TYC 1777-688-1,,,,Tri
TYC 1777-1481-1,,,10,Tri
TYC 1778-1522-1,,,12,Tri
TYC 1778-1523-1,,,13,Tri
TYC 1785-603-1,,,,Ari
TYC 1787-1187-1,,,52,Ari
TYC 1788-1347-1,,,60,Ari
TYC 1789-1490-1,Bharani,c,41,Ari
TYC 1790-948-1,,,51,Ari
TYC 1790-1709-1,,,49,Ari
TYC 1791-1519-1,,,56,Ari
TYC 1792-1419-1,,,59,Ari
TYC 1793-1611-1,Lilii Borea,,39,Ari
TYC 1795-1546-1,,,55,Ari
TYC 1797-1555-1,,,66,Ari
TYC 1798-536-1,,,9,Tau
TYC 1799-1439-1,Maia,,20,Tau
TYC 1799-1440-1,Celaeno,,16,Tau
TYC 1799-1441-1,Electra,,17,Tau
TYC 1800-1622-1,,,,Tau
TYC 1800-2200-1,Pleione,,28,Tau
TYC 1800-2202-1,Alcyone,η,25,Tau
TYC 1800-2203-1,Atlas,,27,Tau
TYC 1800-2204-1,Merope,,23,Tau
TYC 1800-2205-1,,,26,Tau
TYC 1801-1864-1,,,64,Ari
TYC 1802-1524-1,,,7,Tau
TYC 1803-1582-1,,,11,Tau
TYC 1803-1583-1,,,18,Tau
TYC 1803-1584-1,Asterope,,21,Tau
TYC 1803-1585-1,Taygeta,q,19,Tau
TYC 1804-2521-1,Sterope,,22,Tau
TYC 1805-1736-1,,,62,Ari
TYC 1809-1349-1,,,,Ari
TYC 1813-817-1,,,33,Tau
TYC 1814-1647-1,,,36,Tau
TYC 1816-1891-1,,,62,Tau
TYC 1816-1892-1,,,72,Tau
TYC 1816-1893-1,,υ,69,Tau
TYC 1820-1416-1,,χ,59,Tau
TYC 1822-2314-1,,,41,Tau
TYC 1822-2315-1,,p,44,Tau
TYC 1824-1167-1,Alkalbain,φ,52,Tau
TYC 1826-1575-1,,ψ,42,Tau
TYC 1830-2127-1,,,95,Tau
TYC 1830-2128-1,,,,Tau
TYC 1830-2129-1,,τ,94,Tau
TYC 1830-2130-1,,,,Tau
TYC 1832-2497-1,,,99,Tau
TYC 1836-1792-1,,k,98,Tau
TYC 1845-3942-1,,,103,Tau
TYC 1845-3944-1,,,,Tau
TYC 1852-1198-1,,,118,Tau
TYC 1853-1958-1,,,,Tau
TYC 1859-1289-1,,,22,Aur
TYC 1859-1470-1,Elnath,β,112,Tau
TYC 1861-2149-1,,,121,Tau
TYC 1862-835-1,,,,Tau
TYC 1864-2010-1,,,2,Gem
TYC 1864-2011-1,Propus,,1,Gem
TYC 1865-2865-1,,,125,Tau
TYC 1866-2044-1,,,,Tau
TYC 1866-2598-1,,,132,Tau
TYC 1867-3204-1,,,139,Tau
TYC 1871-2618-1,,,136,Tau
TYC 1873-935-1,,,,Aur
TYC 1876-1774-1,,,,Aur
TYC 1877-113-1,,,4,Gem
TYC 1877-1716-1,Propus,η,7,Gem
TYC 1877-1717-1,,,8,Gem
TYC 1877-1718-1,,,3,Gem
TYC 1877-1719-1,,,6,Gem
TYC 1878-387-1,,,11,Gem
TYC 1878-861-1,,,12,Gem
TYC 1878-1429-1,Tejat,μ,13,Gem
TYC 1878-1430-1,,,9,Gem
TYC 1878-1431-1,,,10,Gem
TYC 1881-1593-1,,,5,Gem
TYC 1888-1793-1,,,49,Aur
TYC 1889-861-1,,κ,44,Aur
TYC 1892-236-1,,,53,Aur
TYC 1892-778-1,,,54,Aur
TYC 1892-1135-1,,,25,Gem
TYC 1895-1643-1,,,44,Gem
TYC 1895-2276-1,,ω,42,Gem
TYC 1896-11-1,,,48,Gem
TYC 1897-1639-1,Mebsuta,ε,27,Gem
TYC 1898-2479-1,,,37,Gem
TYC 1899-450-1,,,40,Gem
TYC 1899-1584-1,,,39,Gem
TYC 1900-108-1,,,,Gem
TYC 1900-2026-1,,,52,Gem
TYC 1904-1157-1,,,47,Gem
TYC 1905-1168-1,,,28,Gem
TYC 1907-321-1,,,,
TYC 1909-2506-1,,,58,Gem
TYC 1912-2347-1,,,82,Gem
TYC 1913-2400-1,,A,57,Gem
TYC 1916-2155-1,,c,76,Gem
TYC 1916-2156-1,,κ,77,Gem
TYC 1917-2487-1,,,53,Gem
TYC 1918-2337-1,,,64,Gem
TYC 1918-2338-1,,b,65,Gem
TYC 1918-2339-1,Propus,ι,60,Gem
TYC 1918-2340-1,,,59,Gem
TYC 1919-2109-1,,υ,69,Gem
TYC 1920-2194-1,Pollux,β,78,Gem
TYC 1924-2022-1,,σ,75,Gem
TYC 1927-1970-1,,,9,Cnc
TYC 1928-1817-1,Piautos,λ,19,Cnc
TYC 1930-674-1,,,4,Cnc
TYC 1930-1821-1,,ω,2,Cnc
TYC 1931-1927-1,,ψ1,13,Cnc
TYC 1931-1928-1,,ψ,14,Cnc
TYC 1933-747-1,,,,Gem
TYC 1933-2000-1,,φ,83,Gem
TYC 1934-1889-1,,χ,,Gem
TYC 1936-1174-1,,χ,18,Cnc
TYC 1938-445-1,,,,
TYC 1939-1462-1,,,15,Cnc
TYC 1941-1568-1,,,24,Cnc
TYC 1941-2000-1,,υ2,32,Cnc
TYC 1941-2826-1,,,28,Cnc
TYC 1941-2827-1,,υ1,30,Cnc
TYC 1944-2323-1,,φ2,23,Cnc
TYC 1947-1495-1,,φ1,22,Cnc
TYC 1949-2010-1,,ι,48,Cnc
TYC 1949-2011-1,Zubanah,ι,48,Cnc
TYC 1949-2012-1,Copernicus,ρ1,55,Cnc
TYC 1949-2013-1,,,53,Cnc
TYC 1949-2014-1,,ρ2,58,Cnc
TYC 1950-2323-1,,ν,69,Cnc
TYC 1954-1881-1,,,75,Cnc
TYC 1955-1904-1,Al Minlear al Asad,κ,1,Leo
TYC 1956-1536-1,,,67,Cnc
TYC 1956-1858-1,,,70,Cnc
TYC 1957-1674-1,,τ,72,Cnc
TYC 1959-401-1,,,9,Leo
TYC 1959-1582-1,Alterf,λ,4,Leo
TYC 1960-1550-1,Algenubi,ε,17,Leo
TYC 1961-1429-1,,g,22,Leo
TYC 1963-1558-1,,,13,Leo
TYC 1964-1473-1,Rasalas,μ,24,Leo
TYC 1966-51-1,,f,15,Leo
TYC 1967-656-1,,,,Leo
TYC 1969-1260-1,,,35,Leo
TYC 1969-1261-1,Adhafera,ζ,36,Leo
TYC 1969-1262-1,,,39,Leo
TYC 1975-1034-1,,,24,LMi
TYC 1975-1399-1,,,23,LMi
TYC 1977-2632-1,,,41,LMi
TYC 1978-604-1,,,48,LMi
TYC 1978-987-1,,,50,LMi
TYC 1978-1247-1,,,52,LMi
TYC 1978-1614-1,,,64,Leo
TYC 1978-2295-1,,,54,Leo
TYC 1978-2297-1,,,67,Leo
TYC 1979-2291-1,,,43,LMi
TYC 1979-2576-1,,,44,LMi
TYC 1979-2709-1,,,40,LMi
TYC 1981-2471-1,Zubrah,,72,Leo
TYC 1984-113-1,,,,UMa
TYC 1986-2431-1,,,4,Com
TYC 1986-2432-1,,,7,Com
TYC 1989-3203-1,,,13,Com
TYC 1989-3204-1,,,,Com
TYC 1989-3205-1,,,,
TYC 1989-3206-1,,,17,Com
TYC 1989-3208-1,,,17,Com
TYC 1989-3210-1,,,12,Com
TYC 1989-3213-1,Kissin,,21,Com
TYC 1989-3214-1,,,18,Com
TYC 1989-3217-1,,,8,Com
TYC 1990-3779-1,,,,Com
TYC 1990-3780-1,,,22,Com
TYC 1990-3784-1,,,23,Com
TYC 1991-1107-1,,,10,Com
TYC 1991-1895-1,Al Dafirah,γ,15,Com
TYC 1991-1896-1,,,9,Com
TYC 1991-1897-1,,,14,Com
TYC 1991-1901-1,,,16,Com
TYC 1992-2215-1,,,30,Com
TYC 1993-2902-1,,,40,Com
TYC 1995-2586-1,Polaris Galacticus Borealis,,31,Com
TYC 1996-2400-1,,β,43,Com
TYC 1996-2401-1,,,41,Com
TYC 2002-624-1,,,,Boo
TYC 2002-1055-1,,,3,Boo
TYC 2002-1056-1,,,9,Boo
TYC 2009-85-1,,,11,Boo
TYC 2010-1245-1,,d,12,Boo
TYC 2011-985-1,,,,Boo
TYC 2014-639-1,,,,Boo
TYC 2016-334-1,,,,Boo
TYC 2019-1251-1,Izar,ε,36,Boo
TYC 2019-1252-1,,,34,Boo
TYC 2020-1409-1,,ω,41,Boo
TYC 2021-1323-1,,σ,28,Boo
TYC 2024-1355-1,,c,45,Boo
TYC 2027-1405-1,Aulad Alnathlat,ψ,43,Boo
TYC 2027-1406-1,,b,46,Boo
TYC 2029-1690-1,Alphecca,α,5,CrB
TYC 2030-1317-1,,χ,48,Boo
TYC 2031-1389-1,,ο,1,CrB
TYC 2032-1605-1,Nusakan,β,3,CrB
TYC 2033-386-1,,,,Ser
TYC 2035-1749-1,,π,44,Ser
TYC 2036-1674-1,,γ,8,CrB
TYC 2037-1826-1,,ε,13,CrB
TYC 2037-1827-1,,δ,10,CrB
TYC 2038-1873-1,Kamui,,,
TYC 2039-1605-1,Variabilis Coronae,,,CrB
TYC 2041-1805-1,,ι,14,CrB
TYC 2042-1068-1,,,10,Her
TYC 2046-102-1,,,19,Her
TYC 2053-1366-1,,,39,Her
TYC 2054-1147-1,,υ,18,CrB
TYC 2061-489-1,,,63,Her
TYC 2062-1253-1,,,51,Her
TYC 2063-924-1,,,57,Her
TYC 2063-1212-1,,,56,Her
TYC 2065-1930-1,Sarin,δ,65,Her
TYC 2070-787-1,,,48,Her
TYC 2070-1410-1,,,50,Her
TYC 2074-1985-1,,,73,Her
TYC 2076-3366-1,,,79,Her
TYC 2077-4273-1,,,84,Her
TYC 2078-1803-1,,,70,Her
TYC 2079-2057-1,Maasym,λ,76,Her
TYC 2080-3223-1,,,83,Her
TYC 2081-3674-1,,,87,Her
TYC 2083-2619-1,,,,Her
TYC 2085-3062-1,,μ,86,Her
TYC 2087-2410-1,,,78,Her
TYC 2090-4674-1,,,,
TYC 2091-131-1,,,,Her
TYC 2091-4081-1,,,97,Her
TYC 2094-4213-1,,,89,Her
TYC 2095-3224-1,,,100,Her
TYC 2095-3225-1,,,100,Her
TYC 2097-634-1,,,105,Her
TYC 2102-2772-1,,ξ,92,Her
TYC 2103-3078-1,,ο,103,Her
TYC 2105-2583-1,,,108,Her
TYC 2105-2586-1,,t,107,Her
TYC 2109-125-1,,,,Her
TYC 2109-2837-1,,,113,Her
TYC 2122-1291-1,,,,Vul
TYC 2124-468-1,,,,Vul
TYC 2124-2557-1,,,2,Vul
TYC 2129-2771-1,,,8,Vul
TYC 2129-2772-1,Anser,α,6,Vul
TYC 2132-3196-1,,,,Lyr
TYC 2132-3895-1,,,3,Vul
TYC 2133-2963-1,,β2,6,Cyg
TYC 2133-2964-1,Albireo,β1,6,Cyg
TYC 2137-3101-1,,,2,Cyg
TYC 2140-3051-1,,,13,Vul
TYC 2140-3054-1,,,12,Vul
TYC 2141-2712-1,,,14,Vul
TYC 2143-1958-1,,,10,Vul
TYC 2145-1661-1,,,16,Vul
TYC 2147-3303-1,,,,Vul
TYC 2149-1880-1,,,15,Vul
TYC 2150-5010-1,,,9,Cyg
TYC 2151-5895-1,,,,Cyg
TYC 2151-5896-1,,,,Cyg
TYC 2152-6207-1,,,,Vul
TYC 2153-2883-1,,,,
TYC 2154-4100-1,,,17,Vul
TYC 2155-2337-1,,,22,Vul
TYC 2157-1647-1,,,28,Vul
TYC 2159-2068-1,,,,Vul
TYC 2159-2069-1,,,24,Vul
TYC 2159-2070-1,,,25,Vul
TYC 2161-7-1,,,26,Vul
TYC 2162-1673-1,,,18,Vul
TYC 2162-1674-1,,,19,Vul
TYC 2162-1675-1,,,20,Vul
TYC 2163-1794-1,,,23,Vul
TYC 2163-1795-1,,,,Vul
TYC 2165-436-1,,,27,Vul
TYC 2167-1352-1,,,21,Vul
TYC 2174-261-1,,,,Vul
TYC 2174-2867-1,,,30,Vul
TYC 2179-2495-1,,,32,Vul
TYC 2179-2496-1,,,31,Vul
TYC 2183-2726-1,,,,Vul
TYC 2183-2731-1,,,,Vul
TYC 2187-2178-1,,,34,Vul
TYC 2188-2203-1,,,2,Peg
TYC 2190-1548-1,,,,
TYC 2193-2017-1,,κ,10,Peg
TYC 2195-2392-1,,,35,Vul
TYC 2201-2078-1,,μ1,78,Cyg
TYC 2202-1719-1,,,12,Peg
TYC 2206-1964-1,,,16,Peg
TYC 2208-2471-1,,ι,24,Peg
TYC 2214-2037-1,,,15,Peg
TYC 2216-1897-1,,,23,Peg
TYC 2221-1666-1,Sadalnazi,λ,47,Peg
TYC 2225-1821-1,Sadalbari,μ,48,Peg
TYC 2226-2570-1,,,,Peg
TYC 2230-2066-1,,,32,Peg
TYC 2231-1662-1,,,,Peg
TYC 2232-1590-1,Sadalmatar,ο,43,Peg
TYC 2237-1659-1,Salm,τ,62,Peg
TYC 2237-1660-1,Alkarab,υ,68,Peg
TYC 2239-1475-1,,,56,Peg
TYC 2243-1831-1,Scheat,β,53,Peg
TYC 2244-967-1,,,60,Peg
TYC 2248-1688-1,,,61,Peg
TYC 2253-586-1,,,69,Peg
TYC 2255-2883-1,,ψ,84,Peg
TYC 2256-2401-1,,,,Peg
TYC 2257-2521-1,,,78,Peg
TYC 2258-1855-1,,,79,Peg
TYC 2266-725-1,,,,And
TYC 2267-101-1,,,,
TYC 2271-1441-1,,,,
TYC 2273-2081-1,,σ,25,And
TYC 2275-1753-1,,δ,31,And
TYC 2277-843-1,,σ,69,Psc
TYC 2278-1259-1,,g,82,Psc
TYC 2278-1260-1,,τ,83,Psc
TYC 2279-1665-1,,π,29,And
TYC 2282-1007-1,,,76,Psc
TYC 2282-1412-1,,,78,Psc
TYC 2286-1329-1,Mirach,β,43,And
TYC 2301-421-1,,,,Tri
TYC 2305-1638-1,,,,And
TYC 2308-2170-1,,,,Tri
TYC 2309-1661-1,,,5,Tri
TYC 2309-1821-1,,,6,Tri
TYC 2311-2233-1,,,,
TYC 2312-2432-1,,ε,3,Tri
TYC 2314-1819-1,,,7,Tri
TYC 2317-1647-1,Mizan,β,4,Tri
TYC 2318-1874-1,,δ,8,Tri
TYC 2318-1875-1,,γ,9,Tri
TYC 2319-1796-1,,,56,And
TYC 2323-1924-1,,,11,Tri
TYC 2325-639-1,,,,Ari
TYC 2325-1358-1,,,,Ari
TYC 2326-1180-1,,,,Ari
TYC 2330-2043-1,,,21,Per
TYC 2332-1426-1,,,,Tri
TYC 2332-2197-1,,,15,Tri
TYC 2334-1041-1,,,24,Per
TYC 2334-1042-1,,,17,Per
TYC 2335-442-1,,,14,Tri
TYC 2344-2357-1,,,,Per
TYC 2346-1184-1,,,,Per
TYC 2348-1883-1,,,,Per
TYC 2357-2042-1,,,,Per
TYC 2359-1258-1,Atik,ο,38,Per
TYC 2360-1949-1,,n,42,Per
TYC 2361-2820-1,Atik,ζ,44,Per
TYC 2362-115-1,,,,Per
TYC 2363-2185-1,,o,40,Per
TYC 2365-1586-1,,,,Per
TYC 2369-2273-1,Menkib,ξ,46,Per
TYC 2379-2589-1,,,54,Per
TYC 2380-2428-1,,,55,Per
TYC 2380-2429-1,,,56,Per
TYC 2385-661-1,,,,Per
TYC 2391-1446-1,Hassaleh,ι,3,Aur
TYC 2394-2026-1,,,,Aur
TYC 2394-2027-1,,,16,Aur
TYC 2394-2028-1,,,14,Aur
TYC 2398-894-1,,,,Aur
TYC 2398-1022-1,,,18,Aur
TYC 2398-1311-1,,,17,Aur
TYC 2398-1609-1,,,19,Aur
TYC 2399-1843-1,,,2,Aur
TYC 2399-1844-1,,,1,Aur
TYC 2404-1349-1,Andrews' star,,,
TYC 2404-1350-1,,,26,Aur
TYC 2407-2149-1,,χ,25,Aur
TYC 2408-1775-1,,,,Aur
TYC 2410-2668-1,,,,Aur
TYC 2411-1859-1,,,,Aur
TYC 2411-2462-1,,φ,24,Aur
TYC 2415-1779-1,,σ,21,Aur
TYC 2418-1571-1,,υ,31,Aur
TYC 2418-1573-1,Mahasim,θ,37,Aur
TYC 2422-1408-1,,,48,Aur
TYC 2426-345-1,,,,Aur
TYC 2427-361-1,,,,
TYC 2438-1059-1,,τ,46,Gem
TYC 2440-1194-1,,,,Gem
TYC 2444-1113-1,,θ,34,Gem
TYC 2452-2167-1,,ρ,62,Gem
TYC 2457-2407-1,Castor,α,66,Gem
TYC 2458-2151-1,,π,80,Gem
TYC 2461-2342-1,,,70,Gem
TYC 2462-2103-1,Jishui,ο,71,Gem
TYC 2464-2366-1,,,65,Aur
TYC 2473-1324-1,,,,
TYC 2475-1304-1,,,,Lyn
TYC 2484-2191-1,,,46,Cnc
TYC 2485-2094-1,,σ1,51,Cnc
TYC 2485-2095-1,,σ3,64,Cnc
TYC 2485-2096-1,,,57,Cnc
TYC 2485-2097-1,,,61,Cnc
TYC 2488-1707-1,,σ2,59,Cnc
TYC 2489-2140-1,,,32,Lyn
TYC 2489-2141-1,,,33,Lyn
TYC 2492-1845-1,,,66,Cnc
TYC 2492-1847-1,,,,Cnc
TYC 2495-846-1,,,,
TYC 2496-1728-1,,α,40,Lyn
TYC 2497-418-1,Illyrian,,,
TYC 2497-1011-1,,,7,LMi
TYC 2499-1655-1,,,38,Lyn
TYC 2500-1007-1,,,9,LMi
TYC 2500-1532-1,,,10,LMi
TYC 2500-1533-1,,,11,LMi
TYC 2500-1534-1,,,8,LMi
TYC 2502-763-1,,,18,LMi
TYC 2503-1516-1,,,20,LMi
TYC 2507-1025-1,,,13,LMi
TYC 2509-1343-1,,,21,LMi
TYC 2510-1648-1,,,22,LMi
TYC 2511-1306-1,,,33,LMi
TYC 2512-1144-1,,,37,LMi
TYC 2512-1145-1,,,,LMi
TYC 2512-1146-1,,,42,LMi
TYC 2513-1223-1,,,27,LMi
TYC 2514-1293-1,,,28,LMi
TYC 2514-1294-1,,,30,LMi
TYC 2514-1295-1,,,34,LMi
TYC 2515-1141-1,,,36,LMi
TYC 2517-1209-1,,β,31,LMi
TYC 2517-1211-1,,,29,LMi
TYC 2518-1170-1,,,35,LMi
TYC 2519-2586-1,,,46,UMa
TYC 2520-2631-1,Alula Borealis,ν,54,UMa
TYC 2521-2271-1,Praecipua,,46,LMi
TYC 2521-2272-1,,,47,LMi
TYC 2521-2279-1,Lalande 21185,,,
TYC 2522-1438-1,,,,UMa
TYC 2522-2244-1,,,,UMa
TYC 2522-2245-1,,,,UMa
TYC 2523-2743-1,,,62,UMa
TYC 2525-2445-1,,,61,UMa
TYC 2526-1141-1,,,,UMa
TYC 2528-2277-1,,,,
TYC 2532-2226-1,,,37,Com
TYC 2533-1452-1,,,,CVn
TYC 2534-304-1,,,14,CVn
TYC 2541-727-1,,,,CVn
TYC 2542-1094-1,,,,CVn
TYC 2543-1189-1,,,25,CVn
TYC 2547-1181-1,,,,CVn
TYC 2547-1182-1,,,,CVn
TYC 2552-1081-1,,A,,Boo
TYC 2553-1140-1,,ρ,25,Boo
TYC 2559-1172-1,,,,Boo
TYC 2562-1241-1,,,,Boo
TYC 2563-1366-1,,η,2,CrB
TYC 2564-1629-1,,θ,4,CrB
TYC 2566-1639-1,Thiba,δ,49,Boo
TYC 2566-1640-1,,,50,Boo
TYC 2570-1518-1,,μ2,51,Boo
TYC 2570-1521-1,Alkalurops,μ1,51,Boo
TYC 2574-1972-1,,π,9,CrB
TYC 2576-2228-1,,ρ,15,CrB
TYC 2577-1754-1,,ζ1,7,CrB
TYC 2578-1609-1,,κ,11,CrB
TYC 2579-2094-1,,τ,16,CrB
TYC 2580-2437-1,,,23,Her
TYC 2580-2438-1,,ξ,19,CrB
TYC 2581-2343-1,,,32,Her
TYC 2582-3158-1,Rutilicus,ζ,40,Her
TYC 2583-1846-1,,σ,17,CrB
TYC 2583-1993-1,,ν1,20,CrB
TYC 2583-2106-1,,ν2,21,CrB
TYC 2587-70-1,,,25,Her
TYC 2589-1303-1,,,53,Her
TYC 2590-1412-1,,ε,58,Her
TYC 2594-1823-1,,d,59,Her
TYC 2596-1317-1,,w,72,Her
TYC 2596-1318-1,,u,68,Her
TYC 2598-1659-1,,,61,Her
TYC 2603-1829-1,,c,,Her
TYC 2604-1774-1,,π,67,Her
TYC 2604-1775-1,,e,69,Her
TYC 2604-1777-1,,ρ,75,Her
TYC 2608-2411-1,,ν,94,Her
TYC 2613-2218-1,,,,
TYC 2620-2298-1,,θ,91,Her
TYC 2621-2683-1,,b,99,Her
TYC 2622-1995-1,,A,104,Her
TYC 2635-1483-1,,κ,1,Lyr
TYC 2639-2460-1,,,,
TYC 2640-2019-1,,,19,Lyr
TYC 2642-2929-1,Sheliak,β,10,Lyr
TYC 2642-2931-1,,ν1,8,Lyr
TYC 2642-2932-1,,ν,9,Lyr
TYC 2643-3345-1,,,,
TYC 2643-3346-1,Sulafat,γ,14,Lyr
TYC 2643-3347-1,,λ,15,Lyr
TYC 2644-2411-1,,,17,Lyr
TYC 2649-1153-1,Xihe,,,
TYC 2650-2146-1,,δ1,11,Lyr
TYC 2651-2548-1,,δ2,12,Lyr
TYC 2652-1709-1,,ι,18,Lyr
TYC 2654-3277-1,,,,
TYC 2656-5248-1,,φ,12,Cyg
TYC 2658-2556-1,,,,
TYC 2660-4227-1,,,17,Cyg
TYC 2663-996-1,,,,Cyg
TYC 2663-1148-1,,,8,Cyg
TYC 2665-2093-1,,,,
TYC 2666-2297-1,,,4,Cyg
TYC 2667-100-1,,,11,Cyg
TYC 2668-995-1,,,15,Cyg
TYC 2673-65-1,,,,Cyg
TYC 2674-5840-1,,,,Cyg
TYC 2676-1688-1,,,39,Cyg
TYC 2677-1816-1,,η,21,Cyg
TYC 2680-1628-1,,,35,Cyg
TYC 2682-1564-1,,,,Cyg
TYC 2682-3762-1,,,25,Cyg
TYC 2683-3961-1,,b2,28,Cyg
TYC 2683-3962-1,,b3,29,Cyg
TYC 2683-3963-1,,b1,27,Cyg
TYC 2684-2041-1,,,36,Cyg
TYC 2685-1920-1,,,41,Cyg
TYC 2686-1751-1,,,48,Cyg
TYC 2687-2651-1,,,52,Cyg
TYC 2690-1645-1,,,49,Cyg
TYC 2694-2168-1,,,47,Cyg
TYC 2695-455-1,,,,Cyg
TYC 2695-4136-1,,,,Cyg
TYC 2695-4138-1,,,,Cyg
TYC 2695-4139-1,Aljanah,ε,53,Cyg
TYC 2697-1634-1,,,44,Cyg
TYC 2697-1635-1,,,42,Cyg
TYC 2699-3425-1,,λ,54,Cyg
TYC 2701-3917-1,,,,Cyg
TYC 2701-3919-1,,,,Cyg
TYC 2702-2764-1,,ζ,64,Cyg
TYC 2710-2647-1,,υ,66,Cyg
TYC 2715-3977-1,,,69,Cyg
TYC 2716-2883-1,,,70,Cyg
TYC 2718-2224-1,,,14,Peg
TYC 2724-2354-1,,π,29,Peg
TYC 2724-2355-1,,π1,27,Peg
TYC 2725-2262-1,,,,Cyg
TYC 2734-597-1,,,,Peg
TYC 2736-1823-1,Matar,η,44,Peg
TYC 2739-2138-1,,,38,Peg
TYC 2752-2219-1,,,64,Peg
TYC 2752-2220-1,,,63,Peg
TYC 2755-2215-1,,,,Peg
TYC 2759-2238-1,,,,Peg
TYC 2766-1925-1,,,72,Peg
TYC 2769-507-1,,,67,Peg
TYC 2770-2052-1,,,73,Peg
TYC 2772-1532-1,,,,
TYC 2779-1092-1,,,,And
TYC 2782-2251-1,,θ,24,And
TYC 2783-2251-1,,ρ,27,And
TYC 2786-2020-1,,,23,And
TYC 2794-1375-1,,,,And
TYC 2794-1709-1,,,26,And
TYC 2796-2404-1,,,,And
TYC 2798-472-1,,,,And
TYC 2798-1667-1,,μ,37,And
TYC 2800-766-1,,,45,And
TYC 2801-2090-1,,ν,35,And
TYC 2801-2091-1,,,32,And
TYC 2807-2079-1,,,39,And
TYC 2808-2069-1,,,,And
TYC 2808-2070-1,,,44,And
TYC 2811-2324-1,,,41,And
TYC 2813-2103-1,,,47,And
TYC 2819-2290-1,,τ,53,And
TYC 2820-2261-1,,,55,And
TYC 2822-2210-1,Titawin,υ,50,And
TYC 2823-2455-1,,,,
TYC 2825-2536-1,,,,And
TYC 2826-2183-1,,χ,52,And
TYC 2829-2251-1,,,58,And
TYC 2830-2552-1,,,59,And
TYC 2830-2553-1,,,59,And
TYC 2837-2311-1,Almach,γ1,57,And
TYC 2840-1669-1,Buna,,,
TYC 2842-2371-1,,b,60,And
TYC 2846-1428-1,,,20,Per
TYC 2846-1429-1,,,16,Per
TYC 2847-1572-1,Gorgonea Tertia,ρ,25,Per
TYC 2849-2054-1,,,12,Per
TYC 2850-2115-1,Gorgonea Secunda,π,22,Per
TYC 2851-2168-1,Algol,β,26,Per
TYC 2852-2474-1,Gorgonea Quarta,ω,28,Per
TYC 2857-2226-1,,,14,Per
TYC 2859-2274-1,Misam,κ,27,Per
TYC 2860-2382-1,,,30,Per
TYC 2866-2737-1,,,,Per
TYC 2868-1623-1,,ε,45,Per
TYC 2871-2573-1,,ν,41,Per
TYC 2873-3762-1,,l,32,Per
TYC 2874-518-1,,,,Per
TYC 2875-2557-1,,,,Per
TYC 2877-1168-1,,,49,Per
TYC 2877-1545-1,,,50,Per
TYC 2882-2046-1,,f,52,Per
TYC 2886-2036-1,,,,Per
TYC 2888-2054-1,,e,58,Per
TYC 2888-2055-1,,m,57,Per
TYC 2894-3065-1,,,4,Aur
TYC 2896-2101-1,Alhiba,μ,11,Aur
TYC 2899-369-1,,,5,Aur
TYC 2899-2009-1,,,6,Aur
TYC 2899-2236-1,Saclateni,ζ,8,Aur
TYC 2899-2237-1,Haedus,η,10,Aur
TYC 2900-2157-1,,λ,15,Aur
TYC 2901-2232-1,,,,
TYC 2904-199-1,,,,Aur
TYC 2905-1228-1,Bidelman's Peculiar Star,,,
TYC 2905-1947-1,,,59,Per
TYC 2907-1275-1,Almaaz,ε,7,Aur
TYC 2910-447-1,,,,Aur
TYC 2911-1795-1,,τ,29,Aur
TYC 2912-1835-1,,ν,32,Aur
TYC 2914-71-1,,,,Aur
TYC 2917-2528-1,,ρ,20,Aur
TYC 2924-2742-1,Menkalinan,β,34,Aur
TYC 2925-806-1,,,40,Aur
TYC 2927-323-1,Lucilinburhuc,,,
TYC 2930-1240-1,,,,Aur
TYC 2932-2463-1,,,51,Aur
TYC 2932-2464-1,,ψ3,52,Aur
TYC 2933-2393-1,,,39,Aur
TYC 2933-2394-1,,,38,Aur
TYC 2936-2025-1,,ψ2,50,Aur
TYC 2942-1708-1,,ψ8,61,Aur
TYC 2942-2005-1,,,59,Aur
TYC 2942-2006-1,,,60,Aur
TYC 2942-2007-1,,,62,Aur
TYC 2944-1954-1,,,63,Aur
TYC 2948-1039-1,,,64,Aur
TYC 2950-1335-1,,,,Aur
TYC 2950-1863-1,,ψ7,58,Aur
TYC 2953-1956-1,,ψ4,55,Aur
TYC 2953-1958-1,,ψ5,56,Aur
TYC 2954-1881-1,,,,Aur
TYC 2956-874-1,,,,Aur
TYC 2959-1907-1,,,,Lyn
TYC 2961-2073-1,,,66,Aur
TYC 2978-1152-1,,,,Lyn
TYC 2979-1990-1,,,28,Lyn
TYC 2980-2184-1,Alsciaukat,,31,Lyn
TYC 2983-1340-1,,,,Lyn
TYC 2986-1978-1,,,10,UMa
TYC 2988-1628-1,,,35,Lyn
TYC 2990-1662-1,,,36,Lyn
TYC 2992-1686-1,,,,Lyn
TYC 2992-1688-1,,,43,Lyn
TYC 2993-1588-1,,,16,LMi
TYC 2995-1482-1,,,42,Lyn
TYC 2996-1547-1,,,19,LMi
TYC 3002-1365-1,,,32,LMi
TYC 3002-1366-1,,,38,LMi
TYC 3004-567-1,,,,UMa
TYC 3004-578-1,,,,
TYC 3004-1418-1,Tania Australis,μ,34,UMa
TYC 3007-67-1,,,,
TYC 3007-1286-1,Tania Borealis,λ,33,UMa
TYC 3009-2703-1,Chalawan,,47,UMa
TYC 3010-2498-1,,,49,UMa
TYC 3010-2500-1,,,51,UMa
TYC 3010-2501-1,,,55,UMa
TYC 3011-2549-1,,ω,45,UMa
TYC 3012-2519-1,,ψ,52,UMa
TYC 3013-2482-1,,,57,UMa
TYC 3014-574-1,Groombridge 1830,,,
TYC 3015-1679-1,,,58,UMa
TYC 3015-2320-1,,,59,UMa
TYC 3015-2321-1,,,56,UMa
TYC 3017-2100-1,,,2,CVn
TYC 3018-747-1,,,9,CVn
TYC 3018-2755-1,,,6,CVn
TYC 3019-2030-1,,,67,UMa
TYC 3020-1698-1,,,4,CVn
TYC 3020-2541-1,Chara,β,8,CVn
TYC 3021-2548-1,,,10,CVn
TYC 3021-2644-1,,,,CVn
TYC 3021-2645-1,Cor Caroli,α2,12,CVn
TYC 3021-2646-1,,α1,12,CVn
TYC 3022-2305-1,,,19,CVn
TYC 3022-2306-1,,,20,CVn
TYC 3022-2308-1,,,15,CVn
TYC 3022-2310-1,,,17,CVn
TYC 3028-1187-1,,,23,CVn
TYC 3036-1151-1,Seginus,γ,27,Boo
TYC 3039-237-1,,,,
TYC 3040-969-1,,,,Boo
TYC 3042-1023-1,,,33,Boo
TYC 3044-1352-1,,,40,Boo
TYC 3047-1258-1,Nekkar,β,42,Boo
TYC 3048-172-1,Nikawiy,,,
TYC 3053-798-1,,,,
TYC 3053-2219-1,,μ,6,CrB
TYC 3054-2094-1,,λ,12,CrB
TYC 3055-2340-1,,ν2,53,Boo
TYC 3055-2341-1,,ν1,52,Boo
TYC 3056-1900-1,Ceginus,φ,54,Boo
TYC 3057-2021-1,,χ,1,Her
TYC 3060-1880-1,,,2,Her
TYC 3060-1881-1,,,4,Her
TYC 3061-1027-1,,,,
TYC 3062-2252-1,,,,
TYC 3066-2213-1,,σ,35,Her
TYC 3066-2214-1,,g,30,Her
TYC 3067-576-1,,,14,Her
TYC 3067-1842-1,,φ,11,Her
TYC 3070-1595-1,,η,44,Her
TYC 3078-360-1,,,,Her
TYC 3088-2412-1,,,,Her
TYC 3090-1896-1,,,,Her
TYC 3093-1947-1,,f,90,Her
TYC 3102-1975-1,,,,
TYC 3105-2070-1,Vega,α,3,Lyr
TYC 3108-2592-1,Al Athfar,μ,2,Lyr
TYC 3109-2453-1,,,,Lyr
TYC 3118-2080-1,Nasr Alwaki,ζ1,6,Lyr
TYC 3118-2081-1,,ζ2,7,Lyr
TYC 3121-2285-1,Aladfar,η,20,Lyr
TYC 3121-2287-1,,θ,21,Lyr
TYC 3122-3438-2,Double Double,ε1,4,Lyr
TYC 3122-3439-1,,ε2,5,Lyr
TYC 3131-2155-1,,,13,Lyr
TYC 3137-3764-1,,,19,Cyg
TYC 3137-3765-1,,,22,Cyg
TYC 3141-3692-1,,,,Cyg
TYC 3143-2178-1,,,14,Cyg
TYC 3147-30-1,,,,Cyg
TYC 3150-3061-1,,,,
TYC 3151-3442-1,Revenant of the Swan,P,34,Cyg
TYC 3152-2083-1,,,40,Cyg
TYC 3153-705-1,,,,
TYC 3156-2223-1,Sadr,γ,37,Cyg
TYC 3164-1678-1,,,,Cyg
TYC 3166-772-1,,,,Cyg
TYC 3168-2798-1,Bessel's Star,,61,Cyg
TYC 3168-2800-1,,,61,Cyg
TYC 3169-3875-1,,,,Cyg
TYC 3169-3876-1,,τ,65,Cyg
TYC 3171-2186-1,,ν,58,Cyg
TYC 3173-3151-1,,σ,67,Cyg
TYC 3179-1248-1,,,56,Cyg
TYC 3179-1354-1,,,57,Cyg
TYC 3180-2696-1,,ξ,62,Cyg
TYC 3181-836-1,,A,68,Cyg
TYC 3183-3283-1,,,72,Cyg
TYC 3184-2738-1,,,79,Cyg
TYC 3187-2159-1,,,74,Cyg
TYC 3188-1702-1,,,76,Cyg
TYC 3188-1949-1,,,77,Cyg
TYC 3189-1865-1,,,,Cyg
TYC 3195-1021-1,,,,Cyg
TYC 3196-2204-1,,,75,Cyg
TYC 3199-3591-1,,,1,Lac
TYC 3201-94-1,,,10,Lac
TYC 3205-2482-1,,,8,Lac
TYC 3205-2483-1,,,8,Lac
TYC 3209-2260-1,,,6,Lac
TYC 3210-2003-1,,,,Cyg
TYC 3216-1509-1,,,,And
TYC 3218-2413-1,,,12,Lac
TYC 3219-3491-1,,,,Lac
TYC 3222-1934-1,,,13,Lac
TYC 3223-3619-1,,,14,Lac
TYC 3223-3620-1,,,16,Lac
TYC 3224-3432-1,,,2,And
TYC 3224-3434-1,,ο,1,And
TYC 3225-3347-1,,,10,And
TYC 3225-3348-1,,,9,And
TYC 3226-2285-1,,,11,Lac
TYC 3227-3865-1,,,15,Lac
TYC 3228-3103-1,,,,And
TYC 3229-3137-1,,,6,And
TYC 3230-785-1,,,12,And
TYC 3231-323-1,Veritate,,14,And
TYC 3235-1512-1,,,15,And
TYC 3238-796-1,,,,And
TYC 3238-1934-1,,,13,And
TYC 3241-708-1,,,,And
TYC 3243-1412-1,,ι,17,And
TYC 3244-1530-1,,κ,19,And
TYC 3246-880-1,,,22,And
TYC 3246-2388-1,,,,And
TYC 3253-812-1,,,68,Cas
TYC 3253-1987-1,,π,20,Cas
TYC 3253-1988-1,,ο,22,Cas
TYC 3257-2189-1,,ξ,19,Cas
TYC 3259-394-1,Pearce's Star,,,Cas
TYC 3260-2342-1,,,,Cas
TYC 3261-246-1,,,,Cas
TYC 3262-353-1,,,,And
TYC 3265-2400-1,Adhil,ξ,46,And
TYC 3265-2401-1,,ω,48,And
TYC 3267-1681-1,,,,And
TYC 3268-835-1,,,,And
TYC 3268-1358-1,,φ,42,And
TYC 3274-1232-1,,,,Cas
TYC 3274-2090-1,,ν,25,Cas
TYC 3278-2505-1,,,,And
TYC 3282-2270-1,,,,And
TYC 3282-2271-1,Nembus,,51,And
TYC 3282-2272-1,Thail,A,49,And
TYC 3283-183-1,,,,And
TYC 3288-2587-1,,,3,Per
TYC 3291-2117-1,,,2,Per
TYC 3291-2118-1,,φ,,Per
TYC 3293-2271-1,,,6,Per
TYC 3298-896-1,,c,62,And
TYC 3302-908-1,,,63,And
TYC 3302-1892-1,,,65,And
TYC 3302-1893-1,,,64,And
TYC 3303-345-1,,,66,And
TYC 3304-2737-1,,θ,13,Per
TYC 3312-3022-1,,,36,Per
TYC 3314-1278-1,,,,Per
TYC 3314-1386-1,,,,Per
TYC 3316-2307-1,,,,Per
TYC 3316-2308-1,,σ,35,Per
TYC 3317-3033-1,,ψ,37,Per
TYC 3317-3034-1,,δ,39,Per
TYC 3318-1840-1,,ι,,Per
TYC 3319-2073-1,,,29,Per
TYC 3319-2074-1,,,31,Per
TYC 3320-2808-1,Mirfak,α,33,Per
TYC 3320-2810-1,,,34,Per
TYC 3320-2812-1,,,,Per
TYC 3320-2814-1,,,,Per
TYC 3323-91-1,,,,Per
TYC 3329-2516-1,,d,53,Per
TYC 3332-2426-1,,μ,51,Per
TYC 3332-2427-1,Nembus,c,48,Per
TYC 3335-2097-1,,λ,47,Per
TYC 3336-2435-1,,b,,Per
TYC 3339-1703-1,,A,43,Per
TYC 3341-1095-1,,b2,,Per
TYC 3343-895-1,,,,
TYC 3357-2332-1,,,9,Aur
TYC 3358-3141-1,Capella,α,13,Aur
TYC 3361-1787-1,,π,35,Aur
TYC 3362-1371-1,,,,Aur
TYC 3368-1338-1,,ο,27,Aur
TYC 3369-858-1,,,,Aur
TYC 3375-1206-1,,,43,Aur
TYC 3375-1677-1,,,42,Aur
TYC 3376-1530-1,,,47,Aur
TYC 3378-1788-1,,,36,Aur
TYC 3379-1707-1,,,41,Aur
TYC 3384-1194-1,Dolones,ψ1,46,Aur
TYC 3386-977-1,,,35,Cam
TYC 3391-2639-1,,ψ9,,Aur
TYC 3391-2640-1,,,16,Lyn
TYC 3396-2196-1,,,,
TYC 3398-2490-1,,ψ6,57,Aur
TYC 3401-1647-1,,,22,Lyn
TYC 3401-1648-1,,,21,Lyn
TYC 3404-878-1,,,,Lyn
TYC 3407-1701-1,,,25,Lyn
TYC 3410-2933-1,,,26,Lyn
TYC 3414-2496-1,,,27,Lyn
TYC 3415-2484-1,,,,
TYC 3416-2267-1,,,34,Lyn
TYC 3420-2149-1,Talitha,ι,9,UMa
TYC 3424-1626-1,Alkaphrah,κ,12,UMa
TYC 3425-1596-1,Intercrus,,41,Lyn
TYC 3430-1673-1,Alhaud,f,15,UMa
TYC 3431-1099-1,,,37,Lyn
TYC 3432-1450-1,,,26,UMa
TYC 3432-1451-1,,θ,25,UMa
TYC 3433-3-1,,,14,LMi
TYC 3433-1531-1,,,15,LMi
TYC 3436-1469-1,,,31,UMa
TYC 3437-811-1,,,,
TYC 3438-194-1,,,,
TYC 3440-1180-1,,,,UMa
TYC 3450-697-1,,,,UMa
TYC 3451-97-1,,,,UMa
TYC 3451-1061-1,,,,UMa
TYC 3452-1644-1,,,60,UMa
TYC 3452-1883-1,,,,
TYC 3452-2140-1,Taiyangshou,χ,63,UMa
TYC 3452-2143-2,,,65,UMa
TYC 3457-1877-1,,,3,CVn
TYC 3458-2328-1,,,5,CVn
TYC 3458-2329-1,,,7,CVn
TYC 3459-2144-1,,,11,CVn
TYC 3459-2145-1,,,,CVn
TYC 3459-2147-1,La Superba,,,CVn
TYC 3460-2120-1,,,,CVn
TYC 3462-2651-1,,,21,CVn
TYC 3466-1270-1,,,24,CVn
TYC 3467-1257-1,Alkaid,η,85,UMa
TYC 3468-1122-1,,,13,Boo
TYC 3469-1262-1,,,,
TYC 3470-608-1,,,,UMa
TYC 3471-1250-1,Asellus Tertius,κ2,17,Boo
TYC 3471-1251-1,,κ1,17,Boo
TYC 3472-1264-1,Xuange,λ,19,Boo
TYC 3474-1062-1,Merga,h,38,Boo
TYC 3475-1198-1,,g,24,Boo
TYC 3476-1538-1,,,,Boo
TYC 3477-1326-1,,,,
TYC 3477-1328-1,,,39,Boo
TYC 3478-1332-1,Asellus Primus,θ,23,Boo
TYC 3478-1333-1,Asellus Secundus,ι,21,Boo
TYC 3481-1099-1,,,,Boo
TYC 3484-1579-1,,k,47,Boo
TYC 3484-1580-1,,i,44,Boo
TYC 3489-1587-1,,,,Boo
TYC 3491-1859-1,,υ,6,Her
TYC 3492-1909-1,,τ,22,Her
TYC 3500-2419-1,,,52,Her
TYC 3501-1373-1,,,,
TYC 3502-2257-1,,,34,Her
TYC 3502-2258-1,,,42,Her
TYC 3508-1742-1,,,74,Her
TYC 3510-1876-1,,ι,85,Her
TYC 3511-318-1,,,,Her
TYC 3511-2142-1,,,,Her
TYC 3513-423-1,,y,82,Her
TYC 3513-482-1,,x,77,Her
TYC 3515-1274-1,,z,88,Her
TYC 3521-1800-1,Rastaban,β,23,Dra
TYC 3523-1684-1,Eltanin,γ,33,Dra
TYC 3523-1685-1,,,30,Dra
TYC 3525-186-1,,,,
TYC 3545-3041-1,,,16,Lyr
TYC 3549-2883-1,,,,Dra
TYC 3550-1848-1,,,,
TYC 3554-1071-1,,,,Cyg
TYC 3555-2111-1,,,7,Cyg
TYC 3555-2112-1,,ι,10,Cyg
TYC 3557-2486-1,Fawaris,δ,18,Cyg
TYC 3559-2796-1,,,30,Cyg
TYC 3559-2797-1,,ο1,31,Cyg
TYC 3562-2427-1,,,,Cyg
TYC 3563-2401-1,,,,Cyg
TYC 3564-3157-1,,θ,13,Cyg
TYC 3564-3159-1,,,,Cyg
TYC 3565-1524-1,,c,16,Cyg
TYC 3565-1525-1,,c,16,Cyg
TYC 3566-1919-1,,e,26,Cyg
TYC 3568-2325-1,,,,
TYC 3570-2426-1,,ψ,24,Cyg
TYC 3572-692-1,,,,Cyg
TYC 3572-1530-1,,,,Cyg
TYC 3573-1361-1,,,,Cyg
TYC 3574-3347-1,Deneb,α,50,Cyg
TYC 3575-6709-1,,,55,Cyg
TYC 3576-2157-1,,ο2,32,Cyg
TYC 3579-4461-1,,f1,59,Cyg
TYC 3581-2029-1,,,43,Cyg
TYC 3581-2030-1,Ruchba,ω2,46,Cyg
TYC 3581-2031-1,Ruchba,ω1,45,Cyg
TYC 3582-2132-1,,,51,Cyg
TYC 3588-12112-1,,,60,Cyg
TYC 3590-3349-1,,g,71,Cyg
TYC 3591-3420-1,,,,Cyg
TYC 3591-3421-1,,ρ,73,Cyg
TYC 3591-3422-1,,,,Cyg
TYC 3592-7443-1,,f2,63,Cyg
TYC 3598-1644-1,,,,Cyg
TYC 3603-3215-1,Azelfafage,π1,80,Cyg
TYC 3605-2848-1,,,,Lac
TYC 3606-784-1,,,,Lac
TYC 3607-2600-1,,,2,Lac
TYC 3609-2651-1,,,,Lac
TYC 3609-2652-1,,,,Lac
TYC 3611-2304-1,,,5,Lac
TYC 3612-3062-1,,π2,81,Cyg
TYC 3615-3021-1,,,4,Lac
TYC 3619-4081-1,,β,3,Lac
TYC 3623-2738-1,,,4,And
TYC 3626-1877-1,,,,Lac
TYC 3628-955-1,,,,Lac
TYC 3628-3193-1,,α,7,Lac
TYC 3631-1888-1,,,,And
TYC 3631-1934-1,,,5,And
TYC 3631-2230-1,,,3,And
TYC 3631-2231-1,,,7,And
TYC 3632-3260-1,,,9,Lac
TYC 3636-2562-1,,,,And
TYC 3637-1179-1,,,,And
TYC 3638-438-1,,,,And
TYC 3638-2515-1,,λ,16,And
TYC 3638-2516-1,,ψ,20,And
TYC 3639-164-1,,,,And
TYC 3639-484-1,,,,And
TYC 3640-1810-1,,,11,And
TYC 3644-2208-1,,,8,And
TYC 3646-911-1,,,18,And
TYC 3647-12-1,,,,
TYC 3654-2132-1,Fulu,ζ,17,Cas
TYC 3658-2414-1,,λ,14,Cas
TYC 3663-2668-1,Shedar,α,18,Cas
TYC 3663-2669-1,Achird,η,24,Cas
TYC 3664-1985-1,Caph,β,11,Cas
TYC 3664-1986-1,,,,Cas
TYC 3673-1923-1,Marfak,θ,33,Cas
TYC 3673-1929-1,Marfak,μ,30,Cas
TYC 3677-1107-1,,,,Cas
TYC 3679-2209-1,,,,Cas
TYC 3680-1839-1,Castula,υ2,28,Cas
TYC 3680-1840-1,,υ1,26,Cas
TYC 3682-2389-1,,φ,34,Cas
TYC 3683-2185-1,,χ,39,Cas
TYC 3688-2149-1,,,1,Per
TYC 3689-131-1,,g,4,Per
TYC 3690-536-1,,,,Per
TYC 3690-2172-1,,i,9,Per
TYC 3690-2361-1,,,,Per
TYC 3693-1718-1,,,5,Per
TYC 3694-1454-1,,,10,Per
TYC 3694-1824-1,,,,Per
TYC 3694-2581-1,Misam al Thurayya,χ,7,Per
TYC 3694-2897-1,,,,Per
TYC 3694-3798-1,,,8,Per
TYC 3697-1178-1,,,,Cas
TYC 3697-3547-1,,,,Per
TYC 3701-1393-1,,γ,23,Per
TYC 3701-1394-1,,τ,18,Per
TYC 3704-1332-1,Miram,η,15,Per
TYC 3704-1333-1,,,11,Per
TYC 3708-1349-1,,,,Per
TYC 3709-1135-1,,k,,Per
TYC 3715-1248-1,,,,Cam
TYC 3715-1250-1,,,,Cam
TYC 3724-100-1,,,,Cam
TYC 3727-2001-1,,,,Cam
TYC 3729-1086-1,,,,
TYC 3732-1028-1,,,1,Cam
TYC 3732-1029-1,,,3,Cam
TYC 3732-1030-1,,,2,Cam
TYC 3734-2320-1,,,7,Cam
TYC 3734-2321-1,,,8,Cam
TYC 3738-1761-1,,,5,Cam
TYC 3741-1602-1,,,4,Cam
TYC 3743-2222-1,,,15,Cam
TYC 3746-264-1,,,,Cam
TYC 3746-2215-1,,,12,Cam
TYC 3746-2216-1,,,11,Cam
TYC 3749-1334-1,,,,Aur
TYC 3750-1042-1,,δ,33,Aur
TYC 3753-1367-1,,,26,Cam
TYC 3754-939-1,,ξ,30,Aur
TYC 3756-1653-1,,,16,Cam
TYC 3756-1654-1,,,18,Cam
TYC 3757-2253-1,,,24,Cam
TYC 3758-1342-1,,,28,Cam
TYC 3758-2423-1,,,29,Cam
TYC 3762-2640-1,,,31,Cam
TYC 3762-2641-1,,,30,Cam
TYC 3763-2582-1,,,37,Cam
TYC 3764-2617-1,,,45,Aur
TYC 3769-1982-1,,,7,Lyn
TYC 3772-2770-1,,,,Lyn
TYC 3773-1935-1,,,11,Lyn
TYC 3774-2113-1,,,13,Lyn
TYC 3776-2464-1,,,4,Lyn
TYC 3776-2465-1,,,2,Lyn
TYC 3776-2466-1,,,40,Cam
TYC 3777-2070-1,,,5,Lyn
TYC 3777-2071-1,,,6,Lyn
TYC 3778-1982-1,,,14,Lyn
TYC 3778-1985-1,,,12,Lyn
TYC 3779-1730-1,,,15,Lyn
TYC 3785-913-1,,,19,Lyn
TYC 3785-1697-1,,,19,Lyn
TYC 3790-2146-1,,,23,Lyn
TYC 3792-2513-1,,,18,Lyn
TYC 3793-1996-1,,,47,Cam
TYC 3794-1738-1,,,24,Lyn
TYC 3799-2318-1,,,54,Lyn
TYC 3803-1702-1,,,29,Lyn
TYC 3803-1703-1,,,30,Lyn
TYC 3806-1813-1,,e,18,UMa
TYC 3809-1867-1,,,17,UMa
TYC 3809-1868-1,,,,UMa
TYC 3810-1602-1,,,44,UMa
TYC 3814-1752-1,,φ,30,UMa
TYC 3819-1372-1,,,37,UMa
TYC 3819-1373-1,,,36,UMa
TYC 3820-1522-1,,υ,29,UMa
TYC 3821-1318-1,,,,UMa
TYC 3823-1032-1,,,44,UMa
TYC 3824-1050-1,,,,UMa
TYC 3825-1304-1,,,,
TYC 3826-587-1,,,43,UMa
TYC 3826-1020-1,,,41,UMa
TYC 3826-1075-1,,,39,UMa
TYC 3827-1079-1,Merak,β,48,UMa
TYC 3829-470-1,,,42,UMa
TYC 3833-1034-1,Phecda,γ,64,UMa
TYC 3834-663-1,,,1,CVn
TYC 3836-1020-1,,,66,UMa
TYC 3837-1048-1,,,68,UMa
TYC 3837-1070-1,Megrez,δ,69,UMa
TYC 3837-1071-1,,,71,UMa
TYC 3839-846-1,Aniara,,,
TYC 3840-1167-1,,,70,UMa
TYC 3844-1299-1,,,73,UMa
TYC 3845-1189-1,,,78,UMa
TYC 3845-1190-1,Alioth,ε,77,UMa
TYC 3846-925-1,,,,
TYC 3847-1127-1,,,75,UMa
TYC 3847-1128-1,,,74,UMa
TYC 3850-1384-1,Alcor,g,80,UMa
TYC 3850-1385-1,Mizar,ζ,79,UMa
TYC 3851-126-1,,,82,UMa
TYC 3851-1506-1,,,83,UMa
TYC 3851-1507-1,,,84,UMa
TYC 3851-1508-1,,,86,UMa
TYC 3853-413-1,,,81,UMa
TYC 3854-1418-1,,,,UMa
TYC 3870-1962-1,,,,Dra
TYC 3875-1620-1,Edasich,ι,12,Dra
TYC 3879-2960-2,,,17,Dra
TYC 3879-2961-1,,,16,Dra
TYC 3881-2550-1,,,,Dra
TYC 3882-2597-1,,,,
TYC 3883-1542-1,,,,Dra
TYC 3883-1543-1,,θ,13,Dra
TYC 3889-1067-1,Alruba,,,
TYC 3890-1396-2,Alrakis,μ,21,Dra
TYC 3892-1620-1,Kuma,ν1,24,Dra
TYC 3892-1621-1,Kuma,ν2,25,Dra
TYC 3895-154-1,,,,
TYC 3910-1710-1,Grumium,ξ,32,Dra
TYC 3913-2269-1,,d,45,Dra
TYC 3916-1982-1,,b,39,Dra
TYC 3918-1829-1,,,,Dra
TYC 3918-1929-1,,,,
TYC 3919-1316-1,,,51,Dra
TYC 3920-1971-1,Fawaris,κ,1,Cyg
TYC 3922-2095-1,,c,46,Dra
TYC 3923-873-1,,,49,Dra
TYC 3925-1944-1,,,,Cyg
TYC 3927-1603-1,,,48,Dra
TYC 3928-1045-1,,,53,Dra
TYC 3928-1728-1,,,54,Dra
TYC 3930-1790-1,,ο,47,Dra
TYC 3933-756-1,,,,
TYC 3935-2415-1,,d,20,Cyg
TYC 3938-1982-1,,,,Cyg
TYC 3938-1983-1,,,,Cyg
TYC 3942-52-1,,,,
TYC 3943-2323-1,,,23,Cyg
TYC 3945-1798-1,,,33,Cyg
TYC 3959-1685-1,,υ1,,Cep
TYC 3959-1686-1,,,,Cep
TYC 3959-1687-1,,,,Cep
TYC 3963-813-1,,,,Cep
TYC 3965-453-1,,,,Cep
TYC 3965-595-1,,,,Cep
TYC 3976-1833-1,,,13,Cep
TYC 3977-1816-1,,,,Cep
TYC 3977-2050-1,,,14,Cep
TYC 3978-796-1,,,,Cep
TYC 3979-1616-1,The Garnet Star,μ,,Cep
TYC 3981-736-1,,,,Cep
TYC 3981-1584-1,,,15,Cep
TYC 3981-1585-1,,λ,22,Cep
TYC 3981-1590-1,,ζ,21,Cep
TYC 3989-1191-1,,,,Cas
TYC 3990-2431-1,,ε,23,Cep
TYC 3993-2269-1,,,,Cas
TYC 3995-1479-1,,δ,27,Cep
TYC 3995-1480-1,,δ,27,Cep
TYC 3997-2306-1,,,1,Cas
TYC 3998-2448-1,,,,
TYC 3999-2075-1,,,,And
TYC 4005-1055-1,,,,Cas
TYC 4005-2471-1,,σ,8,Cas
TYC 4006-1866-1,,,,
TYC 4009-987-1,,,,Cas
TYC 4009-2605-1,,ρ,7,Cas
TYC 4011-952-1,,,,
TYC 4011-1296-1,,,,Cas
TYC 4013-1825-1,,τ,5,Cas
TYC 4014-3303-1,,,,Cas
TYC 4014-3306-1,,,,Cas
TYC 4015-3523-1,,,12,Cas
TYC 4017-2318-1,,,,
TYC 4017-2319-1,Navi,γ,27,Cas
TYC 4018-3804-1,,,,Cas
TYC 4018-3891-1,,,9,Cas
TYC 4019-3948-1,,,,Cas
TYC 4019-3949-1,,κ,15,Cas
TYC 4022-1776-1,,,10,Cas
TYC 4026-486-1,,,,Cep
TYC 4027-556-1,,,13,Cas
TYC 4028-635-1,,,16,Cas
TYC 4030-592-1,,,,Cas
TYC 4031-2047-1,,,,Cas
TYC 4031-3289-1,Ruchbah,δ,37,Cas
TYC 4032-1676-1,,,44,Cas
TYC 4036-2834-1,Segin,ε,45,Cas
TYC 4038-622-1,,,35,Cas
TYC 4038-1990-1,,,32,Cas
TYC 4040-2023-1,,,,Cas
TYC 4041-1955-1,,,52,Cas
TYC 4041-1956-1,,,53,Cas
TYC 4045-788-1,,,55,Cas
TYC 4048-237-1,,,,
TYC 4048-1977-1,,,,
TYC 4053-1698-1,,,,Cas
TYC 4057-2594-1,,,,Cam
TYC 4058-1504-1,,ι,,Cas
TYC 4061-1593-1,,,,Cam
TYC 4066-1219-1,,,,Cam
TYC 4066-1732-1,,,,Cam
TYC 4071-1894-1,,,,Cam
TYC 4079-2478-1,,β,10,Cam
TYC 4084-1719-1,,,14,Cam
TYC 4085-2992-1,,,17,Cam
TYC 4089-1272-1,,,19,Cam
TYC 4091-2094-1,,α,9,Cam
TYC 4094-2937-1,,,23,Cam
TYC 4096-2358-1,,,1,Lyn
TYC 4097-1176-1,,,8,Lyn
TYC 4107-1558-1,,,36,Cam
TYC 4111-702-1,,,17,Lyn
TYC 4117-1823-1,,,49,Cam
TYC 4121-1515-1,,,51,Cam
TYC 4126-2445-1,,,56,Cam
TYC 4126-2446-1,,,53,Cam
TYC 4127-2431-1,Muscida,ο,1,UMa
TYC 4128-1827-1,,b,5,UMa
TYC 4129-2554-1,,,57,Cam
TYC 4130-2355-1,Museida,π2,4,UMa
TYC 4131-1800-1,,,6,UMa
TYC 4133-1970-1,,A,2,UMa
TYC 4133-1971-1,Muscida,π1,3,UMa
TYC 4134-1397-1,,σ1,11,UMa
TYC 4135-1915-1,,c,16,UMa
TYC 4138-1441-1,,,,UMa
TYC 4138-1687-1,,τ,14,UMa
TYC 4139-879-1,,,28,UMa
TYC 4139-1304-1,,h,23,UMa
TYC 4141-1496-1,,σ2,13,UMa
TYC 4146-1274-1,Dubhe,α,50,UMa
TYC 4150-1301-1,,,35,UMa
TYC 4150-1302-1,,,,UMa
TYC 4150-1303-1,,,32,UMa
TYC 4151-1122-1,,,,UMa
TYC 4151-1450-1,,,38,UMa
TYC 4151-1451-1,,,,UMa
TYC 4152-1341-1,,,,UMa
TYC 4153-48-1,,,,
TYC 4153-579-1,,,,UMa
TYC 4159-1359-1,,,3,Dra
TYC 4162-1200-1,,,,
TYC 4165-534-1,,,76,UMa
TYC 4167-701-1,,,,
TYC 4168-885-1,,,,Dra
TYC 4168-929-1,Tianyi,,7,Dra
TYC 4168-930-1,Taiyi,,8,Dra
TYC 4169-515-1,,,9,Dra
TYC 4173-1661-1,,,,Dra
TYC 4173-1663-1,,,,Dra
TYC 4174-1261-1,,i,10,Dra
TYC 4174-1262-1,Thuban,α,11,Dra
TYC 4186-1373-1,,,,UMi
TYC 4187-1365-1,,,,
TYC 4190-2568-1,Athebyne,η,14,Dra
TYC 4193-2534-1,,g,18,Dra
TYC 4197-1771-1,,,20,Dra
TYC 4197-2429-1,,h,19,Dra
TYC 4198-1813-1,,,,Dra
TYC 4199-1513-1,,,26,Dra
TYC 4209-2018-1,,,36,Dra
TYC 4210-849-1,,,,
TYC 4210-1048-1,Aldhibah,ζ,22,Dra
TYC 4222-2311-1,Fafnir,,42,Dra
TYC 4229-229-1,,,55,Dra
TYC 4229-1852-1,Tais,π,58,Dra
TYC 4236-2502-1,,,68,Dra
TYC 4236-2503-1,,,66,Dra
TYC 4237-2168-1,Al Kidr,θ,2,Cep
TYC 4237-2169-1,,,71,Dra
TYC 4240-150-1,,,65,Dra
TYC 4240-471-1,,e,64,Dra
TYC 4245-1794-1,,,,
TYC 4246-1967-1,Kabalfird,η,3,Cep
TYC 4248-478-1,,,,Cep
TYC 4248-1430-1,,,,Cep
TYC 4252-1870-1,Alderamin,α,5,Cep
TYC 4253-2243-1,,,9,Cep
TYC 4256-3042-1,,,6,Cep
TYC 4258-2188-1,,,4,Cep
TYC 4261-1792-1,,,7,Cep
TYC 4262-2279-1,Castula,ν,10,Cep
TYC 4262-2280-1,,,12,Cep
TYC 4266-3252-1,,,,Cep
TYC 4267-2755-1,,,18,Cep
TYC 4267-2756-1,,,20,Cep
TYC 4267-2757-1,,,19,Cep
TYC 4268-1268-1,,,25,Cep
TYC 4269-809-1,,,30,Cep
TYC 4271-2620-1,Kurhah,ξ,17,Cep
TYC 4272-1269-1,,,26,Cep
TYC 4273-857-1,,,,Cep
TYC 4277-1102-1,,ι,32,Cep
TYC 4278-672-1,,,,Cep
TYC 4283-813-1,,,,Cas
TYC 4283-1296-1,,,,Cas
TYC 4283-1498-1,,,4,Cas
TYC 4285-3744-1,,,6,Cas
TYC 4288-196-1,,,,Cas
TYC 4289-860-1,,,,Cas
TYC 4296-1459-1,,,31,Cas
TYC 4297-1087-1,,,,
TYC 4297-1685-1,,ψ,36,Cas
TYC 4301-1247-1,,,38,Cas
TYC 4305-2038-1,,,,Cas
TYC 4307-2166-1,,,23,Cas
TYC 4307-2167-1,,,21,Cas
TYC 4310-902-1,,ω,46,Cas
TYC 4310-903-1,,,43,Cas
TYC 4313-1573-1,,,,Cas
TYC 4314-2021-1,,,42,Cas
TYC 4315-2126-1,,A,48,Cas
TYC 4317-1793-1,,,,Cas
TYC 4318-2488-1,,,40,Cas
TYC 4319-918-1,,,54,Cas
TYC 4319-1847-1,,,50,Cas
TYC 4334-1619-1,,,,Cas
TYC 4335-2106-1,,γ,,Cam
TYC 4346-320-1,Mago,,,
TYC 4355-1445-1,,,,Cam
TYC 4359-2043-1,,,43,Cam
TYC 4359-2044-1,,,42,Cam
TYC 4374-2925-1,,,,
TYC 4374-2926-1,,,55,Cam
TYC 4375-2458-1,,ρ,8,UMa
TYC 4376-2052-1,,d,24,UMa
TYC 4379-782-1,,,22,UMa
TYC 4384-1976-1,,,,UMa
TYC 4386-1897-1,,,27,UMa
TYC 4392-141-1,,,2,Dra
TYC 4392-1805-1,Giausar,λ,1,Dra
TYC 4394-1870-1,,κ,5,Dra
TYC 4394-1871-1,,,4,Dra
TYC 4397-1799-1,,,6,Dra
TYC 4399-1584-1,,,,Dra
TYC 4409-2050-1,,,3,UMi
TYC 4414-517-1,,,9,UMi
TYC 4414-2314-1,Pherkad,γ,13,UMi
TYC 4414-2315-1,Pherkad Minor,,11,UMi
TYC 4416-149-1,,,,UMi
TYC 4416-1799-1,Kochab,β,7,UMi
TYC 4417-267-1,Baekdu,,8,UMi
TYC 4419-2886-1,,A,15,Dra
TYC 4421-2880-1,Adfar Aldib,f,27,Dra
TYC 4427-661-1,,,29,Dra
TYC 4428-1960-1,Al Dhih,ω,28,Dra
TYC 4429-143-1,,,38,Dra
TYC 4429-2075-1,,,37,Dra
TYC 4435-2434-1,,,,Dra
TYC 4436-1424-1,Dsiban,ψ,31,Dra
TYC 4436-1425-1,Dziban,ψ,31,Dra
TYC 4436-1426-1,,,34,Dra
TYC 4437-1491-1,Alahakan,χ,44,Dra
TYC 4437-1492-1,Aldhiba,φ,43,Dra
TYC 4439-1995-1,Athafi,υ,52,Dra
TYC 4444-2239-1,Altais,δ,57,Dra
TYC 4445-1142-1,,,,Dra
TYC 4446-1736-1,,ρ,67,Dra
TYC 4448-2481-1,Alsafi,σ,61,Dra
TYC 4449-2652-1,Tyl,ε,63,Dra
TYC 4456-2107-1,,τ,60,Dra
TYC 4459-947-1,,,73,Dra
TYC 4461-2085-1,,,,Cep
TYC 4465-1022-1,,,,Cep
TYC 4465-2643-1,Alfirk,β,8,Cep
TYC 4470-1874-1,,,78,Dra
TYC 4470-1875-1,,,11,Cep
TYC 4471-470-1,,,,Cep
TYC 4471-1685-1,,,24,Cep
TYC 4474-1757-1,,,16,Cep
TYC 4478-1361-1,,ο,34,Cep
TYC 4482-1941-1,,,,Cep
TYC 4488-872-1,,,31,Cep
TYC 4495-1552-1,,,,Cas
TYC 4495-1880-1,,,,Cas
TYC 4495-1881-1,,,49,Cas
TYC 4499-2252-1,,,47,Cas
TYC 4505-519-1,,υ,,Cep
TYC 4526-1506-1,,,,Cam
TYC 4527-1707-1,,,,Cam
TYC 4531-1785-1,,,,Cam
TYC 4532-2096-1,,,,
TYC 4534-1837-1,,,,
TYC 4535-1164-1,,,,
TYC 4539-1189-1,,,,Cam
TYC 4543-281-1,,,,Cam
TYC 4550-2113-1,Tonatiuh,,,
TYC 4553-1680-1,,,,Cam
TYC 4554-408-1,,,,
TYC 4556-1439-1,,,,Cam
TYC 4559-3017-1,,,5,UMi
TYC 4560-3065-1,,θ,15,UMi
TYC 4561-2317-1,,,4,UMi
TYC 4563-1084-1,,π2,,UMi
TYC 4563-2708-1,Akfa Farkadain,ζ,16,UMi
TYC 4565-800-1,,,,
TYC 4566-1950-1,,π1,,UMi
TYC 4567-352-1,,,18,UMi
TYC 4567-1411-1,,,19,UMi
TYC 4567-1598-1,,,20,UMi
TYC 4567-1764-1,Anwa Farkadain,η,21,UMi
TYC 4568-1881-1,,,,UMi
TYC 4573-1916-1,,,35,Dra
TYC 4575-571-1,,,,
TYC 4578-1433-1,,,41,Dra
TYC 4578-1434-1,,,40,Dra
TYC 4580-1154-1,Circitores,ε,22,UMi
TYC 4583-2836-1,,,59,Dra
TYC 4583-2839-1,,,50,Dra
TYC 4584-2918-1,,,,Dra
TYC 4584-2920-1,,,69,Dra
TYC 4589-3106-1,Al Aghnam,κ,1,Cep
TYC 4590-1851-1,,,77,Dra
TYC 4597-1693-1,,,75,Dra
TYC 4597-1694-1,,,74,Dra
TYC 4601-3531-1,,π,33,Cep
TYC 4602-552-1,,,,
TYC 4606-678-1,,,,
TYC 4606-3584-1,Errai,γ,35,Cep
TYC 4607-1904-1,,,,Cep
TYC 4608-2416-1,,,28,Cep
TYC 4608-2417-1,Al Kalb al Rai,ρ,29,Cep
TYC 4617-2855-1,,,,Cep
TYC 4623-1236-1,,,2,UMi
TYC 4626-748-1,,,,Cep
TYC 4628-237-1,Polaris,α,1,UMi
TYC 4632-2151-1,,,,
TYC 4634-2068-1,,,,
TYC 4641-778-1,,,,UMi
TYC 4649-749-1,,,76,Dra
TYC 4650-2790-1,,,,Cep
TYC 4655-1047-1,,,24,UMi
TYC 4655-1053-1,Yildun,δ,23,UMi
TYC 4658-417-1,,,,Cep
TYC 4659-74-1,,λ,,UMi
TYC 4663-363-1,,,5,Psc
TYC 4665-1216-1,,,10,Cet
TYC 4666-98-1,,,,Psc
TYC 4666-548-1,,,4,Cet
TYC 4666-935-1,,,29,Psc
TYC 4669-996-1,,,33,Psc
TYC 4669-997-1,,,30,Psc
TYC 4672-1254-1,,,15,Cet
TYC 4672-1255-1,,,14,Cet
TYC 4674-1183-1,,,20,Cet
TYC 4675-412-1,,,12,Cet
TYC 4675-1216-3,,,13,Cet
TYC 4681-247-1,,,38,Cet
TYC 4681-1160-1,,,,Cet
TYC 4681-2471-1,,,34,Cet
TYC 4682-108-1,,,39,Cet
TYC 4682-600-1,,,43,Cet
TYC 4682-1383-1,,,42,Cet
TYC 4682-2121-1,,,40,Cet
TYC 4683-2266-1,,,25,Cet
TYC 4686-2532-1,,,58,Cet
TYC 4689-1229-1,,,61,Cet
TYC 4689-1230-1,,,,
TYC 4690-1109-1,,,63,Cet
TYC 4690-1110-1,,,66,Cet
TYC 4691-1115-1,,,70,Cet
TYC 4693-1144-1,Mira,ο,68,Cet
TYC 4694-1194-1,,,71,Cet
TYC 4696-1076-1,,,67,Cet
TYC 4698-1302-1,,,75,Cet
TYC 4699-1214-1,,,84,Cet
TYC 4700-1399-1,,,5,Eri
TYC 4701-1094-1,,,81,Cet
TYC 4701-1095-1,,,79,Cet
TYC 4708-1422-1,,,95,Cet
TYC 4708-1423-1,,,94,Cet
TYC 4710-1257-1,,,7,Eri
TYC 4717-1094-1,,,,
TYC 4717-1349-1,,,25,Eri
TYC 4717-1350-1,,,24,Eri
TYC 4720-1374-1,,,,
TYC 4721-1218-1,,w,32,Eri
TYC 4722-1534-1,,v,17,Eri
TYC 4722-1536-1,,,21,Eri
TYC 4723-1351-1,,,22,Eri
TYC 4724-1421-1,,,30,Eri
TYC 4725-1276-1,,,,
TYC 4725-1278-1,,,35,Eri
TYC 4730-348-1,,,,Eri
TYC 4730-1947-1,,ξ,42,Eri
TYC 4732-1970-1,Beid,ο1,38,Eri
TYC 4732-1971-1,,,37,Eri
TYC 4733-2188-1,,,,Eri
TYC 4734-1338-1,,,45,Eri
TYC 4738-1483-1,,,,Eri
TYC 4738-1484-1,,ν,48,Eri
TYC 4739-1551-1,,c,51,Eri
TYC 4740-1916-1,,μ,57,Eri
TYC 4745-1840-1,,b,62,Eri
TYC 4745-1841-1,,ω,61,Eri
TYC 4746-1393-1,,,46,Eri
TYC 4752-1608-1,,o,22,Ori
TYC 4753-1893-1,,p,27,Ori
TYC 4753-1894-1,,,31,Ori
TYC 4757-1588-1,Saif al Jabbar,η,28,Ori
TYC 4758-1506-1,,,66,Eri
TYC 4759-1670-1,,,68,Eri
TYC 4759-1671-1,Cursa,β,67,Eri
TYC 4762-1490-1,,,,
TYC 4762-1492-1,Kursi al Jauzah,ψ,65,Eri
TYC 4764-1639-1,,τ,20,Ori
TYC 4766-2445-1,Mintaka,δ,34,Ori
TYC 4766-2449-1,,,,Ori
TYC 4766-2450-1,Alnilam,ε,46,Ori
TYC 4767-643-1,,,,Ori
TYC 4767-1406-1,,,,Ori
TYC 4771-1188-1,Alnitak,ζ,50,Ori
TYC 4771-1196-1,,σ,48,Ori
TYC 4774-906-1,,,,Ori
TYC 4774-916-1,,,,Ori
TYC 4774-922-1,,,,Ori
TYC 4774-928-1,Mizan Batil,c,42,Ori
TYC 4774-929-1,,,45,Ori
TYC 4774-930-1,,θ1,41,Ori
TYC 4774-931-1,Becklin's Star,θ1,41,Ori
TYC 4774-933-1,,θ2,43,Ori
TYC 4774-953-1,Trapezium,θ1,41,Ori
TYC 4776-1306-1,,,,
TYC 4777-1763-1,,,,
TYC 4778-1401-1,Hatysa,ι,44,Ori
TYC 4778-1407-1,Thabit,υ,36,Ori
TYC 4779-700-1,,d,49,Ori
TYC 4785-2406-1,,,78,Ori
TYC 4789-3298-1,,,,Mon
TYC 4791-2695-1,,,,Mon
TYC 4793-2713-1,,,9,Mon
TYC 4793-2716-1,,,10,Mon
TYC 4794-1530-1,,,,Mon
TYC 4795-1769-1,,γ,5,Mon
TYC 4795-1772-1,,,,Mon
TYC 4797-1880-1,,β,11,Mon
TYC 4808-939-1,,,,
TYC 4815-3815-1,,,21,Mon
TYC 4815-3816-1,,δ,22,Mon
TYC 4816-3054-1,,,24,Mon
TYC 4822-3679-1,,,19,Mon
TYC 4822-3681-1,Citalá,,,
TYC 4823-4552-1,,,20,Mon
TYC 4837-3335-1,,,27,Mon
TYC 4838-3344-1,,,25,Mon
TYC 4846-2652-1,,,28,Mon
TYC 4850-2867-1,,,,Mon
TYC 4851-2878-1,,ζ,29,Mon
TYC 4853-2369-1,,,,Hya
TYC 4857-2150-1,,,1,Hya
TYC 4857-2151-1,,C,,Hya
TYC 4857-2152-1,,,2,Hya
TYC 4868-1768-1,,,14,Hya
TYC 4873-1792-1,,,,
TYC 4875-1583-1,,,,Hya
TYC 4875-1585-1,,F,,Hya
TYC 4876-1546-1,,,15,Hya
TYC 4885-1568-1,Ukdah,τ1,31,Hya
TYC 4889-1261-1,,,28,Hya
TYC 4891-1371-1,,,21,Hya
TYC 4892-1405-1,,,23,Hya
TYC 4893-1379-1,,,,
TYC 4894-2528-1,,τ2,32,Hya
TYC 4894-2529-1,Ukdah,ι,35,Hya
TYC 4899-1904-1,,,6,Sex
TYC 4900-1579-1,,A,33,Hya
TYC 4903-1750-1,,α,15,Sex
TYC 4905-762-1,,,26,Sex
TYC 4908-947-1,,,27,Sex
TYC 4908-1773-1,,δ,29,Sex
TYC 4908-1775-1,,,25,Sex
TYC 4912-1381-1,,β,30,Sex
TYC 4913-1224-1,,,33,Sex
TYC 4914-1289-1,,p1,,Leo
TYC 4916-1314-1,,,40,Sex
TYC 4921-1203-1,,p3,62,Leo
TYC 4921-1207-1,,p2,61,Leo
TYC 4922-1217-1,,p5,69,Leo
TYC 4925-1610-1,,φ,74,Leo
TYC 4928-1698-1,Abt's Star,,,Crt
TYC 4930-1093-1,,υ,91,Leo
TYC 4933-1387-1,,e,87,Leo
TYC 4940-1158-1,Zaniah,η,15,Vir
TYC 4940-1159-1,,,13,Vir
TYC 4941-737-1,,,,Vir
TYC 4944-1337-1,,,,Vir
TYC 4945-224-1,,,,Vir
TYC 4946-1300-1,,,,Vir
TYC 4949-1120-1,Porrima,γ,29,Vir
TYC 4953-1222-1,,,38,Vir
TYC 4953-1223-1,,k,44,Vir
TYC 4954-1496-1,,f,25,Vir
TYC 4958-293-1,,,,Vir
TYC 4960-1335-1,,,46,Vir
TYC 4960-1344-1,,,48,Vir
TYC 4962-1233-1,,,65,Vir
TYC 4963-1316-1,Apami-Atsa,θ,51,Vir
TYC 4965-1204-1,,,66,Vir
TYC 4966-1366-1,Heze,ζ,79,Vir
TYC 4968-1517-1,,p,90,Vir
TYC 4972-1455-1,,,80,Vir
TYC 4972-1456-1,,l,74,Vir
TYC 4972-1457-1,,,72,Vir
TYC 4976-1278-1,,υ,102,Vir
TYC 4977-1458-1,Elgafar,φ,105,Vir
TYC 4982-1645-1,Syrma,ι,99,Vir
TYC 4983-1615-1,,,104,Vir
TYC 4983-1616-1,,,106,Vir
TYC 4987-823-1,,M,1,Ser
TYC 4990-776-1,,,11,Lib
TYC 4995-951-1,,,16,Lib
TYC 4997-942-1,Rijl al Awwa,μ,107,Vir
TYC 5000-867-1,,,2,Ser
TYC 5001-567-1,,,,
TYC 5003-868-1,,,8,Ser
TYC 5016-787-1,,,14,Ser
TYC 5016-788-1,,A1,11,Ser
TYC 5018-1142-1,,A2,25,Ser
TYC 5022-935-1,,b,36,Ser
TYC 5022-936-1,,μ,32,Ser
TYC 5026-903-1,,,30,Ser
TYC 5037-1068-1,Yed Prior,δ,1,Oph
TYC 5042-999-1,Yed Posterior,ε,2,Oph
TYC 5051-1354-1,,,,Oph
TYC 5051-1355-1,,,,Oph
TYC 5052-996-1,,,12,Oph
TYC 5054-140-1,,,,Oph
TYC 5063-1633-1,,,23,Oph
TYC 5066-1267-1,,,41,Oph
TYC 5072-1228-1,,,30,Oph
TYC 5075-717-1,,,47,Oph
TYC 5078-416-1,,,,
TYC 5080-2188-1,,,,
TYC 5095-339-1,,,,Oph
TYC 5100-600-1,Alava,ζ,57,Ser
TYC 5102-416-1,,η,58,Ser
TYC 5103-302-1,,c,60,Ser
TYC 5112-348-1,,,61,Ser
TYC 5113-1192-1,,e,,Ser
TYC 5114-2267-1,,,5,Aql
TYC 5118-458-1,,,8,Aql
TYC 5122-1426-1,,β,,Sct
TYC 5125-8-1,,,,Sct
TYC 5126-503-1,,,,Sct
TYC 5127-7358-1,,η,,Sct
TYC 5130-2811-1,,d,27,Aql
TYC 5132-1657-1,,g,14,Aql
TYC 5136-44-1,,h,15,Aql
TYC 5136-2357-1,Al Thalimain Prior,λ,16,Aql
TYC 5138-2406-1,,f,26,Aql
TYC 5139-2014-1,,,,Aql
TYC 5140-3199-1,,,,Aql
TYC 5140-4781-1,,i,12,Aql
TYC 5143-1372-1,,,,Aql
TYC 5144-3103-1,Al Thalimain Posterior,ι,41,Aql
TYC 5145-2349-1,,,45,Aql
TYC 5148-3284-1,,e,36,Aql
TYC 5151-1940-1,,,,Aql
TYC 5153-2875-1,,,42,Aql
TYC 5156-3185-1,,κ,39,Aql
TYC 5160-2305-1,,,62,Aql
TYC 5161-868-1,Phoenicia,,,Aql
TYC 5161-2681-1,,,64,Aql
TYC 5161-2682-1,,θ,65,Aql
TYC 5161-2683-1,,,66,Aql
TYC 5163-82-1,,,,Aql
TYC 5167-2593-1,,,69,Aql
TYC 5167-2594-1,,,68,Aql
TYC 5175-2078-1,,,,Aql
TYC 5177-1878-1,,l,71,Aql
TYC 5178-49-1,,,,Aqr
TYC 5179-2142-1,,,,Aqr
TYC 5180-338-1,,,70,Aql
TYC 5186-2125-1,,k,3,Aqr
TYC 5186-2126-1,,,5,Aqr
TYC 5190-2008-1,,,4,Aqr
TYC 5193-1280-1,,,,Aqr
TYC 5199-1458-1,,,20,Aqr
TYC 5199-1459-1,,,21,Aqr
TYC 5200-1718-1,,,11,Aqr
TYC 5202-1365-1,,,15,Aqr
TYC 5202-1366-1,,,16,Aqr
TYC 5204-1584-1,,,12,Aqr
TYC 5209-253-1,,,24,Aqr
TYC 5214-632-1,,,,Aqr
TYC 5216-1725-1,Sadalsuud,β,22,Aqr
TYC 5224-1806-1,Sadalmelik,α,34,Aqr
TYC 5224-1807-1,,,32,Aqr
TYC 5224-1808-1,Sadalmulk,ο,31,Aqr
TYC 5226-1605-1,Sadaltager,ζ1,55,Aqr
TYC 5226-1606-1,Sadachbia,γ,48,Aqr
TYC 5229-1622-1,,,51,Aqr
TYC 5230-1812-1,,,30,Aqr
TYC 5231-1818-1,,,44,Aqr
TYC 5233-277-1,,,60,Aqr
TYC 5233-2298-1,,η,62,Aqr
TYC 5236-1610-1,Situla,κ,63,Aqr
TYC 5239-1572-1,,,,
TYC 5240-1568-1,,,,Aqr
TYC 5240-1569-1,,,67,Aqr
TYC 5241-1657-1,,,78,Aqr
TYC 5248-1392-1,,,82,Aqr
TYC 5248-1455-1,,,81,Aqr
TYC 5249-1398-1,,,96,Aqr
TYC 5249-1400-1,,φ,90,Aqr
TYC 5251-78-1,,,13,Psc
TYC 5251-961-1,,,14,Psc
TYC 5253-343-1,,,,Psc
TYC 5254-1167-1,,,,
TYC 5255-1145-1,,,20,Psc
TYC 5256-186-1,,,24,Psc
TYC 5256-1131-1,,,27,Psc
TYC 5261-219-1,,,,Cet
TYC 5261-789-1,,,,
TYC 5261-1084-1,Deneb Kaitos Shemali,ι,8,Cet
TYC 5263-1049-1,,,3,Cet
TYC 5265-757-1,,,9,Cet
TYC 5267-1131-1,,,,
TYC 5269-2450-1,Alnitham,φ1,17,Cet
TYC 5270-199-1,,,21,Cet
TYC 5270-1139-1,,φ2,19,Cet
TYC 5271-677-1,,,18,Cet
TYC 5272-121-1,,φ3,22,Cet
TYC 5272-152-1,,φ4,23,Cet
TYC 5273-1385-1,,,27,Cet
TYC 5273-2653-1,,,37,Cet
TYC 5273-2654-1,,,32,Cet
TYC 5273-2655-1,,,30,Cet
TYC 5273-2656-1,,,28,Cet
TYC 5273-2657-1,Dheneb,η,31,Cet
TYC 5274-1983-1,,,44,Cet
TYC 5274-1984-1,Al Naymat,θ,45,Cet
TYC 5276-2115-1,,,47,Cet
TYC 5276-2116-1,,,46,Cet
TYC 5278-1494-1,,,,Cet
TYC 5278-2314-1,,,,
TYC 5278-2437-1,Baten Kaitos,ζ,55,Cet
TYC 5278-2438-1,,χ,53,Cet
TYC 5278-2439-1,,,,Cet
TYC 5281-1201-1,,,,Cet
TYC 5284-2546-1,Sadr al Kaitos,ρ,72,Cet
TYC 5285-251-1,,,80,Cet
TYC 5285-952-1,,,77,Cet
TYC 5285-1109-1,,,,
TYC 5287-1074-1,Aludhi,ρ1,8,Eri
TYC 5287-1075-1,,ρ2,9,Eri
TYC 5287-1076-1,Azha,η,3,Eri
TYC 5288-1093-1,,ε,83,Cet
TYC 5289-419-1,,,,Eri
TYC 5291-1045-1,,,,Cet
TYC 5292-897-1,,,,Eri
TYC 5292-970-1,,π,89,Cet
TYC 5294-1195-1,,ρ3,10,Eri
TYC 5295-1155-1,,,,
TYC 5295-1224-1,,,14,Eri
TYC 5295-1259-1,Zibal,ζ,13,Eri
TYC 5296-1533-1,Ran,ε,18,Eri
TYC 5300-583-1,,,,
TYC 5303-1320-1,Rana,δ,23,Eri
TYC 5305-1397-1,,,,Eri
TYC 5307-1357-1,,π,26,Eri
TYC 5308-1437-1,,,,Eri
TYC 5311-1285-1,Zaurak,γ,34,Eri
TYC 5312-2325-1,Keid,ο2,40,Eri
TYC 5313-2753-1,,d,,Eri
TYC 5314-3037-1,,,47,Eri
TYC 5315-2290-1,,A,39,Eri
TYC 5320-1896-1,,,,Eri
TYC 5321-2145-1,,,56,Eri
TYC 5321-2147-1,,,55,Eri
TYC 5326-1952-1,,,63,Eri
TYC 5327-1434-1,Sceptrum,l,53,Eri
TYC 5329-2016-1,,,64,Eri
TYC 5330-1723-1,,λ,69,Eri
TYC 5331-1752-1,Rigel,β,19,Ori
TYC 5332-1598-1,,,,Ori
TYC 5332-1832-1,,e,29,Ori
TYC 5338-890-1,,,,Lep
TYC 5338-1445-1,,ι,3,Lep
TYC 5338-1447-1,,κ,4,Lep
TYC 5339-1784-1,,ν,7,Lep
TYC 5340-1141-1,,,,Lep
TYC 5343-1529-1,,λ,6,Lep
TYC 5344-1536-1,,,8,Lep
TYC 5347-905-1,,,55,Ori
TYC 5350-909-1,,,,Ori
TYC 5351-760-1,Saiph,κ,53,Ori
TYC 5351-761-1,,,,Ori
TYC 5352-932-1,,,1,Mon
TYC 5352-933-1,,,2,Mon
TYC 5353-1318-1,,,3,Mon
TYC 5357-1904-1,,,,Lep
TYC 5359-1778-1,,ζ,14,Lep
TYC 5360-1370-1,,η,16,Lep
TYC 5361-1758-1,,θ,18,Lep
TYC 5363-2397-1,,,7,Mon
TYC 5367-1382-1,,,6,Mon
TYC 5369-220-1,,,,CMa
TYC 5371-2101-1,,,,CMa
TYC 5376-3143-1,,,,CMa
TYC 5379-2814-1,,,,Mon
TYC 5384-2488-1,,,,Mon
TYC 5385-2104-1,,,,Mon
TYC 5388-2234-1,,θ,14,CMa
TYC 5389-164-1,,,,CMa
TYC 5389-3064-1,,,,CMa
TYC 5389-3065-1,,,,CMa
TYC 5391-3304-1,,,11,CMa
TYC 5392-913-1,Isis,μ,18,CMa
TYC 5396-1251-1,,,,
TYC 5397-3754-1,,,,
TYC 5400-4699-1,,,,Mon
TYC 5409-1859-1,,,,Pup
TYC 5409-2527-1,,,,Pup
TYC 5414-2746-1,,α,26,Mon
TYC 5419-3186-1,,,5,Pup
TYC 5419-3187-1,,,8,Pup
TYC 5422-3293-1,,,4,Pup
TYC 5422-3295-1,,,2,Pup
TYC 5423-174-1,,,10,Pup
TYC 5423-3227-1,,,9,Pup
TYC 5429-2253-1,,,3,Hya
TYC 5431-2601-1,,,,Hya
TYC 5434-3731-1,,,19,Pup
TYC 5435-622-1,,,22,Pup
TYC 5435-2991-1,,,,
TYC 5437-2459-1,,a,6,Hya
TYC 5438-2380-1,,,18,Pup
TYC 5443-1951-1,,,17,Hya
TYC 5445-1780-1,,,19,Hya
TYC 5445-1781-1,,,20,Hya
TYC 5454-1870-1,,D,12,Hya
TYC 5458-1843-1,,,24,Hya
TYC 5460-1592-1,Alphard,α,30,Hya
TYC 5460-1593-1,,,29,Hya
TYC 5463-1514-1,,P,27,Hya
TYC 5463-1516-1,,,,Hya
TYC 5465-310-1,,,34,Hya
TYC 5465-751-1,,,37,Hya
TYC 5467-1858-1,,,26,Hya
TYC 5473-1229-1,Al Sharasif,κ,38,Hya
TYC 5475-1379-1,,γ,8,Sex
TYC 5477-1151-1,,,17,Sex
TYC 5477-1152-1,,,18,Sex
TYC 5485-1309-1,,υ2,40,Hya
TYC 5485-1310-1,,λ,41,Hya
TYC 5487-1653-1,Zhang,υ1,39,Hya
TYC 5490-1686-1,,,21,Sex
TYC 5490-1694-1,,ε,22,Sex
TYC 5495-1546-1,,,,
TYC 5498-264-1,,,,Hya
TYC 5499-1597-1,,,41,Sex
TYC 5510-1508-1,,θ,21,Crt
TYC 5511-693-1,,,,Crt
TYC 5512-1093-1,,κ,16,Crt
TYC 5512-1389-1,,ε,14,Crt
TYC 5514-1320-1,,,,Crt
TYC 5514-1423-1,Labr,δ,12,Crt
TYC 5515-1611-1,,,,Crt
TYC 5516-1578-1,,ι,24,Crt
TYC 5519-918-1,,,,Vir
TYC 5521-1366-1,,,,
TYC 5522-1685-1,,,,
TYC 5527-1966-1,,q,21,Vir
TYC 5528-1385-1,,,28,Vir
TYC 5528-1471-1,,χ,26,Vir
TYC 5529-1714-1,,,,Crv
TYC 5533-1791-1,,,,
TYC 5534-1488-2,,,,Crv
TYC 5535-1713-1,,ψ,40,Vir
TYC 5537-1459-1,,g,,Vir
TYC 5538-1451-1,,,,
TYC 5540-978-1,,,56,Vir
TYC 5540-1438-1,,,50,Vir
TYC 5540-1439-1,,,49,Vir
TYC 5546-1582-1,,m,82,Vir
TYC 5547-178-1,,,62,Vir
TYC 5547-1517-1,,,,Vir
TYC 5547-1518-1,Spica,α,67,Vir
TYC 5548-1546-1,,h,76,Vir
TYC 5549-1342-1,,,86,Vir
TYC 5550-1597-1,,i,68,Vir
TYC 5551-1507-1,,y,,Vir
TYC 5554-1207-1,,,94,Vir
TYC 5554-1682-1,,,95,Vir
TYC 5558-1726-1,,,96,Vir
TYC 5558-1738-1,Kang,κ,98,Vir
TYC 5560-1253-1,,,,Vir
TYC 5561-563-1,,,,Vir
TYC 5562-839-1,,,,
TYC 5570-835-1,,,2,Lib
TYC 5574-824-1,Khambaliya,λ,100,Vir
TYC 5579-1166-1,Zuben Elakribi,δ,19,Lib
TYC 5583-1006-1,,,18,Lib
TYC 5583-1007-1,,,17,Lib
TYC 5585-1014-1,Zubeneschamali,β,27,Lib
TYC 5586-1016-1,,ξ1,13,Lib
TYC 5587-1059-1,,ξ2,15,Lib
TYC 5590-994-1,,μ,7,Lib
TYC 5594-455-1,,,,Lib
TYC 5595-1153-1,,,,
TYC 5598-1052-1,,ε,31,Lib
TYC 5599-955-1,,,37,Lib
TYC 5608-1381-1,Zubenelhakrabi,γ,38,Lib
TYC 5611-1206-1,,,50,Lib
TYC 5612-1227-1,,,16,Sco
TYC 5613-1378-1,,,18,Sco
TYC 5616-1294-1,,ψ,15,Sco
TYC 5620-1384-1,,,11,Sco
TYC 5621-1388-1,,χ,17,Sco
TYC 5622-1574-1,,,,Lib
TYC 5623-1368-1,,,48,Lib
TYC 5626-124-1,,,,Oph
TYC 5626-1388-1,,υ,3,Oph
TYC 5632-1042-1,Saik,ζ,13,Oph
TYC 5633-777-1,,,20,Oph
TYC 5634-1611-1,,,,Sco
TYC 5639-555-1,Timir,,,
TYC 5653-1431-1,,ν,53,Ser
TYC 5660-589-1,,μ,57,Oph
TYC 5668-1486-1,,ο,56,Ser
TYC 5675-662-1,,τ,69,Oph
TYC 5678-956-1,Sinistra,ν,64,Oph
TYC 5681-1576-1,,,,
TYC 5685-2670-1,Alasia,,,
TYC 5690-1263-1,,ζ,,Sct
TYC 5691-1338-1,,α,,Sct
TYC 5692-2504-1,,ε,,Sct
TYC 5692-2505-1,,δ,,Sct
TYC 5702-282-1,,,,Sct
TYC 5702-2676-1,,,,Sct
TYC 5702-2882-1,,γ,,Sct
TYC 5703-2260-1,,,,Sct
TYC 5708-693-1,,,20,Aql
TYC 5711-158-1,,,,Aql
TYC 5713-746-1,,,,Aql
TYC 5725-2836-1,,,56,Aql
TYC 5725-3091-1,,,57,Aql
TYC 5725-3092-1,,,57,Aql
TYC 5727-2383-1,,,37,Aql
TYC 5729-2871-1,,,51,Aql
TYC 5735-2725-1,,,,
TYC 5737-439-1,,,,Sgr
TYC 5740-2387-1,,,,Cap
TYC 5742-1060-1,,,,
TYC 5743-643-1,,,,Cap
TYC 5747-1905-1,,,65,Sgr
TYC 5747-2219-1,,,,Aql
TYC 5748-2160-1,,ξ1,1,Cap
TYC 5748-2597-1,,,3,Cap
TYC 5748-2598-1,Prima Giedi,α1,5,Cap
TYC 5748-2599-1,,ξ,2,Cap
TYC 5749-2530-1,Algedi,α2,6,Cap
TYC 5749-2531-1,Alshat,ν,8,Cap
TYC 5750-2249-1,,,63,Sgr
TYC 5753-2281-1,Dabih,β,9,Cap
TYC 5753-2282-1,Dabih Minor,β2,,Cap
TYC 5757-1943-1,Albulan,μ,6,Aqr
TYC 5760-1997-1,Albali,ε,2,Aqr
TYC 5767-2438-1,,,,
TYC 5767-2439-1,,τ,14,Cap
TYC 5772-753-1,,,,Aqr
TYC 5773-1119-1,,,17,Aqr
TYC 5774-1594-1,,,7,Aqr
TYC 5774-1595-1,,,,Aqr
TYC 5777-1229-1,,,19,Aqr
TYC 5779-1803-1,Albulaan,ν,13,Aqr
TYC 5781-1173-1,,,18,Aqr
TYC 5782-1505-1,,,,Aqr
TYC 5784-1500-1,,,,Aqr
TYC 5787-1291-1,Bunda,ξ,23,Aqr
TYC 5788-1167-1,,c,46,Cap
TYC 5788-1168-1,,,47,Cap
TYC 5796-1288-1,,λ,48,Cap
TYC 5799-1135-1,,,42,Cap
TYC 5800-1061-1,,,44,Cap
TYC 5800-1062-1,,,45,Cap
TYC 5801-1017-1,,μ,51,Cap
TYC 5803-1956-1,,,,
TYC 5803-1996-1,Ancha,θ,43,Aqr
TYC 5804-1742-1,,ρ,46,Aqr
TYC 5805-526-1,,,,Aqr
TYC 5806-285-1,,,37,Aqr
TYC 5806-1866-1,,e,38,Aqr
TYC 5808-1683-1,,ι,33,Aqr
TYC 5809-416-1,,,39,Aqr
TYC 5809-1804-1,,,42,Aqr
TYC 5810-1136-1,,,50,Aqr
TYC 5810-1304-1,,,45,Aqr
TYC 5813-1406-1,Hydor,λ,73,Aqr
TYC 5814-1593-1,,σ,57,Aqr
TYC 5814-1594-1,,,58,Aqr
TYC 5815-1243-1,,,,Aqr
TYC 5815-1323-1,,,70,Aqr
TYC 5816-131-1,,,74,Aqr
TYC 5817-1280-1,,,56,Aqr
TYC 5818-1306-1,,τ1,69,Aqr
TYC 5819-1247-1,,τ2,71,Aqr
TYC 5820-1291-1,,h,83,Aqr
TYC 5821-1478-1,,χ,92,Aqr
TYC 5821-1480-1,,ψ1,91,Aqr
TYC 5821-1481-1,,ψ2,93,Aqr
TYC 5821-1482-1,,ψ3,95,Aqr
TYC 5827-1271-1,,,94,Aqr
TYC 5831-395-1,,h,,Aqr
TYC 5836-978-1,,ω1,102,Aqr
TYC 5836-979-1,,ω2,105,Aqr
TYC 5838-1288-1,,,2,Cet
TYC 5839-1081-1,,,6,Cet
TYC 5841-1291-1,,,,Cet
TYC 5842-1163-1,,,7,Cet
TYC 5846-131-1,,,,Cet
TYC 5847-2333-1,Diphda,β,16,Cet
TYC 5849-2437-1,,,,
TYC 5849-2453-1,,,,Cet
TYC 5852-2148-1,,,49,Cet
TYC 5852-2149-1,,,50,Cet
TYC 5854-2047-1,,,48,Cet
TYC 5855-2292-1,,τ,52,Cet
TYC 5856-2246-1,,,,Cet
TYC 5858-1059-1,,,57,Cet
TYC 5858-2053-1,,υ,59,Cet
TYC 5860-2587-1,,σ,76,Cet
TYC 5860-2588-1,,,,Cet
TYC 5860-2589-1,,,,Cet
TYC 5866-1050-1,,τ1,1,Eri
TYC 5870-602-1,Ayeyarwady,,,
TYC 5870-1028-1,Angetenar,τ2,2,Eri
TYC 5874-1098-1,,,20,Eri
TYC 5878-1292-1,Angetenar,τ4,16,Eri
TYC 5880-1266-1,,τ5,19,Eri
TYC 5890-656-1,,,,Eri
TYC 5892-1953-1,,,58,Eri
TYC 5895-1948-1,,,54,Eri
TYC 5899-815-1,,,,Eri
TYC 5899-1192-1,,,60,Eri
TYC 5899-1193-1,,,59,Eri
TYC 5902-1721-1,,μ,5,Lep
TYC 5906-910-1,,,,
TYC 5906-1519-1,,,,Lep
TYC 5906-1520-1,,,,Lep
TYC 5913-1374-1,,ε,2,Lep
TYC 5920-1685-1,Arneb,α,11,Lep
TYC 5928-1657-1,Nihal,β,9,Lep
TYC 5928-1658-1,,,10,Lep
TYC 5929-1596-1,,,12,Lep
TYC 5930-2195-1,Arsh al Jauzah,δ,15,Lep
TYC 5930-2197-1,Kursi al Jabbar,γ,13,Lep
TYC 5932-1539-1,,,17,Lep
TYC 5933-2418-1,,,,Lep
TYC 5937-2783-1,,,,CMa
TYC 5938-2918-1,Mirzam,β,2,CMa
TYC 5940-2448-1,,,19,Lep
TYC 5942-2405-1,,,,CMa
TYC 5949-2777-1,Sirius,α,9,CMa
TYC 5952-61-1,,ν1,6,CMa
TYC 5952-2800-1,,ν3,8,CMa
TYC 5956-2621-1,,ν2,7,CMa
TYC 5958-3291-1,,π,19,CMa
TYC 5958-3292-1,,,15,CMa
TYC 5958-3293-1,,,17,CMa
TYC 5961-649-1,,,,CMa
TYC 5961-3333-1,,,12,CMa
TYC 5963-1938-1,Muliphein,γ,23,CMa
TYC 5964-378-1,,,,CMa
TYC 5965-363-1,,,,
TYC 5965-2336-1,,,,CMa
TYC 5966-1288-1,,,,CMa
TYC 5967-2618-1,,ι,20,CMa
TYC 5970-1268-1,,,,CMa
TYC 5974-2258-1,,,,CMa
TYC 5975-3461-1,,,,CMa
TYC 5975-3462-1,,,,CMa
TYC 5980-1606-1,,,140,Pup
TYC 5981-1047-1,,,,Pup
TYC 5985-1590-1,,,6,Pup
TYC 5988-3166-1,,,,Pup
TYC 5991-217-1,,,,
TYC 5996-2764-1,,,20,Pup
TYC 5997-2202-1,,,21,Pup
TYC 6003-2953-1,,,14,Pup
TYC 6004-3719-1,,,16,Pup
TYC 6005-5152-1,,,,Pup
TYC 6010-5044-1,,,,Pup
TYC 6012-1921-1,,,9,Hya
TYC 6014-255-1,,,,
TYC 6015-2511-1,,,,Hya
TYC 6041-1680-1,,G,,Hya
TYC 6042-1585-1,,,,
TYC 6045-1404-1,,,,Hya
TYC 6053-693-1,Felis,,,
TYC 6058-121-1,,,,Hya
TYC 6061-1134-1,,μ,42,Hya
TYC 6062-660-1,,φ2,,Hya
TYC 6066-1101-1,,φ,,Hya
TYC 6075-1831-1,,ν,,Hya
TYC 6075-1832-1,,b1,,Hya
TYC 6079-1901-1,Alkes,α,7,Crt
TYC 6082-2054-1,,b3,,Hya
TYC 6086-1448-1,,,,Crt
TYC 6086-1678-1,,,,Crt
TYC 6087-1749-1,,ψ,,Crt
TYC 6088-2155-1,,γ,15,Crt
TYC 6088-2156-1,,λ,13,Crt
TYC 6094-1532-1,,η,30,Crt
TYC 6096-2032-1,,ζ,27,Crt
TYC 6097-1648-1,,,31,Crv
TYC 6098-1754-1,Gienah,γ,4,Crv
TYC 6103-2394-1,,η,8,Crv
TYC 6103-2395-1,Algorab,δ,7,Crv
TYC 6108-1477-1,,ζ,5,Crv
TYC 6109-333-1,,,,Crv
TYC 6111-555-1,,,,Crv
TYC 6113-1726-1,,,53,Vir
TYC 6116-988-1,,,54,Vir
TYC 6116-1050-1,,,57,Vir
TYC 6116-1514-1,,,55,Vir
TYC 6116-1517-1,,,61,Vir
TYC 6118-1515-1,,,,
TYC 6120-921-1,,,69,Vir
TYC 6121-959-1,,,75,Vir
TYC 6123-582-1,,,85,Vir
TYC 6123-583-1,,,83,Vir
TYC 6124-836-1,,,63,Vir
TYC 6125-605-1,,,73,Vir
TYC 6127-581-1,,,87,Vir
TYC 6127-879-1,,,89,Vir
TYC 6138-15-1,,,,Vir
TYC 6140-715-1,,,,Vir
TYC 6143-1695-1,,,,Vir
TYC 6147-662-1,,,,Vir
TYC 6154-1082-1,,,5,Lib
TYC 6155-1209-1,Zubenelgenubi,α1,8,Lib
TYC 6155-1210-1,Zubenelgenubi,α2,9,Lib
TYC 6164-1939-1,,,,Lib
TYC 6169-1314-1,Zuben Hakrabi,ν,21,Lib
TYC 6169-1315-1,,,22,Lib
TYC 6171-36-1,,,30,Lib
TYC 6171-196-1,,ο,29,Lib
TYC 6174-986-1,,,26,Lib
TYC 6175-500-1,,,28,Lib
TYC 6178-684-1,,,25,Lib
TYC 6178-1225-1,,ι,24,Lib
TYC 6180-855-1,,,,Lib
TYC 6184-1349-1,,,32,Lib
TYC 6184-1358-1,,,34,Lib
TYC 6184-1407-1,,ζ,35,Lib
TYC 6186-1662-1,,η,44,Lib
TYC 6187-1544-1,,θ,46,Lib
TYC 6188-1530-1,,,33,Lib
TYC 6193-631-1,,κ,43,Lib
TYC 6193-766-1,,,41,Lib
TYC 6195-249-1,,,47,Lib
TYC 6195-1763-1,,λ,45,Lib
TYC 6200-1429-1,,,49,Lib
TYC 6203-806-1,,φ,8,Oph
TYC 6207-1170-1,,χ,7,Oph
TYC 6208-1622-1,,β2,8,Sco
TYC 6208-1623-1,Acrab,β1,8,Sco
TYC 6209-1537-1,Jabbah,ν,14,Sco
TYC 6211-510-1,,ψ,4,Oph
TYC 6212-1711-1,Jabhat Acrabi,ω1,9,Sco
TYC 6212-1712-1,,ω2,10,Sco
TYC 6213-1944-1,,,,
TYC 6218-574-1,,,,Oph
TYC 6221-904-1,,,24,Sco
TYC 6227-1060-1,,,29,Oph
TYC 6228-1489-1,,ω,9,Oph
TYC 6232-1333-1,Sabik,η,35,Oph
TYC 6246-664-1,Aggia,ξ,40,Oph
TYC 6247-258-1,,,52,Oph
TYC 6248-1369-1,,ξ,55,Ser
TYC 6255-1958-1,,,6,Sgr
TYC 6260-2072-1,,,58,Oph
TYC 6268-893-1,,,,Sgr
TYC 6271-721-1,,,,Sgr
TYC 6272-89-1,,,16,Sgr
TYC 6273-200-1,,,,Sgr
TYC 6273-1426-1,,,17,Sgr
TYC 6274-1576-1,,,,
TYC 6274-1601-1,,,,Sgr
TYC 6274-1663-1,,,21,Sgr
TYC 6275-252-1,,,,Sgr
TYC 6276-1023-1,,,15,Sgr
TYC 6276-1797-1,,,,Sgr
TYC 6276-3093-1,Polis,μ,13,Sgr
TYC 6276-3094-1,,,14,Sgr
TYC 6279-1453-1,,,,Sgr
TYC 6279-1723-1,,,,
TYC 6287-9-1,,,,Sgr
TYC 6288-1145-1,,,,Sgr
TYC 6288-1258-1,,,,Sgr
TYC 6288-1933-1,,,,Sgr
TYC 6289-3062-1,,,,Sgr
TYC 6289-3134-1,,,29,Sgr
TYC 6291-1685-1,,,,Sgr
TYC 6292-924-1,,,28,Sgr
TYC 6293-236-1,,,30,Sgr
TYC 6293-2525-1,,,33,Sgr
TYC 6294-1245-1,,ξ1,36,Sgr
TYC 6294-2507-1,,ξ2,37,Sgr
TYC 6295-282-1,Albaldah,π,41,Sgr
TYC 6295-2492-1,Manubrij,ο,39,Sgr
TYC 6296-819-1,,,,Sgr
TYC 6297-1419-1,,υ,46,Sgr
TYC 6298-2535-1,,,,Sgr
TYC 6299-2606-1,,,,
TYC 6299-2607-1,,e2,55,Sgr
TYC 6299-2609-1,,e1,54,Sgr
TYC 6301-2322-1,,ρ2,45,Sgr
TYC 6301-2457-1,,ρ1,44,Sgr
TYC 6304-334-1,,d,43,Sgr
TYC 6305-1348-1,,,,Sgr
TYC 6307-2679-1,,,,Sgr
TYC 6309-1875-1,,,50,Sgr
TYC 6309-2223-1,,,,Sgr
TYC 6313-2321-1,,g,61,Sgr
TYC 6316-748-1,,,,Sgr
TYC 6320-2845-1,,f,56,Sgr
TYC 6321-2021-1,,,57,Sgr
TYC 6330-1286-1,,τ1,13,Cap
TYC 6333-2128-1,,ρ,11,Cap
TYC 6333-2129-2,Okul,π,10,Cap
TYC 6333-2130-1,,ο,12,Cap
TYC 6333-2131-1,,ο,12,Cap
TYC 6335-1121-1,,υ,15,Cap
TYC 6336-1995-1,,σ,7,Cap
TYC 6340-1866-1,,,4,Cap
TYC 6343-1495-1,,,17,Cap
TYC 6347-1584-1,,,29,Cap
TYC 6348-1259-1,,,19,Cap
TYC 6350-1499-1,,θ,23,Cap
TYC 6351-1446-1,,,30,Cap
TYC 6353-1468-1,,,20,Cap
TYC 6354-1492-1,Arm,η,22,Cap
TYC 6354-1493-1,,,27,Cap
TYC 6358-1841-1,,χ,25,Cap
TYC 6359-1519-1,,φ,28,Cap
TYC 6360-1220-1,,ι,32,Cap
TYC 6362-1078-1,Nashira,γ,40,Cap
TYC 6363-1044-1,Deneb Algedi,δ,49,Cap
TYC 6369-1185-1,,,37,Cap
TYC 6370-1175-1,,κ,43,Cap
TYC 6370-1176-1,Kastra,ε,39,Cap
TYC 6372-1276-1,,,33,Cap
TYC 6372-1277-1,,,35,Cap
TYC 6372-1278-1,Yen,ζ,34,Cap
TYC 6373-1203-1,,b,36,Cap
TYC 6376-1658-1,,,29,Aqr
TYC 6378-1567-1,,,,
TYC 6380-1740-1,,,35,Aqr
TYC 6382-1715-1,,,,Cap
TYC 6384-1570-2,,,41,Aqr
TYC 6384-1571-1,,,47,Aqr
TYC 6385-788-1,Lionrock,,,
TYC 6385-1461-1,,f,53,Aqr
TYC 6387-1382-1,Skat,δ,76,Aqr
TYC 6387-1383-1,,,77,Aqr
TYC 6389-1377-1,,g,66,Aqr
TYC 6390-1254-1,,,68,Aqr
TYC 6391-1374-1,,,,Aqr
TYC 6392-1443-1,,υ,59,Aqr
TYC 6396-1219-1,,,97,Aqr
TYC 6401-1355-1,,c2,88,Aqr
TYC 6401-1356-1,,c3,89,Aqr
TYC 6402-1221-1,,b1,98,Aqr
TYC 6402-1223-1,,b2,99,Aqr
TYC 6405-1114-1,,,1,Cet
TYC 6407-1131-1,,A2,104,Aqr
TYC 6407-1132-1,,A1,103,Aqr
TYC 6407-1133-1,,i1,106,Aqr
TYC 6407-1135-1,,i2,107,Aqr
TYC 6408-1356-1,,i3,108,Aqr
TYC 6409-1232-1,,b3,101,Aqr
TYC 6409-1233-1,,,100,Aqr
TYC 6418-1217-1,,κ1,,Scl
TYC 6418-1221-1,,ζ,,Scl
TYC 6419-1002-1,,κ2,,Scl
TYC 6419-1055-1,,ι,,Scl
TYC 6421-443-1,,,,Cet
TYC 6421-824-1,,,,
TYC 6421-1924-1,,,,
TYC 6423-1832-1,Cocibolca,,,
TYC 6424-2270-1,,α,,Scl
TYC 6426-1229-1,,,,
TYC 6428-440-1,,,,Scl
TYC 6428-2436-1,,τ,,Scl
TYC 6429-656-1,,,56,Cet
TYC 6429-2283-1,,ε,,Scl
TYC 6430-631-1,,,,Cet
TYC 6432-2329-1,,ν,,For
TYC 6433-793-1,,,,For
TYC 6433-2414-1,,,,
TYC 6433-2550-1,,κ,,For
TYC 6436-2246-1,,ω,,For
TYC 6437-318-1,,γ1,,For
TYC 6437-754-1,,,6,Eri
TYC 6437-957-1,,,4,Eri
TYC 6438-1110-1,,τ3,11,Eri
TYC 6439-1171-1,,,15,Eri
TYC 6441-1007-1,,ζ,,For
TYC 6443-914-1,,γ2,,For
TYC 6444-112-1,,ε,,For
TYC 6445-990-1,Dalim,α,,For
TYC 6448-1370-1,,τ6,27,Eri
TYC 6448-1371-1,,τ7,28,Eri
TYC 6448-1372-1,,τ8,33,Eri
TYC 6453-1223-1,,τ,,For
TYC 6454-1206-1,,σ,,For
TYC 6455-1268-1,,τ9,36,Eri
TYC 6458-1243-1,,,,
TYC 6462-1573-1,,,,
TYC 6466-1769-1,Mouhoun,,,
TYC 6470-1242-1,Beemim,υ1,50,Eri
TYC 6471-474-1,,,,Eri
TYC 6473-1533-1,,,1,Lep
TYC 6478-363-1,,,,Lep
TYC 6492-1090-1,,,,Lep
TYC 6497-768-1,,ν1,,Col
TYC 6501-1434-1,,ν2,,Col
TYC 6505-2273-1,,,,CMa
TYC 6507-2920-1,,ξ1,4,CMa
TYC 6508-2872-1,,ξ2,5,CMa
TYC 6511-2295-1,,,,
TYC 6518-706-1,,,,CMa
TYC 6518-2342-1,,,,
TYC 6519-1517-1,,,,CMa
TYC 6522-3270-1,,,,CMa
TYC 6522-3271-1,Udra,ο1,16,CMa
TYC 6523-3722-1,Al Zara,ο2,24,CMa
TYC 6524-4728-1,,,,CMa
TYC 6527-3496-1,,,,CMa
TYC 6527-3498-1,,,,
TYC 6528-197-1,,,26,CMa
TYC 6528-4220-1,,,,CMa
TYC 6529-1031-1,,,,
TYC 6530-1428-1,,,,CMa
TYC 6531-3793-1,Unurgunite,σ,22,CMa
TYC 6532-566-1,,,,CMa
TYC 6532-689-1,,,,CMa
TYC 6532-5000-1,,,27,CMa
TYC 6532-5001-1,Wezen,δ,25,CMa
TYC 6532-5003-1,,ω,28,CMa
TYC 6534-866-1,,,,
TYC 6535-3619-1,Adhara,ε,21,CMa
TYC 6537-3290-1,,,145,CMa
TYC 6538-2654-1,,,,CMa
TYC 6539-3802-1,,n,,Pup
TYC 6541-2135-1,,,,CMa
TYC 6541-4202-1,,,29,CMa
TYC 6541-4204-1,,τ,30,CMa
TYC 6541-4205-1,,,,CMa
TYC 6543-3376-1,,m,,Pup
TYC 6544-4211-1,,,,Pup
TYC 6544-4213-1,,ο,,Pup
TYC 6545-1765-1,,,,CMa
TYC 6547-2627-1,Markab,κ1,,Pup
TYC 6550-4525-1,Aludra,η,31,CMa
TYC 6551-3461-1,,p,,Pup
TYC 6552-3227-1,,,1,Pup
TYC 6552-3228-1,,l,3,Pup
TYC 6553-3890-1,,j,11,Pup
TYC 6554-3065-1,,,12,Pup
TYC 6555-1743-1,,,,Pup
TYC 6555-3245-1,Tureis,ρ,15,Pup
TYC 6557-4522-1,Azmidi,ξ,7,Pup
TYC 6557-4523-1,,,188,Pup
TYC 6561-2777-1,,,,Pup
TYC 6567-2306-1,,,,
TYC 6571-3298-1,,,,
TYC 6578-2618-1,,η,,Pyx
TYC 6580-2780-1,,δ,,Pyx
TYC 6580-2781-1,,γ,,Pyx
TYC 6583-2588-1,,ζ,,Pyx
TYC 6584-905-1,,,,Pyx
TYC 6590-806-1,,,,
TYC 6590-2180-1,,κ,,Pyx
TYC 6592-2420-1,,θ,,Pyx
TYC 6593-1532-1,,,,Pyx
TYC 6600-2227-1,,λ,,Pyx
TYC 6602-2080-1,,I,,Hya
TYC 6602-2081-1,,,,
TYC 6603-800-1,,,,Hya
TYC 6610-2315-1,,θ,,Ant
TYC 6612-771-1,,,,Ant
TYC 6613-1557-1,,,,Ant
TYC 6620-1355-1,,,44,Hya
TYC 6629-63-1,,,,Ant
TYC 6630-1759-1,,,,Ant
TYC 6631-431-1,,,,
TYC 6644-1330-1,,χ2,,Hya
TYC 6644-1331-1,,χ1,,Hya
TYC 6649-1274-1,Al Sharasif,β,11,Crt
TYC 6656-883-1,,,,Crt
TYC 6656-1010-1,,,,
TYC 6663-1169-1,,,17,Crt
TYC 6664-645-1,,,,
TYC 6668-992-1,Minkar,ε,2,Crv
TYC 6668-993-1,,,3,Crv
TYC 6672-995-1,Alchiba,α,1,Crv
TYC 6673-912-1,,,,Hya
TYC 6674-576-1,,,,
TYC 6683-1116-1,Kraz,β,9,Crv
TYC 6685-1134-1,,,6,Crv
TYC 6699-1369-1,,ψ,45,Hya
TYC 6700-1436-1,,γ,46,Hya
TYC 6705-762-1,,,,Hya
TYC 6705-1317-1,,,,Hya
TYC 6713-24-1,,,,Hya
TYC 6720-1406-1,,,,
TYC 6733-1509-1,,,47,Hya
TYC 6733-1510-1,,,48,Hya
TYC 6735-1289-1,,,,
TYC 6738-710-1,,,50,Hya
TYC 6738-1381-1,,π,49,Hya
TYC 6740-785-1,,k,51,Hya
TYC 6744-1753-1,,l,52,Hya
TYC 6750-1742-1,,,4,Lib
TYC 6750-1743-1,,m,54,Hya
TYC 6750-1746-1,,,55,Hya
TYC 6751-1895-1,,,56,Hya
TYC 6751-1896-1,,,12,Lib
TYC 6752-1455-1,Brachium,σ,20,Lib
TYC 6755-2084-1,,,57,Hya
TYC 6755-2085-1,,E,58,Hya
TYC 6756-461-1,,,59,Hya
TYC 6756-1030-1,,,60,Hya
TYC 6764-300-1,,,,Lib
TYC 6766-877-1,,,23,Lib
TYC 6772-1895-1,,,36,Lib
TYC 6776-1590-1,,υ,39,Lib
TYC 6777-1627-1,,,42,Lib
TYC 6778-1980-1,,,,Sco
TYC 6779-2194-1,Dschubba,δ,7,Sco
TYC 6779-2196-1,,,,Sco
TYC 6780-1607-1,,,,Sco
TYC 6782-2147-1,,A,2,Sco
TYC 6782-2148-1,,b,1,Sco
TYC 6783-2695-1,,,,Sco
TYC 6783-2696-1,,,3,Sco
TYC 6783-2697-1,Fang,π,6,Sco
TYC 6787-2513-1,,,4,Sco
TYC 6788-1728-1,,,,Sco
TYC 6789-1800-1,,τ,40,Lib
TYC 6791-2509-1,Iklil,ρ,5,Sco
TYC 6794-549-1,,ρ,5,Oph
TYC 6794-552-1,,ο,19,Sco
TYC 6797-687-1,,,,Sco
TYC 6798-540-1,Alniyat,σ,20,Sco
TYC 6799-932-1,,i,22,Sco
TYC 6801-1004-1,,c2,13,Sco
TYC 6803-2158-1,Antares,α,21,Sco
TYC 6805-1907-1,,c1,12,Sco
TYC 6805-1909-1,,d,,Sco
TYC 6807-1012-1,Paikauhale,τ,23,Sco
TYC 6810-610-1,,,24,Oph
TYC 6812-592-1,,ο,39,Oph
TYC 6812-617-1,,,,
TYC 6812-770-1,,ο,39,Oph
TYC 6813-789-1,,,25,Sco
TYC 6814-1333-1,,,26,Oph
TYC 6820-293-1,,,,Oph
TYC 6820-326-1,Guniibuu,A,36,Oph
TYC 6823-1187-1,,,,
TYC 6825-462-1,,b,44,Oph
TYC 6826-368-1,,c,51,Oph
TYC 6829-577-1,Garafsa,θ,42,Oph
TYC 6836-118-1,,,3,Sgr
TYC 6836-163-1,,,,Sgr
TYC 6837-698-1,,,43,Oph
TYC 6838-1112-1,,d,45,Oph
TYC 6841-1403-1,,,4,Sgr
TYC 6842-1702-1,,,9,Sgr
TYC 6842-1740-1,,,7,Sgr
TYC 6843-1347-1,,,11,Sgr
TYC 6845-692-1,,,63,Oph
TYC 6847-3001-1,,,,Sgr
TYC 6848-4472-1,,,,Sgr
TYC 6854-4373-1,Nash,,,Sgr
TYC 6855-3412-1,,,,Sgr
TYC 6856-2170-1,Kaus Media,δ,19,Sgr
TYC 6858-1412-1,,,24,Sgr
TYC 6858-1512-1,,,25,Sgr
TYC 6858-2986-1,,,26,Sgr
TYC 6860-304-1,,ν2,35,Sgr
TYC 6860-863-1,Ainalrami,ν1,32,Sgr
TYC 6861-2842-1,,,,Sgr
TYC 6861-3180-1,Kaus Borealis,λ,22,Sgr
TYC 6867-2428-1,Namalsadirah,φ,27,Sgr
TYC 6868-1829-1,Nunki,σ,34,Sgr
TYC 6871-649-1,,,,Sgr
TYC 6875-192-1,Belel,,,
TYC 6875-3273-1,Gumala,,,
TYC 6876-2873-1,,χ3,49,Sgr
TYC 6879-2498-1,Al Kiladah,ψ,42,Sgr
TYC 6880-2342-1,,χ1,47,Sgr
TYC 6881-1777-1,,τ,40,Sgr
TYC 6884-2463-1,,,,
TYC 6885-2837-1,Ascella,ζ,38,Sgr
TYC 6889-2260-1,,,53,Sgr
TYC 6891-1773-1,,,,Sgr
TYC 6893-2131-1,,h1,51,Sgr
TYC 6893-2132-1,,h2,52,Sgr
TYC 6896-2102-1,Terebellum,A,60,Sgr
TYC 6899-2595-1,Terebellum,ω,58,Sgr
TYC 6899-2596-1,Terebellum,b1,59,Sgr
TYC 6900-2236-1,Terebellum,c,62,Sgr
TYC 6901-2205-1,,,,Sgr
TYC 6914-1943-1,,,,
TYC 6921-1792-1,,,,
TYC 6925-1576-1,Wei,ψ,16,Cap
TYC 6928-335-1,,A,24,Cap
TYC 6930-987-1,,ω,18,Cap
TYC 6931-1018-1,,,,
TYC 6933-1066-1,,,,
TYC 6940-1032-1,,,41,Cap
TYC 6943-1015-1,,,8,PsA
TYC 6945-328-1,,,3,PsA
TYC 6945-785-1,,,,
TYC 6948-961-1,,,,
TYC 6957-1565-1,,,,PsA
TYC 6960-22-1,,,13,PsA
TYC 6960-1866-1,,η,12,PsA
TYC 6961-1626-1,,λ,16,PsA
TYC 6962-1577-1,,,49,Aqr
TYC 6966-1508-1,,ζ,,PsA
TYC 6966-1509-1,,ε,18,PsA
TYC 6970-272-1,,,21,PsA
TYC 6970-820-1,,,19,PsA
TYC 6972-1268-1,,c1,86,Aqr
TYC 6977-1266-1,,,,PsA
TYC 6977-1267-1,Fomalhaut,α,24,PsA
TYC 6983-1311-1,,,,Scl
TYC 6988-1180-1,,,,Scl
TYC 6988-1337-1,,δ,,Scl
TYC 6990-1102-1,,,,Scl
TYC 6994-1104-1,,η,,Scl
TYC 6995-1262-1,,θ,,Scl
TYC 6999-2321-1,,σ,,Scl
TYC 7000-789-1,,,,Scl
TYC 7001-2350-1,,,,Scl
TYC 7003-2207-1,,π,,Scl
TYC 7004-2400-1,,,,Scl
TYC 7006-2299-1,,π,,For
TYC 7007-2243-1,,μ,,For
TYC 7011-475-1,,ι1,,For
TYC 7011-603-1,,ι2,,For
TYC 7012-1019-1,,β,,For
TYC 7013-220-1,,λ1,,For
TYC 7013-1037-1,,φ,,For
TYC 7014-630-1,,λ2,,For
TYC 7017-1001-1,,η1,,For
TYC 7018-347-1,,η3,,For
TYC 7018-364-1,,η2,,For
TYC 7026-633-1,,,,For
TYC 7027-814-1,,χ2,,For
TYC 7027-1211-1,,χ3,,For
TYC 7027-1218-1,,χ1,,For
TYC 7028-1394-1,,ρ,,For
TYC 7028-1395-1,,δ,,For
TYC 7032-1403-1,,i,,Eri
TYC 7034-1311-1,,h,,Eri
TYC 7035-1374-1,,g,,Eri
TYC 7038-1509-1,Theemin,υ2,52,Eri
TYC 7039-997-1,,ζ,,Cae
TYC 7040-1534-1,Beemim,υ4,41,Eri
TYC 7041-1605-1,Beemim,undefined3,43,Eri
TYC 7045-130-1,,β,,Cae
TYC 7051-2303-1,,,,Col
TYC 7051-2305-1,,ο,,Col
TYC 7053-2046-1,,γ,,Cae
TYC 7053-2047-1,,γ,,Cae
TYC 7058-1542-1,,σ,,Col
TYC 7061-1518-1,,,,Col
TYC 7061-1617-1,,μ,,Col
TYC 7063-1179-1,,ε,,Col
TYC 7064-1357-1,Phact,α,,Col
TYC 7065-1558-1,,,,Col
TYC 7066-2023-1,,λ,,Col
TYC 7066-2024-1,,γ,,Col
TYC 7069-1482-1,Wazn,β,,Col
TYC 7070-1723-1,,ξ,,Col
TYC 7073-2426-1,Furud,ζ,1,CMa
TYC 7075-2143-1,,,72,Col
TYC 7077-2060-1,,δ,,Col
TYC 7078-912-1,,,,CMa
TYC 7078-1964-1,,,,CMa
TYC 7078-2130-1,,λ,,CMa
TYC 7080-2123-1,,κ,,Col
TYC 7083-1772-1,Elkurud,θ,,Col
TYC 7086-261-1,,,,Col
TYC 7087-1384-1,,,10,CMa
TYC 7088-486-1,,,,
TYC 7088-2594-1,,,,CMa
TYC 7088-2598-1,,,,CMa
TYC 7090-1305-1,,,,CMa
TYC 7092-2576-1,,κ,13,CMa
TYC 7097-2515-1,,t,,Pup
TYC 7097-2518-1,,,,
TYC 7097-2519-1,,,,Pup
TYC 7103-2656-1,,,,CMa
TYC 7106-3582-1,,,,Pup
TYC 7108-4764-1,,,,CMa
TYC 7113-3280-1,,f,,Pup
TYC 7114-2950-1,,,171,Pup
TYC 7115-3014-1,,,,Pup
TYC 7115-3016-1,,v1,,Pup
TYC 7115-3017-1,,v2,,Pup
TYC 7115-3019-1,,π,,Pup
TYC 7116-391-1,,,,Pup
TYC 7117-281-1,,,,
TYC 7117-2381-1,,,,Pup
TYC 7117-2765-1,,z,,Pup
TYC 7117-2766-1,,e,,Pup
TYC 7119-1864-1,,,,Pup
TYC 7120-2422-1,,χ,,Pup
TYC 7124-3767-1,,,,Pup
TYC 7126-3938-1,,w,,Pup
TYC 7127-2092-2,,,212,Pup
TYC 7127-2094-1,,,,Pup
TYC 7129-4635-1,,,,Pup
TYC 7132-497-1,,,,
TYC 7133-4552-1,,,,Pup
TYC 7133-4586-1,,,,Pup
TYC 7133-4588-1,,r,,Pup
TYC 7134-2967-1,,q,,Pup
TYC 7135-2774-1,,,,
TYC 7141-2725-1,,α,,Pyx
TYC 7143-459-1,,,,Pyx
TYC 7143-1288-1,,,,Pyx
TYC 7144-3639-1,,β,,Pyx
TYC 7145-2569-1,,,,Pyx
TYC 7147-1105-1,,,,Pyx
TYC 7152-953-1,,ε,,Pyx
TYC 7154-1728-1,,ζ2,,Ant
TYC 7158-2543-1,,ζ1,,Ant
TYC 7164-4049-1,Markeb,k,,Vel
TYC 7166-3038-1,,ε,,Ant
TYC 7178-237-1,,,,Ant
TYC 7181-1572-1,,η,,Ant
TYC 7182-1231-1,,,,
TYC 7184-2064-1,,δ,,Ant
TYC 7184-2065-1,,α,,Ant
TYC 7187-126-1,,,,
TYC 7201-619-1,,,,
TYC 7211-2295-1,,ι,,Ant
TYC 7216-1261-1,,ξ,,Hya
TYC 7217-698-1,,,,
TYC 7220-866-1,,,,
TYC 7222-1221-1,,,,Hya
TYC 7224-1785-1,,ο,,Hya
TYC 7226-1650-1,,β,,Hya
TYC 7239-971-1,,,,
TYC 7241-1794-1,,x2,,Cen
TYC 7241-1795-1,,x1,,Cen
TYC 7248-492-1,,,,Cen
TYC 7256-1650-1,,p,,Cen
TYC 7263-2070-1,,r,,Cen
TYC 7270-2311-1,,,,Cen
TYC 7270-2399-1,,i,1,Cen
TYC 7274-1680-1,,,,
TYC 7275-2074-1,,ι,,Cen
TYC 7278-2043-1,,z,,Cen
TYC 7283-2099-1,,h,4,Cen
TYC 7283-2100-1,,k,3,Cen
TYC 7287-1891-1,,g,2,Cen
TYC 7291-1838-1,,,,
TYC 7291-1975-1,,y,,Cen
TYC 7293-2215-1,Menkent,θ,5,Cen
TYC 7305-2442-1,,c1,,Cen
TYC 7305-2443-1,,c2,,Cen
TYC 7309-2715-1,,,,Cen
TYC 7311-1617-1,,,,Lup
TYC 7312-1421-1,,f,2,Lup
TYC 7312-1422-1,,i,1,Lup
TYC 7325-1691-1,,φ1,,Lup
TYC 7325-1692-1,,φ2,,Lup
TYC 7326-1138-1,,,,Lup
TYC 7332-2512-1,,χ,5,Lup
TYC 7335-935-1,,ψ1,3,Lup
TYC 7335-936-1,,ψ2,4,Lup
TYC 7337-1460-1,,ξ2,,Lup
TYC 7337-1461-1,,ξ1,,Lup
TYC 7339-1215-1,,h,,Lup
TYC 7342-1315-1,,θ,,Lup
TYC 7353-3152-1,,N,,Sco
TYC 7353-3153-1,,H,,Sco
TYC 7359-722-1,,,,Sco
TYC 7364-1514-1,,,27,Sco
TYC 7366-475-1,,,,Sco
TYC 7366-1088-1,,,,Sco
TYC 7367-804-1,Larawag,ε,26,Sco
TYC 7368-1546-1,,k,,Sco
TYC 7369-106-1,,,,Sco
TYC 7370-850-1,,,,
TYC 7375-437-1,,,,Sco
TYC 7380-218-1,,,,Sco
TYC 7380-655-1,,,,Sco
TYC 7380-725-1,,,,Sco
TYC 7380-1077-3,,,,Sco
TYC 7381-155-1,,,,Sco
TYC 7382-1329-1,,,,Sco
TYC 7383-343-1,,,,Sco
TYC 7386-7-1,,,,Sco
TYC 7386-484-1,,,,Sco
TYC 7386-562-1,,,,Sco
TYC 7386-635-1,,,,Sco
TYC 7387-1249-1,Lesath,υ,34,Sco
TYC 7388-1093-1,Shaula,λ,35,Sco
TYC 7389-2159-1,Fuyue,G,,Sco
TYC 7390-1395-1,,,,Sgr
TYC 7391-2710-1,Alnasl,γ2,10,Sgr
TYC 7393-1807-1,,,18,Sgr
TYC 7400-1084-1,,,,Sgr
TYC 7401-3471-1,Kaus Australis,ε,20,Sgr
TYC 7403-6261-1,,,,
TYC 7404-7057-1,Hamalwarid,η,,Sgr
TYC 7405-3486-1,,,,Sgr
TYC 7408-1059-1,,,,Sgr
TYC 7421-2296-1,,ε,,CrA
TYC 7421-2297-1,,,,CrA
TYC 7422-1737-1,,γ,,CrA
TYC 7425-2425-1,,,,Sgr
TYC 7427-2655-1,,,,Sgr
TYC 7428-2738-1,Sika,,,
TYC 7428-2745-1,,,,Sgr
TYC 7432-2718-1,,,,
TYC 7444-1240-1,,,,
TYC 7448-1356-1,,θ2,,Sgr
TYC 7448-1357-1,,θ1,,Sgr
TYC 7453-1391-1,,,,
TYC 7454-705-1,,,,Sgr
TYC 7455-1420-1,,,,
TYC 7462-1491-1,,β,,Mic
TYC 7465-1445-1,,α,,Mic
TYC 7471-848-1,,δ,,Mic
TYC 7474-1176-1,,,5,PsA
TYC 7475-1108-1,,,2,PsA
TYC 7475-1129-1,,γ,,Mic
TYC 7476-923-1,,ε,,Mic
TYC 7482-979-1,,,6,PsA
TYC 7487-1984-1,,θ,10,PsA
TYC 7490-1839-1,,ι,9,PsA
TYC 7490-1840-1,,,7,PsA
TYC 7492-927-1,,,,PsA
TYC 7492-1465-1,,τ,15,PsA
TYC 7492-1466-1,,μ,14,PsA
TYC 7492-1468-1,,υ,,PsA
TYC 7494-1748-1,Aldhanab,γ,,Gru
TYC 7497-1511-1,Fum al Hui,β,17,PsA
TYC 7501-1093-1,,,,PsA
TYC 7505-100-1,,,,PsA
TYC 7508-1312-1,,δ,23,PsA
TYC 7508-1313-1,,γ,22,PsA
TYC 7509-1264-1,,π,,PsA
TYC 7510-1089-1,,γ,,Scl
TYC 7515-1148-1,,μ,,Scl
TYC 7516-1189-1,,,,Scl
TYC 7527-1031-1,Ankaa,α,,Phe
TYC 7528-954-1,,,,Phe
TYC 7530-978-1,,κ,,Phe
TYC 7532-1040-1,,λ2,,Scl
TYC 7532-1096-1,,λ1,,Scl
TYC 7533-569-1,,ξ,,Scl
TYC 7533-1111-1,Nenque,,,
TYC 7534-1069-1,,,,Scl
TYC 7537-994-1,,υ,,Phe
TYC 7538-711-1,,,,Phe
TYC 7546-1195-1,,φ,,Phe
TYC 7547-1134-1,,γ,,Phe
TYC 7548-908-1,,,,Phe
TYC 7556-1058-1,,χ,,Phe
TYC 7558-987-1,,s,,Eri
TYC 7559-1160-1,,ι,,Eri
TYC 7560-11-1,,ψ,,For
TYC 7563-1016-1,Acamar,θ1,,Eri
TYC 7567-1183-1,,e,82,Eri
TYC 7569-1608-1,,,,
TYC 7570-1585-1,,f,,Eri
TYC 7571-425-1,,,,
TYC 7572-1748-1,,y,,Eri
TYC 7580-1257-1,,δ,,Hor
TYC 7581-1600-1,,α,,Hor
TYC 7582-1654-1,,,,Cae
TYC 7585-1480-1,,δ,,Cae
TYC 7589-1356-1,,λ,,Cae
TYC 7589-1692-1,,ν,,Cae
TYC 7589-1693-1,,α,,Cae
TYC 7594-1441-1,,,,Pic
TYC 7599-1317-1,,,,Col
TYC 7606-989-1,,η,,Col
TYC 7607-324-1,,,,Pic
TYC 7616-137-1,,,,Col
TYC 7619-9-1,,π2,,Col
TYC 7619-17-1,,π1,,Col
TYC 7619-1615-1,,,,Col
TYC 7626-2203-1,,ν,,Pup
TYC 7627-2518-1,,,,Pup
TYC 7627-2519-1,,x,,Pup
TYC 7630-2343-1,,F,,Pup
TYC 7633-2698-1,,D,,Pup
TYC 7633-2708-1,,A,,Pup
TYC 7634-1222-1,,E,,Pup
TYC 7636-1316-1,,,,Pup
TYC 7637-2648-1,,C,,Pup
TYC 7641-1530-1,,,,
TYC 7641-2180-1,,,,
TYC 7642-1461-1,,L2,,Pup
TYC 7642-1846-1,,M,,Pup
TYC 7643-2149-1,,y,,Pup
TYC 7644-2274-1,,d2,,Pup
TYC 7644-2699-1,,d3,,Pup
TYC 7644-2700-1,,d1,,Pup
TYC 7644-2701-1,,d4,,Pup
TYC 7645-3244-1,,,,Pup
TYC 7645-3246-1,,c,,Pup
TYC 7645-3250-1,,,,Pup
TYC 7646-3591-1,,b,,Pup
TYC 7648-1455-1,,,,Pup
TYC 7649-108-1,,,,Pup
TYC 7649-1034-1,,,,Pup
TYC 7650-3052-1,,a,,Pup
TYC 7654-1382-1,,,,Pup
TYC 7655-2687-1,,σ,,Pup
TYC 7656-958-1,,,,Pup
TYC 7658-4643-1,,N,,Pup
TYC 7659-3586-1,,,,Pup
TYC 7661-3766-1,,,,Pup
TYC 7661-4332-1,,,,Pup
TYC 7663-4093-1,Naos,ζ,,Pup
TYC 7664-2481-1,,h1,,Pup
TYC 7664-2482-1,,h2,,Pup
TYC 7666-718-1,,,,
TYC 7666-2426-1,,,,Vel
TYC 7667-5593-1,,,,Pup
TYC 7669-3731-1,,,,Pup
TYC 7670-866-1,,e,,Vel
TYC 7671-3211-1,,,,Pup
TYC 7672-1900-1,,,,Vel
TYC 7675-2590-1,,,,Vel
TYC 7675-3469-1,,,,
TYC 7678-4340-1,,k1,,Vel
TYC 7678-4341-1,,l,,Vel
TYC 7679-1755-1,,h,,Vel
TYC 7679-2117-1,,,,Vel
TYC 7681-2303-1,,,,Vel
TYC 7683-2233-1,,d,,Vel
TYC 7685-2720-1,,w,,Vel
TYC 7685-2721-1,,,,Vel
TYC 7689-948-1,,,,Vel
TYC 7689-1211-1,,,,Vel
TYC 7689-2617-1,Suhail,λ,,Vel
TYC 7690-536-1,,,,Vel
TYC 7690-2852-1,,,,Vel
TYC 7690-2858-1,,z,,Vel
TYC 7696-2620-1,,ψ,,Vel
TYC 7702-1098-1,,,,Vel
TYC 7703-1238-1,,,,Vel
TYC 7704-2608-1,,y,,Vel
TYC 7716-3704-1,,q,,Vel
TYC 7717-3167-1,,r,,Vel
TYC 7729-173-1,,,,Vel
TYC 7732-2325-1,,,,Vel
TYC 7733-2499-1,,i,,Vel
TYC 7733-2500-1,,,,Cen
TYC 7740-385-1,,,,Cen
TYC 7742-1391-1,,,,
TYC 7745-1381-1,,,,
TYC 7755-116-1,,,89,Cen
TYC 7757-2015-1,,u,,Cen
TYC 7759-1305-1,,,,Cen
TYC 7762-1975-1,,l,,Cen
TYC 7763-1047-1,,,,
TYC 7765-2549-1,,,,Cen
TYC 7766-223-1,,,,Cen
TYC 7767-2075-1,,,,Cen
TYC 7774-1925-1,,,,
TYC 7776-1664-1,,n,,Cen
TYC 7777-237-1,,,,Cen
TYC 7784-2636-1,,,,
TYC 7792-2113-1,,,,Cen
TYC 7792-2393-1,,d,,Cen
TYC 7797-2743-1,,μ,,Cen
TYC 7797-2744-1,,ν,,Cen
TYC 7798-1680-1,,,,Cen
TYC 7798-2848-1,,φ,,Cen
TYC 7802-2736-1,,υ1,,Cen
TYC 7805-2696-1,,ψ,,Cen
TYC 7807-2674-1,,χ,,Cen
TYC 7809-2783-1,Bidelman's Helium Variable Star,a,,Cen
TYC 7811-3203-1,,,,Cen
TYC 7814-3706-1,,η,,Cen
TYC 7819-2819-1,,b,,Cen
TYC 7820-3238-1,,,,Cen
TYC 7825-2662-1,,,,Lup
TYC 7826-3079-1,,,,Lup
TYC 7828-3520-1,Ke Kwan,κ,,Cen
TYC 7832-2490-1,KeKouan,β,,Lup
TYC 7832-2492-1,,ο,,Lup
TYC 7834-3136-1,,e,,Lup
TYC 7835-2634-1,,k,,Lup
TYC 7837-930-1,,,,
TYC 7839-2802-1,,υ,,Lup
TYC 7839-2803-1,,δ,,Lup
TYC 7840-1432-1,,γ,,Lup
TYC 7844-198-1,,ω,,Lup
TYC 7847-2505-1,,ε,,Lup
TYC 7848-2378-1,,d,,Lup
TYC 7849-3219-1,,g,,Lup
TYC 7851-1814-1,,η,,Lup
TYC 7851-1816-1,,,,Lup
TYC 7851-1817-1,,,,Sco
TYC 7851-1818-1,,,,Sco
TYC 7853-621-1,,,,
TYC 7854-1164-1,,,,Sco
TYC 7860-1591-1,,λ,,Nor
TYC 7862-1036-1,,,,Sco
TYC 7862-1617-1,,,,Sco
TYC 7866-224-1,,,,Sco
TYC 7866-3007-1,,μ,,Nor
TYC 7868-1463-1,,,,Sco
TYC 7868-1820-1,Pipirima,μ2,,Sco
TYC 7868-1821-1,Xamidimura,μ1,,Sco
TYC 7869-920-1,,,,Sco
TYC 7869-2226-1,,,,Sco
TYC 7870-506-1,,,,Sco
TYC 7872-1994-1,,,,Sco
TYC 7872-2284-1,,,,Sco
TYC 7872-2307-1,,,,Sco
TYC 7874-1217-1,,,,Sco
TYC 7876-309-1,,,,Sco
TYC 7876-2204-1,,,,Sco
TYC 7876-2659-1,,,,Sco
TYC 7876-2743-1,,ζ1,,Sco
TYC 7876-2871-1,Grafias,ζ2,,Sco
TYC 7878-1149-1,,,,Sco
TYC 7881-474-1,Rapeto,,,
TYC 7882-569-1,,η,,Sco
TYC 7883-316-1,,,,Sco
TYC 7884-2780-1,,,,
TYC 7884-2876-1,,Q,,Sco
TYC 7885-2065-1,Mula,κ,,Sco
TYC 7889-2669-1,Girtab,ι1,,Sco
TYC 7890-2436-1,Vanant,ι2,,Sco
TYC 7892-7679-1,Sargas,θ,,Sco
TYC 7894-2942-1,,,,Sco
TYC 7901-567-1,,,,CrA
TYC 7902-891-1,,κ2,,CrA
TYC 7902-1905-1,,κ1,,CrA
TYC 7908-4299-1,,,,CrA
TYC 7910-1570-1,,θ,,CrA
TYC 7914-914-1,,,,CrA
TYC 7915-1673-1,,λ,,CrA
TYC 7917-565-1,,,,
TYC 7917-638-1,,,,CrA
TYC 7917-2653-1,Meridiana,α,,CrA
TYC 7918-1524-1,,β,,CrA
TYC 7919-1424-1,,μ,,CrA
TYC 7921-2856-1,,δ,,CrA
TYC 7925-2795-1,,ζ,,CrA
TYC 7927-522-1,,η1,,CrA
TYC 7927-1950-1,,η2,,CrA
TYC 7935-2139-1,Rukbat,α,,Sgr
TYC 7936-116-1,,,,Sgr
TYC 7936-2270-1,,,,Sgr
TYC 7938-3655-1,,,,Sgr
TYC 7942-3241-1,,ι,,Sgr
TYC 7943-2105-1,Arkab Prior,β1,,Sgr
TYC 7943-2106-1,Arkab Posterior,β2,,Sgr
TYC 7947-1847-1,,,,Sgr
TYC 7957-549-1,,κ1,,Sgr
TYC 7957-1410-1,,κ2,,Sgr
TYC 7962-1389-1,,ν,,Mic
TYC 7965-765-1,,ζ,,Mic
TYC 7966-1201-1,,,,
TYC 7970-450-1,,,,
TYC 7971-141-1,,,,Mic
TYC 7973-1199-1,,η,,Mic
TYC 7975-1347-1,,ι,,Mic
TYC 7976-1340-1,,,,
TYC 7978-1128-1,,,,
TYC 7982-636-1,Itonda,,,
TYC 7983-1197-1,,θ2,,Mic
TYC 7983-1200-1,,θ1,,Mic
TYC 7984-883-1,,ξ,,Gru
TYC 7995-1343-1,,λ,,Gru
TYC 7997-828-1,,ν,,Gru
TYC 7999-1569-1,,μ1,,Gru
TYC 7999-1572-1,,μ2,,Gru
TYC 7999-1575-1,,,,
TYC 8000-1535-1,,σ1,,Gru
TYC 8000-1536-1,,σ2,,Gru
TYC 8003-1372-1,,δ1,,Gru
TYC 8003-1373-1,,δ2,,Gru
TYC 8006-1465-1,,υ,,Gru
TYC 8007-205-1,,ρ,,Gru
TYC 8009-1445-1,,φ,,Gru
TYC 8012-1248-1,,θ,,Gru
TYC 8013-1357-1,,β,,Scl
TYC 8020-969-1,,ι,,Phe
TYC 8022-1240-1,,ε,,Phe
TYC 8024-1169-1,,μ,,Phe
TYC 8025-341-1,,,,
TYC 8025-1056-1,,τ,,Phe
TYC 8027-929-1,,,,
TYC 8027-1302-1,,λ2,,Phe
TYC 8027-1305-1,,λ1,,Phe
TYC 8030-1170-1,,,,
TYC 8032-1228-1,,β,,Phe
TYC 8033-1216-1,,,,Phe
TYC 8033-1232-1,,ν,,Phe
TYC 8034-1159-1,,,,
TYC 8037-1153-1,,ρ,,Phe
TYC 8041-1199-1,,ψ,,Phe
TYC 8043-1179-1,,δ,,Phe
TYC 8047-1138-1,,,,
TYC 8047-1239-1,,,120,Phe
TYC 8047-1320-1,,,,Phe
TYC 8047-1321-1,,χ,,Eri
TYC 8048-1022-1,,,,
TYC 8052-1380-1,,κ,,Eri
TYC 8055-1270-1,,φ,,Eri
TYC 8056-1164-1,,ι,,Hor
TYC 8059-913-1,,,,
TYC 8060-2188-1,,,,Hor
TYC 8074-1532-1,,,,Dor
TYC 8075-1796-1,,γ,,Dor
TYC 8081-1231-1,,η2,,Pic
TYC 8081-1280-1,,η1,,Pic
TYC 8082-1842-1,,λ,,Pic
TYC 8090-1487-1,,,,Pic
TYC 8093-1067-1,,ζ,,Pic
TYC 8097-1027-1,,θ,,Pic
TYC 8099-1392-1,,β,,Pic
TYC 8101-309-1,,,,
TYC 8105-1651-1,,,,Pup
TYC 8107-2019-1,,G,,Pup
TYC 8117-1539-1,,,,
TYC 8119-171-1,,,,Pup
TYC 8119-1757-1,,L1,,Pup
TYC 8119-2547-1,,I,,Pup
TYC 8123-1534-1,,,,
TYC 8125-2314-1,,τ,,Pup
TYC 8126-2550-1,,H,,Pup
TYC 8127-1731-1,,,,
TYC 8130-2235-1,,,23,Car
TYC 8132-40-1,,,,
TYC 8134-726-1,,,,Pup
TYC 8134-800-1,,,,
TYC 8134-3515-1,,P,,Pup
TYC 8135-2600-1,,,,Pup
TYC 8135-3065-1,,O,,Pup
TYC 8136-1166-1,,,,Vel
TYC 8137-2965-1,,y3,,Pup
TYC 8138-3767-1,,Q,,Pup
TYC 8139-1960-1,,,,Pup
TYC 8139-4578-1,,J,,Pup
TYC 8140-5303-1,,,,Vel
TYC 8140-6531-1,,,,Vel
TYC 8140-6533-1,Regor,γ2,,Vel
TYC 8140-6536-1,,,,Vel
TYC 8140-6540-1,,,,Vel
TYC 8141-2663-1,,y2,,Pup
TYC 8143-3237-1,,,,Pup
TYC 8143-3239-1,,,,Pup
TYC 8144-2405-1,,,16,Vel
TYC 8146-573-1,,,,Car
TYC 8151-179-1,,,,Vel
TYC 8151-3667-1,,,,Vel
TYC 8151-5000-1,,b,,Vel
TYC 8151-6254-1,,a,,Vel
TYC 8152-139-1,,,,Vel
TYC 8152-1394-1,,f,,Vel
TYC 8152-2275-1,,g,,Vel
TYC 8153-4761-1,,B,,Vel
TYC 8154-6911-2,,A,,Vel
TYC 8155-2250-1,,,,Vel
TYC 8155-3647-1,,n,,Vel
TYC 8156-3113-1,,,,Vel
TYC 8158-2073-1,,,,Vel
TYC 8158-2683-1,,C,,Vel
TYC 8159-2763-1,,D,,Vel
TYC 8162-1517-1,,E,,Vel
TYC 8169-942-1,,,,Vel
TYC 8169-1192-1,,c,,Vel
TYC 8176-283-1,,,,Vel
TYC 8176-2817-1,,M,,Vel
TYC 8177-1750-1,,,,Vel
TYC 8177-1874-1,,,,Vel
TYC 8178-2943-1,,,,Vel
TYC 8178-3063-1,,K,,Vel
TYC 8180-1886-1,,,,Vel
TYC 8180-2997-1,,L,,Vel
TYC 8181-868-1,,m,,Vel
TYC 8181-3013-1,,u,,Vel
TYC 8193-3330-1,,,,Vel
TYC 8194-294-1,,,,Vel
TYC 8195-4551-1,,,,Vel
TYC 8195-4552-1,,,,Vel
TYC 8195-4554-1,,Q,,Vel
TYC 8197-2714-1,,s,,Vel
TYC 8201-3334-1,,t,,Vel
TYC 8201-3337-1,,p,,Vel
TYC 8202-1608-1,,,,Vel
TYC 8206-3033-1,,μ,,Vel
TYC 8208-2151-1,,,,Cen
TYC 8210-2870-1,,,,Vel
TYC 8211-2375-1,,,,Vel
TYC 8211-2378-1,,,,Vel
TYC 8216-2577-1,,B,,Cen
TYC 8218-1863-1,,C1,,Cen
TYC 8218-1882-1,,C2,,Cen
TYC 8219-2069-1,,C3,,Cen
TYC 8230-3075-1,,D,,Cen
TYC 8233-3212-1,,E,,Cen
TYC 8236-3158-1,,τ,,Cen
TYC 8239-2420-1,,σ,,Cen
TYC 8240-2722-1,,w,,Cen
TYC 8240-2724-1,Muhlifain,γ,,Cen
TYC 8241-3234-1,,,,Cen
TYC 8241-3235-1,,δ,,Cen
TYC 8242-3478-1,,ρ,,Cen
TYC 8243-3043-1,,G,,Cen
TYC 8250-1101-1,,,,Cen
TYC 8250-3266-1,,f,,Cen
TYC 8253-1778-1,,e,,Cen
TYC 8254-2207-1,,ξ1,,Cen
TYC 8254-2208-1,,ξ2,,Cen
TYC 8258-774-1,,,,Cen
TYC 8258-1469-1,,H,,Cen
TYC 8260-2661-1,,K,,Cen
TYC 8263-3419-1,,υ2,,Cen
TYC 8265-2722-1,Dofida,,,
TYC 8267-3170-1,,,,Cen
TYC 8267-3545-1,Alnair,ζ,,Cen
TYC 8269-1422-1,,,,Cen
TYC 8274-2553-1,,,,Cen
TYC 8274-2554-1,,M,,Cen
TYC 8276-2820-1,,,,Cen
TYC 8277-3275-1,,,,
TYC 8277-3277-1,,ι,,Lup
TYC 8277-3280-1,,τ1,,Lup
TYC 8277-3281-1,,τ2,,Lup
TYC 8278-3074-1,,a,,Lup
TYC 8281-2949-1,,,,Lup
TYC 8283-4134-1,Men,α,,Lup
TYC 8286-1831-1,,σ,,Lup
TYC 8287-2475-1,,ρ,,Lup
TYC 8288-880-1,,,,
TYC 8291-2249-1,,b,,Lup
TYC 8293-3877-1,,λ,,Lup
TYC 8297-4705-1,,π,,Lup
TYC 8298-907-1,,ν1,,Lup
TYC 8298-1229-1,,ν2,,Lup
TYC 8298-4182-1,,μ,,Lup
TYC 8298-4184-1,,κ1,,Lup
TYC 8298-4185-1,,κ2,,Lup
TYC 8306-3362-1,,ζ,,Lup
TYC 8310-1489-1,,δ,,Nor
TYC 8312-3982-1,,,,Nor
TYC 8315-1750-1,,θ,,Nor
TYC 8316-4441-1,,ε,,Nor
TYC 8318-1128-1,,η,,Nor
TYC 8319-1759-1,,γ1,,Nor
TYC 8320-2290-1,,γ2,,Nor
TYC 8328-1375-1,,,,Ara
TYC 8336-1563-1,,,,Ara
TYC 8337-27-1,,,,Ara
TYC 8337-1763-1,,,,Ara
TYC 8339-3558-1,,,,Ara
TYC 8341-720-1,,,,Sco
TYC 8341-4366-1,,,,
TYC 8342-6346-1,,σ,,Ara
TYC 8345-4656-1,Inquill,,,
TYC 8345-4829-1,,ι,,Ara
TYC 8346-2916-1,,,,Ara
TYC 8350-2600-1,Choo,α,,Ara
TYC 8351-1868-1,,,,Ara
TYC 8351-2577-1,,λ,,Ara
TYC 8353-3055-1,,κ,,Ara
TYC 8355-436-1,Cervantes,μ,,Ara
TYC 8357-3862-1,,ε,,Tel
TYC 8358-989-1,,,,
TYC 8359-3648-1,,δ2,,Tel
TYC 8359-3649-1,,δ1,,Tel
TYC 8359-3650-1,,α,,Tel
TYC 8365-1698-1,,θ,,Ara
TYC 8367-2755-1,,ζ,,Tel
TYC 8385-1198-1,,κ,,Tel
TYC 8386-2339-1,,ρ,,Tel
TYC 8389-1173-1,,,,Tel
TYC 8389-2108-1,,,,Tel
TYC 8393-1808-1,,ι,,Tel
TYC 8399-856-1,,,,Tel
TYC 8408-532-1,,ζ,,Ind
TYC 8411-1822-1,Persian,α,,Ind
TYC 8413-1980-1,,,,
TYC 8419-1619-1,,η,,Ind
TYC 8420-1431-1,,ι,,Ind
TYC 8437-31-1,,,,
TYC 8438-1959-1,Alnair,α,,Gru
TYC 8439-392-1,,π1,,Gru
TYC 8439-1485-1,,π2,,Gru
TYC 8446-1644-1,Tiaki,β,,Gru
TYC 8446-1645-1,,,,
TYC 8448-1362-1,,ι,,Gru
TYC 8450-987-1,,τ3,,Gru
TYC 8450-1093-1,,τ1,,Gru
TYC 8450-1201-1,,τ2,,Gru
TYC 8453-1499-1,,ε,,Gru
TYC 8456-500-1,,θ,,Phe
TYC 8463-1212-1,,σ,,Phe
TYC 8464-828-1,,,,
TYC 8469-1595-1,,ξ,,Phe
TYC 8469-1596-1,,η,,Phe
TYC 8472-1356-1,,,,
TYC 8475-527-1,,q1,,Eri
TYC 8475-1390-1,,q2,,Eri
TYC 8476-872-1,,ω,,Phe
TYC 8476-1302-1,Wurren,ζ,,Phe
TYC 8478-1394-2,,p,,Eri
TYC 8478-1395-1,Achernar,α,,Eri
TYC 8484-1504-1,,η,,Hor
TYC 8490-1216-1,,,,Hor
TYC 8491-1600-1,,ζ,,Hor
TYC 8495-151-1,,,,Hor
TYC 8498-1351-1,,μ,,Hor
TYC 8500-534-1,Tupi,,,
TYC 8505-1902-1,,,,
TYC 8508-2041-1,,ε,,Ret
TYC 8510-1939-1,,ι,,Pic
TYC 8510-1940-1,,ι,,Pic
TYC 8512-2115-1,,α,,Dor
TYC 8513-1766-1,,,,Dor
TYC 8514-2291-1,,ζ,,Dor
TYC 8515-1845-2,,,,
TYC 8515-1847-1,,κ,,Dor
TYC 8522-1338-1,,κ,,Pic
TYC 8524-1280-1,,γ,,Pic
TYC 8525-1313-1,,δ,,Pic
TYC 8530-1337-1,,λ,,Dor
TYC 8534-2277-1,Canopus,α,,Car
TYC 8535-2126-1,,N,,Car
TYC 8536-794-1,,A,,Car
TYC 8540-615-1,,O,,Car
TYC 8542-1469-1,,ν,,Pic
TYC 8542-1694-1,,,,Pic
TYC 8543-1756-1,,,61,Pic
TYC 8545-2238-1,,,,Car
TYC 8546-1675-1,,,,
TYC 8547-1744-1,,μ,,Pic
TYC 8549-1949-1,,,,Car
TYC 8550-1113-1,,,,Car
TYC 8551-1508-1,,,,Car
TYC 8552-1360-1,,Q,,Car
TYC 8552-1668-1,,,,Car
TYC 8553-2534-1,,,,Car
TYC 8553-2883-1,,χ,,Car
TYC 8568-3117-1,,,,Vel
TYC 8568-3119-1,,F,,Vel
TYC 8568-3122-1,,,,Vel
TYC 8568-3123-1,,,,Car
TYC 8569-3934-1,,,,Vel
TYC 8569-3954-1,,,,Vel
TYC 8569-4018-1,,ο,,Vel
TYC 8570-695-1,,,,Car
TYC 8570-2023-1,,,,Car
TYC 8571-1975-1,,,,Car
TYC 8573-3571-1,Alsephina,δ,,Vel
TYC 8576-2426-1,,e2,,Car
TYC 8577-3017-1,,f,,Car
TYC 8579-2692-1,Avior,ε,,Car
TYC 8580-3313-1,,e1,,Car
TYC 8581-3010-1,,d,,Car
TYC 8582-4212-1,,H,,Vel
TYC 8584-5050-1,,I,,Vel
TYC 8585-547-1,,O,,Vel
TYC 8585-3794-1,,,,Vel
TYC 8586-4328-1,,,,
TYC 8588-4200-1,Markeb,κ,,Vel
TYC 8591-1279-1,,g,,Car
TYC 8592-2561-1,,N,,Vel
TYC 8593-2624-1,,,,Car
TYC 8594-3176-1,,,,Car
TYC 8594-3177-1,,b2,,Car
TYC 8594-3179-1,,b1,,Car
TYC 8595-3311-1,,a,,Car
TYC 8595-3312-1,Aspidiske,ι,,Car
TYC 8596-575-1,,,,Car
TYC 8597-2340-1,,h,,Car
TYC 8598-1404-1,,,,Vel
TYC 8600-3290-1,,,,Vel
TYC 8600-3573-1,,,,Vel
TYC 8601-4516-1,,,,
TYC 8602-1998-1,,,,Vel
TYC 8602-2024-1,,φ,,Vel
TYC 8604-975-1,,J,,Vel
TYC 8604-2441-1,,,,Vel
TYC 8605-1196-1,,x,,Vel
TYC 8606-1280-1,,,,Car
TYC 8607-604-1,,,,Car
TYC 8607-1035-1,,,,Vel
TYC 8609-714-1,,,,Car
TYC 8609-1110-1,,,,Car
TYC 8609-2378-1,,r,,Car
TYC 8609-2497-1,,,,Vel
TYC 8609-3069-1,,P,,Car
TYC 8610-2639-1,,,,Car
TYC 8611-2254-1,,,,Car
TYC 8613-1752-1,,,,Car
TYC 8613-2220-1,,,,Car
TYC 8613-3362-1,,,,Car
TYC 8613-3363-1,,s,,Car
TYC 8613-3365-1,,t2,,Car
TYC 8613-3366-1,,t1,,Car
TYC 8621-2002-1,,π,,Cen
TYC 8622-626-1,,,,Car
TYC 8622-3780-1,,,,Car
TYC 8626-448-1,,,,Car
TYC 8626-1734-1,,,,Car
TYC 8626-2024-1,,,,Car
TYC 8626-2523-1,,,,Car
TYC 8626-2804-1,,,,Car
TYC 8627-156-1,,,,Car
TYC 8627-338-1,,,,Car
TYC 8627-435-1,,,,Car
TYC 8627-3091-1,,u,,Car
TYC 8628-531-1,,,,Car
TYC 8628-786-1,,,,Car
TYC 8628-1620-1,,,,Car
TYC 8628-2484-1,,x,,Car
TYC 8629-1712-1,,ο1,,Cen
TYC 8629-1713-1,,ο2,,Cen
TYC 8630-2149-1,,,,Cen
TYC 8630-2190-1,,A,,Cen
TYC 8633-2876-1,,,,Cen
TYC 8635-2005-1,,,,
TYC 8637-1766-1,,F,,Cen
TYC 8639-2140-1,,,,Cen
TYC 8639-3564-1,,,,Cen
TYC 8642-742-1,Uklun,,,
TYC 8645-2263-1,Imai,δ,,Cru
TYC 8649-746-1,,,,Cen
TYC 8652-1571-1,,,,Cen
TYC 8654-3422-1,Gacrux,γ,,Cru
TYC 8656-3487-1,,μ2,,Cru
TYC 8656-3488-1,,μ1,,Cru
TYC 8658-751-1,,,35,Cru
TYC 8658-1765-1,,,,Cru
TYC 8659-3106-1,,,39,Cru
TYC 8659-3107-1,Mimosa,β,,Cru
TYC 8660-2647-1,,,,Cru
TYC 8660-2695-1,,λ,,Cru
TYC 8661-2282-1,,,,
TYC 8661-2284-1,,,,Cen
TYC 8662-1710-1,,,,Cen
TYC 8663-2929-1,,ε,,Cen
TYC 8664-669-1,,N,,Cen
TYC 8667-432-1,,Q,,Cen
TYC 8668-929-1,,,,
TYC 8669-308-1,,,,Cen
TYC 8677-3292-1,,,,Cen
TYC 8681-3328-1,,c,,Lup
TYC 8682-2412-1,,,,Cen
TYC 8683-1575-1,,,,Cen
TYC 8684-3401-1,,,,Cir
TYC 8686-3020-1,,v,,Cen
TYC 8686-3021-1,,,,Cen
TYC 8687-1581-1,,,,Cen
TYC 8690-554-1,,,,
TYC 8701-350-1,,,,Nor
TYC 8706-1061-1,,β,,Cir
TYC 8707-1990-1,,γ,,Cir
TYC 8710-251-1,,,39,Nor
TYC 8710-670-1,,,,Nor
TYC 8710-2523-1,,,,Nor
TYC 8711-4198-1,,,,Nor
TYC 8715-2025-1,,ζ,,Nor
TYC 8715-2592-1,,κ,,Nor
TYC 8718-139-1,,ι2,,Nor
TYC 8718-2860-1,,ι1,,Nor
TYC 8719-158-1,,,,Nor
TYC 8720-987-1,,,,Nor
TYC 8720-2094-2,,,,Ara
TYC 8725-3067-1,,η,,Ara
TYC 8726-2208-1,,ε1,,Ara
TYC 8726-2209-1,,ε2,,Ara
TYC 8730-1439-1,,ζ,,Ara
TYC 8732-2866-1,,β,,Ara
TYC 8733-2365-1,,π,,Ara
TYC 8735-2047-1,,,,Ara
TYC 8736-3083-1,,,,Ara
TYC 8736-3857-1,,γ,,Ara
TYC 8738-3426-1,,,,Ara
TYC 8740-384-1,,,,Ara
TYC 8742-1898-1,,υ2,,Ara
TYC 8742-3096-1,,υ1,,Ara
TYC 8748-2276-1,,,,Tel
TYC 8754-2023-1,,,,Pav
TYC 8759-2961-1,,λ,,Tel
TYC 8761-875-1,,,,Tel
TYC 8765-314-1,,μ,,Tel
TYC 8765-2571-1,,η,,Tel
TYC 8776-1343-1,,ξ,,Tel
TYC 8783-720-1,,ν,,Tel
TYC 8785-1898-1,Peacock,α,,Pav
TYC 8788-1765-1,,,,Pav
TYC 8793-1478-1,,θ,,Ind
TYC 8796-1244-1,,μ,,Ind
TYC 8804-1375-1,,β,,Ind
TYC 8810-1289-1,,γ,,Ind
TYC 8812-1257-1,,δ,,Ind
TYC 8816-1057-1,,π,,Ind
TYC 8817-984-1,,ε,,Ind
TYC 8820-477-1,,κ,,Ind
TYC 8821-117-1,,κ,,Ind
TYC 8822-1455-1,,,,
TYC 8823-1609-1,,η,,Gru
TYC 8824-447-1,,κ,,Gru
TYC 8824-1503-1,,ζ,,Gru
TYC 8828-1164-1,,,,Tuc
TYC 8828-1420-1,,,,
TYC 8830-856-1,,,,Tuc
TYC 8831-1481-1,,,,Gru
TYC 8832-440-1,,ο,,Gru
TYC 8833-221-1,,π,,Phe
TYC 8837-1297-1,,γ,,Tuc
TYC 8838-463-1,Poerava,,,
TYC 8842-1781-1,,ι,,Tuc
TYC 8843-590-1,,,,Tuc
TYC 8843-1706-1,,ζ,,Tuc
TYC 8844-1519-1,,β1,,Tuc
TYC 8844-1520-1,,β2,,Tuc
TYC 8844-1521-1,,β3,,Tuc
TYC 8845-254-1,,,,Tuc
TYC 8847-598-1,,,,
TYC 8847-1489-1,,ρ,,Tuc
TYC 8848-59-1,,,,Tuc
TYC 8850-1317-1,,,,Hyi
TYC 8851-2027-1,,α,,Hyi
TYC 8855-593-1,,,,Tuc
TYC 8858-1696-1,,λ,,Hor
TYC 8862-243-1,,ν,,Hor
TYC 8862-585-1,,γ,,Hor
TYC 8862-1490-1,,β,,Hor
TYC 8863-1556-1,,ζ1,,Ret
TYC 8863-1557-1,,ζ2,,Ret
TYC 8864-1263-1,,,,Hor
TYC 8868-1318-1,,δ,,Ret
TYC 8868-2193-1,,γ,,Ret
TYC 8868-2221-1,,ι,,Ret
TYC 8869-2459-1,,,,Ret
TYC 8869-2461-1,,α,,Ret
TYC 8870-1384-1,,κ,,Ret
TYC 8870-1385-1,,β,,Ret
TYC 8871-453-1,,,,
TYC 8872-1982-1,,θ,,Ret
TYC 8872-1983-1,,η,,Ret
TYC 8879-151-1,,,,
TYC 8880-1071-1,,,,Dor
TYC 8881-1505-1,,,,Dor
TYC 8883-1641-1,,β,,Dor
TYC 8887-1168-1,,,28,Dor
TYC 8887-1611-1,,,,Dor
TYC 8890-1116-1,,θ,,Dor
TYC 8891-846-1,,,,Dor
TYC 8893-1864-1,,,,Pic
TYC 8895-851-1,,,,Pic
TYC 8896-1535-1,,,36,Dor
TYC 8898-1735-1,,,,Pic
TYC 8899-2202-1,,α,,Pic
TYC 8901-1098-1,,η2,,Dor
TYC 8904-1522-1,,δ,,Dor
TYC 8904-1523-1,,ε,,Dor
TYC 8905-1950-1,,η1,,Dor
TYC 8908-1355-1,,,,
TYC 8911-793-1,,,,
TYC 8911-3387-1,,,,Car
TYC 8911-3394-1,,,,Car
TYC 8924-2780-1,,B,,Car
TYC 8926-1954-1,,,,Car
TYC 8927-3658-1,,c,,Car
TYC 8928-2911-1,,C,,Car
TYC 8928-2987-1,,,,Car
TYC 8928-3018-1,,D,,Car
TYC 8937-2820-1,,β,,Vol
TYC 8939-2729-1,,α,,Vol
TYC 8941-2077-1,,m,,Car
TYC 8943-2313-1,,,,Car
TYC 8943-3447-1,,q,,Car
TYC 8944-3281-1,,i,,Car
TYC 8944-3282-1,,k,,Car
TYC 8946-3219-1,,l,,Car
TYC 8947-1178-1,,,,Car
TYC 8950-2272-1,,υ,,Car
TYC 8952-390-1,,,,Car
TYC 8953-1499-1,,,,Car
TYC 8955-1326-1,,M,,Car
TYC 8956-4324-1,,p,,Car
TYC 8957-4262-1,,w,,Car
TYC 8958-1032-1,,,,Car
TYC 8958-1448-1,,,,Car
TYC 8959-2615-1,,y,,Car
TYC 8960-346-1,,,,Car
TYC 8962-2640-1,,z2,,Car
TYC 8962-2641-1,,z,,Car
TYC 8965-15-1,,,,Car
TYC 8965-542-1,,,,Car
TYC 8965-1765-1,,θ,,Car
TYC 8965-1766-1,,,,Car
TYC 8968-970-1,,,,Car
TYC 8968-1393-1,,L,,Car
TYC 8972-291-1,,,,Cen
TYC 8972-1528-1,,,,Cen
TYC 8972-2338-1,,,,Cen
TYC 8973-1102-1,,,,Cen
TYC 8975-3829-1,,,,Cru
TYC 8975-4125-1,Ginan,ε,,Cru
TYC 8976-5337-1,,,,Cen
TYC 8976-5383-1,,λ,,Cen
TYC 8976-5393-1,,,,Cen
TYC 8977-9437-1,,,,Cen
TYC 8978-6110-1,,,,Cru
TYC 8978-6111-1,,θ2,,Cru
TYC 8978-6112-1,,θ1,,Cru
TYC 8979-332-1,,,,Cru
TYC 8979-650-1,,,,Cru
TYC 8979-3464-1,Acrux,α1,,Cru
TYC 8980-2291-1,,,,
TYC 8980-2292-1,,,,Mus
TYC 8981-4409-1,,j,,Cen
TYC 8982-4743-1,,,,Cru
TYC 8982-4970-1,,η,,Cru
TYC 8983-384-1,Tupã,,,
TYC 8983-2258-1,,ζ,,Cru
TYC 8985-3045-1,,λ,,Mus
TYC 8985-3046-1,,μ,,Mus
TYC 8988-952-1,,,,Cru
TYC 8988-2172-1,,ι,,Cru
TYC 8989-3109-1,,,,Cru
TYC 8989-3110-1,,κ,,Cru
TYC 8990-3680-1,,J,,Cen
TYC 8991-4662-1,,,,Cen
TYC 8992-1861-1,,,,Cru
TYC 8997-2337-1,,θ,,Mus
TYC 8998-3189-1,,m,,Cen
TYC 9000-671-1,,,,Mus
TYC 9005-3919-1,Hadar,β,,Cen
TYC 9007-5848-1,Toliman,α2,,Cen
TYC 9007-5849-1,Rigil Kentaurus,α1,,Cen
TYC 9008-3647-1,,,,Cen
TYC 9015-1445-1,,α,,Cir
TYC 9018-1131-1,,,,Cir
TYC 9019-918-1,,,,Cir
TYC 9021-2243-1,,δ,,Cir
TYC 9024-1862-1,,θ,,Cir
TYC 9025-910-1,,ε,,Cir
TYC 9025-1827-1,,,,Cir
TYC 9027-5712-1,,β,,TrA
TYC 9028-336-1,,η,,Cir
TYC 9028-1183-1,,,,Cir
TYC 9028-1324-1,,,,Cir
TYC 9030-909-1,,,,TrA
TYC 9032-2566-1,,ζ,,Cir
TYC 9033-66-1,,,,TrA
TYC 9034-3741-1,,ε,,TrA
TYC 9039-3145-1,,,,Ara
TYC 9040-3149-1,,,,TrA
TYC 9040-4790-1,,δ,,TrA
TYC 9044-358-1,,,,TrA
TYC 9045-2767-1,,ι,,TrA
TYC 9046-1313-1,,θ,,TrA
TYC 9050-2573-1,,,,TrA
TYC 9053-4118-1,,δ,,Ara
TYC 9059-2661-1,,ι,,Pav
TYC 9059-3655-1,,π,,Pav
TYC 9062-3615-1,,η,,Pav
TYC 9064-3514-1,,,,Ara
TYC 9066-2962-1,,,,
TYC 9068-2823-1,,ξ,,Pav
TYC 9070-2106-1,,ω,,Pav
TYC 9072-2407-1,,,,Pav
TYC 9072-3028-1,,ν,,Pav
TYC 9074-2203-1,,λ,,Pav
TYC 9077-2488-1,,θ,,Pav
TYC 9082-1890-1,,κ,,Pav
TYC 9090-1247-1,,,,Pav
TYC 9093-1337-1,,,,Pav
TYC 9098-1638-1,,,,
TYC 9098-1914-1,,μ2,,Pav
TYC 9098-1915-1,,μ1,,Pav
TYC 9098-1918-1,,δ,,Pav
TYC 9100-1218-1,,φ2,,Pav
TYC 9100-1263-1,,ρ,,Pav
TYC 9100-1712-1,,φ1,,Pav
TYC 9102-1092-1,,,,
TYC 9111-1423-1,,γ,,Pav
TYC 9112-1600-1,,υ,,Pav
TYC 9112-1605-1,,β,,Pav
TYC 9117-1947-1,,α,,Tuc
TYC 9118-1191-1,,ν,,Tuc
TYC 9120-1918-1,,δ,,Tuc
TYC 9126-859-1,,,,Tuc
TYC 9126-1745-1,,,,
TYC 9129-1859-1,,,,Tuc
TYC 9130-1766-1,,η,,Tuc
TYC 9133-1652-1,,ε,,Tuc
TYC 9134-2059-1,,π,,Tuc
TYC 9135-1891-1,,λ1,,Tuc
TYC 9135-1892-1,,λ2,,Tuc
TYC 9136-1759-2,,κ,,Tuc
TYC 9138-521-1,,θ,,Tuc
TYC 9141-7804-1,,λ,,Hyi
TYC 9143-238-1,,η2,,Hyi
TYC 9143-419-1,,η1,,Hyi
TYC 9144-166-1,,π2,,Hyi
TYC 9144-663-1,,π1,,Hyi
TYC 9144-1686-1,,ε,,Hyi
TYC 9144-1688-1,,δ,,Hyi
TYC 9145-2046-1,,ζ,,Hyi
TYC 9148-1834-1,,θ,,Hyi
TYC 9150-88-1,,κ,,Hyi
TYC 9157-1971-1,,μ,,Men
TYC 9159-1634-1,,γ,,Hyi
TYC 9164-2122-1,,ν,,Dor
TYC 9168-305-1,,π1,,Dor
TYC 9169-1591-1,,β,,Men
TYC 9171-1180-1,,λ,,Men
TYC 9173-1001-1,,η,,Men
TYC 9174-64-1,,,,Men
TYC 9175-83-1,Bubup,,,
TYC 9176-987-1,,α,,Men
TYC 9178-929-1,,,,
TYC 9179-2107-1,,δ,,Vol
TYC 9181-404-1,,π2,,Dor
TYC 9182-1410-1,,γ1,,Vol
TYC 9182-1411-1,,γ2,,Vol
TYC 9182-1412-1,,ι,,Vol
TYC 9188-1864-1,,ζ,,Vol
TYC 9193-3090-1,,ε,,Vol
TYC 9196-198-1,,,,
TYC 9198-2243-1,,θ,,Vol
TYC 9199-2885-1,,E,,Car
TYC 9200-2603-1,Miaplacidus,β,,Car
TYC 9201-2148-1,,κ2,,Vol
TYC 9201-2149-1,,κ1,,Vol
TYC 9203-2759-1,,G,,Car
TYC 9204-2518-1,,H,,Car
TYC 9205-1959-1,,η,,Vol
TYC 9209-3537-1,,,,Car
TYC 9211-1-1,,,,Car
TYC 9214-2842-1,,ω,,Car
TYC 9218-2437-1,,,,Car
TYC 9219-3722-1,,K,,Car
TYC 9223-959-1,,,,Car
TYC 9223-2880-1,,I,,Car
TYC 9225-2823-1,,,,Car
TYC 9227-1699-1,,ζ2,,Mus
TYC 9227-1903-1,,ζ1,,Mus
TYC 9227-2705-1,,ε,,Mus
TYC 9228-354-1,,,,Mus
TYC 9228-3047-1,,β,,Mus
TYC 9228-3049-1,,α,,Mus
TYC 9231-752-1,,,,Mus
TYC 9232-1619-1,,,,Mus
TYC 9236-2907-1,,γ,,Mus
TYC 9242-1816-1,,η,,Mus
TYC 9246-581-1,,,,Mus
TYC 9249-2380-1,,δ,,Mus
TYC 9254-2599-1,,ι2,,Mus
TYC 9254-2970-1,,ι1,,Mus
TYC 9256-2069-1,,,,
TYC 9257-434-1,,,,Cir
TYC 9257-1947-1,,,,
TYC 9258-1285-1,,,,TrA
TYC 9259-4905-1,,γ,,TrA
TYC 9260-1772-1,,κ,,TrA
TYC 9263-1520-1,,,,Aps
TYC 9263-2961-1,,,,TrA
TYC 9267-1875-1,,,,Aps
TYC 9271-2376-1,,κ1,,Aps
TYC 9272-2585-1,,κ2,,Aps
TYC 9274-4090-1,,η1,,TrA
TYC 9275-3003-1,,,,TrA
TYC 9275-3641-1,Atria,α,,TrA
TYC 9276-1692-1,,ζ,,Aps
TYC 9278-2951-1,,ζ,,TrA
TYC 9280-646-1,,ι,,Aps
TYC 9299-2361-1,,ζ,,Pav
TYC 9300-554-1,,,,Pav
TYC 9305-1528-1,,τ,,Pav
TYC 9315-1893-1,,ε,,Pav
TYC 9321-989-1,,σ,,Pav
TYC 9322-1132-1,,,,
TYC 9326-1-1,,ο,,Pav
TYC 9326-1340-1,,,,Pav
TYC 9327-635-1,,ο,,Ind
TYC 9333-1274-1,,,,
TYC 9340-1818-1,,ρ,,Ind
TYC 9340-2962-1,,ν,,Ind
TYC 9341-2183-1,,,,
TYC 9350-450-1,,θ,,Oct
TYC 9350-1626-1,,β,,Hyi
TYC 9352-1303-1,,σ,,Hyi
TYC 9354-780-1,,,,
TYC 9356-316-1,,τ2,,Hyi
TYC 9356-723-1,,τ1,,Hyi
TYC 9357-1339-1,,μ,,Hyi
TYC 9358-208-1,,γ3,,Oct
TYC 9362-1344-1,,ν,,Hyi
TYC 9366-741-1,,ι,,Hyi
TYC 9370-1190-1,,,,Hyi
TYC 9372-1455-1,,δ,,Men
TYC 9376-937-1,,ν,,Men
TYC 9377-374-1,,ξ,,Men
TYC 9378-1692-1,,γ,,Men
TYC 9386-2610-1,,ι,,Men
TYC 9386-2611-1,,κ,,Men
TYC 9386-2614-1,,π,,Men
TYC 9388-1630-1,,θ,,Men
TYC 9389-829-1,,ε,,Men
TYC 9392-1931-1,,ζ,,Men
TYC 9396-1083-1,,ν,,Cha
TYC 9398-2714-1,,α,,Cha
TYC 9398-2715-1,,θ,,Cha
TYC 9401-1714-1,,γ,,Cha
TYC 9403-1986-1,,η,,Cha
TYC 9403-1987-1,,,9,Cha
TYC 9408-1798-1,,ι,,Cha
TYC 9408-1799-1,,ζ,,Cha
TYC 9409-1472-1,,μ2,,Cha
TYC 9409-2039-1,,μ,,Cha
TYC 9411-1193-1,,π,,Cha
TYC 9412-2483-1,,κ,,Cha
TYC 9415-3217-1,,ε,,Cha
TYC 9416-1289-1,,,,Cha
TYC 9418-2651-1,,,,Cha
TYC 9418-2652-1,,δ1,,Cha
TYC 9418-2653-1,,δ2,,Cha
TYC 9420-1543-1,,β,,Cha
TYC 9426-3671-1,,,,Cha
TYC 9427-2476-1,,θ,,Aps
TYC 9428-1001-1,,,,
TYC 9428-2897-1,,,,Aps
TYC 9430-1728-1,,,,Cha
TYC 9435-2528-1,,ε,,Aps
TYC 9436-2393-1,,α,,Aps
TYC 9439-1501-1,,η,,Aps
TYC 9444-2164-1,,,,
TYC 9445-2572-1,,φ,,Oct
TYC 9446-3516-1,,δ2,,Aps
TYC 9446-3517-1,,δ1,,Aps
TYC 9447-3154-1,,β,,Aps
TYC 9450-2282-1,,γ,,Aps
TYC 9456-955-1,,,,Aps
TYC 9461-1987-1,,μ2,,Oct
TYC 9461-1989-1,,μ1,,Oct
TYC 9465-412-1,,α,,Oct
TYC 9478-1483-1,,ν,,Oct
TYC 9479-1525-1,,ψ,,Oct
TYC 9481-244-1,,,,
TYC 9483-1157-1,,ε,,Oct
TYC 9484-1164-1,,ξ,,Oct
TYC 9488-1053-1,,β,,Oct
TYC 9489-106-1,,γ2,,Oct
TYC 9489-785-1,,γ1,,Oct
TYC 9490-1295-1,,,,
TYC 9496-590-1,,,31,Men
TYC 9509-1147-1,,π1,,Oct
TYC 9509-2484-1,,π2,,Oct
TYC 9509-3854-1,,δ,,Oct
TYC 9510-2752-1,,ζ,,Oct
TYC 9511-2601-1,,η,,Oct
TYC 9512-1896-1,,κ,,Oct
TYC 9512-2121-1,,ι,,Oct
TYC 9513-132-1,,ρ,,Oct
TYC 9513-948-1,,ω,,Oct
TYC 9521-28-1,,,,Oct
TYC 9521-302-1,,,,Oct
TYC 9524-2404-1,,λ,,Oct
TYC 9529-952-1,,υ,,Oct
TYC 9530-166-1,,,,Oct
TYC 9531-934-1,,χ,,Oct
TYC 9533-797-1,,τ,,Oct
TYC 9536-384-1,Polaris Australis,σ,,Oct
TYC 9537-348-1,,,,Oct
