# JPL Horizons response, kept whole (#406)
# request-url: https://ssd.jpl.nasa.gov/api/horizons.api?format=text&COMMAND=%27301%27&MAKE_EPHEM=%27YES%27&EPHEM_TYPE=%27OBSERVER%27&CENTER=%27coord%40399%27&COORD_TYPE=%27GEODETIC%27&QUANTITIES=%271%2C2%2C4%2C10%2C13%2C14%2C20%2C23%2C24%2C31%2C43%27&EXTRA_PREC=%27YES%27&ANG_FORMAT=%27DEG%27&APPARENT=%27AIRLESS%27&CSV_FORMAT=%27YES%27&TIME_DIGITS=%27SECONDS%27&SITE_COORD=%2710.75%2C59.91%2C0.0%27&START_TIME=%272026-01-01%2000%3A00%27&STOP_TIME=%272026-12-31%2000%3A00%27&STEP_SIZE=%271%20d%27
# requested-utc: 2026-09-29T15:39:47Z
# body-sha256: ca7ad38685c3b19007a0dd71cd049f7730dd79ae5a1a3302e787ce984b281fbe
# body-bytes: 118110
# complete: True
API VERSION: 1.2
API SOURCE: NASA/JPL Horizons API

*******************************************************************************
 Revised: July 31, 2013             Moon / (Earth)                          301
 
 GEOPHYSICAL DATA (updated 2018-Aug-15):
  Vol. mean radius, km  = 1737.53+-0.03    Mass, x10^22 kg       =    7.349
  Radius (gravity), km  = 1738.0           Surface emissivity    =    0.92
  Radius (IAU), km      = 1737.4           GM, km^3/s^2          = 4902.800066
  Density, g/cm^3       =    3.3437        GM 1-sigma, km^3/s^2  =  +-0.0001  
  V(1,0)                =   +0.21          Surface accel., m/s^2 =    1.62
  Earth/Moon mass ratio = 81.3005690769    Farside crust. thick. = ~80 - 90 km
  Mean crustal density  = 2.97+-.07 g/cm^3 Nearside crust. thick.= 58+-8 km 
  Heat flow, Apollo 15  = 3.1+-.6 mW/m^2   Mean angular diameter = 31'05.2"
  Heat flow, Apollo 17  = 2.2+-.5 mW/m^2   Sid. rot. rate, rad/s = 0.0000026617
  Geometric Albedo      = 0.12             Mean solar day        = 29.5306 d
  Obliquity to orbit    = 6.67 deg         Orbit period          = 27.321582 d
  Semi-major axis, a    = 384400 km        Eccentricity          = 0.05490
  Mean motion, rad/s    = 2.6616995x10^-6  Inclination           = 5.145 deg
  Apsidal period        = 3231.50 d        Nodal period          = 6798.38 d
                                 Perihelion  Aphelion    Mean
  Solar Constant (W/m^2)         1414+-7     1323+-7     1368+-7
  Maximum Planetary IR (W/m^2)   1314        1226        1268
  Minimum Planetary IR (W/m^2)      5.2         5.2         5.2
********************************************************************************


*******************************************************************************
Ephemeris / API_USER Tue Sep 29 08:39:47 2026 Pasadena, USA      / Horizons    
*******************************************************************************
Target body name: Moon (301)                      {source: DE441}
Center body name: Earth (399)                     {source: DE441}
Center-site name: (user defined site below)
*******************************************************************************
Start time      : A.D. 2026-Jan-01 00:00:00.0000 UT      
Stop  time      : A.D. 2026-Dec-31 00:00:00.0000 UT      
Step-size       : 1440 minutes
*******************************************************************************
Target pole/equ : MOON_ME                         {East-longitude positive}
Target radii    : 1737.4, 1737.4, 1737.4 km       {Equator_a, b, pole_c}       
Center geodetic : 10.75, 59.91, 0.0               {E-lon(deg),Lat(deg),Alt(km)}
Center cylindric: 10.75, 3205.78431, 5495.4568    {E-lon(deg),Dxy(km),Dz(km)}
Center pole/equ : ITRF93                          {East-longitude positive}
Center radii    : 6378.137, 6378.137, 6356.752 km {Equator_a, b, pole_c}       
Target primary  : Earth
Vis. interferer : MOON (R_eq= 1737.400) km        {source: DE441}
Rel. light bend : Sun                             {source: DE441}
Rel. lght bnd GM: 1.3271E+11 km^3/s^2                                          
Atmos refraction: NO (AIRLESS)
RA format       : DEG
Time format     : CAL 
Calendar mode   : Mixed Julian/Gregorian
EOP file        : eop.260928.p261225                                           
EOP coverage    : DATA-BASED 1962-JAN-20 TO 2026-SEP-28. PREDICTS-> 2026-DEC-24
Units conversion: 1 au= 149597870.700 km, c= 299792.458 km/s, 1 day= 86400.0 s 
Table cut-offs 1: Elevation (-90.0deg=NO ),Airmass (>38.000=NO), Daylight (NO )
Table cut-offs 2: Solar elongation (  0.0,180.0=NO ),Local Hour Angle( 0.0=NO )
Table cut-offs 3: RA/DEC angular rate (     0.0=NO )                           
Table format    : Comma Separated Values (spreadsheet)
********************************************************************************************************************************************************************************************************************************************************************************************
 Date__(UT)__HR:MN:SS, , , R.A.___(ICRF), DEC____(ICRF),  R.A.__(a-app), DEC___(a-app), Azimuth_(a-app), Elevation_(a-app),      Illu%,  Ang-diam,  ObsSub-LON, ObsSub-LAT,             delta,     deldot,     S-O-T,/r,     S-T-O,     ObsEcLon,   ObsEcLat,       phi,  PAB-LON,  PAB-LAT,
********************************************************************************************************************************************************************************************************************************************************************************************
$$SOE
 2026-Jan-01 00:00:00, ,m,  63.097003224,  25.698688299,   63.498787141,  25.767116850,   245.519200148,      42.746351795,   91.19542,  2009.391,  358.229973,  -5.995233,  0.00238433207633,  0.1298841,  145.4039,/T,   34.5173,   66.2287905,  4.4894682,   34.5220,  83.0197,   2.3517,
 2026-Jan-02 00:00:00, ,m,  79.952079226,  27.541769417,   80.367346774,  27.569346070,   228.348056205,      51.006987906,   96.81573,  2016.730,    0.306229,  -5.911268,  0.00237565557835,  0.1059844,  159.3981,/T,   20.5531,   81.4442137,  4.4168348,   20.5584,  91.1396,   2.2454,
 2026-Jan-03 00:00:00, ,m,  97.076082869,  27.276569411,   97.491770840,  27.260102345,   205.510025981,      55.583242211,   99.61264,  2012.699,    2.387937,  -5.370267,  0.00238041343299,  0.0769150,  172.8508,/T,    7.1318,   96.6719936,  3.9953019,    7.1366,  99.2677,   2.0025,
 2026-Jan-04 00:00:00, ,m, 113.645840846,  24.963014776,  114.049152210,  24.905289032,   180.506966139,      54.994577834,   99.42396,  1997.367,    4.283093,  -4.421870,  0.00239868552699,  0.0439040,  171.2681,/L,    8.7109,  111.7293792,  3.2630244,    8.7055, 107.3158,   1.6371,
 2026-Jan-05 00:00:00, ,m, 129.068755807,  20.966965645,  129.452790164,  20.875202986,   159.399199670,      49.698864831,   96.40221,  1972.441,    5.827680,  -3.158077,  0.00242899805674,  0.0084260,  158.0740,/L,   21.8734,  126.4560290,  2.2903626,   21.8680, 115.2039,   1.1668,
 2026-Jan-06 00:00:00, ,m, 143.154017688,  15.800133091,  143.518593618,  15.683191024,   144.012414285,      41.551500862,   90.95446,  1940.811,    6.911713,  -1.693014,  0.00246858336020, -0.0279203,  144.9066,/L,   35.0110,  140.7394300,  1.1646592,   35.0063, 122.8729,   0.6102,
 2026-Jan-07 00:00:00, ,m, 156.029884697,   9.959964365,  156.379122384,   9.826319160,   132.881559290,      32.092863456,   83.63028,  1905.842,    7.487792,  -0.141347,  0.00251387758270, -0.0635427,  132.1563,/L,   47.7354,  154.5253435, -0.0261662,   47.7315, 130.2905,  -0.0159,
 2026-Jan-08 00:00:00, ,m, 167.981882645,   3.849351246,  168.321682573,   3.706362109,   124.348424236,      22.176658530,   75.00848,  1870.713,    7.564460,   1.396922,  0.00256108401843, -0.0969500,  119.8792,/L,   59.9917,  167.8140020, -1.2053325,   59.9888, 137.4515,  -0.6989,
 2026-Jan-09 00:00:00, ,m, 179.337560873,  -2.232980980,  179.674139228,  -2.379008041,   117.292061603,      12.221710793,   65.61865,  1838.007,    7.191610,   2.842831,  0.00260665639132, -0.1267951,  108.0563,/L,   71.7995,  180.6478290, -2.3122173,   71.7977, 144.3727,  -1.4316,
 2026-Jan-10 00:00:00, ,m, 190.412694185,  -8.068104007,  190.751941830,  -8.211555091,   110.992028699,       2.425467006,   55.90644,  1809.562,    6.444601,   4.137901,  0.00264763035604, -0.1518825,   96.6303,/L,   83.2165,  193.0968172, -3.3020328,   83.2159, 151.0863,  -2.2139,
 2026-Jan-11 00:00:00, , , 201.492494057, -13.484384023,  201.839669543, -13.619947002,   104.940676685,      -7.118147526,   46.23257,  1786.507,    5.410790,   5.240048,  0.00268179853095, -0.1711630,   85.5234,/L,   94.3208,  205.2454400, -4.1427174,   94.3212, 157.6333,  -3.0536,
 2026-Jan-12 00:00:00, , , 212.823302253, -18.328669147,  213.182697320, -18.451035710,    98.714865439,     -16.352342954,   36.89037,  1769.378,    4.179540,   6.118776,  0.00270775979493, -0.1837364,   74.6490,/L,  105.1987,  217.1825444, -4.8112141,  105.2002, 164.0585,  -3.9697,
 2026-Jan-13 00:00:00, , , 224.599835621, -22.445910636,  224.974207199, -22.549654111,    91.884968190,     -25.211922069,   28.12930,  1758.261,    2.835350,   6.751274,  0.00272488105063, -0.1888745,   63.9207,/L,  115.9364,  228.9941799, -5.2904113,  115.9390, 170.4059,  -4.9997,
 2026-Jan-14 00:00:00, , , 236.941218371, -25.670320405,  237.330966770, -25.750043319,    83.936611705,     -33.580126363,   20.17643,  1752.907,    1.453370,   7.120080,  0.00273320274284, -0.1860682,   53.2579,/L,  126.6141,  240.7587610, -5.5672818,  126.6176, 176.7159,  -6.2153,
 2026-Jan-15 00:00:00, , , 249.858816829, -27.831408167,  250.261194286, -27.882237111,    74.201613477,     -41.233585858,   13.25171,  1752.839,    0.096705,   7.212422,  0.00273330928930, -0.1750940,   42.5918,/L,  137.3001,  252.5439673, -5.6323073,  137.3043, 183.0215,  -7.7666,
 2026-Jan-16 00:00:00, , , 263.232835207, -28.776444667,  263.641820266, -28.794825026,    61.855819692,     -47.766295065,    7.57506,  1757.424,  358.815199,   7.021012,  0.00272617805771, -0.1560933,   31.8719,/L,  148.0439,  264.4050182, -5.4800465,  148.0488, 189.3423, -10.0154,
 2026-Jan-17 00:00:00, , , 276.824838952, -28.404099667,  277.232296731, -28.388606447,    46.202374794,     -52.517711688,    3.36452,  1765.949,  357.645646,   6.545918,  0.00271301746226, -0.1296434,   21.0869,/L,  158.8559,  276.3842100, -5.1105562,  158.8612, 195.6629, -14.0871,
 2026-Jan-18 00:00:00, , , 290.341374258, -26.694756903,  290.739350724, -26.646485882,    27.559668550,     -54.644948942,    0.82592,  1777.686,  356.613442,   5.796948,  0.00269510579859, -0.0968033,   10.4050,/L,  169.5664,  288.5117452, -4.5312588,  169.5715, 201.7608, -25.8282,
 2026-Jan-19 00:00:00, , , 303.526904945, -23.721145289,  303.909912711, -23.643436184,     8.101993602,     -53.547602051,    0.13580,  1791.955,  355.735593,   4.795913,  0.00267364592880, -0.0591071,    4.2099,/T,  175.7788,  300.8078569, -3.7587645,  175.7762,  33.1801, -63.0630,
 2026-Jan-20 00:00:00, , , 316.238066894, -19.634494241,  316.604198936, -19.532170124,   350.625216290,     -49.357232369,    1.42069,  1808.180,  355.024693,   3.578143,  0.00264965434086, -0.0184920,   13.6492,/T,  166.3145,  313.2860374, -2.8201449,  166.3090,  36.5200, -11.9388,
 2026-Jan-21 00:00:00, , , 328.468390003, -14.636823126,  328.819097301, -14.515383973,   336.365680556,     -42.785973651,    4.73654,  1825.926,  354.493171,   2.192807,  0.00262390354787,  0.0228430,   25.0705,/T,  154.8648,  325.9568688, -1.7532800,  154.8596,  43.1149,  -4.0402,
 2026-Jan-22 00:00:00, , , 340.331218872,  -8.955034104,  340.670410726,  -8.820135417,   324.977406370,     -34.598362616,   10.05235,  1844.890,  354.156839,   0.701919,  0.00259693196236,  0.0626281,   36.8744,/T,  143.0349,  338.8316591, -0.6061416,  143.0302,  49.9924,  -0.9588,
 2026-Jan-23 00:00:00, , , 352.027272803,  -2.826617374,  352.360414534,  -2.683918899,   315.605650290,     -25.357591613,   17.23978,  1864.858,  354.036736,  -0.821729,  0.00256912467405,  0.0987293,   48.9482,/T,  130.9390,  351.9249149,  0.5648509,  130.9351,  57.0347,   0.6807,
 2026-Jan-24 00:00:00, , ,   3.815864219,   3.500898255,    4.149343216,   3.645584090,   307.451089765,     -15.435599319,   26.06892,  1885.608,  354.158370,  -2.297352,  0.00254085357588,  0.1293283,   61.2721,/T,  118.5982,    5.2547109,  1.6971086,  118.5954,  64.2174,   1.6644,
 2026-Jan-25 00:00:00, , ,  15.992977369,   9.758901170,   16.333642862,   9.899275098,   299.863220664,      -5.088519273,   36.20779,  1906.774,  354.547822,  -3.639435,  0.00251264924271,  0.1530429,   73.8456,/T,  106.0139,   18.8402614,  2.7245682,  106.0123,  71.5346,   2.2671,
 2026-Jan-26 00:00:00, ,m,  28.866305490,  15.639542222,   29.220852820,  15.768434779,   292.278407050,       5.474614577,   47.22414,  1927.708,  355.224663,  -4.761658,  0.00248536342730,  0.1689730,   86.6728,/T,   93.1828,   32.6964536,  3.5808771,   93.1825,  78.9847,   2.6086,
 2026-Jan-27 00:00:00, ,m,  42.707922207,  20.779203919,   43.081655168,  20.888370570,   284.125714725,      16.031532883,   58.59013,  1947.367,  356.192450,  -5.582168,  0.00246027311877,  0.1766803,   99.7526,/T,   80.1064,   46.8258125,  4.2035022,   80.1074,  86.5643,   2.7485,
 2026-Jan-28 00:00:00, ,m,  57.663952094,  24.761076087,   58.058612681,  24.841577184,   274.723387724,      26.280117617,   69.69546,  1964.289,  357.428719,  -6.030953,  0.00243907802162,  0.1761278,  113.0698,/T,   66.7997,   61.2093599,  4.5393102,   66.8020,  94.2631,   2.7208,
 2026-Jan-29 00:00:00, ,m,  73.628245955,  27.162924848,   74.039594618,  27.206555962,   263.182988464,      35.748565023,   79.87802,  1976.706,  358.877616,  -6.059428,  0.00242375743386,  0.1676079,  126.5857,/T,   53.3012,   75.7989687,  4.5517139,   53.3046, 102.0599,   2.5482,
 2026-Jan-30 00:00:00, ,m,  90.161863683,  27.663868120,   90.579385785,  27.665525574,   248.442761680,      43.678095575,   88.47978,  1982.820,    0.448886,  -5.650719,  0.00241628419828,  0.1516857,  140.2322,/T,   39.6780,   90.5145451,  4.2283324,   39.6824, 109.9192,   2.2492,
 2026-Jan-31 00:00:00, ,m, 106.589524766,  26.169901022,  107.000301099,  26.129521453,   229.848236468,      48.964080000,   94.92657,  1981.215,    2.025726,  -4.827252,  0.00241824132383,  0.1291643,  153.9090,/T,   26.0291,  105.2488129,  3.5867099,   26.0343, 117.7923,   1.8421,
 2026-Feb-01 00:00:00, ,m, 122.274071747,  22.866090159,  122.668568872,  22.788534801,   208.608547475,      50.478176736,   98.81421,  1971.274,    3.480780,  -3.651604,  0.00243043618526,  0.1010609,  167.4716,/T,   12.4976,  119.8801078,  2.6750625,   12.5031, 125.6212,   1.3466,
 2026-Feb-02 00:00:00, ,m, 136.858232705,  18.147769977,  137.233284184,  18.040818371,   188.131368551,      47.927413918,   99.97151,  1953.436,    4.695789,  -2.218488,  0.00245262991178,  0.0685749,  178.0574,/L,    1.9379,  134.2902075,  1.5663264,    1.9344, 133.3464,   0.7837,
 2026-Feb-03 00:00:00, ,m, 150.305415088,  12.489205699,  150.663282881,  12.361342781,   171.120324277,      42.190329083,   98.47398,  1929.176,    5.578735,  -0.639660,  0.00248347223829,  0.0330334,  165.7672,/L,   14.1976,  148.3818722,  0.3466963,   14.1920, 140.9157,   0.1740,
 2026-Feb-04 00:00:00, ,m, 162.794795556,   6.336673310,  163.140739461,   6.195809193,   157.838278081,      34.529864610,   94.60301,  1900.714,    6.073927,   0.973126,  0.00252066066863, -0.0041774,  153.0621,/L,   26.8719,  162.0911096, -0.8975280,   26.8667, 148.2922,  -0.4632,
 2026-Feb-05 00:00:00, ,m, 174.601187560,   0.059003687,  174.941528820,  -0.087874174,   147.348154191,      25.915242748,   88.76948,  1870.580,    6.163957,   2.521679,  0.00256126572124, -0.0416765,  140.7420,/L,   39.1641,  175.3918646, -2.0905379,   39.1596, 155.4577,  -1.1124,
 2026-Feb-06 00:00:00, ,m, 186.019239286,  -6.057274780,  186.360300234,  -6.203945190,   138.660987285,      16.935266087,   81.43234,  1841.209,    5.865461,   3.928486,  0.00260212281882, -0.0781293,  128.8293,/L,   51.0532,  188.2938964, -3.1726497,   51.0496, 162.4134,  -1.7618,
 2026-Feb-07 00:00:00, ,m, 197.328099070, -11.790482807,  197.675671002, -11.931172261,   131.025239163,       7.919437927,   73.03593,  1814.656,    5.221646,   5.137618,  0.00264019847573, -0.1122609,  117.2948,/L,   62.5691,  200.8363658, -4.1010509,   62.5665, 169.1773,  -2.4039,
 2026-Feb-08 00:00:00, , , 208.775717201, -16.959674932,  209.134655332, -17.088763058,   123.888608039,      -0.949836986,   63.97592,  1792.471,    4.294122,   6.111576,  0.00267287512845, -0.1428493,  106.0809,/L,   73.7701,  213.0797893, -4.8473199,   73.7685, 175.7800,  -3.0352,
 2026-Feb-09 00:00:00, , , 220.565908753, -21.402625967,  220.939587840, -21.514484596,   116.811394990,      -9.562598817,   54.59076,  1775.688,    3.155491,   6.826563,  0.00269813808841, -0.1687125,   95.1115,/L,   84.7324,  225.0982096, -5.3936693,   84.7320, 182.2606,  -3.6558,
 2026-Feb-10 00:00:00, , , 232.838728123, -24.961218436,  233.228272933, -25.050279909,   109.392981900,     -17.830314135,   45.17073,  1764.872,    1.883217,   7.268004,  0.00271467348054, -0.1887061,   84.3011,/L,   95.5419,  236.9724588, -5.7293771,   95.5426, 188.6626,  -4.2691,
 2026-Feb-11 00:00:00, , , 245.643186857, -27.478360299,  246.046661472, -27.539497367,   101.214495272,     -25.644155825,   35.97570,  1760.189,    0.554769,   7.427322,  0.00272189547333, -0.2017400,   73.5607,/L,  106.2875,  248.7846775, -5.8482163,  106.2892, 195.0310,  -4.8838,
 2026-Feb-12 00:00:00, , , 258.912815203, -28.809133394,  259.324894708, -28.838345512,    91.798771312,     -32.832267781,   27.25511,  1761.468,  359.243772,   7.300394,  0.00271991981614, -0.2068257,   62.8036,/L,  117.0557,  260.6138916, -5.7471997,  117.0584, 201.4096,  -5.5159,
 2026-Feb-13 00:00:00, , , 272.465457004, -28.844461404,  272.878222104, -28.839668887,    80.612235974,     -39.111065918,   19.26545,  1768.245,  358.016946,   6.887679,  0.00270949491551, -0.2031574,   51.9499,/L,  127.9259,  272.5323550, -5.4266701,  127.9295, 207.8386,  -6.1981,
 2026-Feb-14 00:00:00, , , 286.045693028, -27.538272342,  286.450665012, -27.499838525,    67.184647947,     -44.041343963,   12.28125,  1779.806,  356.931670,   6.195873,  0.00269189597179, -0.1902275,   40.9309,/L,  138.9664,  284.6024586, -4.8915986,  138.9708, 214.3523,  -7.0027,
 2026-Feb-15 00:00:00, , , 299.402537781, -24.924716593,  299.793103686, -24.855383498,    51.457173698,     -47.041156757,    6.59681,  1795.219,  356.034173,   5.240692,  0.00266878485679, -0.1679663,   29.6935,/L,  150.2294,  296.8741738, -4.1538075,  150.2344, 220.9760,  -8.1227,
 2026-Feb-16 00:00:00, , , 312.366045599, -21.117184757,  312.739038601, -21.021458818,    34.250823549,     -47.549643225,    2.51558,  1813.391,  355.358446,   4.050183,  0.00264203998042, -0.1368836,   18.2092,/L,  161.7426,  309.3831814, -3.2346354,  161.7481, 227.7189, -10.2658,
 2026-Feb-17 00:00:00, , , 324.887415960, -16.292654486,  325.243324415, -16.176000450,    17.191419235,     -45.328714902,    0.32659,  1833.147,  354.925964,   2.667678,  0.00261356672934, -0.0981740,    6.5402,/L,  173.4423,  322.1499576, -2.1673428,  173.4477, 234.5015, -19.3562,
 2026-Feb-18 00:00:00, , , 337.036808020, -10.672209030,  337.379037756, -10.540423639,     1.742425037,     -40.620168985,    0.26962,  1853.328,  354.746237,   1.153341,  0.00258510875266, -0.0537404,    5.9318,/T,  174.0529,  335.1800754, -0.9983971,  174.0472,  61.9691,  -9.6707,
 2026-Feb-19 00:00:00, , , 348.977507368,  -4.506638302,  349.311410046,  -4.365569533,   348.431562704,     -33.970367464,    2.49516,  1872.903,  354.818027,  -0.416653,  0.00255808962764, -0.0060972,   18.1256,/T,  161.8284,  348.4658052,  0.2131563,  161.8229,  69.0176,   0.6786,
 2026-Feb-20 00:00:00, , ,   0.936359045,   1.929830304,    1.268442132,   2.074242054,   337.009203102,     -25.961128959,    7.02849,  1891.068,  355.130879,  -1.953799,  0.00253351760767,  0.0418553,   30.6675,/T,  149.2576,    1.9887909,  1.3986490,  149.2527,  76.2986,   2.6450,
 2026-Feb-21 00:00:00, , ,  13.178104805,   8.338673609,   13.515438728,   8.480140209,   326.922898191,     -17.079166539,   13.74702,  1907.283,  355.666567,  -3.363566,  0.00251197819343,  0.0871503,   43.4220,/T,  136.4780,   15.7232460,  2.4848462,  136.4738,  83.6935,   3.3589,
 2026-Feb-22 00:00:00, , ,  25.978456945,  14.391958712,   26.328017605,  14.523515921,   317.590359911,      -7.708192015,   22.37670,  1921.248,  356.400076,  -4.553372,  0.00249371939919,  0.1270946,   56.3403,/T,  123.5395,   29.6389092,  3.4002729,  123.5364,  91.1711,   3.6014,
 2026-Feb-23 00:00:00, ,m,  39.582033185,  19.728395074,   39.949577168,  19.842206629,   308.469641216,       1.834259354,   32.50680,  1932.806,  357.299985,  -5.440910,  0.00247880827542,  0.1595449,   69.3847,/T,  110.4810,   43.7030287,  4.0817032,  110.4790,  98.7099,   3.5856,
 2026-Feb-24 00:00:00, ,m,  54.130343951,  23.961374669,   54.518530123,  24.048995413,   299.040762378,      11.251317961,   43.61769,  1941.810,  358.328379,  -5.961724,  0.00246731419550,  0.1830618,   82.5241,/T,   97.3343,   57.8809440,  4.4798906,   97.3336, 106.2927,   3.3963,
 2026-Feb-25 00:00:00, ,m,  69.564364791,  26.715287856,   69.970574102,  26.768755089,   288.767497160,      20.218537887,   55.11526,  1948.008,  359.440674,  -6.075317,  0.00245946351949,  0.1969284,   95.7310,/T,   84.1274,   72.1353172,  4.5640595,   84.1281, 113.9046,   3.0775,
 2026-Feb-26 00:00:00, ,m,  85.556466064,  27.699650325,   85.972090959,  27.713387027,   277.083471778,      28.332354057,   66.36832,  1950.981,    0.585901,  -5.769470,  0.00245571550487,  0.2010638,  108.9766,/T,   70.8891,   86.4245938,  4.3250258,   70.8910, 121.5310,   2.6575,
 2026-Feb-27 00:00:00, ,m, 101.564971813,  26.798679144,  101.978063098,  26.771292953,   263.469712889,      35.066223990,   76.74953,  1950.176,    1.707924,  -5.062451,  0.00245672937637,  0.1958832,  122.2262,/T,   57.6536,  100.7016486,  3.7768234,   57.6567, 129.1546,   2.1582,
 2026-Feb-28 00:00:00, ,m, 117.031740591,  24.118817179,  117.431989992,  24.053464970,   247.726120490,      39.781056155,   85.68120,  1945.035,    2.747843,  -4.002530,  0.00246322246903,  0.1821523,  135.4348,/T,   44.4653,  114.9136463,  2.9564477,   44.4694, 136.7537,   1.5992,
 2026-Mar-01 00:00:00, ,m, 131.591087726,  19.954729002,  131.973410500,  19.857796438,   230.409063418,      41.878133927,   92.68464,  1935.192,    3.647451,  -2.664178,  0.00247575222820,  0.1608677,  148.5459,/T,   31.3794,  129.0038408,  1.9211439,   31.3844, 144.3018,   0.9992,
 2026-Mar-02 00:00:00, ,m, 145.144718743,  14.700373011,  145.509488295,  14.579582410,   212.932372798,      41.102193091,   97.42522,  1920.662,    4.353321,  -1.140728,  0.00249448109415,  0.1331704,  161.4923,/T,   18.4618,  142.9154234,  0.7429332,   18.4673, 151.7693,   0.3769,
 2026-Mar-03 00:00:00, ,m, 157.804435157,   8.763441460,  158.155698664,   8.626491890,   196.818285999,      37.734896106,   99.74164,  1901.972,    4.820900,   0.465694,  0.00251899245488,  0.1002869,  174.1637,/T,    5.8213,  156.5968290, -0.4991225,    5.8271, 159.1264,  -0.2505,
 2026-Mar-04 00:00:00, ,m, 169.794862806,   2.514748654,  170.138443266,   2.368751285,   182.823312197,      32.429295978,   99.64903,  1880.163,    5.018068,   2.055061,  0.00254821179503,  0.0634870,  173.1845,/L,    6.7982,  170.0074063, -1.7274697,    6.7927, 166.3479,  -0.8669,
 2026-Mar-05 00:00:00, ,m, 181.379075184,  -3.729454556,  181.721315314,  -3.878001585,   170.885371207,      25.884864609,   97.31418,  1856.671,    4.927737,   3.538818,  0.00258045412605,  0.0240532,  161.0817,/L,   18.8703,  183.1222510, -2.8735034,   18.8649, 173.4167,  -1.4589,
 2026-Mar-06 00:00:00, ,m, 192.817340915,  -9.705452127,  193.164385021,  -9.850454390,   160.555367292,      18.660048846,   93.01089,  1833.137,    4.549298,   4.845878,  0.00261358123706, -0.0167385,  149.2593,/L,   30.6638,  195.9353001, -3.8823502,   30.6589, 180.3265,  -2.0157,
 2026-Mar-07 00:00:00, ,m, 204.346135216, -15.191073061,  204.703413488, -15.326597306,   151.321021780,      11.144623242,   87.06930,  1811.207,    3.898850,   5.924630,  0.00264522648138, -0.0576231,  137.7430,/L,   42.1546,  208.4603232, -4.7144430,   42.1504, 187.0833,  -2.5292,
 2026-Mar-08 00:00:00, ,m, 216.162985881, -19.992490703,  216.534621182, -20.112615578,   142.724508921,       3.597794865,   79.83234,  1792.362,    3.008323,   6.741573,  0.00267303858990, -0.0973373,  126.5030,/L,   53.3732,  220.7299726, -5.3443778,   53.3699, 193.7042,  -2.9938,
 2026-Mar-09 00:00:00, , , 228.407891291, -23.933641848,  228.795901732, -24.032504642,   134.373377500,      -3.804527314,   71.62707,  1777.818,    1.923710,   7.277918,  0.00269490598295, -0.1345982,  115.4864,/L,   64.3734,  232.7933942, -5.7581509,   64.3710, 200.2160,  -3.4050,
 2026-Mar-10 00:00:00, , , 241.139307804, -26.852475957,  241.542726596, -26.924601602,   125.917920536,     -10.928902755,   62.75242,  1768.477,    0.702650,   7.525605,  0.00270913971334, -0.1680801,  104.6240,/L,   75.2249,  244.7129836, -5.9499445,   75.2235, 206.6535,  -3.7589,
 2026-Mar-11 00:00:00, , , 254.312391824, -28.607058958,  254.726755689, -28.647983783,   117.025360462,     -17.649904214,   53.48106,  1764.915,  359.411623,   7.483832,  0.00271460787506, -0.1963971,   93.8357,/L,   86.0081,  256.5607585, -5.9193618,   86.0078, 213.0562,  -4.0512,
 2026-Mar-12 00:00:00, , , 267.776567523, -29.091048202,  268.194404092, -29.098084362,   107.363889943,     -23.818946996,   44.07117,  1767.379,  358.122899,   7.156814,  0.00271082279312, -0.2181053,   83.0355,/L,   96.8092,  268.4145951, -5.6696558,   96.8100, 219.4670,  -4.2753,
 2026-Mar-13 00:00:00, , , 281.308598986, -28.252451045,  281.721177983, -28.225261365,    96.609819695,     -29.235275535,   34.78384,  1775.789,  356.911280,   6.553099,  0.00269798432407, -0.2317352,   72.1361,/L,  107.7156,  280.3543564, -5.2072100,  107.7175, 225.9289,  -4.4208,
 2026-Mar-14 00:00:00, , , 294.678171806, -26.106014546,  295.077908468, -26.046679917,    84.499364958,     -33.624269195,   25.90182,  1789.723,  355.850556,   5.686536,  0.00267697999525, -0.2358714,   61.0538,/L,  118.8109,  292.4577710, -4.5423362,  118.8137, 232.4832,  -4.4699,
 2026-Mar-15 00:00:00, , , 307.718090296, -22.733049013,  308.100434494, -22.645589050,    70.945877648,     -36.640040324,   17.74521,  1808.396,  355.009525,   4.578780,  0.00264933803306, -0.2292912,   49.7141,/L,  130.1691,  304.7958682, -3.6912953,  130.1729, 239.1664,  -4.3891,
 2026-Mar-16 00:00:00, , , 320.367329371, -18.271305249,  320.731408001, -18.160930190,    56.194636130,     -37.919673230,   10.67844,  1830.655,  354.447445,   3.262961,  0.00261712539382, -0.2111680,   38.0580,/L,  141.8487,  317.4278496, -2.6792315,  141.8532, 246.0070,  -4.1062,
 2026-Mar-17 00:00:00, , , 332.676886302, -12.903478719,  333.025072618, -12.775930093,    40.876679239,     -37.198197840,    5.10227,  1854.996,  354.208917,   1.787681,  0.00258278294422, -0.1813265,   26.0490,/L,  153.8853,  330.3955275, -1.5433676,  153.8905, 253.0214,  -3.4192,
 2026-Mar-18 00:00:00, , , 344.790963508,  -6.851360347,  345.128009161,  -6.712548496,    25.804561852,     -34.428689233,    1.42530,  1879.657,  354.318483,   0.220001,  0.00254889729883, -0.1405020,   13.6839,/L,  166.2810,  343.7178755, -0.3353734,  166.2867, 260.2062,  -1.3967,
 2026-Mar-19 00:00:00, , , 356.920766036,  -0.377004424,  357.252984801,  -0.232967845,    11.608265999,     -29.813176977,    0.01360,  1902.778,  354.775699,  -1.354374,  0.00251792539841, -0.0905229,    1.3370,/L,  178.6594,  357.3867538,  0.8785241,  178.6637, 267.1417,  41.3451,
 2026-Mar-20 00:00:00, , ,   9.319136949,   6.212278378,    9.653756745,   6.355171581,   358.523116534,     -23.726038300,    1.12558,  1922.643,  355.551932,  -2.835402,  0.00249191104723, -0.0343134,   12.1448,/T,  167.8252,   11.3652690,  2.0209830,  167.8196,  95.1658,   9.5967,
 2026-Mar-21 00:00:00, , ,  22.252399498,  12.560281426,   22.596881184,  12.695021626,   346.437604677,     -16.606893693,    4.84905,  1937.931,  356.590508,  -4.118044,  0.00247225264352,  0.0243527,   25.3762,/T,  154.5629,   25.5901832,  3.0109254,  154.5578, 102.7667,   6.8677,
 2026-Mar-22 00:00:00, , ,  35.956921212,  18.265982837,   36.317848104,  18.384701178,   335.048133424,      -8.889715663,   11.06170,  1947.913,  357.811525,  -5.105272,  0.00245958389403,  0.0813350,   38.7593,/T,  141.1521,   39.9789723,  3.7736584,  141.1477, 110.4442,   5.6918,
 2026-Mar-23 00:00:00, , ,  50.566938275,  22.904271531,   50.948137917,  22.998444960,   323.980898652,      -0.976471337,   19.43083,  1952.500,  359.121419,  -5.721445,  0.00245380474704,  0.1327209,   52.1955,/T,  127.6931,   54.4406167,  4.2511085,  127.6896, 118.1436,   4.8341,
 2026-Mar-24 00:00:00, ,m,  66.019404541,  26.074392469,   66.419641040,  26.135849699,   312.854375534,       6.762113872,   29.45244,  1952.143,    0.425524,  -5.922219,  0.00245425375450,  0.1753535,   65.6046,/T,  114.2669,   68.8876299,  4.4092456,  114.2646, 125.8245,   4.0705,
 2026-Mar-25 00:00:00, ,m,  81.989994597,  27.478612435,   82.401898255,  27.501358123,   301.310208965,      13.973907045,   40.51511,  1947.610,    1.640341,  -5.698548,  0.00245996672138,  0.2071419,   78.9251,/T,  100.9362,   83.2461405,  4.2409633,  100.9352, 133.4573,   3.3374,
 2026-Mar-26 00:00:00, ,m,  97.949072084,  27.004594738,   98.361295183,  26.986600731,   289.046303884,      20.311543515,   51.96789,  1939.743,    2.702143,  -5.074760,  0.00246994255798,  0.2271092,   92.1142,/T,   87.7441,   97.4615659,  3.7645561,   87.7444, 141.0225,   2.6157,
 2026-Mar-27 00:00:00, ,m, 113.353995193,  24.758385180,  113.755942200,  24.702058641,   275.877193424,      25.429674071,   63.17719,  1929.275,    3.570044,  -4.102635,  0.00248334431715,  0.2352334,  105.1444,/T,   74.7180,  111.4991606,  3.0193087,   74.7196, 148.5087,   1.9030,
 2026-Mar-28 00:00:00, ,m, 127.850133243,  21.019523256,  128.235765259,  20.930543190,   261.823486148,      29.009017574,   73.56735,  1916.734,    4.223824,  -2.853885,  0.00249959297307,  0.2321865,  117.9979,/T,   61.8755,  125.3404792,  2.0599513,   61.8782, 155.9098,   1.2036,
 2026-Mar-29 00:00:00, ,m, 141.342753460,  16.151944215,  141.711291370,  16.037477302,   247.181706169,      30.816056160,   82.64781,  1902.459,    4.658352,  -1.412720,  0.00251834773417,  0.2190674,  130.6591,/T,   49.2313,  138.9777835,  0.9511300,   49.2351, 163.2216,   0.5248,
 2026-Mar-30 00:00:00, ,m, 153.942106328,  10.526941105,  154.296608034,  10.394306185,   232.481357096,      30.778024239,   90.03149,  1886.690,    4.877011,   0.130874,  0.00253939697157,  0.1971882,  143.1075,/T,   36.8051,  152.4084859, -0.2377236,   36.8097, 170.4401,  -0.1247,
 2026-Mar-31 00:00:00, ,m, 165.869680910,   4.483514586,  166.215292733,   4.339592997,   218.295637185,      29.020321515,   95.44724,  1869.678,    4.886084,   1.687199,  0.00256250228521,  0.1679322,  155.3037,/T,   24.6348,  165.6311668, -1.4371639,   24.6401, 177.5600,  -0.7361,
 2026-Apr-01 00:00:00, ,m, 177.385984548,  -1.680986607,  177.728704810,  -1.829810321,   205.025011469,      25.829298870,   98.74564,  1851.798,    4.691314,   3.172342,  0.00258724362529,  0.1326752,  167.1113,/T,   12.8556,  178.6439248, -2.5821578,   12.8611, 184.5754,  -1.3006,
 2026-Apr-02 00:00:00, ,m, 188.750096962,  -7.705486516,  189.096043177,  -7.853139024,   192.806452460,      21.565461368,   99.89575,  1833.610,    4.297039,   4.512917,  0.00261290690235,  0.0927533,  176.2910,/T,    3.6994,  191.4450712, -3.6159259,    3.7006, 191.4815,  -1.8106,
 2026-Apr-03 00:00:00, ,m, 200.198857705, -13.355786621,  200.553746136, -13.496271185,   181.561002480,      16.583221348,   98.97153,  1815.866,    3.707613,   5.649587,  0.00263844018953,  0.0494597,  168.3234,/L,   11.6463,  204.0355992, -4.4927491,   11.6411, 198.2763,  -2.2598,
 2026-Apr-04 00:00:00, ,m, 211.931726727, -18.416354990,  212.300282719, -18.543594025,   171.089651266,      11.187324800,   96.12935,  1799.466,    2.930375,   6.538857,  0.00266248545616,  0.0040577,  157.2435,/L,   22.6978,  216.4225283, -5.1793384,   22.6927, 204.9626,  -2.6429,
 2026-Apr-05 00:00:00, ,m, 224.092147931, -22.686029596,  224.477284628, -22.793890284,   161.148802035,       5.622287696,   91.58074,  1785.391,    1.979187,   7.152980,  0.00268347567609, -0.0421946,  146.1751,/L,   33.7397,  228.6221731, -5.6546561,   33.7350, 211.5496,  -2.9558,
 2026-Apr-06 00:00:00, ,m, 236.743194460, -25.979960705,  237.145023865, -26.062560294,   151.490259824,       0.080135232,   85.56624,  1774.610,    0.877619,   7.478235,  0.00269977663549, -0.0880115,  135.2303,/L,   44.6612,  240.6625973, -5.9084542,   44.6572, 218.0537,  -3.1949,
 2026-Apr-07 00:00:00, , , 249.844814652, -28.139495554,  250.259898681, -28.191819301,   141.876306758,      -5.284651197,   78.33490,  1768.014,  359.661133,   7.512217,  0.00270985012651, -0.1320421,  124.3894,/L,   55.4828,  252.5848493, -5.9390765,   55.4797, 224.4983,  -3.3565,
 2026-Apr-08 00:00:00, , , 263.249663661, -29.048777454,  263.671173013, -29.067478650,   132.083265206,     -10.338485696,   70.13275,  1766.339,  358.377945,   7.260944,  0.00271241857536, -0.1728296,  113.6000,/L,   66.2579,  264.4429062, -5.7511694,   66.2557, 230.9133,  -3.4354,
 2026-Apr-09 00:00:00, , , 276.734407324, -28.651752862,  277.153605627, -28.635810148,   121.903391239,     -14.952639610,   61.20096,  1770.126,  357.088562,   6.736505,  0.00270661700864, -0.2087772,  102.7931,/L,   77.0560,  276.3024443, -5.3538701,   77.0548, 237.3340,  -3.4239,
 2026-Apr-10 00:00:00, , , 290.064763784, -26.960312690,  290.473375620, -26.911197670,   111.152064549,     -18.989304353,   51.78330,  1779.655,  355.864096,   5.955822,  0.00269212325899, -0.2381283,   91.8899,/L,   87.9562,  288.2385696, -4.7598877,   87.9561, 243.7994,  -3.3097,
 2026-Apr-11 00:00:00, , , 303.066938894, -24.048464913,  303.459254406, -23.969733492,    99.685407922,     -22.292115524,   42.14104,  1794.900,  354.783401,   4.940853,  0.00266925929364, -0.2589816,   80.8070,/L,   99.0422,  300.3325128, -3.9857276,   99.0432, 250.3506,  -3.0723,
 2026-Apr-12 00:00:00, , , 315.672839117, -20.036864933,  316.046671309, -19.933422972,    87.430050925,     -24.685367930,   32.57251,  1815.443,  353.928903,   3.720384,  0.00263905473033, -0.2693613,   69.4619,/L,  110.3966,  312.6670919, -3.0531436,  110.3986, 257.0272,  -2.6765,
 2026-Apr-13 00:00:00, , , 327.927794995, -15.078189016,  328.284298918, -14.955597840,    74.418162757,     -25.987500053,   23.43289,  1840.406,  353.380784,   2.333260,  0.00260325854323, -0.2673735,   57.7807,/L,  122.0931,  325.3205813, -1.9916961,  122.0962, 263.8646,  -2.0571,
 2026-Apr-14 00:00:00, , , 339.973054835,  -9.352051552,  340.315990242,  -9.216107567,    60.807437804,     -26.042138961,   15.14711,  1868.382,  353.209074,   0.832477,  0.00256427878725, -0.2514733,   45.7074,/L,  134.1874,  338.3586461, -0.8419445,  134.1914, 270.8879,  -1.0783,
 2026-Apr-15 00:00:00, , , 352.021025625,  -3.071960302,  352.355995907,  -2.928598567,    46.859312919,     -24.761447170,    8.20568,  1897.427,  353.463490,  -0.711150,  0.00252502730415, -0.2208451,   33.2172,/L,  146.7034,  351.8243935,  0.3417384,  146.7082, 278.1038,   0.6051,
 2026-Apr-16 00:00:00, , ,   4.332407521,   3.498817509,    4.666269060,   3.643353976,    32.867774973,     -22.165402939,    3.13250,  1925.159,  354.161698,  -2.207878,  0.00248865369566, -0.1758452,   20.3444,/L,  159.6058,    5.7275543,  1.4903867,  159.6112, 285.4783,   4.2336,
 2026-Apr-17 00:00:00, , ,  17.191975738,  10.029425802,   17.532280596,  10.168256793,    19.069951373,     -18.398179477,    0.41846,  1949.027,  355.278299,  -3.553065,  0.00245817738992, -0.1183779,    7.4050,/L,  172.5767,   20.0352977,  2.5236663,  172.5820, 292.7040,  19.9689,
 2026-Apr-18 00:00:00, , ,  30.869144091,  16.112042634,   31.223223727,  16.237335628,     5.587217077,     -13.714526487,    0.42863,  1966.716,  356.738716,  -4.638097,  0.00243606876045, -0.0520133,    7.4847,/T,  172.4974,   34.6685912,  3.3583622,  172.4923, 121.7872,  26.6607,
 2026-Apr-19 00:00:00, , ,  45.544490797,  21.275673288,   45.917697235,  21.378666134,   352.419728085,      -8.444428372,    3.30938,  1976.610,  358.422851,  -5.367185,  0.00242387498266,  0.0183169,   20.9085,/T,  159.0423,   49.5080144,  3.9212250,  159.0371, 129.2099,  10.8630,
 2026-Apr-20 00:00:00, , ,  61.198422061,  25.040444201,   61.591532442,  25.112277828,   339.480508070,      -2.950335162,    8.93312,  1978.137,    0.181123,  -5.675221,  0.00242200345114,  0.0870562,   34.6979,/T,  145.2235,   64.4102624,  4.1624533,  145.2189, 137.0085,   6.9924,
 2026-Apr-21 00:00:00,A,m,  77.513585883,  27.018971846,   77.920862143,  27.052564968,   326.643007277,       2.411939791,   16.90732,  1971.839,    1.859973,  -5.539869,  0.00242973953122,  0.1489745,   48.4512,/T,  131.4451,   79.2317474,  4.0647176,  131.4414, 144.8118,   4.9572,
 2026-Apr-22 00:00:00,A,m,  93.905441692,  27.032666138,   94.315942053,  27.024884631,   313.785226671,       7.323139571,   26.64532,  1959.136,    3.328499,  -4.983193,  0.00244549377352,  0.1999926,   62.0285,/T,  117.8484,   93.8517297,  3.6443421,  117.8458, 152.5354,   3.5389,
 2026-Apr-23 00:00:00,A,m, 109.735409396,  25.168316861,  110.137808524,  25.120854579,   300.824520924,      11.520393826,   37.46761,  1941.907,    4.496981,  -4.063352,  0.00246719107932,  0.2376145,   75.3468,/T,  104.5172,  108.1875013,  2.9451159,  104.5158, 160.1365,   2.4119,
 2026-Apr-24 00:00:00,A,m, 124.566500705,  21.726444711,  124.953687902,  21.644731273,   287.740852763,      14.809100323,   48.69621,  1922.051,    5.322482,  -2.861158,  0.00249267748246,  0.2609148,   88.3638,/T,   91.4943,  122.1982967,  2.0283050,   91.4942, 167.5952,   1.4577,
 2026-Apr-25 00:00:00,A,m, 138.267976571,  17.103728629,  138.638314667,  16.994928898,   274.584748892,      17.069644106,   59.71833,  1901.181,    5.802980,  -1.467006,  0.00252004035313,  0.2702177,  101.0681,/T,   78.7911,  135.8795870,  0.9628662,   78.7923, 174.9078,   0.6259,
 2026-Apr-26 00:00:00,A,m, 150.953414475,  11.691657178,  151.309388871,  11.563116550,   261.465799088,      18.259829097,   70.01664,  1880.475,    5.965043,   0.028642,  0.00254778970413,  0.2666637,  113.4683,/T,   66.3987,  149.2521328, -0.1817988,   66.4010, 182.0811,  -0.1071,
 2026-Apr-27 00:00:00,A,m, 162.865631634,   5.829299013,  163.211995338,   5.687857053,   248.522826706,      18.411449849,   79.17551,  1860.676,    5.850212,   1.540802,  0.00257489910309,  0.2518140,  125.5821,/T,   54.2988,  162.3501249, -1.3402016,   54.3022, 189.1270,  -0.7528,
 2026-Apr-28 00:00:00,A,m, 174.289666344,  -0.201074688,  174.632135745,  -0.349148683,   235.885858391,      17.619288436,   86.87589,  1842.191,    5.503441,   2.992693,  0.00260073687169,  0.2273642,  137.4246,/T,   42.4754,  175.2112552, -2.4530507,   42.4796, 196.0592,  -1.3164,
 2026-Apr-29 00:00:00,A,m, 185.506983222,  -6.159131732,  185.851514933,  -6.307918922,   223.644715839,      16.023522492,   92.88758,  1825.211,    4.965098,   4.317127,  0.00262493100515,  0.1949751,  148.9930,/T,   30.9301,  187.8699976, -3.4684915,   30.9349, 202.8902,  -1.8004,
 2026-Apr-30 00:00:00,A,m, 196.774817722, -11.828281608,  197.127155201, -11.971929607,   211.834276282,      13.789523517,   97.06259,  1809.849,    4.266794,   5.457531,  0.00264721113992,  0.1561971,  160.2171,/T,   19.7319,  200.3543214, -4.3430054,   19.7372, 209.6307,  -2.2051,
 2026-May-01 00:00:00,A,m, 208.313113276, -17.001502596,  208.678292353, -17.134006976,   200.436520920,      11.089638708,   99.32953,  1796.242,    3.430717,   6.368963,  0.00266726413961,  0.1124572,  170.5863,/T,    9.3888,  212.6854721, -5.0422044,    9.3936, 216.2897,  -2.5303,
 2026-May-02 00:00:00,A,m, 220.287507730, -21.474419305,  220.669109934, -21.589576450,   189.392590042,       8.089783297,   99.68723,  1784.623,    2.471814,   7.018950,  0.00268462998085,  0.0650829,  173.5682,/L,    6.4148,  224.8801378, -5.5414104,    6.4120, 222.8754,  -2.7754,
 2026-May-03 00:00:00,A,m, 232.784135279, -25.047772676,  233.183269602, -25.139413796,   178.617324413,       4.941380984,   98.19591,  1775.349,    1.401944,   7.387792,  0.00269865339191,  0.0153431,  164.5161,/L,   15.4432,  236.9541327, -5.8257779,   15.4382, 229.3972,  -2.9396,
 2026-May-04 00:00:00,A,m, 245.781998378, -27.540689836,  246.196333773, -27.603266444,   168.011672107,       1.777780256,   94.96570,  1768.898,    0.234943,   7.468052,  0.00270849557152, -0.0355022,  153.9959,/L,   25.9369,  248.9266639, -5.8897919,   25.9320, 235.8668,  -3.0220,
 2026-May-05 00:00:00,A, , 259.140674378, -28.813104867,  259.564211372, -28.842542632,   157.471487442,      -1.286120071,   90.14370,  1765.830,  358.991584,   7.263215,  0.00271320089479, -0.0861491,  143.3092,/L,   36.5990,  260.8243229, -5.7361736,   36.5946, 242.3000,  -3.0210,
 2026-May-06 00:00:00,A, , 272.625216323, -28.789670510,  273.049421548, -28.784173986,   146.893154977,      -4.152171404,   83.90216,  1766.738,  357.703564,   6.785824,  0.00271180713915, -0.1351947,  132.5740,/L,   47.3128,  272.6841499, -5.3744379,   47.3091, 248.7174,  -2.9341,
 2026-May-07 00:00:00,A, , 285.972837858, -27.472929579,  286.388948651, -27.433320298,   136.177201294,      -6.736109117,   76.43016,  1772.176,  356.415985,   6.055588,  0.00270348485172, -0.1810820,  121.7779,/L,   58.0918,  284.5553892, -4.8194838,   58.0889, 255.1450,  -2.7570,
 2026-May-08 00:00:00,A, , 298.974461187, -24.937409910,  299.375828359, -24.866811414,   125.231113724,      -8.964295816,   67.93148,  1782.590,  355.188127,   5.098030,  0.00268769126020, -0.2220505,  110.8717,/L,   68.9859,  296.4997653, -4.0906252,   68.9839, 261.6138,  -2.4822,
 2026-May-09 00:00:00,A, , 311.531326954, -21.308250318,  311.914685310, -21.211334877,   113.972373655,     -10.770851054,   58.62989,  1798.224,  354.092418,   3.944144,  0.00266432488777, -0.2561026,   99.7890,/L,   80.0620,  308.5901869, -3.2114061,   80.0611, 268.1589,  -2.0972,
 2026-May-10 00:00:00,N, , 323.668447633, -16.737379921,  324.033925277, -16.619585997,   102.332373752,     -12.096047626,   48.78239,  1819.019,  353.211508,   2.631387,  0.00263386670658, -0.2810066,   88.4553,/L,   91.3952,  320.9076906, -2.2104122,   91.3954, 274.8179,  -1.5814,
 2026-May-11 00:00:00,N, , 335.516758219, -11.389572534,  335.867185551, -11.256586893,    90.261415092,     -12.886992695,   38.69909,  1844.493,  352.633053,   1.206013,  0.00259749050612, -0.2943689,   76.7949,/L,  103.0614,  333.5362279, -1.1230820,  103.0628, 281.6282,  -0.8999,
 2026-May-12 00:00:00,N, , 347.286066686,  -5.443693591,  347.626201039,  -5.301278142,    77.734334914,     -13.101632651,   28.76571,  1873.614,  352.441585,  -0.273638,  0.00255711849956, -0.2938160,   64.7402,/L,  115.1283,  346.5547076,  0.0058003,  115.1308, 288.6220,   0.0107,
 2026-May-13 00:00:00,N, , 359.242273483,   0.891751238,  359.578227068,   1.037638423,    64.755578633,     -12.716737993,   19.46042,  1904.697,  352.706767,  -1.733975,  0.00251538964918, -0.2773316,   52.2436,/L,  127.6432,    0.0258070,  1.1197770,  127.6468, 295.8207,   1.2780,
 2026-May-14 00:00:00,N, ,  11.688657648,   7.353195936,   12.027476898,   7.496076270,    51.362010811,     -11.739368858,   11.35168,  1935.386,  353.468098,  -3.085149,  0.00247550333395, -0.2437592,   39.2941,/L,  140.6166,   13.9818415,  2.1500843,  140.6210, 303.2247,   3.2057,
 2026-May-15 00:00:00,N, ,  24.938808997,  13.594705104,   25.287884247,  13.727177014,    37.621905584,     -10.219239128,    5.06111,  1962.815,  354.718008,  -4.224964,  0.00244091031036, -0.1934070,   25.9463,/L,  153.9928,   28.4097926,  3.0187878,  153.9979, 310.7905,   6.7456,
 2026-May-16 00:00:00,N, ,  39.258571047,  19.173644752,   39.624343299,  19.287149573,    23.629603818,      -8.256966488,    1.18134,  1983.990,  356.388452,  -5.050094,  0.00241485843369, -0.1285664,   12.4551,/L,  167.5151,   43.2402021,  3.6473905,  167.5204, 318.2909,  17.0717,
 2026-May-17 00:00:00,N, ,  54.755077330,  23.574472238,   55.140621995,  23.659701944,     9.496800469,      -6.002128530,    0.15869,  1996.386,  358.348672,  -5.474224,  0.00239986403069, -0.0536568,    4.5527,/T,  175.4366,   58.3464960,  3.9705268,  175.4339, 150.3816,  60.6486,
 2026-May-18 00:00:00,N, ,  71.232601935,  26.298404636,   71.634829670,  26.346882963,   355.342323240,      -3.637422793,    2.17812,  1998.566,    0.420476,  -5.447991,  0.00239724668532,  0.0252389,   16.9293,/T,  163.0313,   73.5596973,  3.9508652,  163.0261, 155.4047,  13.5379,
 2026-May-19 00:00:00,N, ,  88.131076933,  27.013704700,   88.540300393,  27.020314742,   341.281995112,      -1.351277867,    7.10217,  1990.562,    2.410031,  -4.972100,  0.00240688586854,  0.1014254,   30.8375,/T,  149.0927,   88.6971067,  3.5888633,  149.0879, 163.1750,   6.7639,
 2026-May-20 00:00:00,N,m, 104.691463303,  25.686126448,  105.095474432,  25.650938330,   327.419333246,       0.692366619,   14.49666,  1973.825,    4.145407,  -4.096939,  0.00242729486166,  0.1688648,   44.6591,/T,  135.2443,  103.5956465,  2.9225056,  135.2404, 170.9780,   3.8508,
 2026-May-21 00:00:00,N,m, 120.284821288,  22.581306786,  120.674675094,  22.509106669,   313.837524375,       2.376595978,   23.73063,  1950.768,    5.505258,  -2.909176,  0.00245598351965,  0.2231643,   58.1846,/T,  121.6973,  118.1375719,  2.0173799,  121.6943, 178.6602,   2.0781,
 2026-May-22 00:00:00,N,m, 134.631348440,  18.136055806,  135.004026152,  18.034163237,   300.593544921,       3.640194581,   34.10287,  1924.139,    6.429704,  -1.512479,  0.00248997377387,  0.2619651,   71.3262,/T,  108.5403,  132.2609480,  0.9522825,  108.5385, 186.1684,   0.8199,
 2026-May-23 00:00:00,N,m, 147.780953153,  12.808016855,  148.138342167,  12.684219198,   287.715593554,       4.473193757,   44.94611,  1896.468,    6.914468,  -0.010482,  0.00252630341955,  0.2847592,   84.0561,/T,   95.8018,  145.9554096, -0.1936580,   95.8012, 193.4863,  -0.1419,
 2026-May-24 00:00:00,N,m, 159.974214659,   6.989493815,  160.320936064,   6.851009684,   275.204450412,       4.904660035,   55.68598,  1869.751,    6.995465,   1.503701,  0.00256240146675,  0.2923812,   96.3864,/T,   83.4695,  159.2490932, -1.3490663,   83.4702, 200.6193,  -0.9030,
 2026-May-25 00:00:00,N,m, 171.520404750,   0.989075200,  171.862187932,   0.842369689,   263.038240633,       4.988640077,   65.85805,  1845.344,    6.731379,   2.951486,  0.00259629272938,  0.2864443,  108.3538,/T,   71.5069,  172.1932019, -2.4535694,   71.5087, 207.5855,  -1.5118,
 2026-May-26 00:00:00,N,m, 182.731240549,  -4.951089728,  183.074064731,  -5.100079227,   251.179174677,       4.792101730,   75.09908,  1824.019,    6.188783,   4.268712,  0.00262664666053,  0.2688816,  120.0055,/T,   59.8659,  184.8484303, -3.4578881,   59.8688, 214.4094,  -1.9957,
 2026-May-27 00:00:00,N,m, 193.893558437, -10.628425387,  194.243213232, -10.773951016,   239.580623605,       4.386231569,   83.12884,  1806.096,    5.431479,   5.403913,  0.00265271216924,  0.2416468,  131.3880,/T,   48.4996,  197.2749941, -4.3226123,   48.5033, 221.1171,  -2.3711,
 2026-May-28 00:00:00,N,m, 205.257019330, -15.856101862,  205.618713246, -15.992310173,   228.193241713,       3.840807725,   89.73276,  1791.594,    4.514071,   6.316613,  0.00267418406710,  0.2065570,  142.5353,/T,   37.3728,  209.5264547, -5.0169163,   37.3773, 227.7331,  -2.6484,
 2026-May-29 00:00:00,N,m, 217.020500927, -20.447334488,  217.398252460, -20.568119463,   216.969397992,       3.220719754,   94.75014,  1780.372,    3.479194,   6.976366,  0.00269104033288,  0.1652393,  153.4458,/T,   26.4862,  221.6468807, -5.5177750,   26.4912, 234.2787,  -2.8342,
 2026-May-30 00:00:00,N,m, 229.309155138, -24.210696409,  229.704862255, -24.309812522,   205.865653851,       2.583717600,   98.06811,  1772.245,    2.357759,   7.362572,  0.00270338081695,  0.1191409,  163.9838,/T,   15.9740,  233.6707369, -5.8097321,   15.9791, 240.7721,  -2.9329,
 2026-May-31 00:00:00,N,m, 242.143850785, -26.958933718,  242.556233527, -27.030472492,   194.843348977,       1.978768794,   99.61953,  1767.074,    1.171577,   7.464705,  0.00271129044703,  0.0695752,  172.9114,/T,    7.0697,  245.6248822, -5.8849851,    7.0728, 247.2287,  -2.9475,
 2026-Jun-01 00:00:00,N,m, 255.418069109, -28.531547285,  255.842097663, -28.570767558,   183.867561123,       1.444739477,   99.38246,  1764.827,  359.937644,   7.282507,  0.00271474352126,  0.0177820,  170.9575,/L,    9.0186,  257.5320314, -5.7434648,    9.0143, 253.6619,  -2.8801,
 2026-Jun-02 00:00:00,N,m, 268.907591133, -28.825029565,  269.335170793, -28.829287188,   172.904860286,       1.009357352,   97.37902,  1765.597,  358.673290,   6.825770,  0.00271355947905, -0.0350049,  161.3123,/L,   18.6389,  269.4149832, -5.3926529,   18.6338, 260.0855,  -2.7320,
 2026-Jun-03 00:00:00,N,m, 282.328677116, -27.816902698,  282.750742797, -27.786223020,   161.920386637,       0.688525984,   93.67261,  1769.604,  357.401298,   6.113586,  0.00270741419032, -0.0874909,  150.7831,/L,   29.1425,  281.3008960, -4.8470507,   29.1377, 266.5145,  -2.5039,
 2026-Jun-04 00:00:00,N,m, 295.426691909, -25.569416474,  295.835754214, -25.506377214,   150.874855552,       0.486047566,   88.36422,  1777.159,  356.154192,   5.173240,  0.00269590457530, -0.1382546,  140.0088,/L,   39.8936,  293.2249461, -4.1274038,   39.8893, 272.9669,  -2.1952,
 2026-Jun-05 00:00:00,N,m, 308.050481234, -22.210594939,  308.442292988, -22.119618253,   139.722116260,       0.393732457,   81.58913,  1788.601,  354.977089,   4.039100,  0.00267865889432, -0.1856847,  129.0610,/L,   50.8218,  305.2328296, -3.2599404,   50.8182, 279.4647,  -1.8041,
 2026-Jun-06 00:00:00,N,m, 320.180832783, -17.904692072,  320.554664458, -17.791169934,   128.407875717,       0.391800801,   73.51658,  1804.213,  353.928712,   2.751971,  0.00265548072866, -0.2279259,  117.9209,/L,   61.9468,  317.3816945, -2.2759440,   61.9442, 286.0343,  -1.3259,
 2026-Jun-07 00:00:00,N,m, 331.917577595, -12.827950982,  332.275566576, -12.697586855,   116.870181939,       0.449485837,   64.35497,  1824.113,  353.080240,   1.359288,  0.00262651116815, -0.2628454,  106.5408,/L,   73.3172,  329.7391420, -1.2119242,   73.3156, 292.7057,  -0.7528,
 2026-Jun-08 00:00:00,N,m, 343.450084272,  -7.158948116,  343.796371627,  -7.017460373,   105.042258720,       0.525877370,   54.36389,  1848.122,  352.511618,  -0.083712,  0.00259238986872, -0.2880440,   94.8607,/L,   84.9934,  342.3798610, -0.1104776,   84.9930, 299.5117,  -0.0707,
 2026-Jun-09 00:00:00,N,m, 355.030924618,  -1.084927502,  355.370992136,  -0.938080785,    92.858259261,       0.571310289,   43.87321,  1875.616,  352.304690,  -1.512120,  0.00255438993322, -0.3009491,   82.8191,/L,   97.0377,  355.3793236,  0.9783759,   97.0385, 306.4844,   0.7448,
 2026-Jun-10 00:00:00,N,m,   6.957994977,   5.178480640,    7.298246951,   5.324607746,    80.262307252,       0.529961325,   33.30505,  1905.376,  352.532464,  -2.849678,  0.00251449326427, -0.2990395,   70.3624,/L,  109.5037,    8.8039425,  1.9960639,  109.5056, 313.6510,   1.7380,
 2026-Jun-11 00:00:00,N,m,  19.557471306,  11.358552020,   19.904839320,  11.497164004,    67.220547291,       0.344608311,   23.18950,  1935.495,  353.244235,  -4.009013,  0.00247536409259, -0.2802468,   57.4590,/L,  122.4229,   22.6975625,  2.8758098,  122.4260, 321.0275,   2.9979,
 2026-Jun-12 00:00:00,N,m,  33.148816335,  17.096099596,   33.509947915,  17.219305968,    53.734563902,      -0.035612231,   14.15863,  1963.406,  354.447893,  -4.896152,  0.00244017583305, -0.2435377,   44.1147,/L,  135.7891,   37.0655690,  3.5462013,  135.7932, 328.6094,   4.7307,
 2026-Jun-13 00:00:00,N,m,  47.964290895,  21.933749462,   48.343769910,  22.032555061,    39.852570369,      -0.644601310,    6.90047,  1986.125,  356.093744,  -5.421405,  0.00241226307926, -0.1895759,   30.3948,/L,  149.5360,   51.8604101,  3.9394809,  149.5408, 336.3565,   7.5378,
 2026-Jun-14 00:00:00,N, ,  64.007786668,  25.354388288,   64.405348022,  25.419627419,    25.673221060,      -1.488013581,    2.06359,  2000.759,  358.067322,  -5.516433,  0.00239461909170, -0.1212248,   16.4850,/L,  163.4763,   66.9749455,  4.0043389,  163.4816, 344.1306,  14.1102,
 2026-Jun-15 00:00:00,N, ,  80.911104043,  26.899962641,   81.319616303,  26.924526705,    11.337597440,      -2.535609250,    0.12749,  2005.183,    0.198860,  -5.152868,  0.00238933585211, -0.0435635,    4.0850,/L,  175.9053,   82.2502242,  3.7198018,  175.9076, 348.6272,  65.6730,
 2026-Jun-16 00:00:00,N, ,  97.953387269,  26.343215217,   98.360801904,  26.324638714,   357.009035215,      -3.721786597,    1.28458,  1998.645,    2.291173,  -4.354205,  0.00239715181229,  0.0367922,   12.9801,/T,  166.9897,   97.4995533,  3.1040952,  166.9843, 181.1903,  13.8645,
 2026-Jun-17 00:00:00,N, , 114.343389498,  23.794725835,  114.738621766,  23.736027476,   342.846369882,      -4.955672595,    5.38954,  1982.008,    4.157571,  -3.193806,  0.00241727329812,  0.1129299,   26.7815,/T,  153.1572,  112.5423401,  2.2132138,  153.1522, 188.8840,   4.7880,
 2026-Jun-18 00:00:00,N, , 129.563296953,  19.645876856,  129.940951909,  19.553905888,   328.979710398,      -6.137153230,   12.00292,  1957.497,    5.655032,  -1.779022,  0.00244754170850,  0.1789654,   40.4472,/T,  139.4633,  127.2352716,  1.1290661,  139.4591, 196.6188,   1.6381,
 2026-Jun-19 00:00:00,N, , 143.488597655,  14.401994730,  143.849275649,  14.284929071,   315.496141011,      -7.172373697,   20.50510,  1928.084,    6.701207,  -0.228937,  0.00248487845269,  0.2309260,   53.7339,/T,  126.1531,  141.4902276, -0.0573120,  126.1498, 204.1966,  -0.0591,
 2026-Jun-20 00:00:00,N, , 156.282918849,   8.537445797,  156.630963927,   8.403137087,   302.437373618,      -7.983710874,   30.22579,  1896.813,    7.273537,   1.344869,  0.00252584403271,  0.2669632,   66.5709,/T,  113.2984,  155.2761147, -1.2604573,  113.2962, 211.5681,  -1.1448,
 2026-Jun-21 00:00:00,N, , 168.243043830,   2.432648470,  168.584385331,   2.288086366,   289.806443509,      -8.513146003,   40.54190,  1866.295,    7.396561,   2.849307,  0.00256714628716,  0.2870205,   78.9530,/T,  100.9050,  168.6089767, -2.4090228,  100.9039, 218.7258,  -1.8918,
 2026-Jun-22 00:00:00,N, , 179.696070812,  -3.626104240,  180.036992308,  -3.774673185,   277.578610130,      -8.721041349,   50.92665,  1838.471,    7.125197,   4.212660,  0.00260599933339,  0.2922539,   90.9152,/T,   88.9380,  181.5371473, -3.4481235,   88.9381, 225.6844,  -2.4167,
 2026-Jun-23 00:00:00,N, , 190.952386405,  -9.419981354,  191.298952443,  -9.566705619,   265.712348319,      -8.583136373,   60.95791,  1814.579,    6.529377,   5.382390,  0.00264031091196,  0.2844614,  102.5156,/T,   77.3392,  194.1266980, -4.3377262,   77.3404, 232.4714,  -2.7788,
 2026-Jun-24 00:00:00,N, , 202.287515943, -14.766881827,  202.645208390, -14.905954032,   254.158071299,      -8.087822606,   70.30317,  1795.259,    5.682309,   6.321113,  0.00266872440397,  0.2656537,  113.8225,/T,   66.0399,  206.4497819, -5.0495488,   66.0422, 239.1198,  -3.0117,
 2026-Jun-25 00:00:00,N, , 213.930225790, -19.496697863,  214.303454613, -19.622121820,   242.863781124,      -7.234618254,   78.69705,  1780.690,    4.652624,   7.002855,  0.00269055853838,  0.2377888,  124.9044,/T,   54.9713,  218.5764812, -5.5641304,   54.9745, 245.6642,  -3.1361,
 2026-Jun-26 00:00:00,N, , 226.044017894, -23.437002872,  226.435330503, -23.542584348,   231.777804363,      -6.033914043,   85.92093,  1770.735,    3.499874,   7.410568,  0.00270568519105,  0.2026435,  135.8219,/T,   44.0719,  230.5698155, -5.8688336,   44.0759, 252.1368,  -3.1652,
 2026-Jun-27 00:00:00,N, , 238.698820510, -26.412325309,  239.107884244, -26.491998971,   220.849223594,      -4.507623359,   91.78925,  1765.065,    2.272712,   7.535014,  0.00271437659559,  0.1617786,  146.6182,/T,   33.2977,  242.4833238, -5.9569157,   33.3023, 258.5663,  -3.1081,
 2026-Jun-28 00:00:00,N, , 251.842180454, -28.259112189,  252.265006742, -28.307653808,   210.026772445,      -2.690241944,   96.14332,  1763.267,    1.009245,   7.374746,  0.00271714503501,  0.1165616,  157.2947,/T,   22.6462,  254.3607050, -5.8274587,   22.6512, 264.9773,  -2.9709,
 2026-Jun-29 00:00:00,N,m, 265.292750667, -28.853891961,  265.721936621, -28.867862255,   199.256966924,      -0.629876050,   98.85166,  1764.925,  359.739111,   6.936681,  0.00271459288446,  0.0682208,  167.6688,/T,   12.2984,  266.2371019, -5.4858027,   12.3033, 271.3898,  -2.7582,
 2026-Jun-30 00:00:00,N,m, 278.779330984, -28.143716783,  279.205771156, -28.122227868,   188.482197114,       1.611047229,   99.81467,  1769.687,  358.486838,   6.236769,  0.00270728813019,  0.0179144,  175.0522,/L,    4.9346,  278.1416511, -4.9440979,    4.9347, 277.8204,  -2.4740,
 2026-Jul-01 00:00:00,N,m, 292.022593167, -26.162559180,  292.438057341, -26.107429590,   177.639442157,       3.955486137,   98.97123,  1777.308,  357.275940,   5.300357,  0.00269567854493, -0.0331952,  168.3215,/L,   11.6480,  290.1008621, -4.2216642,   11.6428, 284.2836,  -2.1215,
 2026-Jul-02 00:00:00,N,m, 304.821294207, -23.023798823,  305.220502862, -22.939016954,   166.660240462,       6.311849419,   96.30514,  1787.669,  356.133097,   4.162054,  0.00268005496900, -0.0838672,  157.7732,/L,   22.1699,  302.1422986, -3.3449860,   22.1648, 290.7928,  -1.7038,
 2026-Jul-03 00:00:00,N,m, 317.100692185, -18.894290303,  317.482003987, -18.785131329,   155.472558548,       8.574322663,   91.85004,  1800.762,  355.091722,   2.865146,  0.00266056971174, -0.1327131,  146.7381,/L,   33.1800,  314.2979580, -2.3473459,   33.1753, 297.3626,  -1.2235,
 2026-Jul-04 00:00:00,N,m, 328.913224726, -13.965416711,  329.278145883, -13.837657208,   144.005203651,      10.623517655,   85.69302,  1816.644,  354.194280,   1.460812,  0.00263730989783, -0.1781346,  135.4419,/L,   44.4541,  326.6067202, -1.2682580,   44.4501, 304.0093,  -0.6829,
 2026-Jul-05 00:00:00,N,m, 340.411836828,  -8.434039951,  340.764094646,  -8.293510847,   132.195262880,      12.327917973,   77.97833,  1835.358,  353.492746,   0.007450,  0.00261041822518, -0.2182779,  123.9008,/L,   55.9773,  339.1152541, -0.1529262,   55.9742, 310.7524,  -0.0831,
 2026-Jul-06 00:00:00,N,m, 351.820184309,  -2.498118569,  352.164920113,  -2.350611383,   119.998425364,      13.547214854,   68.91331,  1856.821,  353.046685,  -1.429665,  0.00258024574044, -0.2510168,  112.0896,/L,   67.7758,  351.8767945,  0.9481170,   67.7737, 317.6141,   0.5760,
 2026-Jul-07 00:00:00,N,m,   3.411202114,   3.633960901,    3.754442569,   3.782521255,   107.400642693,      14.139227523,   58.77877,  1880.679,  352.918384,  -2.778534,  0.00254751312515, -0.2739917,   99.9698,/L,   79.8888,    4.9472266,  1.9792692,   79.8879, 324.6183,   1.2972,
 2026-Jul-08 00:00:00,N,m,  15.491886913,   9.723348727,   15.840158221,   9.866565734,    94.427493775,      13.972194612,   47.94379,  1906.168,  353.164592,  -3.961017,  0.00251344848017, -0.2847388,   87.5017,/L,   92.3567,   18.3780157,  2.8804644,   92.3569, 331.7878,   2.0879,
 2026-Jul-09 00:00:00,N,m,  28.381598450,  15.474612389,   28.741349435,  15.605235733,    81.145953968,      12.943177242,   36.88106,  1931.985,  353.824819,  -4.895083,  0.00247986117261, -0.2809546,   74.6552,/L,  105.2098,   32.2059022,  3.5890162,  105.2113, 339.1399,   2.9645,
 2026-Jul-10 00:00:00,N,m,  42.361904119,  20.513441957,   42.738262005,  20.623168996,    67.654179517,      11.000843087,   26.17317,  1956.246,  354.907340,  -5.500334,  0.00244910601076, -0.2609210,   61.4217,/L,  118.4568,   46.4402349,  4.0438676,  118.4594, 346.6813,   3.9646,
 2026-Jul-11 00:00:00,N,m,  57.574266379,  24.389606091,   57.968806789,  24.469501178,    54.059794717,       8.167701694,   16.49472,  1976.592,  356.376007,  -5.708032,  0.00242389736869, -0.2240654,   47.8270,/L,  132.0715,   61.0504882,  4.1931418,  132.0752, 354.4007,   5.1801,
 2026-Jul-12 00:00:00,N,m,  73.875442955,  26.637670235,   74.283749558,  26.679701122,    40.453957411,       4.554662528,    8.55498,  1990.501,  358.143126,  -5.475038,  0.00240695981479, -0.1715228,   33.9426,/L,  145.9813,   75.9584132,  4.0045859,  145.9859,   2.2622,   6.8765,
 2026-Jul-13 00:00:00,N,m,  90.752489156,  26.910440963,   91.164105097,  26.909950375,    26.892041519,       0.361269603,    2.99791,  1995.811,    0.073963,  -4.798016,  0.00240055641110, -0.1064612,   19.9002,/L,  160.0534,   91.0399536,  3.4762255,  160.0586,  10.1913,  10.1143,
 2026-Jul-14 00:00:00,N, , 107.452074699,  25.128125559,  107.854806753,  25.085673564,    13.388945998,      -4.141437954,    0.28079,  1991.291,    2.005002,  -3.721535,  0.00240600464977, -0.0339093,    6.0655,/L,  173.9199,  106.1397342,  2.6425449,  173.9250,  17.8695,  25.8752,
 2026-Jul-15 00:00:00,N, , 123.303065955,  21.526163786,  123.688772683,  21.447087000,   359.930203045,      -8.642890360,    0.57659,  1977.052,    3.771588,  -2.334559,  0.00242333303278,  0.0400049,    8.6838,/T,  171.2957,  121.0955752,  1.5719602,  171.2902, 206.5880,  10.4485,
 2026-Jul-16 00:00:00,N, , 137.968269306,  16.556499735,  138.335265730,  16.448671786,   346.494038228,     -12.832007145,    3.74498,  1954.571,    5.235392,  -0.754964,  0.00245120484882,  0.1091910,   22.2590,/T,  157.6887,  135.7652324,  0.3551465,  157.6835, 214.2431,   0.9279,
 2026-Jul-17 00:00:00,N, , 151.455971208,  10.729965900,  151.807602646,  10.601643129,   333.076526050,     -16.433470133,    9.38533,  1926.333,    6.302593,   0.891937,  0.00248713773265,  0.1686711,   35.5932,/T,  144.3252,  150.0464999, -0.9114006,  144.3206, 221.8545,  -1.4849,
 2026-Jul-18 00:00:00,N, , 163.986921618,   4.503314281,  164.329078629,   4.362069065,   319.711190412,     -19.233721635,   16.94338,  1895.245,    6.929190,   2.492473,  0.00252793442577,  0.2152119,   48.5032,/T,  131.3901,  163.8857352, -2.1401585,  131.3863, 229.2714,  -2.6006,
 2026-Jul-19 00:00:00,N, , 175.864466050,  -1.762010537,  176.203821793,  -1.909448830,   306.475282578,     -21.093740890,   25.82372,  1864.092,    7.115762,   3.955819,  0.00257018072148,  0.2473997,   60.9546,/T,  118.9187,  177.2754387, -3.2613513,  118.9159, 236.4676,  -3.2113,
 2026-Jul-20 00:00:00,N, , 187.399679625,  -7.793226018,  187.742792495,  -7.940707640,   293.478744584,     -21.949403976,   35.47178,  1835.173,    6.896668,   5.216711,  0.00261068242604,  0.2653102,   72.9658,/T,  106.8934,  190.2449998, -4.2251138,  106.8918, 243.4485,  -3.5497,
 2026-Jul-21 00:00:00,N, , 198.878358242, -13.380132836,  199.231202444, -13.521730265,   280.838981332,     -21.802071701,   45.41388,  1810.149,    6.328154,   6.232427,  0.00264677235086,  0.2700120,   84.5882,/T,   95.2633,  202.8491040, -4.9991228,   95.2627, 250.2380,  -3.7112,
 2026-Jul-22 00:00:00,N, , 210.545158211, -18.346992138,  210.912672255, -18.476717478,   268.651520041,     -20.702997520,   55.26292,  1790.059,    5.477945,   6.977454,  0.00267647651489,  0.2630987,   95.8925,/T,   83.9574,  215.1568688, -5.5643720,   83.9579, 256.8698,  -3.7438,
 2026-Jul-23 00:00:00,N, , 222.587637429, -22.531009885,  222.973045264, -22.642717439,   256.967961224,     -18.735864949,   64.70404,  1775.409,    4.417268,   7.438321,  0.00269856268654,  0.2463369,  106.9585,/T,   72.8960,  227.2430968, -5.9110696,   72.8976, 263.3830,  -3.6747,
 2026-Jul-24 00:00:00,N, , 235.112666573, -25.772206547,  235.516552398, -25.859787117,   245.787143962,     -16.001632139,   73.47314,  1766.284,    3.215261,   7.609847,  0.00271250436424,  0.2214471,  117.8669,/T,   61.9980,  239.1818910, -6.0356561,   62.0006, 269.8172,  -3.5206,
 2026-Jul-25 00:00:00,N, , 248.118799800, -27.917809086,  248.538261488, -27.975749080,   235.058006548,     -12.608438873,   81.33655,  1762.460,    1.935423,   7.493138,  0.00271838954944,  0.1899937,  128.6932,/T,   51.1872,  251.0423491, -5.9392094,   51.1907, 276.2103,  -3.2925,
 2026-Jul-26 00:00:00,N, , 261.481146374, -28.841272616,  261.909702801, -28.865507008,   224.688513708,      -8.667315539,   88.07638,  1763.493,    0.633696,   7.095144,  0.00271679582775,  0.1533516,  139.5038,/T,   40.3967,  262.8859410, -5.6271014,   40.4009, 282.5963,  -2.9977,
 2026-Jul-27 00:00:00,N, , 274.971581706, -28.469519835,  275.400431046, -28.458270020,   214.555271157,      -4.292891068,   93.48358,  1768.799,  359.357897,   6.429364,  0.00270864683364,  0.1127235,  150.3497,/T,   29.5747,  274.7652459, -5.1095810,   29.5795, 289.0044,  -2.6423,
 2026-Jul-28 00:00:00,N,m, 288.322451141, -26.805122197,  288.742855212, -26.759285179,   204.510916951,       0.392319362,   97.35895,  1777.715,  358.148252,   5.517175,  0.00269506209880,  0.0691883,  161.2507,/T,   18.7004,  286.7238378, -4.4028850,   18.7056, 295.4584,  -2.2311,
 2026-Jul-29 00:00:00,N,m, 301.309812726, -23.930835275,  301.715440391, -23.853700565,   194.388984790,       5.251382499,   99.52157,  1789.567,  357.038837,   4.389265,  0.00267721237431,  0.0237665,  172.0515,/T,    7.9275,  298.7971621, -3.5304446,    7.9325, 301.9768,  -1.7693,
 2026-Jul-30 00:00:00,N,m, 313.815081557, -19.994748967,  314.203184749, -19.891234954,   184.008024423,      10.125198646,   99.82256,  1803.728,  356.059614,   3.086665,  0.00265619436292, -0.0225049,  175.1543,/L,    4.8332,  311.0142242, -2.5237816,    4.8284, 308.5735,  -1.2624,
 2026-Jul-31 00:00:00,N,m, 325.842722913, -15.186008794,  326.213987678, -15.061837567,   173.178685430,      14.824501024,   98.16177,  1819.659,  355.238687,   1.661000,  0.00263294034497, -0.0684978,  164.3703,/L,   15.5899,  323.3998002, -1.4227702,   15.5845, 315.2586,  -0.7165,
 2026-Aug-01 00:00:00,N,m, 337.503427610,  -9.713569750,  337.861118440,  -9.574696426,   161.719542201,      19.123246464,   94.50417,  1836.935,  354.604244,   0.173804,  0.00260817726145, -0.1129231,  152.8117,/L,   27.1213,  335.9767415, -0.2751013,   27.1163, 322.0402,  -0.1389,
 2026-Aug-02 00:00:00,N,m, 348.985540366,  -3.795063586,  349.334589229,  -3.647449938,   149.488652079,      22.756957313,   88.89369,  1855.239,  354.185634,  -1.305087,  0.00258244487856, -0.1542758,  140.9704,/L,   38.9381,  348.7678078,  0.8650364,   38.9337, 328.9254,   0.4626,
 2026-Aug-03 00:00:00,A,m,   0.530428917,   2.343051933,    0.876760732,   2.493376237,   136.434112721,      25.432571676,   81.46318,  1874.307,  354.012973,  -2.699876,  0.00255617341715, -0.1908058,  128.8801,/L,   51.0078,    1.7963953,  1.9389030,   51.0042, 335.9221,   1.0790,
 2026-Aug-04 00:00:00,A,m,  12.414552748,   8.455801253,   12.764602441,   8.602489856,   122.651456269,      26.857890271,   72.44126,  1893.840,  354.114847,  -3.931748,  0.00252980868384, -0.2205278,  116.5382,/L,   63.3342,   15.0855612,  2.8856318,   63.3317, 343.0389,   1.7010,
 2026-Aug-05 00:00:00,A,m,  24.930467331,  14.263520087,   25.290628675,  14.399588338,   108.409874231,      26.792823600,   62.15728,  1913.391,  354.513843,  -4.922507,  0.00250395952122, -0.2412933,  103.9337,/L,   75.9291,   28.6549227,  3.6451310,   75.9277, 350.2847,   2.3183,
 2026-Aug-06 00:00:00,A,m,  38.350974588,  19.435144011,   38.726589444,  19.552751776,    94.101405024,      25.108092494,   51.04469,  1932.242,  355.220176,  -5.599299,  0.00247953088165, -0.2509504,   91.0570,/L,   88.8029,   42.5153774,  4.1617126,   88.8028, 357.6670,   2.9198,
 2026-Aug-07 00:00:00,A,m,  52.857060639,  23.583857728,   53.250619089,  23.674515774,    80.114592355,      21.822390517,   39.64024,  1949.328,  356.224330,  -5.900948,  0.00245779880309, -0.2476123,   77.9072,/L,  101.9569,   56.6622094,  4.3888434,  101.9580,   5.1882,   3.4939,
 2026-Aug-08 00:00:00,A,m,  68.425992239,  26.297286986,   68.834887585,  26.352908737,    66.705093572,      17.098431758,   28.57145,  1963.238,  357.490556,  -5.786110,  0.00244038466909, -0.2300356,   64.5008,/L,  115.3745,   71.0679913,  4.2952077,  115.3769,  12.8416,   4.0282,
 2026-Aug-09 00:00:00,A,m,  84.732769320,  27.221886134,   85.148393437,  27.236773667,    53.938566413,      11.207500928,   18.52250,  1972.358,  358.953707,  -5.242359,  0.00242910035188, -0.1980545,   50.8798,/L,  129.0134,   85.6775253,  3.8715240,  129.0169,  20.6074,   4.5110,
 2026-Aug-10 00:00:00,A,m, 101.182393422,  26.183719631,  101.592785747,  26.156560767,    41.712092512,       4.488269875,   10.17078,  1975.149,    0.521694,  -4.293799,  0.00242566734734, -0.1529501,   37.1162,/L,  142.8007,  100.4073883,  3.1363774,  142.8052,  28.4500,   4.9342,
 2026-Aug-11 00:00:00,A, , 117.128015818,  23.271024028,  117.523194392,  23.205337762,    29.810586557,      -2.683668075,    4.09843,  1970.526,    2.084319,  -3.003668,  0.00243135902877, -0.0975812,   23.3104,/L,  156.6348,  115.1518339,  2.1383969,  156.6400,  36.3193,   5.3034,
 2026-Aug-12 00:00:00,A, , 132.130239982,  18.810031793,  132.505992051,  18.712671398,    17.961597891,      -9.914791183,    0.70011,  1958.203,    3.526882,  -1.469079,  0.00244665921704, -0.0361370,    9.5816,/L,  170.3951,  129.7947669,  0.9524451,  170.4006,  44.1547,   5.7245,
 2026-Aug-13 00:00:00,A, , 146.060670327,  13.255348384,  146.418546393,  13.134373283,     5.880341112,     -16.806996905,    0.11964,  1938.878,    4.744969,   0.192141,  0.00247104524552,  0.0264902,    3.9494,/T,  176.0412,  144.2250767, -0.3303998,  176.0356, 231.8948,  -4.7596,
 2026-Aug-14 00:00:00,A, , 159.036521755,   7.075089753,  159.381688631,   6.938324953,   353.315931831,     -22.970548063,    2.24180,  1914.147,    5.656602,   1.858892,  0.00250297071033,  0.0855267,   17.1751,/T,  162.7833,  158.3512170, -1.6163806,  162.7779, 239.4838,  -5.4080,
 2026-Aug-15 00:00:00,A, , 171.302846238,   0.681653882,  171.642008151,   0.536193947,   340.113248746,     -28.041460941,    6.74148,  1886.202,    6.209354,   3.422909,  0.00254005304520,  0.1370510,   30.0211,/T,  149.9071,  172.1114193, -2.8217310,  149.9022, 246.8832,  -5.4458,
 2026-Aug-16 00:00:00,A, , 183.143753098,  -5.590372912,  183.483881936,  -5.738073446,   326.289586247,     -31.709582215,   13.16722,  1857.428,    6.382109,   4.799112,  0.00257940229359,  0.1784192,   42.4500,/T,  137.4515,  185.4778878, -3.8808480,  137.4473, 254.0730,  -5.3580,
 2026-Aug-17 00:00:00,A, , 194.834575061, -11.477443535,  195.182224022, -11.621267357,   312.088882209,     -33.759999605,   21.02670,  1830.046,    6.182613,   5.928807,  0.00261799580851,  0.2083269,   54.4631,/T,  125.4163,  198.4554614, -4.7487959,  125.4130, 261.0530,  -5.1863,
 2026-Aug-18 00:00:00,A, , 206.617995303, -16.768223428,  206.978780752, -16.902101116,   297.947355924,     -34.114705985,   29.85009,  1805.889,    5.642538,   6.777242,  0.00265301577554,  0.2266020,   66.0946,/T,  113.7681,  211.0765328, -5.3993127,  113.7657, 267.8397,  -4.9471,
 2026-Aug-19 00:00:00,A, , 218.686676853, -21.283767669,  219.064629250, -21.401535246,   284.347665796,     -32.845165878,   39.22312,  1786.305,    4.811558,   7.328280,  0.00268210261153,  0.2338748,   77.4035,/T,  102.4484,  223.3942572, -5.8205212,  102.4471, 274.4624,  -4.6506,
 2026-Aug-20 00:00:00,A, , 231.162658911, -24.863752409,  231.559354078, -24.959261041,   271.645042967,     -30.137840136,   48.79395,  1772.158,    3.751514,   7.578641,  0.00270351297560,  0.2312471,   88.4646,/T,   91.3824,  235.4756154, -6.0103404,   91.3822, 280.9585,  -4.3044,
 2026-Aug-21 00:00:00,A, , 244.073560140, -27.363364294,  244.487249320, -27.430918069,   259.979952005,     -26.231085975,   58.26307,  1763.885,    2.531226,   7.533276,  0.00271619316038,  0.2200259,   99.3616,/T,   80.4867,  247.3952227, -5.9728262,   80.4876, 287.3698,  -3.9139,
 2026-Aug-22 00:00:00,A, , 257.336761338, -28.662552282,  257.762060082, -28.697643962,   249.299699487,     -21.359769364,   67.36521,  1761.555,    1.222156,   7.202498,  0.00271978621070,  0.2015408,  110.1799,/T,   69.6756,  259.2301908, -5.7159404,   69.6775, 293.7390,  -3.4831,
 2026-Aug-23 00:00:00, , , 270.769938807, -28.684329145,  271.198687857, -28.684448403,   239.428675112,     -15.727602526,   75.85010,  1764.927,  359.894908,   6.600938,  0.00271458943781,  0.1770373,  121.0025,/T,   58.8658,  271.0559948, -5.2507749,   58.8686, 300.1080,  -3.0154,
 2026-Aug-24 00:00:00, , , 284.138660998, -27.413051176,  284.561988764, -27.378191259,   230.129892388,      -9.504843624,   83.46663,  1773.496,  358.616420,   5.748058,  0.00270147373563,  0.1476304,  131.9054,/T,   47.9807,  282.9431430, -4.5920211,   47.9844, 306.5148,  -2.5140,
 2026-Aug-25 00:00:00, , , 297.227657839, -24.902299108,  297.638368676, -24.834889625,   221.138248499,      -2.840830728,   89.95365,  1786.525,  357.447693,   4.669822,  0.00268177126070,  0.1143026,  142.9546,/T,   36.9539,  294.9544488, -3.7593523,   36.9583, 312.9928,  -1.9825,
 2026-Aug-26 00:00:00, ,m, 309.903000647, -21.268432822,  310.297143628, -21.172760992,   212.169252817,       4.116719876,   95.03992,  1803.089,  356.441926,   3.400981,  0.00265713589048,  0.0779347,  154.2027,/T,   25.7317,  307.1427858, -2.7792951,   25.7368, 319.5689,  -1.4256,
 2026-Aug-27 00:00:00, ,m, 322.140031228, -16.675142405,  322.517191031, -16.556594855,   202.912739704,      11.199115553,   98.45473,  1822.121,  355.642966,   1.987328,  0.00262938247650,  0.0393609,  165.6868,/T,   14.2763,  319.5493260, -1.6870521,   14.2817, 326.2624,  -0.8495,
 2026-Aug-28 00:00:00, ,m, 334.017350562, -11.318129325,  334.380038319, -11.182582027,   193.021429349,      18.191192413,   99.94928,  1842.489,  355.084035,   0.487129,  0.00260031616405, -0.0005600,  177.4179,/T,    2.5753,  332.2023685, -0.5276489,    2.5809, 333.0848,  -0.2623,
 2026-Aug-29 00:00:00, ,m, 345.693895441,  -5.416019612,  346.046670589,  -5.269524165,   182.108581549,      24.802744397,   99.32658,  1863.085,  354.786746,  -1.029033,  0.00257157040471, -0.0408668,  170.5565,/L,    9.4198,  345.1169158,  0.6442273,    9.4142, 340.0399,   0.3259,
 2026-Aug-30 00:00:00, ,m, 357.384770580,   0.791258733,  357.733483799,   0.942504486,   169.783498166,      30.640601275,   96.47464,  1882.922,  354.760470,  -2.480599,  0.00254447848331, -0.0804241,  158.2975,/L,   21.6494,  358.2951289,  1.7661490,   21.6441, 347.1243,   0.9027,
 2026-Aug-31 00:00:00, ,m,   9.341252413,   7.038232331,    9.692460310,   7.187713672,   155.774746360,      35.198544719,   91.39608,  1901.209,  355.002130,  -3.781703,  0.00252000410453, -0.1178707,  145.8010,/L,   34.1189,   11.7276598,  2.7717043,   34.1142, 354.3299,   1.4539,
 2026-Sep-01 00:00:00, ,m,  21.830320566,  13.026386929,   22.190673142,  13.167014082,   140.171780556,      37.906642368,   84.22746,  1917.382,  355.496558,  -4.847751,  0.00249874842564, -0.1516048,  133.0929,/L,   46.8038,   25.3956526,  3.5956848,   46.7998,   1.6452,   1.9636,
 2026-Sep-02 00:00:00, ,m,  35.101618919,  18.417643258,   35.476872773,  18.541570920,   123.651259322,      38.284088628,   75.24468,  1931.072,  356.217439,  -5.603004,  0.00248103381686, -0.1798193,  120.1998,/L,   59.6786,   39.2729905,  4.1799342,   59.6757,   9.0578,   2.4142,
 2026-Sep-03 00:00:00, ,m,  49.326885981,  22.837396511,   49.720232168,  22.936196508,   107.339292491,      36.146599515,   64.85447,  1942.023,  357.128839,  -5.988086,  0.00246704300817, -0.2005997,  107.1474,/L,   72.7189,   53.3282286,  4.4789971,   72.7171,  16.5553,   2.7860,
 2026-Sep-04 00:00:00, ,m,  64.508729133,  25.901786971,   64.918660437,  25.967331212,    92.240659898,      31.690586145,   53.57502,  1949.982,  358.187116,  -5.966474,  0.00245697352266, -0.2120928,   93.9605,/L,   85.9003,   67.5257108,  4.4649061,   85.8998,  24.1251,   3.0556,
 2026-Sep-05 00:00:00, ,m,  80.396894732,  27.282443298,   80.816035476,  27.308612590,    78.788190893,      25.368424055,   42.00845,  1954.608,  359.342918,  -5.529319,  0.00245115842084, -0.2127441,   80.6662,/L,   99.1963,   81.8256380,  4.1307363,   99.1971,  31.7528,   3.1929,
 2026-Sep-06 00:00:00, ,m,  96.499907129,  26.797895526,   96.916833623,  26.782444456,    66.876284762,      17.697789726,   30.80524,  1955.445,    0.543007,  -4.698151,  0.00245010934726, -0.2015841,   67.2982,/L,  112.5731,   96.1832934,  3.4926834,  112.5752,  39.4203,   3.1532,
 2026-Sep-07 00:00:00, ,m, 112.246439040,  24.481902595,  112.650350244,  24.427172230,    56.121732592,       9.152076517,   20.61888,  1951.982,    1.731736,  -3.524941,  0.00245445687968, -0.1785157,   53.9018,/L,  125.9852,  110.5480827,  2.5902938,  125.9885,  47.1029,   2.8589,
 2026-Sep-08 00:00:00, ,m, 127.205934738,  20.576873695,  127.590818479,  20.488761496,    46.058198237,       0.140217682,   12.05015,  1943.796,    2.852329,  -2.088900,  0.00246479285710, -0.1445219,   40.5370,/L,  139.3716,  124.8633239,  1.4842658,  139.3759,  54.7670,   2.1432,
 2026-Sep-09 00:00:00, , , 141.207610544,  15.458337367,  141.573205837,  15.344405083,    36.212460962,      -8.972473649,    5.58613,  1930.746,    3.848287,  -0.489586,  0.00248145235691, -0.1017038,   27.2824,/L,  152.6526,  139.0676702,  0.2513282,  152.6576,  62.3668,   0.5338,
 2026-Sep-10 00:00:00, , , 154.313749927,   9.544992742,  154.664013816,   9.412946692,    26.113234233,     -17.834858287,    1.54661,  1913.133,    4.665395,   1.163321,  0.00250429788819, -0.0530905,   14.2580,/L,  165.7066,  153.0986200, -1.0236396,  165.7121,  69.8180,  -4.1248,
 2026-Sep-11 00:00:00, , , 166.725817651,   3.236426461,  167.066916737,   3.093429903,    15.283446978,     -26.082336799,    0.05369,  1891.773,    5.254621,   2.761963,  0.00253257313619, -0.0022373,    2.6516,/L,  177.3416,  166.8978693, -2.2570176,  177.3446,  75.3958, -58.3508,
 2026-Sep-12 00:00:00, , , 178.700175577,  -3.115188651,  179.039050567,  -3.262571846,     3.260483237,     -33.313651395,    1.03520,  1867.949,    5.575849,   4.211461,  0.00256487318220,  0.0472852,   11.6446,/T,  168.3261,  180.4175536, -3.3753002,  168.3207, 264.9629, -16.8482,
 2026-Sep-13 00:00:00, , , 190.496173165,  -9.210625929,  190.839692271,  -9.356197010,   349.699989111,     -39.082205249,    4.26087,  1843.251,    5.601892,   5.437769,  0.00259924043552,  0.0923639,   23.7604,/T,  156.1800,  193.6260171, -4.3213167,  156.1749, 271.9233, -10.5351,
 2026-Sep-14 00:00:00, , , 202.347566599, -14.797801365,  202.701924379, -14.935448495,   334.606162260,     -42.932056616,    9.39810,  1819.370,    5.321955,   6.390869,  0.00263335826469,  0.1306602,   35.6125,/T,  144.3002,  206.5118530, -5.0566936,  144.2955, 278.7961,  -8.2800,
 2026-Sep-15 00:00:00, , , 214.442677602, -19.662277659,  214.812725236, -19.785809235,   318.582148503,     -44.513871861,   16.06976,  1797.908,    4.743713,   7.043547,  0.00266479351377,  0.1607229,   47.1501,/T,  132.7386,  219.0855048, -5.5607845,  132.7347, 285.5181,  -6.9542,
 2026-Sep-16 00:00:00, , , 226.903913126, -23.619463602,  227.292283016, -23.722668191,   302.749057833,     -43.743130249,   23.89999,  1780.240,    3.893617,   7.387226,  0.00269123933806,  0.1819278,   58.3998,/T,  121.4696,  231.3784424, -5.8272871,  121.4665, 292.0969,  -5.9707,
 2026-Sep-17 00:00:00, , , 239.765812935, -26.512708195,  240.171985901, -26.589722321,   288.186534694,     -40.852108453,   32.54133,  1767.443,    2.815478,   7.426690,  0.00271072432752,  0.1943113,   69.4165,/T,  110.4389,  243.4404818, -5.8600565,  110.4368, 298.5586,  -5.1430,
 2026-Sep-18 00:00:00, , , 252.960680200, -28.219408459,  253.380483584, -28.265379523,   275.422211721,     -36.260877352,   41.68362,  1760.269,    1.567790,   7.175264,  0.00272177195674,  0.1983676,   80.2716,/T,   99.5754,  255.3360272, -5.6693339,   99.5744, 304.9392,  -4.3949,
 2026-Sep-19 00:00:00, , , 266.327336118, -28.663124781,  266.753484632, -28.674982919,   264.420595045,     -30.396610373,   51.04884,  1759.147,    0.220329,   6.651360,  0.00272350816852,  0.1948592,   91.0467,/T,   88.7980,  267.1399066, -5.2691034,   88.7980, 311.2799,  -3.6905,
 2026-Sep-20 00:00:00, , , 279.652638271, -27.825013878,  280.076489268, -27.802019411,   254.849600969,     -23.595915640,   60.37709,  1764.191,  358.850462,   5.876785,  0.00271572159545,  0.1846638,  101.8279,/T,   78.0206,  278.9331882, -4.6758368,   78.0217, 317.6245,  -3.0113,
 2026-Sep-21 00:00:00, , , 292.735366298, -25.746914836,  293.149225464, -25.690706292,   246.296455243,     -16.094500259,   69.40859,  1775.199,  357.539335,   4.876784,  0.00269888141866,  0.1686662,  112.7009,/T,   67.1571,  290.7990516, -3.9086022,   67.1592, 324.0171,  -2.3478,
 2026-Sep-22 00:00:00, , , 305.444635370, -22.523686956,  305.843536712, -22.437834692,   238.357774439,      -8.056067598,   77.86581,  1791.641,  356.367879,   3.681596,  0.00267411451018,  0.1476933,  123.7467,/T,   56.1265,  302.8185592, -2.9903443,   56.1296, 330.4991,  -1.6958,
 2026-Sep-23 00:00:00, ,m, 317.749476647, -18.289902189,  318.131829999, -18.179237208,   230.649764820,       0.390280294,   85.44030,  1812.637,  355.412406,   2.329133,  0.00264313889719,  0.1224868,  135.0353,/T,   44.8582,  315.0660702, -1.9500167,   44.8622, 337.1075,  -1.0553,
 2026-Sep-24 00:00:00, ,m, 329.717416576, -13.209020184,  330.084700739, -13.079047288,   222.781328250,       9.112718910,   91.78862,  1836.956,  354.739520,   0.868133,  0.00260814732812,  0.0937119,  146.6191,/T,   33.2989,  327.6040986, -0.8250592,   33.3036, 343.8717,  -0.4301,
 2026-Sep-25 00:00:00, ,m, 341.495770686,  -7.470269385,  341.851817052,  -7.326834699,   214.308655988,      17.937213637,   96.54290,  1863.037,  354.400259,  -0.639167,  0.00257163560156,  0.0619980,  158.5204,/T,   21.4257,  340.4776827,  0.3365525,   21.4310, 350.8109,   0.1728,
 2026-Sep-26 00:00:00, ,m, 353.289868241,  -1.293556923,  353.640154148,  -1.142788206,   204.678932713,      26.599059435,   99.33950,  1889.084,  354.423778,  -2.116203,  0.00253617798963,  0.0280078,  170.6586,/T,    9.3177,  353.7087981,  1.4757283,    9.3233, 357.9320,   0.7428,
 2026-Sep-27 00:00:00, ,m,   5.343863572,   5.060691113,    5.694932327,   5.212235773,   193.185355307,      34.677174262,   99.86572,  1913.232,  354.811575,  -3.474523,  0.00250416755443, -0.0074762,  175.7850,/L,    4.2046,    7.2919549,  2.5242662,    4.2001,   5.2277,   1.2660,
 2026-Sep-28 00:00:00, ,m,  17.920237027,  11.281465605,   18.279092859,  11.426544653,   179.029660291,      41.513397685,   97.91727,  1933.780,  355.534022,  -4.620475,  0.00247755923660, -0.0434672,  163.3589,/L,   16.6008,   21.1925940,  3.4101134,   16.5954,  12.6776,   1.7264,
 2026-Sep-29 00:00:00, ,m,  31.266434433,  17.002965948,   31.639568911,  17.133459953,   161.748385314,      46.179211306,   93.45161,  1949.430,  356.531272,  -5.465776,  0.00245766930203, -0.0787168,  150.2720,/L,   29.6586,   35.3498320,  4.0655228,   29.6536,  20.2499,   2.1061,
 2026-Sep-30 00:00:00, ,m,  45.553853157,  21.815168531,   45.945535173,  21.922225016,   142.153234633,      47.689285588,   86.61998,  1959.464,  357.719975,  -5.939836,  0.00244508397141, -0.1117091,  136.9886,/L,   42.9163,   49.6841099,  4.4364028,   42.9121,  27.9065,   2.3866,
 2026-Oct-01 00:00:00, ,m,  60.785876904,  25.301601570,   61.195817844,  25.376498348,   122.668669809,      45.579964977,   77.76639,  1963.784,  359.005254,  -6.000449,  0.00243970579347, -0.1407200,  123.6140,/L,   56.2699,   64.1085258,  4.4903138,   56.2667,  35.6075,   2.5492,
 2026-Oct-02 00:00:00, ,m,  76.712892909,  27.112773344,   77.134644345,  27.148659878,   105.634375698,      40.278626965,   67.39387,  1962.803,    0.295029,  -5.639768,  0.00244092476304, -0.1639406,  110.2245,/L,   69.6445,   78.5409209,  4.2208904,   69.6425,  43.3161,   2.5742,
 2026-Oct-03 00:00:00, ,m,  92.842601368,  27.059074387,   93.264899187,  27.052952860,    91.730147668,      32.708940535,   56.11000,  1957.242,    1.512373,  -4.884358,  0.00244786087316, -0.1796491,   96.8792,/L,   82.9817,   92.9132572,  3.6478905,   82.9809,  51.0015,   2.4384,
 2026-Oct-04 00:00:00, ,m, 108.601207681,  25.171647033,  109.012519881,  25.125240876,    80.426677576,      23.735393743,   44.56716,  1947.896,    2.602349,  -3.790326,  0.00245960480278, -0.1864122,   83.6226,/L,   96.2374,  107.1759203,  2.8136640,   96.2379,  58.6389,   2.1104,
 2026-Oct-05 00:00:00, ,m, 123.555396959,  21.684450085,  123.948445520,  21.603267052,    70.900811735,      13.977298726,   33.40910,  1935.474,    3.532171,  -2.435782,  0.00247539089289, -0.1832890,   70.4888,/L,  109.3773,  121.2966331,  1.7776474,  109.3792,  66.2083,   1.5398,
 2026-Oct-06 00:00:00, ,m, 137.532821439,  16.951984074,  137.906040177,  16.843406614,    62.419134471,       3.853724394,   23.22752,  1920.521,    4.286038,  -0.912682,  0.00249466451557, -0.1700106,   57.5077,/L,  122.3714,  135.2555201,  0.6102922,  122.3744,  73.6911,   0.6331,
 2026-Oct-07 00:00:00, , , 150.595858801,  11.361614016,  150.952160386,  11.233295296,    54.377758829,      -6.331920260,   14.52743,  1903.447,    4.857418,   0.680916,  0.00251704097862, -0.1470974,   44.7118,/L,  135.1863,  149.0387645, -0.6128694,  135.1903,  81.0657,  -0.8073,
 2026-Oct-08 00:00:00, , , 162.947486340,   5.280190361,  163.292329506,   5.139279845,    46.241130085,     -16.324352387,    7.69956,  1884.622,    5.241651,   2.248017,  0.00254218352730, -0.1158776,   32.1467,/L,  147.7754,  162.6331978, -1.8168785,  147.7802,  88.2987,  -3.2840,
 2026-Oct-09 00:00:00, , , 174.846759339,  -0.964249218,  175.186689781,  -1.111218345,    37.466549071,     -25.865068500,    3.00092,  1864.479,    5.431024,   3.699320,  0.00256964678504, -0.0783834,   19.9063,/L,  160.0431,  176.0234302, -2.9326718,  160.0485,  95.3082,  -8.5126,
 2026-Oct-10 00:00:00, , , 186.556909671,  -7.081458754,  186.898690545,  -7.228354829,    27.440043133,     -34.645198307,    0.54673,  1843.609,    5.413379,   4.959056,  0.00259873617448, -0.0371292,    8.4636,/L,  171.5142,  189.1921300, -3.9017517,  171.5192, 101.5779, -27.4633,
 2026-Oct-11 00:00:00, , , 198.316892073, -12.811950184,  198.666916829, -12.952751156,    15.464853396,     -42.254068648,    0.31712,  1822.785,    5.174232,   5.969348,  0.00262842402513,  0.0051868,    6.4358,/T,  173.5474,  202.1230684, -4.6796009,  173.5435, 291.9946, -46.5486,
 2026-Oct-12 00:00:00, , , 210.321501715, -17.920981758,  210.685163615, -18.049567201,     0.928339857,     -48.136920716,    2.17855,  1802.948,    4.701423,   6.692340,  0.00265734348699,  0.0459921,   16.9261,/T,  163.0296,  214.8057980, -5.2372592,  163.0244, 297.1951, -18.0518,
 2026-Oct-13 00:00:00, , , 222.700290378, -22.196944693,  223.081123945, -22.307095750,   343.842855545,     -51.638005832,    5.91545,  1785.135,    3.990735,   7.109766,  0.00268385929431,  0.0830929,   28.0755,/T,  151.8520,  227.2405181, -5.5608575,  151.8470, 303.5983, -11.5151,
 2026-Oct-14 00:00:00, , , 235.494073142, -25.456121543,  235.892744353, -25.541827143,   325.524176205,     -52.254415756,   11.26503,  1770.400,    3.050906,   7.220281,  0.00270619731214,  0.1148300,   39.1197,/T,  140.7823,  239.4418729, -5.6494445,  140.7778, 310.0268,  -8.4502,
 2026-Oct-15 00:00:00, , , 248.638164286, -27.554206473,  249.051746117, -27.610289997,   308.199879694,     -49.995401614,   17.94771,  1759.729,    1.906919,   7.035472,  0.00272260694188,  0.1401254,   50.0065,/T,  129.8736,  251.4409713, -5.5118547,  129.8698, 316.4004,  -6.5223,
 2026-Oct-16 00:00:00, , , 261.968971622, -28.401428027,  262.391157716, -28.424332991,   293.428690805,     -45.391998017,   25.68848,  1753.980,    0.601169,   6.575649,  0.00273153157899,  0.1584420,   60.7670,/T,  119.0960,  263.2855380, -5.1634798,  119.0931, 322.7225,  -5.1036,
 2026-Oct-17 00:00:00, , , 275.265353634, -27.973846483,  275.687934969, -27.962247690,   281.425140636,     -39.121541909,   34.22672,  1753.828,  359.192718,   5.866373,  0.00273176881372,  0.1696856,   71.4603,/T,  108.3908,  275.0385264, -4.6236571,  108.3889, 329.0193,  -3.9579,
 2026-Oct-18 00:00:00, , , 288.315062667, -26.313020013,  288.730156164, -26.267952107,   271.655157378,     -31.717869523,   43.31522,  1759.728,  357.755136,   4.936338,  0.00272260954640,  0.1740851,   82.1608,/T,   97.6841,  286.7756453, -3.9141124,   97.6832, 335.3273,  -2.9780,
 2026-Oct-19 00:00:00, , , 300.976891347, -23.512560357,  301.378855378, -23.437028505,   263.448013652,     -23.519703615,   52.71004,  1771.871,  356.373348,   3.816860,  0.00270395036499,  0.1720722,   92.9519,/T,   86.8928,  298.5821079, -3.0586338,   86.8930, 341.6883,  -2.1095,
 2026-Oct-20 00:00:00, , , 313.212803929, -19.698599417,  313.599114848, -19.596925961,   256.220326441,     -14.723461802,   62.15381,  1790.127,  355.139633,   2.542962,  0.00267637480660,  0.1641787,  103.9201,/T,   75.9305,  310.5486188, -2.0839557,   75.9318, 348.1466,  -1.3235,
 2026-Oct-21 00:00:00, , , 325.087081518, -15.014370300,  325.458229869, -14.891597877,   249.489646415,      -5.446105068,   71.35556,  1813.971,  354.148511,   1.155855,  0.00264119632967,  0.1509575,  115.1492,/T,   64.7133,  322.7663038, -1.0216788,   64.7156, 354.7458,  -0.6053,
 2026-Oct-22 00:00:00, ,m, 336.747228219,  -9.615656403,  337.106138308,  -9.477197881,   242.822788442,       4.223090724,   79.97190,  1842.394,  353.489995,  -0.293696,  0.00260044992301,  0.1329341,  126.7131,/T,   53.1670,  335.3200777,  0.0891558,   53.1703,   1.5252,   0.0504,
 2026-Oct-23 00:00:00, ,m, 348.402394181,  -3.678423354,  348.753810324,  -3.529994363,   235.764368866,      14.176328528,   87.59610,  1873.838,  353.240569,  -1.742005,  0.00255681264034,  0.1105919,  138.6642,/T,   41.2386,  348.2800013,  1.1995499,   41.2429,   8.5158,   0.6424,
 2026-Oct-24 00:00:00, ,m,   0.306108537,   2.583854420,    0.656115866,   2.736069660,   227.744610805,      24.234553770,   93.76457,  1906.181,  353.451749,  -3.110666,  0.00251343049147,  0.0843980,  151.0143,/T,   28.9155,    1.6907060,  2.2492709,   28.9205,  15.7353,   1.1636,
 2026-Oct-25 00:00:00, ,m,  12.739931996,   8.898032980,   13.095509622,   9.047067435,   217.952168791,      34.070674483,   97.99048,  1936.846,  354.137338,  -4.308417,  0.00247363696542,  0.0548694,  163.6661,/T,   16.2937,   15.5601561,  3.1684089,   16.2991,  23.1833,   1.6027,
 2026-Oct-26 00:00:00, ,m,  25.985645763,  14.912184524,   26.353917276,  15.049965068,   205.195161305,      43.082539573,   99.82896,  1963.085,  355.262509,  -5.238704,  0.00244057391239,  0.0226692,  175.2511,/T,    4.7372,   29.8507452,  3.8832351,    4.7405,  30.8382,   1.9456,
 2026-Oct-27 00:00:00, ,m,  40.266696320,  20.192761487,   40.653386248,  20.310052062,   188.026522389,      50.208127652,   98.96533,  1982.422,  356.739884,  -5.813331,  0.00241676843063, -0.0112917,  168.2904,/L,   11.6816,   44.4771157,  4.3265790,   11.6763,  38.6569,   2.1766,
 2026-Oct-28 00:00:00, ,m,  55.645022365,  24.257773013,   56.051889044,  24.344849243,   166.091184109,      53.891207083,   95.30043,  1993.147,  358.437591,  -5.969417,  0.00240376385605, -0.0457898,  154.8958,/L,   25.0457,   59.3145523,  4.4505641,   25.0405,  46.5790,   2.2814,
 2026-Oct-29 00:00:00, ,m,  71.901567699,  26.663592665,   72.323870435,  26.712043873,   142.595444573,      52.875551237,   88.99857,  1994.679,    0.200347,  -5.683717,  0.00240191797725, -0.0792964,  141.1669,/L,   38.7466,   74.2182006,  4.2373052,   38.7420,  54.5357,   2.2476,
 2026-Oct-30 00:00:00, ,m,  88.505712936,  27.132320438,   88.932444821,  27.137530212,   122.436053214,      47.491120059,   80.47469,  1987.625,    1.877913,  -4.978239,  0.00241044209309, -0.1100701,  127.4392,/L,   52.4507,   89.0479910,  3.7031320,   52.4471,  62.4602,   2.0657,
 2026-Oct-31 00:00:00, ,m, 104.778692431,  25.650671925,  105.197061585,  25.613338132,   107.218932153,      39.233904450,   70.32510,  1973.520,    3.350697,  -3.914984,  0.00242767008297, -0.1363124,  113.8549,/L,   66.0171,  103.6907760,  2.8947647,   66.0147,  70.2963,   1.7273,
 2026-Nov-01 00:00:00, ,m, 120.174703413,  22.461927992,  120.575708598,  22.387345687,    95.858657424,      29.451686894,   59.23151,  1954.365,    4.543822,  -2.582960,  0.00245146374831, -0.1563458,  100.4994,/L,   79.3616,  118.0726548,  1.8797175,   79.3604,  78.0042,   1.2217,
 2026-Nov-02 00:00:00, ,m, 134.456862972,  17.958319677,  134.837640369,  17.854176836,    86.937314349,      18.969826381,   47.87269,  1932.168,    5.427320,  -1.083331,  0.00247962608228, -0.1687815,   87.4186,/L,   92.4383,  132.1595770,  0.7351758,   92.4385,  85.5608,   0.5302,
 2026-Nov-03 00:00:00, ,m, 147.677024303,  12.560055230,  148.039739493,  12.434431127,    79.410435044,       8.248928727,   36.86420,  1908.621,    6.006122,   0.482627,  0.00251021733697, -0.1726553,   74.6302,/L,  105.2298,  145.9491587, -0.4611989,  105.2313,  92.9563,  -0.3830,
 2026-Nov-04 00:00:00, , , 160.058014233,   6.644922895,  160.407697106,   6.505286294,    72.553836503,      -2.442980677,   26.72815,  1884.963,    6.305769,   2.021143,  0.00254172317009, -0.1675299,   62.1340,/L,  117.7359,  159.4586150, -1.6372543,  117.7385, 100.1892,  -1.5895,
 2026-Nov-05 00:00:00, , , 171.887700224,   0.530868766,  172.230597275,   0.383901355,    65.811172808,     -12.924479546,   17.88366,  1861.994,    6.358770,   3.449917,  0.00257307671475, -0.1535572,   49.9240,/L,  129.9619,  172.7130534, -2.7296017,  129.9655, 107.2595,  -3.2378,
 2026-Nov-06 00:00:00, , , 183.457527036,  -5.513179876,  183.800181204,  -5.661353109,    58.668220537,     -23.035184483,   10.64726,  1840.186,    6.194433,   4.700053,  0.00260356980508, -0.1314934,   38.0003,/L,  141.9066,  185.7366786, -3.6852677,  141.9111, 114.1597,  -5.6681,
 2026-Nov-07 00:00:00, , , 195.032739916, -11.249128221,  195.381458373, -11.392599743,    50.547571716,     -32.584477886,    5.23623,  1819.823,    5.833243,   5.717235,  0.00263270197642, -0.1026550,   26.3932,/L,  153.5388,  198.5479105, -4.4626527,  153.5438, 120.8519,  -9.8148,
 2026-Nov-08 00:00:00, , , 206.834377358, -16.455046459,  207.194714905, -16.587849693,    40.714165648,     -41.294865779,    1.77281,  1801.137,    5.285727,   6.462606,  0.00266001537002, -0.0688113,   15.2674,/L,  164.6918,  211.1583709, -5.0321658,  164.6971, 127.1490, -19.2823,
 2026-Nov-09 00:00:00, , , 219.019657704, -20.918839789,  219.395671390, -21.034858759,    28.243531677,     -48.726387944,    0.29033,  1784.407,    4.555075,   6.913222,  0.00268495513749, -0.0320215,    6.1635,/L,  173.8197,  223.5750280, -5.3764547,  173.8225, 129.9448, -60.6446,
 2026-Nov-10 00:00:00, , , 231.656812401, -24.442569847,  232.050070349, -24.535746450,    12.296110710,     -54.202752823,    0.74321,  1770.018,    3.642267,   7.061639,  0.00270678211662,  0.0055616,    9.8597,/T,  170.1136,  235.8043870, -5.4899767,  170.1088, 323.1448, -33.7932,
 2026-Nov-11 00:00:00, , , 244.701962574, -26.857730186,  245.110647764, -26.922624072,   353.127372842,     -56.886228061,    3.02121,  1758.474,    2.552208,   6.914402,  0.00272455015395,  0.0418873,   19.9606,/T,  159.9857,  247.8574546, -5.3777610,  159.9804, 328.5731, -15.6778,
 2026-Nov-12 00:00:00, , , 257.996539184, -28.047650547,  258.415314509, -28.080241822,   333.158624546,     -56.237794665,    6.96696,  1750.381,    1.299436,   6.489521,  0.00273714713377,  0.0751697,   30.5237,/T,  149.3958,  259.7543251, -5.0534748,  149.3909, 334.6809,  -9.6274,
 2026-Nov-13 00:00:00, , , 271.303029542, -27.967431089,  271.724183630, -27.965840733,   315.541697226,     -52.524781999,   12.39377,  1746.399,  359.912371,   5.813437,  0.00274338894157,  0.1039949,   41.1164,/T,  138.7791,  271.5275837, -4.5371503,  138.7748, 340.8855,  -6.4653,
 2026-Nov-14 00:00:00, , , 284.375496970, -26.649692443,  284.791083171, -26.614445061,   301.566339406,     -46.574684322,   19.10059,  1747.188,  358.435636,   4.918114,  0.00274215055731,  0.1273648,   51.7023,/T,  128.1730,  283.2241737, -3.8530506,  128.1694, 347.1198,  -4.4188,
 2026-Nov-15 00:00:00, , , 297.033869972, -24.191198464,  297.437781310, -24.124903035,   290.762176917,     -39.170676347,   26.88116,  1753.347,  356.930518,   3.838920,  0.00273251792101,  0.1446848,   62.3165,/T,  117.5433,  294.9057344, -3.0281183,  117.5406, 353.3881,  -2.9264,
 2026-Nov-16 00:00:00, , , 309.207734353, -20.727230287,  309.596800644, -20.633905221,   282.187691434,     -30.819562513,   35.52571,  1765.345,  355.473836,   2.613683,  0.00271394639858,  0.1557097,   73.0207,/T,  106.8289,  306.6475754, -2.0913157,  106.8272, 359.7167,  -1.7579,
 2026-Nov-17 00:00:00, , , 320.940324920, -16.406928854,  321.314340249, -16.291330733,   275.028200229,     -21.799949460,   44.81411,  1783.438,  354.155422,   1.283162,  0.00268641417387,  0.1604669,   83.8912,/T,   95.9540,  318.5363712, -1.0739957,   95.9533,   6.1420,  -0.8039,
 2026-Nov-18 00:00:00, , , 332.368139950, -11.379731716,  332.729314523, -11.246926779,   268.669217919,     -12.255073210,   54.50099,  1807.563,  353.074103,  -0.107142,  0.00265055933812,  0.1591709,   95.0122,/T,   84.8348,  330.6663910, -0.0112680,   84.8353,  12.7058,  -0.0078,
 2026-Nov-19 00:00:00, , , 343.696342403,  -5.796244412,  344.048686654,  -5.651483122,   262.624637806,      -2.263193050,   64.29415,  1837.211,  352.331597,  -1.504131,  0.00260778604674,  0.1521449,  106.4683,/T,   73.3868,  343.1337275,  1.0558857,   73.3884,  19.4508,   0.6595,
 2026-Nov-20 00:00:00, ,m, 355.180819267,   0.177591609,  355.529699903,   0.328737255,   256.445818211,       8.110047338,   73.83037,  1871.273,  352.023402,  -2.843974,  0.00256031716269,  0.1397585,  118.3362,/T,   61.5333,  356.0277259,  2.0783151,   61.5359,  26.4164,   1.2112,
 2026-Nov-21 00:00:00, ,m,   7.116488999,   6.335738966,    7.468328785,   6.487042206,   249.621773967,      18.761319390,   82.65642,  1907.905,  352.225789,  -4.050061,  0.00251115977803,  0.1223939,  130.6712,/T,   49.2184,    9.4189295,  2.9972830,   49.2221,  33.6328,   1.6504,
 2026-Nov-22 00:00:00, ,m,  19.821845932,  12.400981043,   20.183713946,  12.545120244,   241.443691031,      29.482552482,   90.22844,  1944.468,  352.979034,  -5.034284,  0.00246394157092,  0.1004515,  143.4882,/T,   36.4268,   23.3438063,  3.7455733,   36.4314,  41.1145,   1.9735,
 2026-Nov-23 00:00:00, ,m,  33.599817068,  17.997012425,   33.978424239,  18.125213180,   230.796085895,      39.847313460,   95.94621,  1977.665,  354.269533,  -5.704214,  0.00242258183730,  0.0744013,  156.7189,/T,   23.2255,   37.7886785,  4.2530178,   23.2307,  48.8522,   2.1725,
 2026-Nov-24 00:00:00, ,m,  48.647913727,  22.644647031,   49.047438538,  22.746831501,   215.928331879,      49.000040558,   99.23379,  2003.958,  356.017054,  -5.977589,  0.00239079651821,  0.0448736,  169.9373,/T,   10.0384,   52.6782989,  4.4574382,   10.0435,  56.8091,   2.2385,
 2026-Nov-25 00:00:00, ,m,  64.910286712,  25.816069801,   65.329197207,  25.882166480,   194.942963317,      55.360007075,   99.65839,  2020.258,  358.075745,  -5.801897,  0.00237150754510,  0.0127602,  173.2783,/L,    6.7058,   67.8764271,  4.3193114,    6.7014,  64.9198,   2.1644,
 2026-Nov-26 00:00:00, ,m,  81.948968729,  27.070369498,   82.378172854,  27.093013565,   169.067338631,      56.863350762,   97.04998,  2024.696,    0.254592,  -5.171931,  0.00236630889599, -0.0207259,  160.1684,/L,   19.7853,   83.2034125,  3.8349084,   19.7799,  73.0981,   1.9472,
 2026-Nov-27 00:00:00, ,m,  99.007199533,  26.224849461,   99.432932544,  26.202131857,   144.938353215,      52.831419098,   91.56632,  2017.138,    2.353674,  -4.136295,  0.00237517557025, -0.0540747,  146.1539,/L,   33.7696,   98.4681190,  3.0412445,   33.7648,  81.2505,   1.5897,
 2026-Nov-28 00:00:00, ,m, 115.322535579,  23.436224088,  115.733005234,  23.372176883,   126.989517622,      44.874132947,   83.66748,  1999.159,    4.202643,  -2.788467,  0.00239653537738, -0.0855946,  132.2194,/L,   47.6778,  113.5030495,  2.0095070,   47.6739,  89.2919,   1.0983,
 2026-Nov-29 00:00:00, ,m, 130.445929104,  19.116351756,  130.835867595,  19.018808672,   114.355892898,      34.928528281,   74.01139,  1973.514,    5.686395,  -1.246635,  0.00242767726662, -0.1135797,  118.5738,/L,   61.3026,  128.1894883,  0.8299466,   61.2997,  97.1582,   0.4809,
 2026-Nov-30 00:00:00, ,m, 144.314635528,  13.763147361,  144.685063178,  13.641021779,   105.020225779,      24.177593433,   63.32206,  1943.366,    6.751250,   0.368143,  0.00246533781121, -0.1364716,  105.3130,/L,   74.5490,  142.4657848, -0.4047218,   74.5474, 104.8117,  -0.2574,
 2026-Dec-01 00:00:00, ,m, 157.126728044,   7.832197873,  157.482412367,   7.693838567,    97.541056810,      13.224049654,   52.28231,  1911.626,    7.395276,   1.947638,  0.00250627121998, -0.1529808,   92.4705,/L,   87.3841,  156.3207545, -1.6114451,   87.3838, 112.2397,  -1.1193,
 2026-Dec-02 00:00:00, ,m, 169.191019563,   1.689756367,  169.538264318,   1.542487036,    91.014721339,       2.370633435,   41.47480,  1880.566,    7.651130,   3.403692,  0.00254766613023, -0.1621636,   80.0379,/L,   99.8162,  169.7790870, -2.7225762,   99.8171, 119.4488,  -2.1209,
 2026-Dec-03 00:00:00, , , 180.833763103,  -4.379987264,  181.179183248,  -4.529685380,    84.828188827,      -8.219875621,   31.36643,  1851.713,    7.568685,   4.669036,  0.00258736257001, -0.1634700,   67.9820,/L,  111.8783,  182.8854430, -3.6866432,  111.8805, 126.4569,  -3.3011,
 2026-Dec-04 00:00:00, , , 192.356139693, -10.147925389,  192.706065937, -10.294028698,    78.484067338,     -18.437798033,   22.31807,  1825.935,    7.201330,   5.695007,  0.00262389050446, -0.1567739,   56.2590,/L,  123.6138,  195.6912505, -4.4666256,  123.6170, 133.2861,  -4.7417,
 2026-Dec-05 00:00:00, , , 204.015016091, -15.413255609,  204.375058749, -15.549844342,    71.478912906,     -28.170085782,   14.60253,  1803.601,    6.597101,   6.448694,  0.00265638168475, -0.1423911,   44.8265,/L,  135.0643,  208.2456675, -5.0377048,  135.0683, 139.9554,  -6.6160,
 2026-Dec-06 00:00:00, , , 216.006469821, -19.985513174,  216.380919836, -20.106580769,    63.198856406,     -37.249198791,    8.42072,  1784.769,    5.794370,   6.910751,  0.00268440972649, -0.1210771,   33.6559,/L,  146.2572,  220.5906983, -5.3854792,  146.2620, 146.4711,  -9.3317,
 2026-Dec-07 00:00:00, , , 228.442819748, -23.679282579,  228.833779544, -23.778819003,    52.827764057,     -45.388604328,    3.91223,  1769.349,    4.821329,   7.074070,  0.00270780475157, -0.0939947,   22.7598,/L,  157.1789,  232.7598315, -5.5048368,  157.1841, 152.7979, -14.0714,
 2026-Dec-08 00:00:00, , , 241.326027044, -26.323434944,  241.732486602, -26.395865210,    39.365325020,     -52.095029729,    1.16087,  1757.231,    3.698324,   6.942945,  0.00272647803841, -0.0626434,   12.3415,/L,  167.6244,  244.7793808, -5.3992456,  167.6295, 158.6719, -25.9618,
 2026-Dec-09 00:00:00, , , 254.533577059, -27.783249515,  254.951023756, -27.824183193,    22.120792794,     -56.606033053,    0.19780,  1748.379,    2.442037,   6.532224,  0.00274028219686, -0.0287530,    5.0841,/L,  174.9017,  256.6716575, -5.0800940,  174.9019, 122.4758, -86.3561,
 2026-Dec-10 00:00:00, , , 267.839190715, -27.987147294,  268.260393386, -27.994172127,     2.053465213,     -58.073124581,    1.00474,  1742.883,    1.070489,   5.866085,  0.00274892345826,  0.0058518,   11.4687,/T,  168.4996,  268.4590963, -4.5658041,  168.4944, 353.7853, -23.4564,
 2026-Dec-11 00:00:00, , , 280.976183679, -26.943952703,  281.393148708, -26.917065901,   342.344314339,     -56.165236946,    3.51922,  1740.976,  359.607894,   4.976369,  0.00275193420495,  0.0393934,   21.5609,/T,  158.3803,  280.1685186, -3.8806426,  158.3750, 359.4999, -10.4174,
 2026-Dec-12 00:00:00, , , 293.719806203, -24.739426045,  294.125985267, -24.680859656,   325.847943206,     -51.413899453,    7.64170,  1743.021,  358.088643,   3.900689,  0.00274870596009,  0.0702712,   32.0055,/T,  147.9097,  291.8348609, -3.0533636,  147.9048,   5.6203,  -5.5419,
 2026-Dec-13 00:00:00, , , 305.948193035, -21.513323949,  306.339855815, -21.426898771,   313.080120212,     -44.707683169,   13.24360,  1749.468,  356.559987,   2.680701,  0.00273857647699,  0.0971591,   42.5698,/T,  137.3224,  303.5039144, -2.1159591,  137.3180,  11.8594,  -2.9148,
 2026-Dec-14 00:00:00, , , 317.660075099, -17.429713307,  318.036514661, -17.320091720,   303.210119751,     -36.752699804,   20.17370,  1760.795,  355.083234,   1.360995,  0.00272096006587,  0.1190612,   53.2481,/T,  126.6250,  315.2338155, -1.1028290,  126.6215,  18.1834,  -1.2308,
 2026-Dec-15 00:00:00, , , 328.958679030, -12.654133123,  329.321676349, -12.526275739,   295.261833529,     -27.973221675,   28.26048,  1777.421,  353.733439,  -0.011105,  0.00269550794197,  0.1353236,   64.0843,/T,  115.7745,  327.0951332, -0.0506130,  115.7720,  24.6045,  -0.0482,
 2026-Dec-16 00:00:00, , , 340.024595124,  -7.344334111,  340.377723037,  -7.203267636,   288.470375829,     -18.597063356,   37.30777,  1799.602,  352.597395,  -1.384688,  0.00266228420040,  0.1456088,   75.1435,/T,  104.7067,  339.1693439,  1.0012172,  104.7051,  31.1511,   0.8207,
 2026-Dec-17 00:00:00, , , 351.093927140,  -1.654960629,  351.442025578,  -1.505828376,   282.262612705,      -8.743518337,   47.08225,  1827.292,  351.769547,  -2.703511,  0.00262194113055,  0.1498438,   86.5019,/T,   93.3458,  351.5452772,  2.0091197,   93.3454,  37.8590,   1.4662,
 2026-Dec-18 00:00:00, ,m,   2.446046404,   4.245828375,    2.794917594,   4.397499428,   276.163851562,       1.514105619,   57.29250,  1859.973,  351.344991,  -3.903928,  0.00257587267224,  0.1481539,   98.2389,/T,   81.6127,    4.3128324,  2.9240131,   81.6135,  44.7665,   1.9341,
 2026-Dec-19 00:00:00, ,m,  14.395659000,  10.149883731,   14.751826535,  10.297763140,   269.699150514,      12.097814562,   67.56253,  1896.459,  351.408620,  -4.913606,  0.00252631512145,  0.1407974,  110.4280,/T,   69.4342,   17.5531023,  3.6904162,   69.4362,  51.9091,   2.2472,
 2026-Dec-20 00:00:00, ,m,  27.275272191,  15.776158069,   27.645456506,  15.912637505,   262.278752453,      22.867762729,   77.40773,  1934.724,  352.019864,  -5.652874,  0.00247635036154,  0.1281124,  123.1229,/T,   56.7564,   31.3243921,  4.2475677,   56.7595,  59.3129,   2.4158,
 2026-Dec-21 00:00:00, ,m,  41.383630159,  20.741484064,   41.773388167,  20.857396751,   253.033031936,      33.534941460,   86.22870,  1971.826,  353.194191,  -6.041031,  0.00242975519213,  0.1104935,  136.3399,/T,   43.5624,   45.6450144,  4.5342549,   43.5666,  66.9864,   2.4428,
 2026-Dec-22 00:00:00, ,m,  56.871315886,  24.560372340,   57.282397404,  24.645449874,   240.579026767,      43.503980870,   93.34415,  2004.084,  354.885761,  -6.009353,  0.00239064590239,  0.0884084,  150.0338,/T,   29.8966,   60.4764951,  4.4986339,   29.9016,  74.9124,   2.3291,
 2026-Dec-23 00:00:00, ,m,  73.572140700,  26.715100413,   73.999418764,  26.759854125,   222.971214556,      51.602337664,   98.07968,  2027.607,  356.979143,  -5.519667,  0.00236291151441,  0.0624560,  164.0366,/T,   15.9255,   75.7140724,  4.1122221,   15.9309,  83.0425,   2.0768,
 2026-Dec-24 00:00:00, ,m,  90.902471790,  26.816865257,   91.333722565,  26.815723812,   199.254636946,      55.900731028,   99.90600,  2039.163,  359.298366,  -4.582479,  0.00234952171742,  0.0334444,  176.4792,/T,    3.5123,   91.1923538,  3.3836156,    3.5140,  91.2980,   1.6930,
 2026-Dec-25 00:00:00, ,m, 108.018416965,  24.785480270,  108.439510307,  24.739138369,   173.444558979,      54.709727711,   98.58076,  2037.098,    1.635400,  -3.265056,  0.00235190320753,  0.0024434,  166.2782,/L,   13.6896,  106.7094576,  2.3647318,   13.6840,  99.5795,   1.1907,
 2026-Dec-26 00:00:00, ,m, 124.195831983,  20.898998289,  124.597603963,  20.813810371,   152.117483497,      48.560187551,   94.22560,  2021.868,    3.789468,  -1.682591,  0.00236961847310, -0.0292303,  152.1221,/L,   27.8136,  122.0635783,  1.1442360,   27.8085, 107.7836,   0.5883,
 2026-Dec-27 00:00:00, ,m, 139.103714821,  15.665397207,  139.484483291,  15.550549859,   136.823615297,      39.490314489,   87.29387,  1995.869,    5.601756,   0.025218,  0.00240048632365, -0.0601057,  138.1371,/L,   41.7698,  137.0883558, -0.1702988,   41.7655, 115.8214,  -0.0936,
 2026-Dec-28 00:00:00, ,m, 152.789330528,   9.636483950,  153.152923901,   9.501401432,   125.793763091,      29.131346403,   78.44748,  1962.669,    6.973642,   1.721382,  0.00244109202383, -0.0886915,  124.5568,/L,   55.3263,  151.6745035, -1.4733720,   55.3230, 123.6313,  -0.8357,
 2026-Dec-29 00:00:00, ,m, 165.514056689,   3.287614295,  165.866888146,   3.140754502,   117.270693100,      18.377781162,   68.40763,  1926.068,    7.866621,   3.291542,  0.00248747954571, -0.1135992,  111.4649,/L,   68.4004,  165.7736346, -2.6770699,   68.3983, 131.1834,  -1.6238,
 2026-Dec-30 00:00:00, ,m, 177.609985845,  -3.016069592,  177.959118148,  -3.167346844,   110.109639046,       7.676542891,   57.84013,  1889.369,    8.290110,   4.652183,  0.00253579599728, -0.1336278,   98.8745,/L,   80.9796,  179.3886381, -3.7174994,   80.9786, 138.4763,  -2.4507,
 2026-Dec-31 00:00:00, , , 189.402930736,  -9.002895688,  189.755128033,  -9.152001798,   103.574737794,      -2.750082341,   47.29890,  1855.023,    8.285070,   5.749376,  0.00258274577821, -0.1478103,   86.7533,/L,   93.0964,  192.5580911, -4.5537896,   93.0967, 145.5292,  -3.3187,
$$EOE
********************************************************************************************************************************************************************************************************************************************************************************************
Column meaning:
 
TIME

  Times PRIOR to 1962 are UT1, a mean-solar time closely related to the
prior but now-deprecated GMT. Times AFTER 1962 are in UTC, the current
civil or "wall-clock" time-scale. UTC is kept within 0.9 seconds of UT1
using integer leap-seconds for 1972 and later years.

  Conversion from the internal Barycentric Dynamical Time (TDB) of solar
system dynamics to the non-uniform civil UT time-scale requested for output
has not been determined for UTC times after the next July or January 1st.
Therefore, the last known leap-second is used as a constant over future
intervals.

  Time tags refer to the UT time-scale conversion from TDB on Earth
regardless of observer location within the solar system, although clock
rates may differ due to the local gravity field and no analog to "UT"
may be defined for that location.

  Any 'b' symbol in the 1st-column denotes a B.C. date. First-column blank
(" ") denotes an A.D. date.
 
CALENDAR SYSTEM

  Mixed calendar mode was active such that calendar dates after AD 1582-Oct-15
(if any) are in the modern Gregorian system. Dates prior to 1582-Oct-5 (if any)
are in the Julian calendar system, which is automatically extended for dates
prior to its adoption on 45-Jan-1 BC.  The Julian calendar is useful for
matching historical dates. The Gregorian calendar more accurately corresponds
to the Earth's orbital motion and seasons. A "Gregorian-only" calendar mode is
available if such physical events are the primary interest.

  NOTE: "n.a." in output means quantity "not available" at the print-time.
 
SOLAR PRESENCE (OBSERVING SITE)
  Time tag is followed by a blank, then a solar-presence symbol:

       '*'  Daylight (refracted solar upper-limb on or above apparent horizon)
       'C'  Civil twilight/dawn
       'N'  Nautical twilight/dawn
       'A'  Astronomical twilight/dawn
       ' '  Night OR geocentric ephemeris

LUNAR PRESENCE (OBSERVING SITE)
  The solar-presence symbol is immediately followed by a lunar-presence symbol:

       'm'  Refracted upper-limb of Moon on or above apparent horizon
       ' '  Refracted upper-limb of Moon below apparent horizon OR geocentric
            ephemeris
 
 'R.A.___(ICRF), DEC____(ICRF),' =
  Astrometric right ascension and declination of the target center with
respect to the observing site (coordinate origin) in the reference frame of
the planetary ephemeris (ICRF). Compensated for down-leg light-time delay
aberration.

  Units: RA  in decimal degrees,  ddd.fffff{ffff}
         DEC in decimal degrees,  sdd.fffff{ffff}
 
 'R.A.__(a-app), DEC___(a-app),' =
  Airless apparent right ascension and declination of the target center
with respect to an instantaneous reference frame defined by the Earth equator
of-date (z-axis) and meridian containing the Earth equinox of-date (x-axis,
EOP-corrected IAU76/80). Compensated for down-leg light-time delay,
gravitational deflection of light, stellar aberration, precession & nutation.
Note: equinox (RA origin) is offset -53 mas from the of-date frame defined by
the IAU06/00a P & N system.

  Units: RA  in decimal degrees, ddd.fffff{ffff}
         DEC in decimal degrees  sdd.fffff{ffff}

 
 'Azimuth_(a-app), Elevation_(a-app),' =
  Airless apparent azimuth and elevation of target center. Compensated
for light-time, the gravitational deflection of light, stellar aberration,
precession and nutation. Azimuth is measured clockwise from north:

  North(0) -> East(90) -> South(180) -> West(270) -> North (360)

Elevation angle is with respect to a plane perpendicular to the reference
surface local zenith direction. TOPOCENTRIC ONLY.  Units: DEGREES
 
 'Illu%,' =
   Fraction of the target objects' assumed circular disk illuminated by Sun
(phase), as seen by the observer.  Units: PERCENT
 
 'Ang-diam,' =
   The equatorial angular width of the target body full disk, if it were fully
illuminated and visible to the observer. If the target body diameter is unknown
"n.a." is output.

   Units: ARCSECONDS
 
 'ObsSub-LON, ObsSub-LAT,' =
   Apparent planetodetic longitude and latitude of the center of the target
disc seen by the OBSERVER at print-time.  This is NOT exactly the same as the
"nearest" sub-point for a non-spherical target shape (since the center of the
disc might not be the point closest to the observer), but is generally very
close if not a very irregular body shape.  Down-leg light travel-time from
target to observer is taken into account.  Latitude is the angle between the
equatorial plane and the line perpendicular to the reference ellipsoid of the
body, so includes body oblateness. The reference ellipsoid is an oblate
spheroid with a single flatness coefficient in which the y-axis body radius
is taken to be the same value as the x-axis radius.  Positive longitude is
to the EAST for this target. Cartographic system is given in the header.
   Units: DEGREES DEGREES
 
 'delta,     deldot,' =
   Apparent range ("delta", light-time aberrated) and range-rate ("delta-dot")
of the target center relative to the observer. A positive "deldot" means the
target center is moving away from the observer, negative indicates movement
toward the observer.  Units: AU and KM/S
 
 'S-O-T,/r,' =
   Sun-Observer-Target apparent SOLAR ELONGATION ANGLE seen from the observers'
location at print-time.

   The '/r' column provides a code indicating the targets' apparent position
relative to the Sun in the observers' sky, as described below:

   Case A: For an observing location on the surface of a rotating body, that
body rotational sense is considered:

    /T indicates target TRAILS Sun   (evening sky: rises and sets AFTER Sun)
    /L indicates target LEADS Sun    (morning sky: rises and sets BEFORE Sun)

   Case B: For an observing point that does not have a rotational model (such
as a spacecraft), the "leading" and "trailing" condition is defined by the
observers' heliocentric ORBITAL motion:

    * If continuing in the observers' current direction of heliocentric
       motion would encounter the targets' apparent longitude first, followed
       by the Sun's, the target LEADS the Sun as seen by the observer.

    * If the Sun's apparent longitude would be encountered first, followed
       by the targets', the target TRAILS the Sun.

   Two other codes can be output:
    /* indicates observer is Sun-centered    (undefined)
    /? Target is aligned with Sun center     (no lead or trail)

   The S-O-T solar elongation angle is numerically the minimum separation
angle of the Sun and target in the sky in any direction. It does NOT indicate
the amount of separation in the leading or trailing directions, which would
be defined along the equator of a spherical coordinate system.

   Units: DEGREES
 
 'S-T-O,' =
   The Sun-Target-Observer angle; the interior vertex angle at target center
formed by a vector from the target to the apparent center of the Sun (at
reflection time on the target) and the apparent vector from target to the
observer at print-time. Slightly different from true PHASE ANGLE (requestable
separately) at the few arcsecond level in that it includes stellar aberration
on the down-leg from target to observer.  Units: DEGREES
 
 'ObsEcLon,   ObsEcLat,' =
   Observer-centered IAU76/80 ecliptic-of-date longitude and latitude of the
target centers' apparent position, with light-time, gravitational deflection of
light, and stellar aberrations.  Units: DEGREES
 
 'phi,  PAB-LON,  PAB-LAT,' =
   "phi" is the true PHASE ANGLE at the observers' location at print time.
"PAB-LON" and "PAB-LAT" are the J2000 ecliptic longitude and latitude of the
phase angle bisector direction; the outward directed angle bisecting the arc
created by the apparent vector from Sun to target center and the astrometric
vector from observer to target center. For an otherwise uniform ellipsoid, the
time when its long-axis is perpendicular to the PAB direction approximately
corresponds to lightcurve maximum (or maximum brightness) of the body. PAB is
discussed in Harris et al., Icarus 57, 251-258 (1984).

   Units: DEGREES, DEGREES, DEGREES

Computations by ...

    Solar System Dynamics Group, Horizons On-Line Ephemeris System
    4800 Oak Grove Drive, Jet Propulsion Laboratory
    Pasadena, CA  91109   USA

    General site: https://ssd.jpl.nasa.gov/
    Mailing list: https://ssd.jpl.nasa.gov/email_list.html
    System news : https://ssd.jpl.nasa.gov/horizons/news.html
    User Guide  : https://ssd.jpl.nasa.gov/horizons/manual.html
    Connect     : browser        https://ssd.jpl.nasa.gov/horizons/app.html#/x
                  API            https://ssd-api.jpl.nasa.gov/doc/horizons.html
                  command-line   telnet ssd.jpl.nasa.gov 6775
                  e-mail/batch   https://ssd.jpl.nasa.gov/ftp/ssd/horizons_batch.txt
                  scripts        https://ssd.jpl.nasa.gov/ftp/ssd/SCRIPTS
    Inquiries   : Jon.D.Giorgini@jpl.nasa.gov

********************************************************************************************************************************************************************************************************************************************************************************************
